{
"type": "FeatureCollection",
"name": "coastline",
"xy_coordinate_resolution": 0.1,
"features": [
{ "type": "Feature", "properties": { "scalerank": 0, "featurecla": "Coastline" }, "geometry": { "type": "LineString", "coordinates": [ [ 3117.4, 4096.0 ], [ 3118.8, 4095.3 ], [ 3123.1, 4089.9 ], [ 3123.6, 4085.3 ], [ 3122.7, 4081.0 ], [ 3125.1, 4078.8 ], [ 3126.8, 4075.1 ], [ 3128.6, 4071.6 ], [ 3132.3, 4068.5 ], [ 3134.7, 4063.6 ], [ 3137.2, 4061.7 ], [ 3140.8, 4061.5 ], [ 3141.0, 4058.5 ], [ 3139.2, 4057.7 ], [ 3136.0, 4056.2 ], [ 3133.3, 4054.3 ], [ 3128.7, 4048.8 ], [ 3125.6, 4044.0 ], [ 3124.9, 4038.5 ], [ 3126.4, 4035.3 ], [ 3125.9, 4028.7 ], [ 3126.5, 4024.9 ], [ 3127.3, 4020.7 ], [ 3130.8, 4017.6 ], [ 3124.9, 4015.9 ], [ 3122.9, 4013.6 ], [ 3121.7, 4010.4 ], [ 3121.6, 4009.2 ], [ 3121.3, 4006.7 ], [ 3121.9, 4003.2 ], [ 3126.7, 4001.2 ], [ 3124.9, 3997.7 ], [ 3121.2, 3994.7 ], [ 3116.1, 3995.3 ], [ 3104.6, 3991.0 ], [ 3099.4, 3988.7 ], [ 3097.9, 3986.5 ], [ 3097.2, 3983.4 ], [ 3097.9, 3980.4 ], [ 3099.3, 3978.3 ], [ 3097.0, 3976.2 ], [ 3095.8, 3975.6 ], [ 3094.5, 3975.3 ], [ 3086.9, 3978.0 ], [ 3083.0, 3976.6 ], [ 3080.5, 3975.3 ], [ 3080.2, 3975.0 ], [ 3071.4, 3967.0 ], [ 3069.7, 3965.0 ], [ 3066.3, 3954.9 ], [ 3064.7, 3953.4 ], [ 3063.0, 3952.5 ], [ 3060.9, 3950.2 ], [ 3058.1, 3946.1 ], [ 3057.7, 3944.7 ], [ 3056.9, 3941.3 ], [ 3056.3, 3939.8 ], [ 3055.7, 3938.9 ], [ 3054.8, 3936.1 ], [ 3053.1, 3930.9 ], [ 3052.5, 3925.9 ], [ 3052.7, 3917.7 ], [ 3053.0, 3909.9 ], [ 3054.4, 3903.6 ], [ 3056.1, 3897.3 ], [ 3057.9, 3891.4 ], [ 3061.8, 3885.3 ], [ 3066.2, 3882.1 ], [ 3070.6, 3883.2 ], [ 3082.7, 3876.4 ], [ 3093.1, 3873.6 ], [ 3096.3, 3869.3 ], [ 3102.9, 3852.6 ], [ 3111.6, 3836.4 ], [ 3116.8, 3828.6 ], [ 3120.4, 3821.8 ], [ 3127.2, 3816.1 ], [ 3132.2, 3814.0 ], [ 3133.9, 3811.6 ], [ 3134.6, 3809.0 ], [ 3133.0, 3806.7 ], [ 3132.3, 3805.9 ], [ 3131.6, 3805.4 ], [ 3130.7, 3804.3 ], [ 3129.8, 3803.0 ], [ 3129.3, 3801.8 ], [ 3128.9, 3800.3 ], [ 3128.6, 3797.0 ], [ 3128.3, 3795.5 ], [ 3127.5, 3794.0 ], [ 3125.3, 3790.9 ], [ 3124.8, 3789.8 ], [ 3124.5, 3788.4 ], [ 3123.3, 3786.3 ], [ 3123.0, 3784.6 ], [ 3123.3, 3782.9 ], [ 3124.6, 3781.1 ], [ 3124.7, 3779.8 ], [ 3123.5, 3777.1 ], [ 3121.3, 3776.0 ], [ 3118.7, 3776.4 ], [ 3114.0, 3780.1 ], [ 3107.7, 3780.8 ], [ 3105.0, 3782.1 ], [ 3103.9, 3783.7 ], [ 3104.1, 3784.7 ], [ 3104.6, 3785.7 ], [ 3104.3, 3787.4 ], [ 3103.3, 3788.7 ], [ 3096.1, 3794.6 ], [ 3095.7, 3795.3 ], [ 3095.3, 3796.8 ], [ 3094.1, 3797.3 ], [ 3090.3, 3801.3 ], [ 3084.2, 3805.8 ], [ 3079.3, 3807.7 ], [ 3074.1, 3808.8 ], [ 3068.3, 3808.4 ], [ 3065.6, 3808.9 ], [ 3063.4, 3810.9 ], [ 3061.6, 3817.1 ], [ 3060.8, 3820.6 ], [ 3059.9, 3824.9 ], [ 3057.4, 3827.4 ], [ 3053.6, 3828.4 ], [ 3047.2, 3831.6 ], [ 3044.7, 3831.5 ], [ 3043.0, 3831.9 ], [ 3037.0, 3831.3 ], [ 3032.6, 3828.6 ], [ 3029.2, 3824.2 ], [ 3026.5, 3818.3 ], [ 3024.6, 3821.8 ], [ 3024.3, 3822.1 ], [ 3023.4, 3822.9 ], [ 3021.8, 3822.1 ], [ 3017.9, 3822.0 ], [ 3016.1, 3821.2 ], [ 3016.7, 3818.9 ], [ 3018.8, 3816.0 ], [ 3020.1, 3815.0 ], [ 3024.1, 3813.7 ], [ 3026.3, 3813.4 ], [ 3027.4, 3814.0 ], [ 3026.5, 3816.4 ], [ 3028.2, 3817.7 ], [ 3029.9, 3817.5 ], [ 3031.2, 3816.2 ], [ 3032.4, 3813.1 ], [ 3035.2, 3810.3 ], [ 3035.9, 3808.5 ], [ 3034.6, 3806.7 ], [ 3031.7, 3802.7 ], [ 3030.4, 3801.8 ], [ 3025.7, 3799.5 ], [ 3019.9, 3793.8 ], [ 3015.2, 3786.1 ], [ 3014.2, 3778.6 ], [ 3019.6, 3773.3 ], [ 3020.4, 3775.5 ], [ 3021.2, 3773.7 ], [ 3020.8, 3772.2 ], [ 3019.7, 3770.5 ], [ 3018.8, 3769.2 ], [ 3016.4, 3769.8 ], [ 3012.6, 3769.7 ], [ 3009.3, 3768.5 ], [ 3008.4, 3765.9 ], [ 3010.6, 3764.0 ], [ 3014.6, 3763.0 ], [ 3018.1, 3763.4 ], [ 3018.8, 3765.9 ], [ 3020.5, 3764.7 ], [ 3022.4, 3763.9 ], [ 3026.4, 3762.9 ], [ 3024.0, 3760.9 ], [ 3014.7, 3757.7 ], [ 3010.7, 3754.0 ], [ 3001.9, 3752.7 ], [ 2999.9, 3749.7 ], [ 2998.8, 3749.4 ], [ 2992.2, 3752.4 ], [ 2990.0, 3752.6 ], [ 2977.9, 3749.9 ], [ 2976.0, 3750.2 ], [ 2975.5, 3750.6 ], [ 2975.0, 3751.3 ], [ 2974.2, 3752.0 ], [ 2973.1, 3752.3 ], [ 2970.0, 3754.4 ], [ 2970.0, 3755.4 ], [ 2971.4, 3755.4 ], [ 2974.0, 3754.6 ], [ 2975.2, 3754.4 ], [ 2983.1, 3757.6 ], [ 2983.2, 3760.1 ], [ 2981.8, 3763.0 ], [ 2980.3, 3765.0 ], [ 2977.5, 3767.3 ], [ 2975.0, 3767.7 ], [ 2969.5, 3767.0 ], [ 2968.5, 3766.5 ], [ 2967.8, 3764.3 ], [ 2967.0, 3763.8 ], [ 2966.4, 3762.9 ], [ 2964.5, 3758.7 ], [ 2964.1, 3757.6 ], [ 2966.7, 3753.8 ], [ 2971.4, 3751.8 ], [ 2975.3, 3748.7 ], [ 2975.2, 3741.8 ], [ 2975.0, 3740.3 ], [ 2974.9, 3739.9 ], [ 2964.3, 3739.6 ], [ 2963.0, 3739.1 ], [ 2962.0, 3738.2 ], [ 2960.7, 3737.3 ], [ 2959.2, 3737.6 ], [ 2956.5, 3738.7 ], [ 2951.0, 3738.8 ], [ 2948.9, 3739.3 ], [ 2946.3, 3740.7 ], [ 2941.7, 3743.7 ], [ 2939.4, 3744.1 ], [ 2936.9, 3742.7 ], [ 2935.1, 3744.5 ], [ 2932.5, 3746.2 ], [ 2929.5, 3747.5 ], [ 2925.9, 3748.3 ], [ 2924.6, 3748.9 ], [ 2923.2, 3749.2 ], [ 2921.9, 3748.4 ], [ 2920.2, 3747.8 ], [ 2918.5, 3748.9 ], [ 2915.4, 3752.1 ], [ 2910.7, 3753.9 ], [ 2894.3, 3753.9 ], [ 2892.0, 3755.1 ], [ 2889.3, 3759.3 ], [ 2887.8, 3760.2 ], [ 2877.8, 3764.0 ], [ 2874.1, 3765.5 ], [ 2872.7, 3766.3 ], [ 2869.2, 3769.9 ], [ 2868.0, 3770.5 ], [ 2866.3, 3771.5 ], [ 2862.4, 3778.8 ], [ 2858.4, 3783.4 ], [ 2855.7, 3786.0 ], [ 2854.7, 3786.4 ], [ 2850.9, 3788.0 ], [ 2845.7, 3792.3 ], [ 2842.9, 3793.2 ], [ 2832.2, 3793.0 ], [ 2829.1, 3793.6 ], [ 2820.2, 3797.0 ], [ 2817.9, 3797.9 ], [ 2817.8, 3797.9 ], [ 2804.7, 3803.1 ], [ 2800.4, 3803.4 ], [ 2796.1, 3802.9 ], [ 2794.3, 3802.0 ], [ 2792.7, 3800.6 ], [ 2791.1, 3799.9 ], [ 2789.3, 3800.6 ], [ 2787.0, 3799.4 ], [ 2784.2, 3799.0 ], [ 2778.6, 3799.2 ], [ 2776.2, 3798.0 ], [ 2774.0, 3795.6 ], [ 2771.8, 3794.1 ], [ 2754.1, 3802.3 ], [ 2751.6, 3804.5 ], [ 2748.6, 3805.9 ], [ 2730.8, 3809.7 ], [ 2725.6, 3808.8 ], [ 2718.6, 3806.5 ], [ 2714.2, 3803.1 ], [ 2714.1, 3803.1 ], [ 2716.5, 3798.8 ], [ 2714.4, 3796.7 ], [ 2715.0, 3793.7 ], [ 2716.6, 3790.4 ], [ 2717.7, 3787.3 ], [ 2716.5, 3788.3 ], [ 2714.1, 3790.8 ], [ 2712.8, 3791.3 ], [ 2706.8, 3791.6 ], [ 2705.9, 3790.5 ], [ 2704.8, 3789.5 ], [ 2703.6, 3788.6 ], [ 2702.2, 3787.9 ], [ 2700.6, 3787.6 ], [ 2699.4, 3787.9 ], [ 2698.3, 3788.4 ], [ 2697.0, 3788.7 ], [ 2691.5, 3787.4 ], [ 2687.5, 3784.2 ], [ 2683.8, 3780.2 ], [ 2679.5, 3776.7 ], [ 2677.2, 3777.4 ], [ 2675.1, 3778.6 ], [ 2674.1, 3777.8 ], [ 2673.0, 3777.5 ], [ 2670.5, 3777.4 ], [ 2668.8, 3776.9 ], [ 2668.0, 3775.9 ], [ 2667.5, 3774.1 ], [ 2666.7, 3772.8 ], [ 2666.6, 3772.1 ], [ 2666.3, 3772.0 ], [ 2664.6, 3771.9 ], [ 2661.4, 3773.6 ], [ 2660.3, 3773.9 ], [ 2659.1, 3773.6 ], [ 2656.8, 3772.1 ], [ 2655.6, 3771.6 ], [ 2655.0, 3771.7 ], [ 2654.4, 3772.0 ], [ 2653.5, 3773.1 ], [ 2652.7, 3773.6 ], [ 2652.2, 3773.3 ], [ 2651.7, 3772.8 ], [ 2651.2, 3772.5 ], [ 2650.9, 3772.4 ], [ 2649.8, 3772.1 ], [ 2647.5, 3770.7 ], [ 2646.3, 3770.3 ], [ 2645.0, 3770.3 ], [ 2642.5, 3771.0 ], [ 2641.1, 3771.1 ], [ 2641.1, 3772.1 ], [ 2644.7, 3775.2 ], [ 2649.4, 3780.6 ], [ 2650.0, 3781.8 ], [ 2650.2, 3783.5 ], [ 2649.8, 3784.9 ], [ 2648.8, 3786.8 ], [ 2647.7, 3788.4 ], [ 2647.0, 3789.1 ], [ 2645.2, 3790.0 ], [ 2639.7, 3794.2 ], [ 2638.6, 3795.6 ], [ 2637.2, 3796.7 ], [ 2634.3, 3796.5 ], [ 2631.1, 3795.7 ], [ 2629.2, 3794.7 ], [ 2625.7, 3796.5 ], [ 2614.4, 3799.5 ], [ 2611.1, 3799.5 ], [ 2606.2, 3798.9 ], [ 2602.5, 3797.3 ], [ 2602.7, 3794.8 ], [ 2601.4, 3793.1 ], [ 2599.4, 3791.3 ], [ 2597.2, 3789.9 ], [ 2595.6, 3789.3 ], [ 2576.8, 3787.5 ], [ 2574.3, 3786.7 ], [ 2572.0, 3785.3 ], [ 2569.8, 3784.3 ], [ 2568.0, 3785.0 ], [ 2566.0, 3782.3 ], [ 2565.0, 3776.5 ], [ 2563.6, 3775.3 ], [ 2562.5, 3775.0 ], [ 2561.8, 3774.3 ], [ 2561.6, 3773.1 ], [ 2561.6, 3771.6 ], [ 2560.9, 3771.3 ], [ 2556.6, 3767.6 ], [ 2551.6, 3765.7 ], [ 2545.8, 3765.6 ], [ 2540.2, 3766.8 ], [ 2536.1, 3768.8 ], [ 2534.8, 3769.8 ], [ 2532.9, 3771.8 ], [ 2527.7, 3775.3 ], [ 2526.8, 3776.2 ], [ 2525.1, 3779.0 ], [ 2525.0, 3781.4 ], [ 2525.4, 3784.0 ], [ 2525.0, 3787.2 ], [ 2522.2, 3790.8 ], [ 2517.3, 3793.4 ], [ 2497.0, 3799.9 ], [ 2475.7, 3803.5 ], [ 2470.6, 3803.4 ], [ 2462.1, 3801.1 ], [ 2458.9, 3801.1 ], [ 2456.0, 3802.0 ], [ 2451.3, 3805.7 ], [ 2448.9, 3806.8 ], [ 2443.3, 3808.1 ], [ 2441.0, 3809.1 ], [ 2438.7, 3810.8 ], [ 2436.9, 3813.1 ], [ 2434.9, 3818.6 ], [ 2432.3, 3820.2 ], [ 2427.2, 3821.9 ], [ 2426.3, 3822.6 ], [ 2424.6, 3824.4 ], [ 2424.0, 3824.7 ], [ 2420.1, 3824.5 ], [ 2419.4, 3824.7 ], [ 2412.3, 3826.2 ], [ 2403.7, 3826.9 ], [ 2399.3, 3826.5 ], [ 2395.2, 3825.2 ], [ 2380.9, 3816.9 ], [ 2377.6, 3814.0 ], [ 2377.0, 3811.5 ], [ 2379.9, 3804.2 ], [ 2377.6, 3804.2 ], [ 2375.1, 3803.6 ], [ 2372.6, 3802.7 ], [ 2370.6, 3801.5 ], [ 2370.2, 3800.9 ], [ 2369.2, 3799.0 ], [ 2368.3, 3798.1 ], [ 2367.1, 3797.9 ], [ 2365.4, 3797.8 ], [ 2363.9, 3797.4 ], [ 2363.3, 3796.3 ], [ 2361.1, 3794.0 ], [ 2341.3, 3784.2 ], [ 2339.1, 3783.6 ], [ 2330.2, 3784.1 ], [ 2320.8, 3782.6 ], [ 2316.9, 3782.5 ], [ 2315.7, 3782.5 ], [ 2311.7, 3783.9 ], [ 2310.0, 3783.0 ], [ 2306.0, 3782.6 ], [ 2304.5, 3781.7 ], [ 2303.4, 3780.7 ], [ 2301.6, 3779.8 ], [ 2299.8, 3779.0 ], [ 2298.3, 3778.7 ], [ 2283.1, 3779.6 ], [ 2281.4, 3779.1 ], [ 2278.1, 3777.4 ], [ 2276.0, 3777.0 ], [ 2274.4, 3777.5 ], [ 2271.0, 3779.3 ], [ 2269.4, 3779.7 ], [ 2267.7, 3779.2 ], [ 2264.6, 3777.6 ], [ 2263.2, 3777.2 ], [ 2261.5, 3777.4 ], [ 2256.1, 3779.8 ], [ 2253.8, 3778.3 ], [ 2248.1, 3777.2 ], [ 2247.1, 3777.0 ], [ 2242.8, 3776.7 ], [ 2240.0, 3777.2 ], [ 2238.7, 3777.3 ], [ 2236.7, 3776.8 ], [ 2232.5, 3773.7 ], [ 2227.7, 3772.4 ], [ 2221.9, 3772.6 ], [ 2211.0, 3775.1 ], [ 2206.8, 3777.5 ], [ 2198.8, 3784.4 ], [ 2193.9, 3786.4 ], [ 2192.6, 3786.3 ], [ 2190.0, 3785.8 ], [ 2188.7, 3785.9 ], [ 2187.9, 3786.5 ], [ 2187.0, 3787.5 ], [ 2186.0, 3788.3 ], [ 2184.7, 3788.6 ], [ 2182.0, 3788.7 ], [ 2177.1, 3789.8 ], [ 2174.6, 3789.9 ], [ 2159.7, 3787.7 ], [ 2155.1, 3786.1 ], [ 2147.3, 3781.7 ], [ 2146.0, 3781.7 ], [ 2145.5, 3785.6 ], [ 2144.7, 3787.8 ], [ 2143.2, 3789.9 ], [ 2139.2, 3791.7 ], [ 2138.4, 3791.7 ], [ 2134.3, 3791.5 ], [ 2129.6, 3789.5 ], [ 2126.4, 3786.2 ], [ 2123.4, 3782.3 ], [ 2119.4, 3779.4 ], [ 2115.8, 3778.5 ], [ 2114.8, 3778.3 ], [ 2109.3, 3778.9 ], [ 2101.7, 3783.4 ], [ 2098.2, 3786.3 ], [ 2097.3, 3788.3 ], [ 2093.8, 3792.5 ], [ 2090.3, 3795.0 ], [ 2081.8, 3798.4 ], [ 2069.2, 3806.4 ], [ 2065.1, 3807.4 ], [ 2047.1, 3806.7 ], [ 2045.9, 3806.4 ], [ 2043.4, 3805.4 ], [ 2042.0, 3805.1 ], [ 2040.6, 3804.6 ], [ 2040.2, 3803.4 ], [ 2040.1, 3802.0 ], [ 2039.4, 3800.6 ], [ 2037.2, 3798.9 ], [ 2034.5, 3797.9 ], [ 2031.8, 3797.8 ], [ 2029.2, 3798.6 ], [ 1997.2, 3804.6 ], [ 1986.2, 3804.8 ], [ 1984.7, 3804.5 ], [ 1979.0, 3802.7 ], [ 1971.9, 3802.4 ], [ 1964.9, 3803.5 ], [ 1963.5, 3803.3 ], [ 1960.9, 3802.3 ], [ 1959.8, 3802.0 ], [ 1958.4, 3802.2 ], [ 1955.3, 3803.3 ], [ 1954.0, 3803.5 ], [ 1952.1, 3803.4 ], [ 1929.0, 3802.2 ], [ 1923.8, 3803.1 ], [ 1920.8, 3802.9 ], [ 1918.0, 3801.9 ], [ 1912.7, 3799.4 ], [ 1910.5, 3798.7 ], [ 1907.8, 3798.8 ], [ 1900.2, 3801.6 ], [ 1897.2, 3802.2 ], [ 1894.7, 3802.2 ], [ 1889.4, 3801.4 ], [ 1886.3, 3801.6 ], [ 1881.1, 3803.7 ], [ 1878.3, 3804.4 ], [ 1869.3, 3803.3 ], [ 1864.2, 3805.8 ], [ 1858.5, 3806.5 ], [ 1856.3, 3807.1 ], [ 1855.0, 3808.3 ], [ 1854.4, 3809.7 ], [ 1853.9, 3810.9 ], [ 1853.2, 3812.0 ], [ 1851.7, 3813.3 ], [ 1848.6, 3814.9 ], [ 1847.2, 3816.1 ], [ 1845.0, 3817.4 ], [ 1837.0, 3818.5 ], [ 1832.5, 3820.9 ], [ 1830.5, 3821.6 ], [ 1828.9, 3821.5 ], [ 1819.1, 3821.1 ], [ 1816.7, 3821.4 ], [ 1814.4, 3822.6 ], [ 1812.3, 3824.5 ], [ 1809.9, 3826.1 ], [ 1805.0, 3826.9 ], [ 1795.1, 3831.9 ], [ 1793.1, 3833.4 ], [ 1790.8, 3834.5 ], [ 1787.9, 3834.7 ], [ 1782.4, 3834.3 ], [ 1779.2, 3834.5 ], [ 1776.9, 3835.4 ], [ 1776.1, 3836.6 ], [ 1775.1, 3840.2 ], [ 1774.6, 3841.4 ], [ 1773.4, 3842.2 ], [ 1770.5, 3843.6 ], [ 1769.8, 3844.6 ], [ 1768.3, 3845.4 ], [ 1760.0, 3847.1 ], [ 1757.6, 3848.3 ], [ 1750.9, 3853.9 ], [ 1749.7, 3854.5 ], [ 1748.4, 3855.0 ], [ 1747.3, 3855.6 ], [ 1746.7, 3856.5 ], [ 1746.4, 3858.2 ], [ 1744.9, 3861.5 ], [ 1739.6, 3870.6 ], [ 1737.9, 3874.3 ], [ 1732.4, 3882.6 ], [ 1728.0, 3885.9 ], [ 1722.4, 3889.0 ], [ 1716.4, 3891.1 ], [ 1712.5, 3891.5 ], [ 1711.1, 3891.6 ], [ 1708.5, 3890.7 ], [ 1703.4, 3887.7 ], [ 1694.7, 3884.7 ], [ 1691.6, 3882.6 ], [ 1689.8, 3880.1 ], [ 1689.6, 3878.4 ], [ 1690.6, 3876.5 ], [ 1690.4, 3874.8 ], [ 1689.5, 3874.2 ], [ 1688.2, 3873.5 ], [ 1686.9, 3872.5 ], [ 1686.5, 3870.7 ], [ 1685.1, 3869.6 ], [ 1681.5, 3870.1 ], [ 1675.9, 3871.9 ], [ 1674.6, 3871.9 ], [ 1672.1, 3871.3 ], [ 1670.8, 3871.2 ], [ 1670.3, 3870.9 ], [ 1669.8, 3870.3 ], [ 1669.1, 3869.8 ], [ 1668.3, 3869.9 ], [ 1668.1, 3870.5 ], [ 1668.0, 3871.5 ], [ 1668.2, 3872.5 ], [ 1668.4, 3873.0 ], [ 1668.1, 3874.6 ], [ 1660.8, 3885.9 ], [ 1659.8, 3886.8 ], [ 1658.4, 3887.4 ], [ 1657.1, 3887.0 ], [ 1655.4, 3886.3 ], [ 1653.9, 3886.3 ], [ 1651.8, 3890.4 ], [ 1649.5, 3891.9 ], [ 1646.8, 3892.7 ], [ 1644.5, 3893.0 ], [ 1639.6, 3892.6 ], [ 1638.4, 3892.1 ], [ 1637.5, 3890.8 ], [ 1637.0, 3889.4 ], [ 1636.5, 3888.2 ], [ 1635.1, 3887.5 ], [ 1633.7, 3887.2 ], [ 1631.3, 3886.0 ], [ 1630.1, 3885.7 ], [ 1628.5, 3885.0 ], [ 1627.5, 3883.8 ], [ 1626.7, 3882.6 ], [ 1625.7, 3881.9 ], [ 1622.7, 3882.3 ], [ 1619.0, 3887.1 ], [ 1613.8, 3889.2 ], [ 1612.3, 3889.6 ], [ 1611.7, 3888.9 ], [ 1611.2, 3887.5 ], [ 1609.6, 3887.2 ], [ 1606.5, 3887.6 ], [ 1604.5, 3888.6 ], [ 1602.2, 3890.0 ], [ 1599.6, 3891.2 ], [ 1594.9, 3891.6 ], [ 1593.9, 3892.4 ], [ 1592.1, 3894.6 ], [ 1587.8, 3897.6 ], [ 1584.6, 3899.3 ], [ 1583.1, 3900.1 ], [ 1579.3, 3904.2 ], [ 1578.5, 3904.8 ], [ 1575.5, 3904.5 ], [ 1574.0, 3905.0 ], [ 1572.9, 3906.4 ], [ 1567.0, 3917.1 ], [ 1565.2, 3919.3 ], [ 1563.6, 3921.8 ], [ 1561.2, 3928.8 ], [ 1559.7, 3931.7 ], [ 1558.1, 3933.3 ], [ 1555.8, 3935.1 ], [ 1553.2, 3936.4 ], [ 1550.7, 3936.7 ], [ 1546.9, 3940.3 ], [ 1546.1, 3940.8 ], [ 1545.4, 3941.1 ], [ 1541.9, 3941.6 ], [ 1529.8, 3941.0 ], [ 1527.2, 3941.5 ], [ 1510.5, 3951.9 ], [ 1509.1, 3954.4 ], [ 1507.6, 3955.1 ], [ 1499.1, 3956.6 ], [ 1494.3, 3960.7 ], [ 1492.2, 3961.8 ], [ 1490.5, 3961.9 ], [ 1486.7, 3961.2 ], [ 1485.6, 3961.3 ], [ 1482.0, 3963.2 ], [ 1469.7, 3964.7 ], [ 1467.3, 3966.1 ], [ 1466.4, 3966.3 ], [ 1465.3, 3965.9 ], [ 1462.6, 3964.5 ], [ 1454.2, 3964.4 ], [ 1450.1, 3962.6 ], [ 1445.8, 3960.0 ], [ 1441.6, 3958.3 ], [ 1437.6, 3959.6 ], [ 1437.3, 3958.9 ], [ 1436.9, 3958.6 ], [ 1436.5, 3958.5 ], [ 1436.0, 3958.2 ], [ 1433.0, 3958.8 ], [ 1429.9, 3957.1 ], [ 1426.8, 3954.7 ], [ 1423.9, 3953.2 ], [ 1421.2, 3952.3 ], [ 1409.8, 3945.8 ], [ 1407.1, 3946.0 ], [ 1404.4, 3947.5 ], [ 1401.3, 3950.1 ], [ 1399.1, 3951.0 ], [ 1396.0, 3951.2 ], [ 1390.1, 3950.8 ], [ 1377.3, 3946.8 ], [ 1371.1, 3943.5 ], [ 1366.2, 3939.5 ], [ 1361.1, 3932.4 ], [ 1360.3, 3930.6 ], [ 1355.2, 3923.0 ], [ 1353.7, 3921.4 ], [ 1352.9, 3922.5 ], [ 1354.3, 3926.0 ], [ 1362.4, 3938.6 ], [ 1367.2, 3943.9 ], [ 1358.2, 3941.5 ], [ 1353.9, 3939.3 ], [ 1351.0, 3936.4 ], [ 1349.5, 3933.8 ], [ 1348.7, 3931.9 ], [ 1348.4, 3929.8 ], [ 1348.7, 3924.8 ], [ 1349.2, 3922.3 ], [ 1350.1, 3920.1 ], [ 1351.4, 3918.9 ], [ 1350.0, 3916.1 ], [ 1350.0, 3916.0 ], [ 1349.1, 3914.2 ], [ 1346.8, 3907.3 ], [ 1346.8, 3907.2 ], [ 1346.7, 3906.5 ], [ 1345.9, 3900.4 ], [ 1347.8, 3896.0 ], [ 1347.5, 3894.1 ], [ 1348.6, 3891.6 ], [ 1348.2, 3890.3 ], [ 1346.8, 3889.2 ], [ 1345.6, 3889.5 ], [ 1344.8, 3890.6 ], [ 1344.8, 3892.3 ], [ 1340.9, 3896.4 ], [ 1334.2, 3907.5 ], [ 1329.6, 3910.9 ], [ 1328.0, 3910.9 ], [ 1326.7, 3910.1 ], [ 1325.6, 3909.3 ], [ 1324.6, 3909.1 ], [ 1323.1, 3909.7 ], [ 1316.5, 3914.7 ], [ 1313.6, 3915.8 ], [ 1297.2, 3918.6 ], [ 1291.6, 3918.8 ], [ 1285.3, 3917.2 ], [ 1284.1, 3916.5 ], [ 1281.8, 3914.9 ], [ 1280.5, 3914.2 ], [ 1279.1, 3913.9 ], [ 1277.5, 3913.8 ], [ 1276.0, 3913.5 ], [ 1272.9, 3911.0 ], [ 1263.7, 3907.8 ], [ 1261.3, 3905.5 ], [ 1256.8, 3899.8 ], [ 1254.6, 3897.7 ], [ 1251.4, 3896.7 ], [ 1247.9, 3897.4 ], [ 1244.8, 3899.7 ], [ 1243.1, 3903.7 ], [ 1241.5, 3906.2 ], [ 1238.5, 3907.0 ], [ 1234.1, 3906.6 ], [ 1231.6, 3906.4 ], [ 1228.2, 3905.5 ], [ 1225.6, 3904.8 ], [ 1223.9, 3903.6 ], [ 1222.5, 3900.8 ], [ 1221.9, 3899.6 ], [ 1221.4, 3898.6 ], [ 1222.1, 3898.1 ], [ 1223.7, 3897.9 ], [ 1224.2, 3897.3 ], [ 1223.3, 3895.3 ], [ 1217.6, 3896.8 ], [ 1206.5, 3897.1 ], [ 1195.2, 3899.8 ], [ 1177.3, 3899.6 ], [ 1169.3, 3902.8 ], [ 1166.6, 3903.0 ], [ 1163.1, 3902.0 ], [ 1149.0, 3894.9 ], [ 1148.8, 3894.8 ], [ 1132.8, 3887.9 ], [ 1115.9, 3879.1 ], [ 1111.3, 3875.2 ], [ 1105.6, 3867.6 ], [ 1100.4, 3864.6 ], [ 1098.6, 3861.8 ], [ 1095.9, 3856.2 ], [ 1092.4, 3851.6 ], [ 1090.2, 3849.4 ], [ 1088.0, 3848.2 ], [ 1085.1, 3847.1 ], [ 1083.4, 3845.2 ], [ 1075.5, 3828.2 ], [ 1071.8, 3823.2 ], [ 1067.2, 3818.4 ], [ 1065.0, 3815.4 ], [ 1064.2, 3812.1 ], [ 1063.5, 3803.7 ], [ 1063.6, 3802.7 ], [ 1064.2, 3800.5 ], [ 1064.2, 3799.5 ], [ 1063.6, 3799.2 ], [ 1061.5, 3799.1 ], [ 1060.7, 3798.8 ], [ 1060.0, 3797.6 ], [ 1059.4, 3796.0 ], [ 1059.3, 3794.1 ], [ 1059.8, 3787.6 ], [ 1059.3, 3779.4 ], [ 1059.6, 3775.6 ], [ 1060.6, 3773.5 ], [ 1060.6, 3773.5 ], [ 1061.7, 3771.3 ], [ 1067.8, 3768.2 ], [ 1069.5, 3765.2 ], [ 1065.9, 3766.2 ], [ 1063.8, 3765.2 ], [ 1062.0, 3763.2 ], [ 1059.5, 3761.2 ], [ 1057.2, 3760.5 ], [ 1055.5, 3760.4 ], [ 1055.4, 3760.4 ], [ 1054.7, 3759.9 ], [ 1054.3, 3760.1 ], [ 1053.8, 3761.2 ], [ 1053.2, 3762.3 ], [ 1052.0, 3762.1 ], [ 1050.7, 3761.0 ], [ 1050.2, 3760.3 ], [ 1049.2, 3760.0 ], [ 1046.4, 3760.7 ], [ 1043.7, 3762.3 ], [ 1038.4, 3766.5 ], [ 1036.0, 3767.9 ], [ 1027.9, 3770.7 ], [ 1026.0, 3768.9 ], [ 1023.2, 3767.5 ], [ 1020.3, 3767.0 ], [ 1017.9, 3767.6 ], [ 1016.5, 3766.5 ], [ 1014.1, 3766.6 ], [ 1011.7, 3767.3 ], [ 1009.9, 3768.1 ], [ 1006.0, 3770.8 ], [ 1004.4, 3770.7 ], [ 993.3, 3766.7 ], [ 988.9, 3766.5 ], [ 986.1, 3768.5 ], [ 984.5, 3770.5 ], [ 983.0, 3773.9 ], [ 981.0, 3780.8 ], [ 980.3, 3782.2 ], [ 978.3, 3784.2 ], [ 977.7, 3785.5 ], [ 977.2, 3786.7 ], [ 973.1, 3794.3 ], [ 969.3, 3799.7 ], [ 968.4, 3801.7 ], [ 967.5, 3805.4 ], [ 966.3, 3808.1 ], [ 933.2, 3860.0 ], [ 915.5, 3894.4 ], [ 877.8, 3945.1 ], [ 874.1, 3949.0 ], [ 870.8, 3954.5 ], [ 869.1, 3956.8 ], [ 851.3, 3974.4 ], [ 839.6, 3990.3 ], [ 824.9, 4006.3 ], [ 808.9, 4017.6 ], [ 793.6, 4025.2 ], [ 788.8, 4025.7 ], [ 784.1, 4028.3 ], [ 781.7, 4028.7 ], [ 781.7, 4028.7 ], [ 777.0, 4028.4 ], [ 771.6, 4029.1 ], [ 766.5, 4030.5 ], [ 760.8, 4033.7 ], [ 750.2, 4037.8 ], [ 748.6, 4038.4 ], [ 745.7, 4038.6 ], [ 743.4, 4037.1 ], [ 744.4, 4036.2 ], [ 741.8, 4036.5 ], [ 737.5, 4040.0 ], [ 733.4, 4040.9 ], [ 728.1, 4045.4 ], [ 726.1, 4046.3 ], [ 723.5, 4047.1 ], [ 720.6, 4047.5 ], [ 716.8, 4047.4 ], [ 714.3, 4048.2 ], [ 713.0, 4048.4 ], [ 711.6, 4048.0 ], [ 710.5, 4047.1 ], [ 709.3, 4046.6 ], [ 707.7, 4047.2 ], [ 705.3, 4046.0 ], [ 702.8, 4047.4 ], [ 700.2, 4049.5 ], [ 697.6, 4050.2 ], [ 695.1, 4050.2 ], [ 689.5, 4051.6 ], [ 680.5, 4052.2 ], [ 677.1, 4052.9 ], [ 673.6, 4055.7 ], [ 670.2, 4056.3 ], [ 664.0, 4056.3 ], [ 657.2, 4057.6 ], [ 644.1, 4060.1 ], [ 625.9, 4059.9 ], [ 620.2, 4060.8 ], [ 614.9, 4063.4 ], [ 605.6, 4070.6 ], [ 600.2, 4073.2 ], [ 595.1, 4074.4 ], [ 592.7, 4074.4 ], [ 589.5, 4073.8 ], [ 588.5, 4073.3 ], [ 587.5, 4071.6 ], [ 586.5, 4071.0 ], [ 585.4, 4071.4 ], [ 572.3, 4081.1 ], [ 570.7, 4082.7 ], [ 570.1, 4086.0 ], [ 569.6, 4087.8 ], [ 568.3, 4089.4 ], [ 558.6, 4096.0 ] ] } },
{ "type": "Feature", "properties": { "scalerank": 6, "featurecla": "Coastline" }, "geometry": { "type": "LineString", "coordinates": [ [ 1671.8, 3583.0 ], [ 1671.4, 3582.0 ], [ 1670.8, 3580.4 ], [ 1670.5, 3579.7 ], [ 1670.4, 3579.3 ], [ 1670.4, 3578.9 ], [ 1670.3, 3578.6 ], [ 1669.7, 3578.6 ], [ 1669.7, 3583.0 ], [ 1668.9, 3587.9 ], [ 1668.9, 3592.5 ], [ 1671.0, 3595.7 ], [ 1670.1, 3589.8 ], [ 1670.3, 3586.2 ], [ 1671.8, 3583.0 ] ] } },
{ "type": "Feature", "properties": { "scalerank": 5, "featurecla": "Coastline" }, "geometry": { "type": "LineString", "coordinates": [ [ 1962.6, 3475.9 ], [ 1958.0, 3472.8 ], [ 1952.9, 3463.8 ], [ 1952.9, 3463.4 ], [ 1952.9, 3463.1 ], [ 1952.8, 3462.8 ], [ 1952.3, 3462.9 ], [ 1951.6, 3465.2 ], [ 1950.3, 3466.8 ], [ 1949.0, 3467.2 ], [ 1948.2, 3466.2 ], [ 1946.6, 3467.7 ], [ 1945.7, 3468.8 ], [ 1946.1, 3469.5 ], [ 1946.9, 3470.1 ], [ 1946.8, 3471.3 ], [ 1946.1, 3472.6 ], [ 1945.3, 3473.6 ], [ 1945.2, 3475.2 ], [ 1945.5, 3476.4 ], [ 1944.7, 3479.4 ], [ 1946.3, 3480.1 ], [ 1948.4, 3479.2 ], [ 1950.6, 3476.6 ], [ 1951.9, 3475.9 ], [ 1954.4, 3474.5 ], [ 1956.2, 3475.7 ], [ 1961.8, 3480.2 ], [ 1965.9, 3480.8 ], [ 1968.9, 3480.4 ], [ 1969.3, 3477.1 ], [ 1967.5, 3474.4 ], [ 1962.6, 3475.9 ] ] } },
{ "type": "Feature", "properties": { "scalerank": 5, "featurecla": "Coastline" }, "geometry": { "type": "LineString", "coordinates": [ [ 1978.5, 3413.8 ], [ 1977.7, 3412.7 ], [ 1976.7, 3411.8 ], [ 1975.4, 3411.4 ], [ 1973.3, 3411.0 ], [ 1972.5, 3410.6 ], [ 1970.7, 3408.8 ], [ 1968.9, 3408.5 ], [ 1967.2, 3409.0 ], [ 1965.9, 3410.3 ], [ 1963.5, 3409.6 ], [ 1960.0, 3410.1 ], [ 1956.5, 3411.5 ], [ 1954.0, 3413.2 ], [ 1952.7, 3412.2 ], [ 1950.1, 3413.7 ], [ 1949.1, 3412.6 ], [ 1948.4, 3412.5 ], [ 1945.1, 3415.3 ], [ 1943.2, 3416.6 ], [ 1941.5, 3417.0 ], [ 1940.0, 3418.4 ], [ 1939.5, 3422.0 ], [ 1939.9, 3428.6 ], [ 1937.0, 3428.2 ], [ 1935.8, 3428.4 ], [ 1934.9, 3429.0 ], [ 1933.5, 3428.0 ], [ 1932.1, 3428.1 ], [ 1930.8, 3428.7 ], [ 1929.7, 3429.5 ], [ 1930.7, 3431.5 ], [ 1930.0, 3433.7 ], [ 1928.2, 3437.2 ], [ 1928.4, 3440.0 ], [ 1929.7, 3441.8 ], [ 1933.2, 3444.8 ], [ 1934.2, 3443.0 ], [ 1936.3, 3442.5 ], [ 1938.3, 3443.4 ], [ 1939.0, 3445.4 ], [ 1940.2, 3445.3 ], [ 1940.3, 3445.4 ], [ 1940.7, 3445.6 ], [ 1941.5, 3445.7 ], [ 1943.4, 3445.2 ], [ 1945.3, 3447.1 ], [ 1946.2, 3450.3 ], [ 1950.1, 3450.7 ], [ 1950.6, 3446.9 ], [ 1952.4, 3441.9 ], [ 1954.2, 3441.2 ], [ 1956.4, 3438.9 ], [ 1956.7, 3439.6 ], [ 1957.5, 3440.4 ], [ 1957.8, 3441.0 ], [ 1959.3, 3439.6 ], [ 1962.8, 3438.3 ], [ 1964.5, 3437.2 ], [ 1968.8, 3431.8 ], [ 1973.3, 3429.5 ], [ 1974.0, 3428.7 ], [ 1974.7, 3426.4 ], [ 1975.9, 3424.5 ], [ 1977.6, 3423.4 ], [ 1979.6, 3423.5 ], [ 1978.2, 3418.3 ], [ 1977.8, 3415.1 ], [ 1978.5, 3413.8 ] ] } },
{ "type": "Feature", "properties": { "scalerank": 6, "featurecla": "Coastline" }, "geometry": { "type": "LineString", "coordinates": [ [ 2145.5, 3419.2 ], [ 2144.8, 3423.3 ], [ 2142.1, 3426.6 ], [ 2138.3, 3425.9 ], [ 2136.7, 3420.6 ], [ 2140.2, 3417.8 ], [ 2145.2, 3416.2 ], [ 2145.5, 3419.2 ] ] } },
{ "type": "Feature", "properties": { "scalerank": 3, "featurecla": "Coastline" }, "geometry": { "type": "LineString", "coordinates": [ [ 2197.5, 3328.5 ], [ 2195.7, 3329.2 ], [ 2191.8, 3332.6 ], [ 2189.7, 3333.2 ], [ 2181.5, 3332.5 ], [ 2178.1, 3331.4 ], [ 2174.4, 3328.8 ], [ 2171.6, 3325.6 ], [ 2170.5, 3322.0 ], [ 2170.9, 3318.8 ], [ 2171.9, 3317.7 ], [ 2175.7, 3317.1 ], [ 2177.7, 3316.4 ], [ 2178.4, 3316.1 ], [ 2179.2, 3315.3 ], [ 2179.7, 3314.2 ], [ 2179.7, 3313.1 ], [ 2179.9, 3312.0 ], [ 2181.2, 3311.3 ], [ 2181.2, 3310.3 ], [ 2171.9, 3312.1 ], [ 2167.8, 3310.9 ], [ 2168.4, 3306.0 ], [ 2169.3, 3306.1 ], [ 2170.6, 3306.9 ], [ 2172.1, 3305.9 ], [ 2173.8, 3304.3 ], [ 2175.7, 3303.5 ], [ 2177.2, 3303.3 ], [ 2181.6, 3301.7 ], [ 2182.9, 3300.9 ], [ 2181.4, 3299.9 ], [ 2181.1, 3300.1 ], [ 2180.4, 3300.7 ], [ 2178.9, 3298.4 ], [ 2166.2, 3302.3 ], [ 2159.5, 3303.4 ], [ 2152.7, 3303.4 ], [ 2149.0, 3304.1 ], [ 2141.4, 3308.2 ], [ 2137.7, 3309.5 ], [ 2136.6, 3309.6 ], [ 2134.1, 3309.1 ], [ 2133.7, 3309.4 ], [ 2132.8, 3310.7 ], [ 2132.3, 3311.0 ], [ 2130.5, 3311.3 ], [ 2129.1, 3312.2 ], [ 2127.6, 3313.5 ], [ 2125.7, 3314.7 ], [ 2122.1, 3316.1 ], [ 2121.2, 3316.3 ], [ 2120.3, 3316.8 ], [ 2117.7, 3319.4 ], [ 2117.1, 3319.6 ], [ 2116.7, 3320.4 ], [ 2113.5, 3323.0 ], [ 2113.0, 3323.1 ], [ 2111.7, 3322.7 ], [ 2111.1, 3322.8 ], [ 2110.8, 3323.2 ], [ 2109.8, 3325.0 ], [ 2109.2, 3325.7 ], [ 2105.1, 3329.3 ], [ 2103.0, 3330.8 ], [ 2100.8, 3331.2 ], [ 2098.4, 3331.4 ], [ 2096.6, 3332.1 ], [ 2090.1, 3337.8 ], [ 2087.9, 3339.0 ], [ 2085.3, 3339.3 ], [ 2076.3, 3343.7 ], [ 2075.3, 3346.0 ], [ 2074.9, 3349.1 ], [ 2075.3, 3351.9 ], [ 2077.3, 3353.8 ], [ 2078.0, 3356.7 ], [ 2079.1, 3357.6 ], [ 2079.9, 3357.5 ], [ 2083.4, 3356.0 ], [ 2083.9, 3357.5 ], [ 2084.7, 3358.0 ], [ 2085.6, 3357.5 ], [ 2086.7, 3356.3 ], [ 2089.6, 3359.8 ], [ 2088.6, 3360.4 ], [ 2088.1, 3361.3 ], [ 2088.3, 3362.5 ], [ 2088.5, 3362.9 ], [ 2090.4, 3367.0 ], [ 2093.8, 3367.0 ], [ 2097.0, 3364.2 ], [ 2098.7, 3360.1 ], [ 2100.4, 3358.5 ], [ 2108.5, 3355.1 ], [ 2111.2, 3354.5 ], [ 2114.2, 3355.7 ], [ 2118.0, 3358.4 ], [ 2121.2, 3361.8 ], [ 2122.3, 3365.1 ], [ 2120.1, 3368.7 ], [ 2119.5, 3371.1 ], [ 2121.2, 3372.4 ], [ 2121.7, 3380.9 ], [ 2124.4, 3384.9 ], [ 2128.9, 3387.2 ], [ 2139.3, 3388.9 ], [ 2140.5, 3388.9 ], [ 2142.4, 3388.4 ], [ 2143.8, 3388.3 ], [ 2144.9, 3388.8 ], [ 2146.6, 3390.4 ], [ 2147.8, 3390.9 ], [ 2148.6, 3391.6 ], [ 2148.8, 3393.0 ], [ 2149.0, 3394.7 ], [ 2149.4, 3396.2 ], [ 2150.1, 3396.9 ], [ 2151.9, 3397.9 ], [ 2152.6, 3398.5 ], [ 2155.5, 3403.7 ], [ 2155.9, 3404.3 ], [ 2157.1, 3404.0 ], [ 2158.2, 3403.3 ], [ 2158.8, 3402.9 ], [ 2159.8, 3401.4 ], [ 2164.7, 3397.9 ], [ 2176.3, 3392.1 ], [ 2180.4, 3388.4 ], [ 2182.9, 3382.3 ], [ 2183.3, 3382.8 ], [ 2184.4, 3383.6 ], [ 2186.2, 3375.1 ], [ 2190.6, 3368.1 ], [ 2196.1, 3362.6 ], [ 2201.3, 3358.5 ], [ 2200.6, 3356.1 ], [ 2201.2, 3353.7 ], [ 2202.7, 3352.0 ], [ 2204.8, 3351.5 ], [ 2206.4, 3350.7 ], [ 2207.9, 3348.7 ], [ 2209.8, 3344.5 ], [ 2209.2, 3342.6 ], [ 2209.7, 3341.6 ], [ 2210.5, 3341.1 ], [ 2211.0, 3340.3 ], [ 2210.9, 3339.1 ], [ 2210.6, 3337.9 ], [ 2210.6, 3336.6 ], [ 2211.4, 3335.1 ], [ 2207.3, 3334.4 ], [ 2200.8, 3329.8 ], [ 2197.5, 3328.5 ] ] } },
{ "type": "Feature", "properties": { "scalerank": 5, "featurecla": "Coastline" }, "geometry": { "type": "LineString", "coordinates": [ [ 1786.1, 2323.4 ], [ 1786.3, 2322.3 ], [ 1785.3, 2321.0 ], [ 1785.4, 2319.5 ], [ 1785.8, 2317.8 ], [ 1785.7, 2315.8 ], [ 1784.4, 2314.0 ], [ 1783.0, 2314.0 ], [ 1781.5, 2314.2 ], [ 1780.4, 2313.4 ], [ 1778.3, 2310.2 ], [ 1775.4, 2307.0 ], [ 1772.1, 2304.6 ], [ 1768.8, 2303.6 ], [ 1770.4, 2309.3 ], [ 1771.1, 2313.0 ], [ 1770.6, 2314.6 ], [ 1769.9, 2315.8 ], [ 1771.3, 2319.1 ], [ 1773.2, 2322.2 ], [ 1775.2, 2324.1 ], [ 1780.4, 2332.2 ], [ 1781.2, 2334.5 ], [ 1781.8, 2336.7 ], [ 1782.6, 2342.2 ], [ 1784.3, 2343.4 ], [ 1786.3, 2341.2 ], [ 1788.0, 2337.3 ], [ 1789.8, 2331.0 ], [ 1789.8, 2329.7 ], [ 1789.2, 2328.2 ], [ 1786.4, 2325.9 ], [ 1785.4, 2324.6 ], [ 1786.1, 2323.4 ] ] } },
{ "type": "Feature", "properties": { "scalerank": 6, "featurecla": "Coastline" }, "geometry": { "type": "LineString", "coordinates": [ [ 773.2, 3532.0 ], [ 773.0, 3533.1 ], [ 775.7, 3534.8 ], [ 779.0, 3535.7 ], [ 782.3, 3535.6 ], [ 784.8, 3534.7 ], [ 785.0, 3534.3 ], [ 785.8, 3534.0 ], [ 785.7, 3532.8 ], [ 785.6, 3532.2 ], [ 785.4, 3531.7 ], [ 781.9, 3534.0 ], [ 779.3, 3534.3 ], [ 773.2, 3532.0 ] ] } },
{ "type": "Feature", "properties": { "scalerank": 6, "featurecla": "Coastline" }, "geometry": { "type": "LineString", "coordinates": [ [ 706.5, 3216.3 ], [ 706.1, 3216.5 ], [ 705.2, 3217.0 ], [ 703.6, 3218.0 ], [ 701.9, 3219.9 ], [ 700.3, 3222.3 ], [ 701.0, 3222.8 ], [ 703.7, 3221.1 ], [ 705.8, 3219.1 ], [ 707.1, 3217.0 ], [ 707.2, 3216.1 ], [ 706.5, 3216.3 ] ] } },
{ "type": "Feature", "properties": { "scalerank": 6, "featurecla": "Coastline" }, "geometry": { "type": "LineString", "coordinates": [ [ 1111.4, 1276.1 ], [ 1110.8, 1275.9 ], [ 1107.7, 1274.5 ], [ 1105.5, 1274.1 ], [ 1103.6, 1274.3 ], [ 1101.9, 1275.0 ], [ 1101.3, 1276.4 ], [ 1102.5, 1277.6 ], [ 1103.3, 1278.3 ], [ 1111.3, 1277.9 ], [ 1111.9, 1277.8 ], [ 1113.0, 1276.9 ], [ 1112.4, 1276.2 ], [ 1111.4, 1276.1 ] ] } },
{ "type": "Feature", "properties": { "scalerank": 6, "featurecla": "Coastline" }, "geometry": { "type": "LineString", "coordinates": [ [ 1784.3, 2289.9 ], [ 1785.5, 2289.4 ], [ 1786.3, 2289.3 ], [ 1787.3, 2289.3 ], [ 1786.5, 2286.3 ], [ 1784.8, 2283.6 ], [ 1782.6, 2281.7 ], [ 1772.2, 2278.3 ], [ 1770.6, 2277.2 ], [ 1770.7, 2276.0 ], [ 1772.2, 2276.2 ], [ 1772.4, 2275.2 ], [ 1769.7, 2275.5 ], [ 1766.5, 2276.3 ], [ 1763.7, 2276.0 ], [ 1762.3, 2272.5 ], [ 1763.4, 2272.7 ], [ 1765.7, 2274.2 ], [ 1766.6, 2273.4 ], [ 1766.6, 2272.5 ], [ 1766.3, 2271.6 ], [ 1765.6, 2270.8 ], [ 1763.7, 2270.1 ], [ 1757.4, 2270.7 ], [ 1757.2, 2271.7 ], [ 1758.3, 2272.7 ], [ 1761.8, 2278.3 ], [ 1763.3, 2279.2 ], [ 1769.5, 2279.0 ], [ 1778.7, 2287.3 ], [ 1783.4, 2288.9 ], [ 1783.9, 2289.2 ], [ 1784.3, 2289.9 ] ] } },
{ "type": "Feature", "properties": { "scalerank": 6, "featurecla": "Coastline" }, "geometry": { "type": "LineString", "coordinates": [ [ 1686.5, 2184.0 ], [ 1684.5, 2183.3 ], [ 1682.6, 2183.3 ], [ 1681.5, 2184.5 ], [ 1682.3, 2187.5 ], [ 1690.6, 2189.1 ], [ 1692.8, 2190.4 ], [ 1692.0, 2188.2 ], [ 1690.3, 2186.4 ], [ 1686.5, 2184.0 ] ] } },
{ "type": "Feature", "properties": { "scalerank": 6, "featurecla": "Coastline" }, "geometry": { "type": "LineString", "coordinates": [ [ 1707.1, 2147.6 ], [ 1707.3, 2145.4 ], [ 1708.1, 2143.4 ], [ 1708.1, 2141.6 ], [ 1706.1, 2139.9 ], [ 1704.3, 2139.3 ], [ 1698.3, 2138.6 ], [ 1699.7, 2141.2 ], [ 1700.4, 2147.3 ], [ 1701.7, 2150.0 ], [ 1704.7, 2149.0 ], [ 1707.1, 2151.3 ], [ 1708.7, 2155.1 ], [ 1709.7, 2158.8 ], [ 1711.3, 2160.1 ], [ 1712.1, 2158.2 ], [ 1712.3, 2155.0 ], [ 1712.2, 2152.8 ], [ 1711.2, 2151.5 ], [ 1708.0, 2149.0 ], [ 1707.1, 2147.6 ] ] } },
{ "type": "Feature", "properties": { "scalerank": 6, "featurecla": "Coastline" }, "geometry": { "type": "LineString", "coordinates": [ [ 1621.0, 2078.3 ], [ 1618.1, 2074.0 ], [ 1617.9, 2073.5 ], [ 1615.7, 2071.0 ], [ 1611.4, 2067.8 ], [ 1610.2, 2067.2 ], [ 1609.4, 2066.2 ], [ 1608.7, 2066.1 ], [ 1608.2, 2066.9 ], [ 1607.1, 2067.6 ], [ 1607.4, 2070.0 ], [ 1608.1, 2072.6 ], [ 1608.4, 2075.3 ], [ 1607.6, 2077.6 ], [ 1609.2, 2079.2 ], [ 1614.3, 2081.8 ], [ 1622.2, 2084.0 ], [ 1625.1, 2083.7 ], [ 1626.1, 2080.9 ], [ 1625.2, 2079.6 ], [ 1622.1, 2079.2 ], [ 1621.0, 2078.3 ] ] } },
{ "type": "Feature", "properties": { "scalerank": 6, "featurecla": "Coastline" }, "geometry": { "type": "LineString", "coordinates": [ [ 1456.5, 1865.3 ], [ 1454.9, 1864.0 ], [ 1452.4, 1864.2 ], [ 1447.8, 1865.7 ], [ 1447.6, 1866.7 ], [ 1450.3, 1866.5 ], [ 1451.2, 1867.0 ], [ 1451.5, 1868.6 ], [ 1451.2, 1868.6 ], [ 1450.5, 1868.4 ], [ 1450.2, 1868.3 ], [ 1449.9, 1869.4 ], [ 1451.8, 1869.4 ], [ 1457.5, 1867.7 ], [ 1457.7, 1866.6 ], [ 1457.1, 1866.5 ], [ 1456.8, 1866.2 ], [ 1456.7, 1865.7 ], [ 1456.5, 1865.3 ] ] } },
{ "type": "Feature", "properties": { "scalerank": 5, "featurecla": "Coastline" }, "geometry": { "type": "LineString", "coordinates": [ [ 1775.2, 1801.8 ], [ 1773.7, 1801.6 ], [ 1773.1, 1801.7 ], [ 1772.3, 1802.3 ], [ 1771.3, 1801.4 ], [ 1769.2, 1800.5 ], [ 1768.5, 1799.6 ], [ 1767.3, 1800.4 ], [ 1766.2, 1800.9 ], [ 1765.1, 1801.0 ], [ 1763.7, 1800.9 ], [ 1762.0, 1799.6 ], [ 1760.7, 1798.9 ], [ 1759.4, 1799.1 ], [ 1759.0, 1801.0 ], [ 1759.4, 1804.1 ], [ 1759.5, 1807.7 ], [ 1758.3, 1810.8 ], [ 1759.3, 1811.0 ], [ 1761.5, 1810.4 ], [ 1761.8, 1810.2 ], [ 1762.8, 1810.9 ], [ 1763.8, 1812.4 ], [ 1764.6, 1812.9 ], [ 1765.7, 1811.1 ], [ 1766.7, 1809.8 ], [ 1767.7, 1809.1 ], [ 1768.4, 1809.2 ], [ 1769.2, 1809.7 ], [ 1770.0, 1810.5 ], [ 1771.9, 1813.2 ], [ 1773.5, 1814.3 ], [ 1776.5, 1814.8 ], [ 1777.4, 1815.4 ], [ 1778.2, 1816.2 ], [ 1778.8, 1816.3 ], [ 1779.3, 1814.8 ], [ 1779.6, 1813.1 ], [ 1779.9, 1811.9 ], [ 1780.5, 1811.0 ], [ 1781.5, 1810.3 ], [ 1781.2, 1809.8 ], [ 1780.8, 1808.8 ], [ 1780.4, 1808.1 ], [ 1780.8, 1806.6 ], [ 1776.5, 1803.5 ], [ 1775.2, 1801.8 ] ] } },
{ "type": "Feature", "properties": { "scalerank": 6, "featurecla": "Coastline" }, "geometry": { "type": "LineString", "coordinates": [ [ 1752.0, 1768.5 ], [ 1751.7, 1768.6 ], [ 1751.3, 1769.1 ], [ 1750.9, 1769.7 ], [ 1750.5, 1770.1 ], [ 1750.4, 1770.8 ], [ 1750.5, 1771.8 ], [ 1750.2, 1772.6 ], [ 1749.7, 1773.5 ], [ 1750.1, 1773.7 ], [ 1751.2, 1772.9 ], [ 1752.4, 1771.6 ], [ 1752.6, 1769.6 ], [ 1752.0, 1768.5 ] ] } },
{ "type": "Feature", "properties": { "scalerank": 5, "featurecla": "Coastline" }, "geometry": { "type": "LineString", "coordinates": [ [ 1731.7, 1757.7 ], [ 1726.6, 1761.2 ], [ 1725.2, 1761.2 ], [ 1724.0, 1761.0 ], [ 1723.3, 1761.6 ], [ 1723.4, 1763.8 ], [ 1722.2, 1763.9 ], [ 1721.3, 1764.5 ], [ 1720.9, 1765.3 ], [ 1721.3, 1765.7 ], [ 1730.8, 1767.4 ], [ 1731.6, 1767.7 ], [ 1732.1, 1768.2 ], [ 1732.8, 1768.4 ], [ 1733.9, 1767.9 ], [ 1734.8, 1767.2 ], [ 1735.0, 1766.9 ], [ 1735.1, 1766.2 ], [ 1736.1, 1764.0 ], [ 1737.1, 1760.8 ], [ 1739.2, 1758.3 ], [ 1739.8, 1757.0 ], [ 1738.4, 1755.4 ], [ 1736.3, 1755.9 ], [ 1733.9, 1757.2 ], [ 1731.7, 1757.7 ] ] } },
{ "type": "Feature", "properties": { "scalerank": 6, "featurecla": "Coastline" }, "geometry": { "type": "LineString", "coordinates": [ [ 1777.9, 1728.2 ], [ 1777.5, 1728.2 ], [ 1775.8, 1728.9 ], [ 1774.8, 1728.8 ], [ 1773.3, 1729.4 ], [ 1772.2, 1730.9 ], [ 1773.0, 1731.8 ], [ 1774.7, 1731.7 ], [ 1776.1, 1731.1 ], [ 1778.1, 1729.5 ], [ 1778.3, 1728.7 ], [ 1777.9, 1728.2 ] ] } },
{ "type": "Feature", "properties": { "scalerank": 6, "featurecla": "Coastline" }, "geometry": { "type": "LineString", "coordinates": [ [ 1380.2, 1617.4 ], [ 1379.1, 1618.5 ], [ 1378.4, 1620.5 ], [ 1379.5, 1621.4 ], [ 1380.6, 1620.9 ], [ 1381.2, 1619.7 ], [ 1380.7, 1618.1 ], [ 1380.2, 1617.4 ] ] } },
{ "type": "Feature", "properties": { "scalerank": 6, "featurecla": "Coastline" }, "geometry": { "type": "LineString", "coordinates": [ [ 1377.6, 1613.0 ], [ 1377.4, 1612.7 ], [ 1377.0, 1612.2 ], [ 1376.3, 1612.0 ], [ 1376.1, 1613.2 ], [ 1376.4, 1615.1 ], [ 1377.1, 1615.8 ], [ 1378.0, 1614.7 ], [ 1378.1, 1613.6 ], [ 1377.6, 1613.0 ] ] } },
{ "type": "Feature", "properties": { "scalerank": 5, "featurecla": "Coastline" }, "geometry": { "type": "LineString", "coordinates": [ [ 1908.5, 1595.0 ], [ 1908.2, 1594.8 ], [ 1907.4, 1594.9 ], [ 1907.1, 1594.8 ], [ 1907.1, 1594.4 ], [ 1907.4, 1593.1 ], [ 1907.4, 1592.7 ], [ 1906.4, 1591.6 ], [ 1905.4, 1591.3 ], [ 1903.0, 1590.9 ], [ 1889.3, 1582.6 ], [ 1887.0, 1582.5 ], [ 1884.4, 1583.8 ], [ 1880.4, 1587.4 ], [ 1877.9, 1588.9 ], [ 1875.5, 1588.8 ], [ 1875.7, 1588.3 ], [ 1876.1, 1587.3 ], [ 1876.4, 1586.8 ], [ 1867.4, 1589.5 ], [ 1863.0, 1592.2 ], [ 1860.0, 1596.1 ], [ 1861.9, 1595.3 ], [ 1863.6, 1594.9 ], [ 1867.3, 1595.0 ], [ 1868.4, 1595.6 ], [ 1871.2, 1598.5 ], [ 1871.7, 1599.5 ], [ 1883.0, 1610.5 ], [ 1886.4, 1612.1 ], [ 1897.6, 1610.6 ], [ 1898.1, 1609.9 ], [ 1898.4, 1608.2 ], [ 1898.9, 1604.9 ], [ 1899.2, 1604.1 ], [ 1899.9, 1603.5 ], [ 1903.0, 1601.5 ], [ 1904.6, 1601.0 ], [ 1908.4, 1600.4 ], [ 1908.8, 1600.1 ], [ 1909.1, 1599.8 ], [ 1909.4, 1599.5 ], [ 1909.8, 1599.6 ], [ 1910.0, 1598.4 ], [ 1908.5, 1595.0 ] ] } },
{ "type": "Feature", "properties": { "scalerank": 6, "featurecla": "Coastline" }, "geometry": { "type": "LineString", "coordinates": [ [ 1922.6, 1582.3 ], [ 1923.5, 1581.7 ], [ 1924.0, 1581.0 ], [ 1923.9, 1580.0 ], [ 1923.1, 1579.0 ], [ 1921.9, 1578.8 ], [ 1918.7, 1582.8 ], [ 1916.4, 1583.4 ], [ 1916.2, 1584.4 ], [ 1924.0, 1586.8 ], [ 1924.2, 1585.6 ], [ 1923.6, 1585.0 ], [ 1922.9, 1583.8 ], [ 1922.4, 1583.2 ], [ 1922.6, 1582.3 ] ] } },
{ "type": "Feature", "properties": { "scalerank": 6, "featurecla": "Coastline" }, "geometry": { "type": "LineString", "coordinates": [ [ 2115.6, 1514.5 ], [ 2114.7, 1513.5 ], [ 2113.8, 1512.9 ], [ 2102.4, 1507.2 ], [ 2101.2, 1507.4 ], [ 2100.4, 1508.3 ], [ 2098.6, 1512.3 ], [ 2099.3, 1514.3 ], [ 2100.3, 1516.6 ], [ 2101.8, 1518.5 ], [ 2103.6, 1519.5 ], [ 2114.7, 1521.8 ], [ 2117.2, 1521.1 ], [ 2118.0, 1519.3 ], [ 2117.3, 1517.0 ], [ 2115.6, 1514.5 ] ] } },
{ "type": "Feature", "properties": { "scalerank": 6, "featurecla": "Coastline" }, "geometry": { "type": "LineString", "coordinates": [ [ 1577.3, 1461.8 ], [ 1577.3, 1461.1 ], [ 1577.1, 1459.9 ], [ 1576.5, 1460.1 ], [ 1575.8, 1462.0 ], [ 1575.5, 1464.1 ], [ 1576.1, 1465.3 ], [ 1576.9, 1464.7 ], [ 1577.2, 1462.8 ], [ 1577.3, 1461.8 ] ] } },
{ "type": "Feature", "properties": { "scalerank": 5, "featurecla": "Coastline" }, "geometry": { "type": "LineString", "coordinates": [ [ 1694.8, 1148.8 ], [ 1694.5, 1148.6 ], [ 1693.5, 1147.6 ], [ 1692.9, 1147.3 ], [ 1692.3, 1147.5 ], [ 1691.2, 1148.8 ], [ 1690.6, 1149.1 ], [ 1689.5, 1149.0 ], [ 1687.3, 1149.2 ], [ 1686.1, 1149.1 ], [ 1685.0, 1148.6 ], [ 1684.8, 1147.7 ], [ 1684.9, 1146.4 ], [ 1684.7, 1144.5 ], [ 1683.6, 1142.5 ], [ 1683.6, 1142.2 ], [ 1683.4, 1141.7 ], [ 1683.6, 1140.8 ], [ 1683.9, 1139.8 ], [ 1683.9, 1139.0 ], [ 1683.5, 1138.8 ], [ 1682.3, 1137.8 ], [ 1681.4, 1136.7 ], [ 1681.5, 1136.3 ], [ 1681.4, 1135.5 ], [ 1681.5, 1133.6 ], [ 1681.5, 1131.7 ], [ 1680.7, 1130.7 ], [ 1677.7, 1128.0 ], [ 1676.0, 1127.6 ], [ 1670.0, 1125.3 ], [ 1668.8, 1125.1 ], [ 1656.4, 1126.7 ], [ 1654.6, 1127.6 ], [ 1655.0, 1130.0 ], [ 1654.8, 1132.3 ], [ 1653.3, 1137.2 ], [ 1652.7, 1140.5 ], [ 1652.0, 1142.8 ], [ 1651.2, 1144.3 ], [ 1650.9, 1145.4 ], [ 1652.1, 1147.8 ], [ 1653.9, 1154.3 ], [ 1655.4, 1156.5 ], [ 1655.5, 1157.7 ], [ 1655.4, 1158.8 ], [ 1655.2, 1159.3 ], [ 1655.2, 1159.7 ], [ 1654.8, 1160.9 ], [ 1654.8, 1161.3 ], [ 1655.1, 1161.5 ], [ 1655.8, 1161.4 ], [ 1656.1, 1161.6 ], [ 1658.5, 1164.8 ], [ 1658.5, 1165.3 ], [ 1660.0, 1165.1 ], [ 1662.6, 1162.5 ], [ 1664.1, 1162.1 ], [ 1664.9, 1163.0 ], [ 1664.1, 1164.3 ], [ 1662.8, 1165.5 ], [ 1662.0, 1166.0 ], [ 1661.6, 1166.6 ], [ 1661.2, 1167.8 ], [ 1660.9, 1169.2 ], [ 1660.8, 1170.1 ], [ 1661.4, 1170.5 ], [ 1662.1, 1170.3 ], [ 1662.8, 1169.9 ], [ 1662.9, 1169.5 ], [ 1665.0, 1171.1 ], [ 1666.1, 1171.5 ], [ 1667.1, 1171.4 ], [ 1673.6, 1169.1 ], [ 1675.4, 1167.5 ], [ 1679.1, 1165.8 ], [ 1679.4, 1166.1 ], [ 1679.7, 1166.0 ], [ 1680.1, 1164.8 ], [ 1680.3, 1163.7 ], [ 1680.5, 1163.1 ], [ 1680.7, 1162.7 ], [ 1681.1, 1162.3 ], [ 1683.3, 1160.7 ], [ 1685.8, 1159.4 ], [ 1688.3, 1158.7 ], [ 1690.6, 1158.7 ], [ 1693.1, 1157.9 ], [ 1697.4, 1152.5 ], [ 1699.7, 1150.8 ], [ 1698.7, 1149.8 ], [ 1697.5, 1149.2 ], [ 1694.8, 1148.8 ] ] } },
{ "type": "Feature", "properties": { "scalerank": 6, "featurecla": "Coastline" }, "geometry": { "type": "LineString", "coordinates": [ [ 1650.3, 1145.8 ], [ 1650.3, 1143.7 ], [ 1649.9, 1141.7 ], [ 1649.0, 1139.8 ], [ 1647.9, 1138.2 ], [ 1647.3, 1137.5 ], [ 1645.7, 1137.3 ], [ 1644.7, 1137.1 ], [ 1643.7, 1136.2 ], [ 1640.9, 1137.9 ], [ 1640.7, 1138.9 ], [ 1641.7, 1142.0 ], [ 1642.2, 1142.4 ], [ 1644.8, 1142.7 ], [ 1645.6, 1143.1 ], [ 1646.3, 1144.4 ], [ 1647.4, 1148.2 ], [ 1648.9, 1150.3 ], [ 1649.7, 1150.8 ], [ 1650.6, 1150.6 ], [ 1651.4, 1149.1 ], [ 1651.1, 1147.8 ], [ 1650.5, 1146.7 ], [ 1650.3, 1145.8 ] ] } },
{ "type": "Feature", "properties": { "scalerank": 0, "featurecla": "Coastline" }, "geometry": { "type": "LineString", "coordinates": [ [ 1519.8, 1082.2 ], [ 1518.9, 1083.3 ], [ 1517.2, 1085.8 ], [ 1516.1, 1086.8 ], [ 1515.8, 1085.1 ], [ 1514.3, 1084.5 ], [ 1512.3, 1084.7 ], [ 1510.6, 1085.5 ], [ 1515.7, 1089.6 ], [ 1515.8, 1091.4 ], [ 1515.7, 1093.2 ], [ 1516.3, 1094.5 ], [ 1515.9, 1094.9 ], [ 1515.0, 1095.9 ], [ 1514.6, 1096.3 ], [ 1515.9, 1097.4 ], [ 1519.5, 1098.5 ], [ 1520.9, 1099.9 ], [ 1519.3, 1102.4 ], [ 1518.2, 1102.2 ], [ 1517.2, 1100.9 ], [ 1516.1, 1099.9 ], [ 1515.8, 1099.5 ], [ 1515.0, 1097.8 ], [ 1514.7, 1097.3 ], [ 1513.8, 1097.3 ], [ 1512.1, 1097.7 ], [ 1511.4, 1097.8 ], [ 1505.2, 1100.7 ], [ 1504.6, 1102.3 ], [ 1504.9, 1103.7 ], [ 1506.5, 1106.4 ], [ 1507.6, 1109.5 ], [ 1508.6, 1110.8 ], [ 1511.0, 1112.0 ], [ 1511.7, 1113.0 ], [ 1512.4, 1113.3 ], [ 1513.3, 1114.1 ], [ 1513.1, 1115.3 ], [ 1512.3, 1116.5 ], [ 1511.9, 1117.0 ], [ 1511.0, 1120.3 ], [ 1510.7, 1122.4 ], [ 1510.7, 1124.8 ], [ 1511.3, 1126.6 ], [ 1511.3, 1126.7 ], [ 1512.0, 1128.2 ], [ 1512.2, 1130.0 ], [ 1510.9, 1132.6 ], [ 1511.7, 1134.6 ], [ 1513.4, 1141.9 ], [ 1513.1, 1142.4 ], [ 1513.0, 1142.5 ], [ 1512.9, 1142.5 ], [ 1512.5, 1142.7 ], [ 1512.4, 1145.3 ], [ 1511.4, 1148.9 ], [ 1510.1, 1152.4 ], [ 1508.9, 1154.5 ], [ 1507.9, 1156.9 ], [ 1508.6, 1159.5 ], [ 1511.4, 1164.7 ], [ 1511.4, 1165.9 ], [ 1510.2, 1166.2 ], [ 1509.5, 1166.7 ], [ 1508.0, 1169.4 ], [ 1507.4, 1169.9 ], [ 1506.1, 1170.8 ], [ 1501.4, 1177.3 ], [ 1501.8, 1178.6 ], [ 1497.1, 1181.4 ], [ 1495.7, 1182.6 ], [ 1494.2, 1184.6 ], [ 1490.4, 1191.3 ], [ 1490.2, 1194.8 ], [ 1489.7, 1195.4 ], [ 1487.3, 1198.8 ], [ 1481.2, 1205.5 ], [ 1480.1, 1208.2 ], [ 1479.7, 1210.5 ], [ 1479.7, 1215.1 ], [ 1479.4, 1217.4 ], [ 1477.7, 1223.8 ], [ 1475.8, 1226.2 ], [ 1468.2, 1234.2 ], [ 1466.0, 1235.9 ], [ 1464.3, 1236.4 ], [ 1462.4, 1238.1 ], [ 1459.4, 1241.5 ], [ 1458.0, 1243.6 ], [ 1457.3, 1246.4 ], [ 1456.9, 1249.1 ], [ 1456.3, 1251.1 ], [ 1455.9, 1249.8 ], [ 1455.3, 1248.9 ], [ 1454.6, 1248.4 ], [ 1449.1, 1247.6 ], [ 1447.4, 1246.5 ], [ 1448.5, 1243.9 ], [ 1447.6, 1244.0 ], [ 1446.7, 1244.3 ], [ 1445.8, 1244.7 ], [ 1445.0, 1245.3 ], [ 1444.8, 1246.2 ], [ 1446.0, 1247.1 ], [ 1447.0, 1248.5 ], [ 1447.7, 1250.4 ], [ 1447.9, 1252.6 ], [ 1447.0, 1254.0 ], [ 1449.7, 1255.4 ], [ 1450.3, 1256.8 ], [ 1450.4, 1258.5 ], [ 1451.8, 1257.4 ], [ 1454.9, 1254.2 ], [ 1454.7, 1255.1 ], [ 1452.4, 1257.9 ], [ 1453.4, 1261.8 ], [ 1457.1, 1267.8 ], [ 1452.9, 1273.7 ], [ 1451.4, 1275.1 ], [ 1450.2, 1275.9 ], [ 1449.5, 1276.0 ], [ 1448.6, 1275.6 ], [ 1447.7, 1274.4 ], [ 1448.0, 1273.7 ], [ 1448.9, 1273.1 ], [ 1450.1, 1271.5 ], [ 1450.2, 1270.8 ], [ 1449.1, 1270.4 ], [ 1448.5, 1270.5 ], [ 1447.4, 1271.5 ], [ 1446.1, 1272.3 ], [ 1445.9, 1272.5 ], [ 1445.5, 1272.6 ], [ 1441.5, 1271.7 ], [ 1441.7, 1270.8 ], [ 1443.6, 1271.2 ], [ 1442.6, 1269.8 ], [ 1441.7, 1269.6 ], [ 1439.8, 1270.3 ], [ 1435.2, 1270.2 ], [ 1430.8, 1271.7 ], [ 1429.2, 1271.1 ], [ 1427.4, 1267.9 ], [ 1425.9, 1266.6 ], [ 1419.6, 1262.9 ], [ 1412.9, 1262.4 ], [ 1411.2, 1261.5 ], [ 1411.4, 1260.4 ], [ 1413.0, 1260.1 ], [ 1414.6, 1259.1 ], [ 1416.0, 1257.4 ], [ 1416.7, 1255.1 ], [ 1415.3, 1256.4 ], [ 1413.3, 1257.6 ], [ 1411.3, 1258.0 ], [ 1409.7, 1256.7 ], [ 1408.9, 1257.5 ], [ 1408.7, 1258.7 ], [ 1408.7, 1259.3 ], [ 1408.6, 1259.7 ], [ 1408.1, 1260.8 ], [ 1409.3, 1260.3 ], [ 1409.7, 1260.0 ], [ 1410.2, 1260.1 ], [ 1409.4, 1262.2 ], [ 1408.9, 1263.1 ], [ 1408.0, 1263.9 ], [ 1408.6, 1264.1 ], [ 1409.3, 1264.2 ], [ 1409.0, 1265.3 ], [ 1408.7, 1265.3 ], [ 1408.1, 1265.0 ], [ 1407.8, 1265.0 ], [ 1408.2, 1266.2 ], [ 1400.6, 1268.7 ], [ 1399.4, 1269.5 ], [ 1397.9, 1271.1 ], [ 1396.4, 1272.1 ], [ 1395.0, 1270.8 ], [ 1396.3, 1269.1 ], [ 1397.6, 1268.4 ], [ 1399.0, 1267.9 ], [ 1400.3, 1267.0 ], [ 1400.7, 1265.5 ], [ 1400.5, 1259.0 ], [ 1400.3, 1257.8 ], [ 1399.7, 1256.2 ], [ 1398.9, 1254.7 ], [ 1398.1, 1253.9 ], [ 1397.3, 1252.7 ], [ 1397.0, 1247.7 ], [ 1396.3, 1245.8 ], [ 1396.1, 1247.6 ], [ 1396.0, 1249.3 ], [ 1395.9, 1250.1 ], [ 1395.6, 1251.6 ], [ 1395.7, 1252.4 ], [ 1396.4, 1255.2 ], [ 1396.3, 1256.8 ], [ 1394.3, 1260.3 ], [ 1394.1, 1261.8 ], [ 1396.4, 1262.3 ], [ 1396.2, 1263.3 ], [ 1394.4, 1264.2 ], [ 1390.9, 1267.3 ], [ 1389.0, 1268.1 ], [ 1386.8, 1268.1 ], [ 1382.6, 1267.3 ], [ 1380.5, 1267.3 ], [ 1381.5, 1265.7 ], [ 1384.9, 1262.8 ], [ 1383.1, 1261.4 ], [ 1382.0, 1260.9 ], [ 1380.7, 1260.8 ], [ 1380.5, 1261.7 ], [ 1380.9, 1262.3 ], [ 1381.1, 1262.8 ], [ 1381.1, 1263.4 ], [ 1381.3, 1264.1 ], [ 1380.4, 1263.7 ], [ 1379.4, 1262.7 ], [ 1378.7, 1262.4 ], [ 1377.4, 1262.5 ], [ 1376.6, 1263.2 ], [ 1375.9, 1264.2 ], [ 1375.1, 1264.8 ], [ 1373.1, 1265.2 ], [ 1371.4, 1264.8 ], [ 1368.1, 1263.1 ], [ 1350.0, 1260.7 ], [ 1342.8, 1262.6 ], [ 1339.2, 1262.6 ], [ 1338.7, 1262.8 ], [ 1338.1, 1263.5 ], [ 1337.4, 1264.1 ], [ 1336.5, 1264.1 ], [ 1336.0, 1263.3 ], [ 1335.9, 1262.2 ], [ 1335.8, 1261.1 ], [ 1335.6, 1260.6 ], [ 1333.9, 1260.7 ], [ 1331.8, 1261.6 ], [ 1330.2, 1263.3 ], [ 1330.0, 1265.8 ], [ 1331.2, 1264.9 ], [ 1332.6, 1265.1 ], [ 1334.2, 1265.9 ], [ 1336.6, 1267.9 ], [ 1337.3, 1268.2 ], [ 1337.3, 1268.9 ], [ 1336.3, 1270.6 ], [ 1332.8, 1272.0 ], [ 1331.3, 1276.5 ], [ 1330.8, 1277.5 ], [ 1329.9, 1277.6 ], [ 1329.0, 1277.6 ], [ 1328.0, 1278.0 ], [ 1326.0, 1278.6 ], [ 1321.3, 1276.9 ], [ 1319.1, 1277.4 ], [ 1317.8, 1279.3 ], [ 1317.4, 1280.8 ], [ 1316.7, 1281.5 ], [ 1307.3, 1277.7 ], [ 1307.1, 1277.0 ], [ 1307.3, 1275.5 ], [ 1307.3, 1274.1 ], [ 1306.4, 1273.2 ], [ 1306.1, 1273.6 ], [ 1305.9, 1273.8 ], [ 1304.9, 1277.4 ], [ 1304.3, 1278.6 ], [ 1302.6, 1280.3 ], [ 1300.9, 1281.6 ], [ 1299.1, 1282.1 ], [ 1297.1, 1281.8 ], [ 1299.2, 1285.0 ], [ 1300.2, 1285.7 ], [ 1298.8, 1287.0 ], [ 1296.5, 1287.4 ], [ 1292.4, 1287.3 ], [ 1287.0, 1288.2 ], [ 1285.2, 1289.7 ], [ 1286.4, 1292.2 ], [ 1284.7, 1292.7 ], [ 1277.3, 1292.4 ], [ 1273.4, 1292.9 ], [ 1267.5, 1292.0 ], [ 1265.0, 1291.1 ], [ 1263.9, 1290.9 ], [ 1263.0, 1290.6 ], [ 1262.7, 1289.9 ], [ 1263.3, 1288.9 ], [ 1264.1, 1288.3 ], [ 1265.0, 1288.0 ], [ 1265.9, 1288.0 ], [ 1265.9, 1287.4 ], [ 1265.8, 1285.8 ], [ 1267.2, 1285.9 ], [ 1268.6, 1285.7 ], [ 1270.1, 1285.1 ], [ 1271.6, 1284.1 ], [ 1271.1, 1283.6 ], [ 1270.8, 1283.1 ], [ 1270.3, 1282.7 ], [ 1269.4, 1282.4 ], [ 1270.6, 1280.6 ], [ 1271.2, 1280.1 ], [ 1272.1, 1279.8 ], [ 1271.9, 1278.4 ], [ 1271.4, 1277.9 ], [ 1270.6, 1278.2 ], [ 1269.5, 1279.1 ], [ 1268.5, 1278.0 ], [ 1266.7, 1277.1 ], [ 1262.9, 1276.2 ], [ 1263.1, 1275.3 ], [ 1262.5, 1274.3 ], [ 1260.9, 1274.3 ], [ 1258.9, 1274.6 ], [ 1257.1, 1274.7 ], [ 1253.4, 1273.5 ], [ 1251.4, 1273.3 ], [ 1249.3, 1273.9 ], [ 1252.0, 1275.8 ], [ 1255.7, 1277.4 ], [ 1257.6, 1279.8 ], [ 1254.7, 1284.1 ], [ 1258.3, 1284.6 ], [ 1259.2, 1285.2 ], [ 1259.0, 1286.2 ], [ 1258.4, 1286.0 ], [ 1258.1, 1287.1 ], [ 1258.7, 1288.0 ], [ 1259.0, 1288.4 ], [ 1257.6, 1288.4 ], [ 1256.9, 1288.5 ], [ 1256.2, 1288.8 ], [ 1259.4, 1289.7 ], [ 1257.2, 1291.8 ], [ 1256.8, 1292.3 ], [ 1256.7, 1293.1 ], [ 1256.9, 1294.0 ], [ 1256.9, 1294.9 ], [ 1256.2, 1296.0 ], [ 1252.2, 1298.6 ], [ 1250.8, 1300.0 ], [ 1248.0, 1300.7 ], [ 1244.3, 1300.6 ], [ 1242.9, 1301.2 ], [ 1241.2, 1302.6 ], [ 1241.1, 1300.8 ], [ 1240.1, 1299.2 ], [ 1238.8, 1298.2 ], [ 1237.6, 1298.3 ], [ 1238.7, 1299.7 ], [ 1238.7, 1301.6 ], [ 1237.8, 1303.1 ], [ 1236.2, 1303.6 ], [ 1236.3, 1300.4 ], [ 1234.6, 1298.7 ], [ 1230.4, 1297.6 ], [ 1230.1, 1298.5 ], [ 1230.9, 1299.3 ], [ 1232.8, 1300.0 ], [ 1233.6, 1300.6 ], [ 1234.8, 1299.9 ], [ 1235.4, 1299.8 ], [ 1235.5, 1301.1 ], [ 1235.1, 1301.9 ], [ 1234.3, 1302.4 ], [ 1233.4, 1302.7 ], [ 1232.7, 1302.7 ], [ 1230.4, 1305.9 ], [ 1229.9, 1306.8 ], [ 1229.6, 1308.4 ], [ 1229.4, 1310.8 ], [ 1229.1, 1312.6 ], [ 1228.2, 1311.2 ], [ 1227.7, 1307.9 ], [ 1226.7, 1306.5 ], [ 1225.2, 1305.9 ], [ 1220.3, 1306.0 ], [ 1209.5, 1302.0 ], [ 1210.5, 1303.8 ], [ 1211.9, 1304.8 ], [ 1215.3, 1305.7 ], [ 1215.0, 1306.8 ], [ 1214.2, 1307.1 ], [ 1213.5, 1307.5 ], [ 1215.1, 1308.9 ], [ 1213.9, 1309.6 ], [ 1213.0, 1310.6 ], [ 1212.6, 1311.9 ], [ 1212.5, 1313.7 ], [ 1209.2, 1312.3 ], [ 1208.2, 1312.7 ], [ 1207.7, 1312.0 ], [ 1207.3, 1310.8 ], [ 1206.7, 1310.0 ], [ 1203.3, 1309.1 ], [ 1202.4, 1308.6 ], [ 1201.7, 1308.0 ], [ 1201.2, 1307.7 ], [ 1200.4, 1308.3 ], [ 1198.7, 1307.0 ], [ 1196.9, 1308.3 ], [ 1195.3, 1310.7 ], [ 1193.9, 1312.2 ], [ 1190.3, 1312.4 ], [ 1189.7, 1312.6 ], [ 1188.9, 1314.1 ], [ 1188.2, 1313.5 ], [ 1187.7, 1312.2 ], [ 1187.6, 1311.5 ], [ 1187.1, 1311.0 ], [ 1185.6, 1309.1 ], [ 1184.7, 1308.5 ], [ 1183.5, 1308.3 ], [ 1181.9, 1308.8 ], [ 1176.5, 1308.5 ], [ 1175.5, 1307.8 ], [ 1173.7, 1305.9 ], [ 1172.6, 1305.3 ], [ 1172.3, 1306.4 ], [ 1172.7, 1306.7 ], [ 1173.3, 1307.6 ], [ 1172.1, 1309.2 ], [ 1170.6, 1310.1 ], [ 1169.0, 1310.6 ], [ 1167.5, 1310.5 ], [ 1165.3, 1309.2 ], [ 1164.4, 1309.2 ], [ 1164.3, 1310.8 ], [ 1164.1, 1311.7 ], [ 1162.7, 1311.4 ], [ 1161.8, 1312.2 ], [ 1161.0, 1313.3 ], [ 1160.0, 1314.1 ], [ 1159.0, 1313.9 ], [ 1158.3, 1313.2 ], [ 1157.5, 1312.7 ], [ 1156.2, 1313.0 ], [ 1156.5, 1312.0 ], [ 1156.5, 1311.2 ], [ 1156.4, 1310.5 ], [ 1156.4, 1309.7 ], [ 1153.4, 1310.6 ], [ 1152.9, 1311.9 ], [ 1152.3, 1311.9 ], [ 1151.6, 1311.7 ], [ 1150.6, 1312.0 ], [ 1149.3, 1312.8 ], [ 1147.9, 1312.9 ], [ 1144.9, 1312.1 ], [ 1146.1, 1311.7 ], [ 1147.2, 1311.1 ], [ 1148.2, 1310.2 ], [ 1149.2, 1308.9 ], [ 1147.6, 1309.5 ], [ 1146.4, 1309.7 ], [ 1146.2, 1309.1 ], [ 1147.6, 1307.2 ], [ 1148.9, 1306.2 ], [ 1151.6, 1305.2 ], [ 1153.1, 1304.4 ], [ 1152.9, 1304.0 ], [ 1152.8, 1303.9 ], [ 1152.8, 1303.7 ], [ 1152.7, 1303.1 ], [ 1151.7, 1303.7 ], [ 1148.2, 1304.7 ], [ 1147.6, 1305.5 ], [ 1146.5, 1306.3 ], [ 1144.1, 1307.5 ], [ 1143.4, 1305.7 ], [ 1143.9, 1304.2 ], [ 1145.0, 1302.8 ], [ 1145.9, 1300.7 ], [ 1145.5, 1299.6 ], [ 1144.3, 1298.4 ], [ 1142.6, 1297.6 ], [ 1141.3, 1297.9 ], [ 1141.6, 1299.9 ], [ 1138.6, 1300.5 ], [ 1131.6, 1300.1 ], [ 1131.1, 1300.6 ], [ 1130.5, 1302.1 ], [ 1130.1, 1302.5 ], [ 1128.5, 1301.9 ], [ 1127.8, 1301.8 ], [ 1125.6, 1303.0 ], [ 1124.4, 1303.2 ], [ 1122.8, 1302.7 ], [ 1123.1, 1301.2 ], [ 1122.5, 1299.2 ], [ 1121.4, 1298.1 ], [ 1120.4, 1299.2 ], [ 1114.1, 1302.5 ], [ 1114.5, 1303.3 ], [ 1114.7, 1303.6 ], [ 1115.0, 1303.9 ], [ 1107.9, 1305.2 ], [ 1108.6, 1303.6 ], [ 1107.7, 1303.6 ], [ 1104.3, 1305.4 ], [ 1104.0, 1304.1 ], [ 1103.1, 1305.0 ], [ 1103.7, 1303.1 ], [ 1104.1, 1302.5 ], [ 1104.6, 1301.9 ], [ 1104.9, 1301.0 ], [ 1104.1, 1300.5 ], [ 1103.8, 1300.0 ], [ 1103.5, 1298.4 ], [ 1105.7, 1298.4 ], [ 1107.8, 1297.6 ], [ 1112.0, 1295.2 ], [ 1114.0, 1294.5 ], [ 1117.5, 1294.5 ], [ 1119.8, 1294.0 ], [ 1121.8, 1293.1 ], [ 1127.1, 1289.6 ], [ 1129.2, 1288.7 ], [ 1133.0, 1288.1 ], [ 1135.3, 1287.3 ], [ 1131.1, 1285.7 ], [ 1110.8, 1289.9 ], [ 1104.9, 1288.8 ], [ 1109.5, 1287.3 ], [ 1110.4, 1287.1 ], [ 1111.5, 1286.7 ], [ 1112.6, 1285.5 ], [ 1113.8, 1284.3 ], [ 1117.7, 1284.0 ], [ 1130.8, 1281.0 ], [ 1132.6, 1279.4 ], [ 1135.7, 1279.8 ], [ 1139.7, 1278.9 ], [ 1143.3, 1279.1 ], [ 1146.3, 1278.6 ], [ 1147.2, 1276.2 ], [ 1147.8, 1275.6 ], [ 1148.4, 1274.8 ], [ 1149.0, 1274.5 ], [ 1149.2, 1273.6 ], [ 1148.1, 1272.5 ], [ 1146.4, 1273.0 ], [ 1144.7, 1273.2 ], [ 1143.0, 1270.9 ], [ 1142.2, 1270.7 ], [ 1141.9, 1270.4 ], [ 1142.0, 1269.8 ], [ 1142.7, 1268.0 ], [ 1142.8, 1267.4 ], [ 1142.3, 1266.6 ], [ 1141.7, 1265.7 ], [ 1141.0, 1264.9 ], [ 1140.1, 1264.3 ], [ 1140.0, 1266.4 ], [ 1139.5, 1267.7 ], [ 1139.2, 1269.0 ], [ 1139.7, 1270.9 ], [ 1137.8, 1270.9 ], [ 1136.2, 1271.5 ], [ 1133.0, 1273.5 ], [ 1130.9, 1274.1 ], [ 1128.7, 1274.2 ], [ 1122.5, 1273.2 ], [ 1119.0, 1273.6 ], [ 1106.9, 1272.1 ], [ 1102.6, 1272.7 ], [ 1100.9, 1273.4 ], [ 1100.6, 1273.8 ], [ 1100.5, 1274.3 ], [ 1100.2, 1274.9 ], [ 1099.8, 1275.3 ], [ 1099.2, 1275.5 ], [ 1092.8, 1275.8 ], [ 1090.1, 1277.0 ], [ 1089.1, 1276.5 ], [ 1087.5, 1275.2 ], [ 1086.6, 1274.8 ], [ 1082.2, 1274.1 ], [ 1079.9, 1274.5 ], [ 1077.8, 1275.7 ], [ 1077.5, 1274.4 ], [ 1078.3, 1274.0 ], [ 1078.8, 1273.3 ], [ 1079.1, 1272.4 ], [ 1079.6, 1271.7 ], [ 1080.3, 1271.4 ], [ 1087.1, 1271.4 ], [ 1088.7, 1270.9 ], [ 1088.9, 1270.3 ], [ 1088.8, 1270.1 ], [ 1088.6, 1270.1 ], [ 1088.3, 1269.8 ], [ 1089.2, 1268.1 ], [ 1088.8, 1266.8 ], [ 1087.6, 1266.0 ], [ 1086.1, 1265.7 ], [ 1087.8, 1264.2 ], [ 1089.9, 1264.3 ], [ 1093.6, 1265.7 ], [ 1095.8, 1265.4 ], [ 1101.3, 1262.4 ], [ 1101.7, 1261.3 ], [ 1097.9, 1260.2 ], [ 1100.2, 1257.9 ], [ 1103.7, 1256.5 ], [ 1107.3, 1255.8 ], [ 1109.9, 1255.9 ], [ 1109.5, 1256.5 ], [ 1108.5, 1257.9 ], [ 1107.8, 1258.6 ], [ 1109.6, 1258.7 ], [ 1111.3, 1258.4 ], [ 1112.8, 1257.2 ], [ 1113.7, 1254.7 ], [ 1114.6, 1255.9 ], [ 1116.2, 1256.6 ], [ 1119.7, 1257.5 ], [ 1120.0, 1256.5 ], [ 1119.3, 1256.2 ], [ 1117.7, 1254.7 ], [ 1118.0, 1253.8 ], [ 1119.4, 1253.4 ], [ 1122.5, 1251.2 ], [ 1124.7, 1250.7 ], [ 1126.3, 1249.0 ], [ 1126.9, 1248.5 ], [ 1127.7, 1248.5 ], [ 1130.1, 1249.4 ], [ 1133.3, 1249.3 ], [ 1139.5, 1247.7 ], [ 1142.7, 1247.5 ], [ 1143.0, 1246.4 ], [ 1136.1, 1245.4 ], [ 1125.5, 1246.4 ], [ 1123.4, 1247.0 ], [ 1122.4, 1247.8 ], [ 1121.6, 1248.6 ], [ 1118.5, 1247.7 ], [ 1117.0, 1247.8 ], [ 1117.2, 1249.1 ], [ 1114.0, 1250.1 ], [ 1112.9, 1250.1 ], [ 1113.3, 1249.4 ], [ 1114.0, 1247.8 ], [ 1114.4, 1247.1 ], [ 1113.1, 1246.7 ], [ 1112.2, 1247.1 ], [ 1111.4, 1247.8 ], [ 1110.7, 1248.3 ], [ 1109.5, 1248.4 ], [ 1107.2, 1248.1 ], [ 1106.0, 1248.1 ], [ 1101.1, 1250.2 ], [ 1098.7, 1250.6 ], [ 1096.9, 1248.9 ], [ 1094.5, 1250.4 ], [ 1091.7, 1251.6 ], [ 1088.8, 1252.4 ], [ 1086.4, 1252.5 ], [ 1087.5, 1250.7 ], [ 1080.0, 1244.0 ], [ 1083.8, 1243.9 ], [ 1085.7, 1240.5 ], [ 1085.2, 1236.3 ], [ 1082.0, 1233.4 ], [ 1080.7, 1233.9 ], [ 1077.4, 1236.9 ], [ 1076.1, 1237.4 ], [ 1074.8, 1237.6 ], [ 1071.2, 1239.5 ], [ 1069.5, 1240.0 ], [ 1069.6, 1237.9 ], [ 1071.9, 1233.9 ], [ 1071.9, 1231.7 ], [ 1070.7, 1231.0 ], [ 1068.8, 1230.7 ], [ 1067.6, 1230.1 ], [ 1068.7, 1228.6 ], [ 1068.9, 1227.9 ], [ 1068.7, 1227.6 ], [ 1068.5, 1227.5 ], [ 1068.4, 1227.4 ], [ 1068.8, 1226.9 ], [ 1069.1, 1226.6 ], [ 1069.3, 1226.2 ], [ 1069.6, 1225.5 ], [ 1069.3, 1225.4 ], [ 1068.7, 1225.3 ], [ 1068.4, 1225.2 ], [ 1068.7, 1224.2 ], [ 1071.8, 1224.6 ], [ 1080.2, 1224.1 ], [ 1081.8, 1224.5 ], [ 1082.6, 1224.3 ], [ 1083.2, 1223.3 ], [ 1083.5, 1222.3 ], [ 1083.3, 1221.7 ], [ 1082.2, 1220.6 ], [ 1081.9, 1218.7 ], [ 1081.4, 1216.9 ], [ 1079.7, 1216.2 ], [ 1080.0, 1215.3 ], [ 1081.2, 1214.9 ], [ 1083.7, 1214.7 ], [ 1085.0, 1214.4 ], [ 1084.9, 1212.0 ], [ 1087.1, 1211.6 ], [ 1089.8, 1211.7 ], [ 1092.6, 1210.8 ], [ 1099.2, 1209.7 ], [ 1108.4, 1210.2 ], [ 1112.8, 1209.1 ], [ 1116.2, 1204.5 ], [ 1116.9, 1204.7 ], [ 1116.1, 1207.4 ], [ 1116.6, 1208.8 ], [ 1117.8, 1209.5 ], [ 1119.1, 1209.8 ], [ 1119.2, 1208.3 ], [ 1123.6, 1200.0 ], [ 1125.9, 1202.5 ], [ 1128.8, 1203.5 ], [ 1135.8, 1204.5 ], [ 1135.3, 1203.7 ], [ 1134.8, 1202.5 ], [ 1134.4, 1201.9 ], [ 1138.2, 1200.7 ], [ 1119.8, 1196.6 ], [ 1120.1, 1200.0 ], [ 1119.1, 1201.6 ], [ 1118.5, 1202.1 ], [ 1118.6, 1199.6 ], [ 1118.0, 1198.3 ], [ 1117.0, 1197.3 ], [ 1115.8, 1196.6 ], [ 1113.1, 1195.6 ], [ 1100.0, 1195.2 ], [ 1097.4, 1196.0 ], [ 1096.7, 1194.8 ], [ 1096.2, 1193.1 ], [ 1095.5, 1192.0 ], [ 1094.4, 1192.1 ], [ 1093.5, 1192.8 ], [ 1092.7, 1193.0 ], [ 1091.1, 1189.9 ], [ 1090.1, 1189.6 ], [ 1087.3, 1189.6 ], [ 1087.1, 1190.6 ], [ 1088.0, 1190.8 ], [ 1088.7, 1191.3 ], [ 1089.9, 1192.5 ], [ 1089.7, 1193.4 ], [ 1087.5, 1192.4 ], [ 1083.6, 1189.6 ], [ 1081.5, 1188.9 ], [ 1081.3, 1190.0 ], [ 1081.4, 1190.5 ], [ 1082.2, 1191.3 ], [ 1080.2, 1190.8 ], [ 1076.1, 1191.4 ], [ 1074.1, 1191.2 ], [ 1072.1, 1189.7 ], [ 1072.0, 1187.8 ], [ 1072.6, 1185.2 ], [ 1072.7, 1182.0 ], [ 1073.6, 1181.7 ], [ 1075.7, 1180.6 ], [ 1076.0, 1179.7 ], [ 1075.4, 1178.2 ], [ 1076.8, 1177.2 ], [ 1079.1, 1176.6 ], [ 1081.0, 1176.6 ], [ 1079.7, 1178.5 ], [ 1081.2, 1180.8 ], [ 1082.3, 1181.5 ], [ 1083.3, 1181.2 ], [ 1083.9, 1180.1 ], [ 1083.9, 1179.0 ], [ 1084.2, 1177.9 ], [ 1085.6, 1176.9 ], [ 1084.9, 1175.9 ], [ 1084.6, 1175.6 ], [ 1086.1, 1173.5 ], [ 1087.3, 1173.2 ], [ 1088.7, 1173.7 ], [ 1090.5, 1173.8 ], [ 1091.9, 1173.0 ], [ 1094.8, 1170.3 ], [ 1096.0, 1169.9 ], [ 1106.3, 1169.8 ], [ 1107.3, 1171.5 ], [ 1104.6, 1176.8 ], [ 1104.5, 1177.8 ], [ 1110.7, 1178.6 ], [ 1113.9, 1177.8 ], [ 1117.0, 1175.8 ], [ 1118.7, 1172.8 ], [ 1117.4, 1169.3 ], [ 1120.6, 1170.2 ], [ 1121.4, 1171.0 ], [ 1120.6, 1172.4 ], [ 1120.4, 1174.7 ], [ 1119.8, 1177.1 ], [ 1119.6, 1179.1 ], [ 1120.7, 1180.2 ], [ 1122.1, 1180.9 ], [ 1124.5, 1183.0 ], [ 1127.4, 1184.6 ], [ 1131.2, 1185.7 ], [ 1132.7, 1185.3 ], [ 1135.3, 1183.4 ], [ 1136.5, 1183.1 ], [ 1137.5, 1183.9 ], [ 1136.7, 1184.1 ], [ 1136.0, 1184.5 ], [ 1137.2, 1185.9 ], [ 1144.1, 1186.8 ], [ 1143.1, 1184.9 ], [ 1141.9, 1184.1 ], [ 1139.0, 1183.3 ], [ 1136.5, 1180.7 ], [ 1135.3, 1180.0 ], [ 1133.6, 1180.6 ], [ 1133.1, 1179.7 ], [ 1132.9, 1178.7 ], [ 1132.9, 1177.4 ], [ 1133.0, 1176.0 ], [ 1133.8, 1177.4 ], [ 1134.5, 1178.2 ], [ 1135.5, 1178.5 ], [ 1137.0, 1178.2 ], [ 1136.1, 1177.2 ], [ 1135.5, 1176.8 ], [ 1134.8, 1176.5 ], [ 1135.1, 1175.4 ], [ 1136.0, 1175.6 ], [ 1138.6, 1175.3 ], [ 1138.3, 1172.5 ], [ 1140.6, 1165.3 ], [ 1139.5, 1163.3 ], [ 1135.0, 1161.1 ], [ 1132.8, 1159.1 ], [ 1131.7, 1156.8 ], [ 1133.4, 1155.8 ], [ 1135.3, 1155.7 ], [ 1141.6, 1157.0 ], [ 1151.8, 1155.3 ], [ 1153.2, 1154.6 ], [ 1155.2, 1152.9 ], [ 1157.0, 1152.4 ], [ 1159.3, 1153.1 ], [ 1161.5, 1154.4 ], [ 1162.8, 1155.6 ], [ 1163.0, 1153.5 ], [ 1162.2, 1152.2 ], [ 1160.9, 1151.5 ], [ 1159.3, 1151.3 ], [ 1160.0, 1150.6 ], [ 1160.4, 1149.9 ], [ 1160.5, 1149.1 ], [ 1160.1, 1148.2 ], [ 1160.4, 1147.2 ], [ 1161.4, 1146.5 ], [ 1161.8, 1145.6 ], [ 1162.1, 1143.8 ], [ 1162.7, 1142.8 ], [ 1165.6, 1140.8 ], [ 1166.0, 1141.4 ], [ 1166.7, 1141.1 ], [ 1167.6, 1140.6 ], [ 1168.6, 1140.5 ], [ 1172.0, 1142.6 ], [ 1179.2, 1144.6 ], [ 1179.8, 1145.1 ], [ 1180.5, 1146.0 ], [ 1181.3, 1146.5 ], [ 1182.4, 1146.1 ], [ 1183.4, 1145.3 ], [ 1184.1, 1145.0 ], [ 1184.8, 1145.0 ], [ 1191.6, 1147.2 ], [ 1192.0, 1147.3 ], [ 1192.7, 1147.7 ], [ 1194.2, 1147.5 ], [ 1199.9, 1149.2 ], [ 1203.3, 1149.4 ], [ 1204.9, 1149.2 ], [ 1206.5, 1148.2 ], [ 1208.0, 1147.6 ], [ 1220.0, 1147.1 ], [ 1222.0, 1146.4 ], [ 1222.3, 1148.2 ], [ 1223.8, 1149.0 ], [ 1225.8, 1149.2 ], [ 1227.2, 1148.9 ], [ 1228.0, 1148.2 ], [ 1228.9, 1147.0 ], [ 1230.0, 1145.9 ], [ 1231.2, 1145.6 ], [ 1247.5, 1147.7 ], [ 1250.9, 1147.5 ], [ 1249.2, 1147.0 ], [ 1244.0, 1143.1 ], [ 1241.2, 1141.6 ], [ 1235.0, 1141.0 ], [ 1233.6, 1140.3 ], [ 1232.8, 1139.3 ], [ 1232.9, 1138.3 ], [ 1234.3, 1137.6 ], [ 1234.6, 1136.6 ], [ 1234.6, 1135.2 ], [ 1235.2, 1133.4 ], [ 1235.4, 1131.8 ], [ 1234.1, 1130.9 ], [ 1235.2, 1129.9 ], [ 1236.8, 1128.2 ], [ 1237.7, 1127.5 ], [ 1235.1, 1127.5 ], [ 1231.9, 1128.3 ], [ 1229.2, 1129.8 ], [ 1228.5, 1131.6 ], [ 1224.1, 1136.5 ], [ 1213.1, 1145.3 ], [ 1211.2, 1145.7 ], [ 1202.8, 1144.5 ], [ 1202.3, 1144.8 ], [ 1200.3, 1146.4 ], [ 1199.2, 1146.8 ], [ 1198.0, 1146.6 ], [ 1196.9, 1146.2 ], [ 1196.0, 1145.5 ], [ 1195.2, 1144.6 ], [ 1197.0, 1143.7 ], [ 1199.4, 1142.9 ], [ 1201.3, 1141.7 ], [ 1201.8, 1139.7 ], [ 1198.5, 1140.7 ], [ 1191.3, 1141.0 ], [ 1186.6, 1139.9 ], [ 1184.8, 1139.0 ], [ 1183.2, 1137.7 ], [ 1182.9, 1136.2 ], [ 1182.5, 1135.2 ], [ 1179.5, 1133.9 ], [ 1178.6, 1132.3 ], [ 1179.7, 1130.1 ], [ 1179.0, 1129.0 ], [ 1175.7, 1128.1 ], [ 1175.4, 1129.2 ], [ 1176.2, 1129.7 ], [ 1176.7, 1130.5 ], [ 1177.0, 1131.6 ], [ 1177.1, 1132.8 ], [ 1169.4, 1134.2 ], [ 1165.1, 1134.0 ], [ 1162.9, 1134.3 ], [ 1161.6, 1135.8 ], [ 1160.7, 1137.8 ], [ 1160.0, 1137.9 ], [ 1159.3, 1137.1 ], [ 1158.7, 1136.6 ], [ 1155.8, 1137.8 ], [ 1139.0, 1135.5 ], [ 1139.3, 1134.6 ], [ 1141.1, 1134.3 ], [ 1145.8, 1132.5 ], [ 1150.8, 1132.6 ], [ 1174.0, 1120.0 ], [ 1173.9, 1119.3 ], [ 1173.9, 1117.7 ], [ 1175.0, 1117.5 ], [ 1176.6, 1116.8 ], [ 1177.6, 1116.6 ], [ 1178.9, 1116.5 ], [ 1181.6, 1117.7 ], [ 1182.7, 1117.8 ], [ 1184.6, 1117.5 ], [ 1185.6, 1117.6 ], [ 1186.7, 1117.2 ], [ 1187.4, 1115.9 ], [ 1188.2, 1114.3 ], [ 1189.2, 1113.1 ], [ 1188.9, 1112.3 ], [ 1188.9, 1112.2 ], [ 1189.2, 1112.1 ], [ 1189.8, 1111.1 ], [ 1189.4, 1109.8 ], [ 1190.5, 1109.5 ], [ 1191.8, 1108.8 ], [ 1193.0, 1107.9 ], [ 1194.2, 1106.7 ], [ 1195.1, 1105.5 ], [ 1195.7, 1104.5 ], [ 1196.3, 1103.6 ], [ 1197.3, 1103.2 ], [ 1197.5, 1102.1 ], [ 1198.2, 1100.2 ], [ 1205.3, 1096.3 ], [ 1207.1, 1093.7 ], [ 1205.6, 1092.6 ], [ 1198.4, 1091.1 ], [ 1196.3, 1089.6 ], [ 1199.6, 1087.7 ], [ 1201.0, 1086.6 ], [ 1204.9, 1082.8 ], [ 1206.1, 1082.0 ], [ 1207.2, 1081.6 ], [ 1206.8, 1080.4 ], [ 1214.2, 1072.4 ], [ 1216.7, 1070.8 ], [ 1218.9, 1068.7 ], [ 1221.0, 1065.9 ], [ 1223.2, 1063.7 ], [ 1225.3, 1063.4 ], [ 1227.1, 1065.3 ], [ 1230.2, 1070.4 ], [ 1231.9, 1071.8 ], [ 1233.8, 1071.6 ], [ 1236.0, 1070.9 ], [ 1238.1, 1070.9 ], [ 1239.9, 1072.8 ], [ 1240.8, 1070.4 ], [ 1239.9, 1068.7 ], [ 1236.3, 1066.4 ], [ 1236.6, 1065.3 ], [ 1242.1, 1065.7 ], [ 1243.4, 1066.6 ], [ 1245.5, 1069.7 ], [ 1247.1, 1070.3 ], [ 1247.4, 1069.4 ], [ 1244.3, 1066.3 ], [ 1244.6, 1065.1 ], [ 1246.4, 1066.6 ], [ 1247.5, 1067.2 ], [ 1248.8, 1066.3 ], [ 1250.0, 1066.1 ], [ 1250.6, 1066.4 ], [ 1249.7, 1067.8 ], [ 1250.3, 1069.2 ], [ 1251.0, 1070.4 ], [ 1252.0, 1071.3 ], [ 1253.2, 1072.0 ], [ 1253.2, 1068.7 ], [ 1253.1, 1067.4 ], [ 1252.7, 1066.4 ], [ 1254.5, 1064.4 ], [ 1256.4, 1063.1 ], [ 1259.9, 1061.7 ], [ 1259.0, 1061.5 ], [ 1257.1, 1061.7 ], [ 1256.3, 1061.7 ], [ 1247.6, 1059.0 ], [ 1246.5, 1058.1 ], [ 1248.3, 1057.5 ], [ 1252.7, 1057.5 ], [ 1254.4, 1057.9 ], [ 1254.7, 1056.9 ], [ 1252.2, 1056.2 ], [ 1252.5, 1055.3 ], [ 1253.5, 1054.7 ], [ 1256.0, 1054.7 ], [ 1257.3, 1054.4 ], [ 1257.6, 1053.4 ], [ 1250.8, 1050.4 ], [ 1248.9, 1050.3 ], [ 1245.4, 1050.8 ], [ 1215.9, 1045.3 ], [ 1212.7, 1045.9 ], [ 1211.1, 1046.6 ], [ 1209.0, 1046.6 ], [ 1205.3, 1045.5 ], [ 1203.6, 1044.1 ], [ 1203.0, 1042.4 ], [ 1202.6, 1040.8 ], [ 1201.8, 1039.2 ], [ 1204.2, 1037.0 ], [ 1204.1, 1035.1 ], [ 1202.5, 1034.7 ], [ 1200.9, 1037.3 ], [ 1199.6, 1040.4 ], [ 1198.1, 1042.0 ], [ 1196.6, 1041.9 ], [ 1195.7, 1039.7 ], [ 1196.0, 1038.6 ], [ 1198.6, 1035.9 ], [ 1199.8, 1029.0 ], [ 1201.9, 1028.2 ], [ 1202.1, 1028.4 ], [ 1202.8, 1029.3 ], [ 1203.4, 1029.6 ], [ 1203.9, 1029.4 ], [ 1204.9, 1028.1 ], [ 1205.2, 1027.9 ], [ 1205.6, 1027.4 ], [ 1203.0, 1022.8 ], [ 1204.3, 1022.0 ], [ 1208.2, 1021.0 ], [ 1205.0, 1019.9 ], [ 1203.4, 1019.7 ], [ 1201.8, 1020.3 ], [ 1202.4, 1022.4 ], [ 1201.9, 1025.0 ], [ 1200.5, 1027.0 ], [ 1198.6, 1027.2 ], [ 1197.5, 1025.1 ], [ 1198.7, 1022.4 ], [ 1200.3, 1020.0 ], [ 1200.6, 1018.8 ], [ 1200.2, 1018.4 ], [ 1199.9, 1017.8 ], [ 1199.6, 1017.4 ], [ 1198.9, 1017.8 ], [ 1197.3, 1019.0 ], [ 1196.0, 1019.2 ], [ 1195.0, 1020.2 ], [ 1193.4, 1022.3 ], [ 1190.2, 1025.5 ], [ 1188.3, 1026.9 ], [ 1183.6, 1027.6 ], [ 1182.1, 1027.2 ], [ 1181.1, 1025.0 ], [ 1179.8, 1023.0 ], [ 1175.7, 1022.9 ], [ 1174.6, 1021.5 ], [ 1175.2, 1021.0 ], [ 1176.1, 1019.2 ], [ 1176.8, 1017.6 ], [ 1177.4, 1016.6 ], [ 1178.2, 1016.1 ], [ 1179.0, 1016.1 ], [ 1180.2, 1016.4 ], [ 1181.9, 1016.4 ], [ 1186.2, 1015.0 ], [ 1187.9, 1014.1 ], [ 1188.1, 1013.1 ], [ 1185.0, 1012.3 ], [ 1185.4, 1011.2 ], [ 1187.5, 1010.8 ], [ 1187.8, 1009.7 ], [ 1186.5, 1009.4 ], [ 1185.4, 1009.5 ], [ 1182.9, 1010.5 ], [ 1182.7, 1011.6 ], [ 1181.3, 1012.0 ], [ 1180.0, 1011.5 ], [ 1180.0, 1009.6 ], [ 1180.8, 1008.4 ], [ 1182.9, 1007.7 ], [ 1184.1, 1006.4 ], [ 1182.9, 1006.2 ], [ 1182.0, 1006.8 ], [ 1181.2, 1007.5 ], [ 1180.2, 1007.6 ], [ 1179.5, 1007.0 ], [ 1178.9, 1006.3 ], [ 1178.1, 1005.9 ], [ 1176.9, 1006.6 ], [ 1176.2, 1008.0 ], [ 1175.9, 1009.8 ], [ 1175.6, 1011.2 ], [ 1174.5, 1011.5 ], [ 1173.4, 1011.4 ], [ 1171.7, 1011.6 ], [ 1168.2, 1010.7 ], [ 1167.1, 1010.1 ], [ 1166.3, 1009.1 ], [ 1165.7, 1007.6 ], [ 1165.6, 1006.1 ], [ 1165.2, 1004.9 ], [ 1164.1, 1004.1 ], [ 1160.4, 1003.7 ], [ 1158.3, 1002.9 ], [ 1157.5, 1001.1 ], [ 1156.6, 1001.6 ], [ 1155.8, 1001.7 ], [ 1154.1, 1001.2 ], [ 1155.6, 999.0 ], [ 1157.0, 997.7 ], [ 1158.6, 997.2 ], [ 1160.5, 997.4 ], [ 1163.7, 999.1 ], [ 1165.1, 999.3 ], [ 1166.8, 998.2 ], [ 1167.1, 997.1 ], [ 1166.1, 996.7 ], [ 1165.4, 995.9 ], [ 1165.1, 994.7 ], [ 1165.0, 993.2 ], [ 1166.8, 994.1 ], [ 1168.7, 995.7 ], [ 1170.4, 996.5 ], [ 1171.6, 995.1 ], [ 1169.8, 994.8 ], [ 1166.7, 993.2 ], [ 1163.8, 990.8 ], [ 1162.5, 988.1 ], [ 1162.7, 987.1 ], [ 1162.7, 985.2 ], [ 1162.5, 983.2 ], [ 1161.9, 982.2 ], [ 1159.1, 982.2 ], [ 1158.0, 982.0 ], [ 1157.4, 981.0 ], [ 1160.0, 979.8 ], [ 1162.0, 980.4 ], [ 1163.9, 981.7 ], [ 1166.1, 982.5 ], [ 1166.1, 981.7 ], [ 1166.3, 979.9 ], [ 1166.3, 979.2 ], [ 1170.2, 980.4 ], [ 1173.9, 982.6 ], [ 1174.2, 983.3 ], [ 1174.9, 986.0 ], [ 1175.8, 985.8 ], [ 1177.6, 984.3 ], [ 1178.7, 983.9 ], [ 1174.4, 978.8 ], [ 1173.6, 976.6 ], [ 1177.2, 976.8 ], [ 1183.8, 979.4 ], [ 1186.5, 979.5 ], [ 1190.1, 978.4 ], [ 1191.3, 978.6 ], [ 1192.1, 979.3 ], [ 1193.6, 981.1 ], [ 1197.6, 983.1 ], [ 1204.4, 985.5 ], [ 1204.6, 984.6 ], [ 1203.3, 983.3 ], [ 1197.1, 982.1 ], [ 1193.6, 979.6 ], [ 1187.8, 973.1 ], [ 1188.4, 966.0 ], [ 1189.9, 963.0 ], [ 1191.5, 960.8 ], [ 1192.7, 958.7 ], [ 1192.7, 955.7 ], [ 1193.7, 955.3 ], [ 1197.2, 955.7 ], [ 1199.9, 955.4 ], [ 1202.0, 955.8 ], [ 1203.1, 955.7 ], [ 1204.2, 955.0 ], [ 1204.8, 955.1 ], [ 1206.2, 956.7 ], [ 1207.1, 957.5 ], [ 1224.2, 959.0 ], [ 1224.5, 957.9 ], [ 1223.2, 957.3 ], [ 1220.2, 954.5 ], [ 1220.8, 954.4 ], [ 1221.2, 954.1 ], [ 1221.7, 954.0 ], [ 1222.3, 954.0 ], [ 1222.6, 953.0 ], [ 1222.6, 951.7 ], [ 1223.9, 950.6 ], [ 1227.6, 948.9 ], [ 1226.9, 948.6 ], [ 1225.6, 947.2 ], [ 1226.4, 946.8 ], [ 1227.2, 946.0 ], [ 1227.9, 944.9 ], [ 1228.5, 943.6 ], [ 1227.9, 943.6 ], [ 1227.5, 943.6 ], [ 1227.0, 943.8 ], [ 1226.4, 944.1 ], [ 1224.2, 942.5 ], [ 1211.7, 938.9 ], [ 1201.7, 941.4 ], [ 1196.6, 941.2 ], [ 1194.6, 937.3 ], [ 1196.0, 936.7 ], [ 1197.7, 932.7 ], [ 1199.5, 932.0 ], [ 1199.6, 930.6 ], [ 1199.8, 929.9 ], [ 1200.4, 928.9 ], [ 1200.6, 928.0 ], [ 1200.0, 927.8 ], [ 1200.3, 926.8 ], [ 1204.8, 926.9 ], [ 1205.4, 927.5 ], [ 1207.0, 929.5 ], [ 1208.1, 930.1 ], [ 1208.9, 931.2 ], [ 1208.2, 934.8 ], [ 1209.0, 935.9 ], [ 1209.9, 935.6 ], [ 1210.2, 934.4 ], [ 1210.5, 932.7 ], [ 1211.4, 931.1 ], [ 1210.8, 929.9 ], [ 1210.4, 928.6 ], [ 1209.8, 927.5 ], [ 1208.7, 927.0 ], [ 1208.4, 927.9 ], [ 1208.6, 929.2 ], [ 1207.7, 928.5 ], [ 1207.4, 927.3 ], [ 1207.5, 923.3 ], [ 1207.7, 922.5 ], [ 1207.9, 921.9 ], [ 1207.7, 921.1 ], [ 1207.2, 920.8 ], [ 1205.7, 920.6 ], [ 1205.5, 920.0 ], [ 1205.5, 918.9 ], [ 1205.1, 917.9 ], [ 1204.8, 916.5 ], [ 1205.2, 914.2 ], [ 1206.2, 912.1 ], [ 1207.3, 911.7 ], [ 1208.6, 911.6 ], [ 1210.0, 910.6 ], [ 1208.9, 909.7 ], [ 1209.2, 908.8 ], [ 1210.2, 908.1 ], [ 1211.5, 907.8 ], [ 1211.1, 906.6 ], [ 1214.2, 905.1 ], [ 1213.6, 904.2 ], [ 1212.6, 903.8 ], [ 1210.1, 904.0 ], [ 1209.9, 905.3 ], [ 1209.7, 905.8 ], [ 1209.2, 905.9 ], [ 1208.2, 905.8 ], [ 1207.9, 906.8 ], [ 1208.5, 906.9 ], [ 1205.1, 909.4 ], [ 1202.5, 909.2 ], [ 1200.8, 906.8 ], [ 1200.2, 902.4 ], [ 1201.9, 902.9 ], [ 1206.1, 902.9 ], [ 1208.0, 902.4 ], [ 1205.9, 899.6 ], [ 1205.2, 897.9 ], [ 1205.3, 896.0 ], [ 1205.7, 896.5 ], [ 1206.8, 897.2 ], [ 1207.3, 897.7 ], [ 1206.7, 895.7 ], [ 1204.7, 891.4 ], [ 1205.6, 892.5 ], [ 1206.6, 892.9 ], [ 1207.6, 892.5 ], [ 1208.5, 891.4 ], [ 1205.1, 886.2 ], [ 1203.4, 884.9 ], [ 1201.6, 886.1 ], [ 1202.4, 888.0 ], [ 1201.6, 889.2 ], [ 1199.9, 889.3 ], [ 1198.4, 888.5 ], [ 1198.7, 890.2 ], [ 1199.0, 890.8 ], [ 1198.7, 891.9 ], [ 1197.5, 891.3 ], [ 1196.4, 891.3 ], [ 1194.2, 891.8 ], [ 1193.9, 892.7 ], [ 1194.9, 893.5 ], [ 1195.1, 894.5 ], [ 1194.5, 897.4 ], [ 1193.8, 897.2 ], [ 1191.8, 897.7 ], [ 1192.7, 898.9 ], [ 1193.4, 900.6 ], [ 1193.2, 901.9 ], [ 1191.5, 902.1 ], [ 1189.9, 901.5 ], [ 1188.8, 900.5 ], [ 1188.5, 898.8 ], [ 1189.2, 895.9 ], [ 1190.2, 894.2 ], [ 1193.4, 890.6 ], [ 1194.3, 889.0 ], [ 1195.4, 886.4 ], [ 1196.5, 885.3 ], [ 1197.7, 884.6 ], [ 1199.3, 883.1 ], [ 1196.6, 882.2 ], [ 1195.7, 881.4 ], [ 1195.1, 879.8 ], [ 1196.7, 880.2 ], [ 1197.9, 879.1 ], [ 1198.9, 877.3 ], [ 1200.1, 875.7 ], [ 1201.3, 875.1 ], [ 1205.8, 873.9 ], [ 1206.4, 873.4 ], [ 1206.8, 872.7 ], [ 1207.3, 872.2 ], [ 1208.2, 872.4 ], [ 1208.6, 873.0 ], [ 1208.5, 874.0 ], [ 1208.3, 875.0 ], [ 1208.4, 875.8 ], [ 1209.3, 877.0 ], [ 1210.6, 878.2 ], [ 1212.0, 878.9 ], [ 1213.5, 878.3 ], [ 1213.8, 879.7 ], [ 1214.3, 880.5 ], [ 1215.1, 880.8 ], [ 1216.2, 880.3 ], [ 1216.2, 880.8 ], [ 1216.1, 881.0 ], [ 1216.1, 881.2 ], [ 1216.5, 881.4 ], [ 1213.5, 884.6 ], [ 1211.0, 885.7 ], [ 1208.9, 884.8 ], [ 1207.3, 882.1 ], [ 1205.9, 884.8 ], [ 1207.0, 886.1 ], [ 1209.0, 886.9 ], [ 1210.4, 888.0 ], [ 1211.5, 889.5 ], [ 1213.0, 888.7 ], [ 1214.7, 887.4 ], [ 1216.2, 886.9 ], [ 1215.5, 884.8 ], [ 1216.8, 882.5 ], [ 1218.8, 880.8 ], [ 1220.3, 880.3 ], [ 1222.1, 881.4 ], [ 1224.5, 884.5 ], [ 1226.3, 885.4 ], [ 1226.1, 883.9 ], [ 1225.7, 882.9 ], [ 1224.2, 881.4 ], [ 1224.5, 880.3 ], [ 1225.5, 880.2 ], [ 1226.3, 880.4 ], [ 1228.1, 881.4 ], [ 1226.7, 879.9 ], [ 1222.5, 877.6 ], [ 1222.0, 875.8 ], [ 1222.1, 873.5 ], [ 1222.6, 872.5 ], [ 1228.0, 872.5 ], [ 1229.7, 873.5 ], [ 1232.4, 876.5 ], [ 1234.0, 877.5 ], [ 1248.5, 882.8 ], [ 1249.5, 882.9 ], [ 1251.4, 882.6 ], [ 1252.4, 882.7 ], [ 1253.1, 883.1 ], [ 1253.9, 884.8 ], [ 1254.4, 885.5 ], [ 1261.1, 888.4 ], [ 1262.0, 888.4 ], [ 1263.2, 888.1 ], [ 1264.4, 887.5 ], [ 1265.3, 886.9 ], [ 1266.3, 886.4 ], [ 1267.3, 886.9 ], [ 1270.7, 889.8 ], [ 1271.4, 890.2 ], [ 1271.9, 891.0 ], [ 1271.8, 894.0 ], [ 1272.1, 894.7 ], [ 1273.7, 894.9 ], [ 1274.7, 894.8 ], [ 1275.0, 894.4 ], [ 1275.2, 895.8 ], [ 1275.0, 897.0 ], [ 1274.5, 898.0 ], [ 1273.8, 898.6 ], [ 1273.5, 899.6 ], [ 1275.2, 901.1 ], [ 1274.9, 902.2 ], [ 1272.9, 903.0 ], [ 1272.9, 904.5 ], [ 1276.0, 909.5 ], [ 1276.7, 911.5 ], [ 1276.7, 914.0 ], [ 1275.9, 916.9 ], [ 1276.5, 917.1 ], [ 1277.3, 914.4 ], [ 1278.3, 912.2 ], [ 1279.0, 910.1 ], [ 1279.0, 907.8 ], [ 1281.2, 907.5 ], [ 1283.7, 906.0 ], [ 1286.0, 903.4 ], [ 1287.7, 899.6 ], [ 1289.7, 897.5 ], [ 1292.7, 897.9 ], [ 1297.7, 900.6 ], [ 1298.3, 900.6 ], [ 1298.9, 900.2 ], [ 1299.5, 900.1 ], [ 1300.2, 901.2 ], [ 1301.5, 902.6 ], [ 1302.7, 903.4 ], [ 1304.3, 905.4 ], [ 1305.5, 906.0 ], [ 1309.8, 907.2 ], [ 1311.9, 907.1 ], [ 1314.1, 906.1 ], [ 1316.0, 908.7 ], [ 1321.6, 909.0 ], [ 1323.7, 910.9 ], [ 1323.8, 912.4 ], [ 1323.6, 914.2 ], [ 1323.8, 915.9 ], [ 1326.0, 917.5 ], [ 1326.7, 918.8 ], [ 1327.8, 922.1 ], [ 1329.2, 921.4 ], [ 1330.6, 921.5 ], [ 1333.4, 922.4 ], [ 1333.7, 921.4 ], [ 1332.6, 920.4 ], [ 1331.2, 919.5 ], [ 1330.0, 918.3 ], [ 1329.9, 916.4 ], [ 1329.7, 915.1 ], [ 1328.6, 913.9 ], [ 1327.1, 913.0 ], [ 1325.8, 912.7 ], [ 1326.1, 911.5 ], [ 1326.9, 911.0 ], [ 1328.3, 909.5 ], [ 1329.3, 909.1 ], [ 1330.9, 910.5 ], [ 1332.0, 911.2 ], [ 1332.8, 910.6 ], [ 1333.9, 910.2 ], [ 1339.8, 913.0 ], [ 1338.9, 910.8 ], [ 1337.6, 909.1 ], [ 1336.2, 907.9 ], [ 1334.6, 907.2 ], [ 1332.8, 906.9 ], [ 1332.2, 906.3 ], [ 1332.3, 905.0 ], [ 1333.2, 903.6 ], [ 1334.2, 904.3 ], [ 1335.7, 906.5 ], [ 1337.8, 905.9 ], [ 1337.5, 904.3 ], [ 1336.0, 902.6 ], [ 1334.2, 901.6 ], [ 1325.6, 899.3 ], [ 1325.2, 898.7 ], [ 1325.5, 897.1 ], [ 1326.2, 896.1 ], [ 1327.4, 895.3 ], [ 1328.6, 894.9 ], [ 1331.3, 894.8 ], [ 1343.3, 890.3 ], [ 1344.9, 890.2 ], [ 1345.5, 889.8 ], [ 1346.1, 888.7 ], [ 1347.0, 885.7 ], [ 1348.0, 883.2 ], [ 1348.5, 883.9 ], [ 1348.7, 885.7 ], [ 1348.7, 886.7 ], [ 1349.0, 886.9 ], [ 1349.1, 887.0 ], [ 1348.9, 887.9 ], [ 1352.0, 886.7 ], [ 1354.9, 886.1 ], [ 1355.1, 886.1 ], [ 1362.6, 886.6 ], [ 1363.7, 886.6 ], [ 1368.4, 884.9 ], [ 1371.3, 885.0 ], [ 1371.6, 883.9 ], [ 1368.8, 883.0 ], [ 1367.7, 882.1 ], [ 1366.9, 880.3 ], [ 1372.7, 877.6 ], [ 1373.2, 874.6 ], [ 1378.2, 871.9 ], [ 1379.0, 868.1 ], [ 1379.7, 869.0 ], [ 1380.2, 869.8 ], [ 1380.7, 870.5 ], [ 1381.7, 871.0 ], [ 1384.0, 866.4 ], [ 1384.8, 865.2 ], [ 1384.6, 864.8 ], [ 1384.5, 864.8 ], [ 1384.5, 864.7 ], [ 1384.4, 864.1 ], [ 1382.3, 865.3 ], [ 1380.4, 865.8 ], [ 1374.2, 865.3 ], [ 1370.4, 867.0 ], [ 1368.3, 867.5 ], [ 1368.6, 866.6 ], [ 1369.8, 865.5 ], [ 1370.3, 864.2 ], [ 1370.0, 863.0 ], [ 1368.8, 862.2 ], [ 1367.4, 862.5 ], [ 1364.4, 864.8 ], [ 1361.9, 865.4 ], [ 1356.6, 868.9 ], [ 1355.2, 869.6 ], [ 1353.8, 870.0 ], [ 1352.4, 870.0 ], [ 1352.7, 869.0 ], [ 1355.5, 867.0 ], [ 1357.1, 866.3 ], [ 1358.8, 866.3 ], [ 1360.3, 865.4 ], [ 1360.6, 863.2 ], [ 1359.9, 861.6 ], [ 1358.2, 862.7 ], [ 1357.6, 862.5 ], [ 1358.8, 859.3 ], [ 1357.7, 859.0 ], [ 1355.7, 860.7 ], [ 1354.2, 863.3 ], [ 1353.5, 864.1 ], [ 1352.8, 863.1 ], [ 1352.3, 861.7 ], [ 1352.2, 860.5 ], [ 1352.5, 859.9 ], [ 1352.6, 859.3 ], [ 1351.9, 858.8 ], [ 1351.3, 858.8 ], [ 1350.2, 859.2 ], [ 1349.6, 859.3 ], [ 1347.5, 858.9 ], [ 1346.4, 859.0 ], [ 1344.9, 860.9 ], [ 1343.9, 860.3 ], [ 1342.5, 858.5 ], [ 1336.0, 856.8 ], [ 1334.7, 855.4 ], [ 1335.8, 854.1 ], [ 1335.2, 853.1 ], [ 1328.8, 848.4 ], [ 1327.3, 848.0 ], [ 1327.8, 847.5 ], [ 1328.1, 847.0 ], [ 1328.5, 846.6 ], [ 1329.1, 846.2 ], [ 1329.3, 845.2 ], [ 1328.4, 844.2 ], [ 1328.1, 843.0 ], [ 1328.6, 842.1 ], [ 1329.9, 842.0 ], [ 1331.2, 842.2 ], [ 1332.3, 841.9 ], [ 1333.3, 841.0 ], [ 1334.0, 839.3 ], [ 1335.3, 838.4 ], [ 1342.7, 835.5 ], [ 1345.1, 835.2 ], [ 1353.7, 837.7 ], [ 1357.8, 840.5 ], [ 1360.1, 841.1 ], [ 1360.4, 840.2 ], [ 1354.7, 837.1 ], [ 1353.6, 835.0 ], [ 1355.1, 834.7 ], [ 1359.0, 835.5 ], [ 1359.9, 836.2 ], [ 1360.5, 838.3 ], [ 1361.4, 840.4 ], [ 1362.7, 841.7 ], [ 1364.5, 841.3 ], [ 1361.2, 835.5 ], [ 1358.3, 833.4 ], [ 1355.8, 830.3 ], [ 1353.8, 829.6 ], [ 1354.6, 828.2 ], [ 1355.3, 828.0 ], [ 1356.1, 828.3 ], [ 1357.3, 828.3 ], [ 1358.3, 827.8 ], [ 1359.8, 826.6 ], [ 1361.0, 826.0 ], [ 1362.2, 828.2 ], [ 1364.1, 828.8 ], [ 1368.3, 829.1 ], [ 1372.6, 832.3 ], [ 1374.4, 832.8 ], [ 1374.7, 831.8 ], [ 1373.2, 831.1 ], [ 1371.5, 829.8 ], [ 1370.6, 827.9 ], [ 1371.3, 825.4 ], [ 1372.8, 824.4 ], [ 1376.1, 825.9 ], [ 1377.4, 825.9 ], [ 1376.5, 824.6 ], [ 1376.3, 821.7 ], [ 1375.3, 820.9 ], [ 1373.7, 820.3 ], [ 1373.3, 820.3 ], [ 1372.7, 820.9 ], [ 1372.3, 821.9 ], [ 1372.0, 822.9 ], [ 1371.8, 823.3 ], [ 1369.4, 822.6 ], [ 1368.0, 819.9 ], [ 1367.3, 816.4 ], [ 1366.9, 813.3 ], [ 1368.3, 812.7 ], [ 1369.0, 813.4 ], [ 1369.5, 814.5 ], [ 1370.5, 815.2 ], [ 1371.8, 815.4 ], [ 1373.0, 815.2 ], [ 1375.5, 814.3 ], [ 1373.3, 812.6 ], [ 1371.9, 810.2 ], [ 1369.7, 805.2 ], [ 1370.0, 804.1 ], [ 1370.9, 803.6 ], [ 1371.9, 803.5 ], [ 1372.8, 803.9 ], [ 1373.6, 805.0 ], [ 1374.8, 803.8 ], [ 1375.2, 803.3 ], [ 1374.7, 803.1 ], [ 1375.7, 801.1 ], [ 1376.5, 800.9 ], [ 1377.3, 801.3 ], [ 1378.4, 800.9 ], [ 1381.0, 797.7 ], [ 1381.8, 797.3 ], [ 1382.4, 798.4 ], [ 1381.7, 802.0 ], [ 1382.3, 802.9 ], [ 1383.0, 802.4 ], [ 1384.2, 799.8 ], [ 1385.2, 799.2 ], [ 1385.4, 794.5 ], [ 1385.7, 791.8 ], [ 1386.4, 790.7 ], [ 1387.7, 790.0 ], [ 1390.3, 785.7 ], [ 1391.5, 784.4 ], [ 1392.9, 784.6 ], [ 1397.1, 788.0 ], [ 1398.8, 788.1 ], [ 1401.8, 787.4 ], [ 1403.3, 787.4 ], [ 1402.4, 788.6 ], [ 1401.5, 789.4 ], [ 1400.8, 790.3 ], [ 1400.3, 791.7 ], [ 1400.5, 792.5 ], [ 1401.8, 791.9 ], [ 1405.3, 788.9 ], [ 1411.3, 786.9 ], [ 1413.1, 786.7 ], [ 1414.6, 785.8 ], [ 1416.1, 783.6 ], [ 1417.7, 781.7 ], [ 1419.7, 781.8 ], [ 1421.5, 784.2 ], [ 1420.4, 785.6 ], [ 1415.8, 787.4 ], [ 1415.5, 788.4 ], [ 1419.6, 787.4 ], [ 1420.1, 787.9 ], [ 1420.4, 788.8 ], [ 1421.8, 789.0 ], [ 1423.3, 788.7 ], [ 1424.2, 788.4 ], [ 1424.8, 790.8 ], [ 1424.6, 791.7 ], [ 1423.8, 793.4 ], [ 1424.6, 793.3 ], [ 1426.1, 792.6 ], [ 1427.6, 792.5 ], [ 1426.8, 793.9 ], [ 1425.8, 794.7 ], [ 1424.8, 795.0 ], [ 1423.8, 794.9 ], [ 1423.5, 795.9 ], [ 1425.1, 796.3 ], [ 1426.0, 796.8 ], [ 1426.8, 796.9 ], [ 1427.9, 796.0 ], [ 1429.6, 793.5 ], [ 1429.8, 791.8 ], [ 1428.6, 788.5 ], [ 1428.9, 785.3 ], [ 1430.7, 783.8 ], [ 1433.4, 782.6 ], [ 1436.2, 780.6 ], [ 1436.3, 781.4 ], [ 1436.4, 781.4 ], [ 1436.6, 781.8 ], [ 1432.8, 788.4 ], [ 1432.4, 789.4 ], [ 1432.5, 789.8 ], [ 1432.6, 790.4 ], [ 1432.9, 791.2 ], [ 1433.3, 791.9 ], [ 1434.1, 792.1 ], [ 1435.2, 791.3 ], [ 1436.0, 791.4 ], [ 1437.0, 792.2 ], [ 1438.5, 793.9 ], [ 1439.7, 795.8 ], [ 1440.1, 797.4 ], [ 1440.1, 798.0 ], [ 1440.3, 800.2 ], [ 1440.3, 801.3 ], [ 1440.0, 802.4 ], [ 1438.9, 805.0 ], [ 1438.4, 806.3 ], [ 1439.4, 805.1 ], [ 1441.8, 801.5 ], [ 1442.6, 800.8 ], [ 1443.2, 799.8 ], [ 1443.2, 797.3 ], [ 1443.0, 794.7 ], [ 1442.9, 793.7 ], [ 1443.1, 792.2 ], [ 1443.2, 790.1 ], [ 1442.9, 788.3 ], [ 1442.0, 787.5 ], [ 1441.0, 788.4 ], [ 1440.6, 790.6 ], [ 1440.6, 793.1 ], [ 1440.7, 794.8 ], [ 1439.6, 794.3 ], [ 1439.0, 793.2 ], [ 1438.6, 792.0 ], [ 1438.0, 790.9 ], [ 1435.7, 789.5 ], [ 1434.9, 788.2 ], [ 1435.7, 786.4 ], [ 1439.3, 782.2 ], [ 1439.5, 781.4 ], [ 1442.4, 782.7 ], [ 1443.9, 782.5 ], [ 1447.6, 780.6 ], [ 1448.8, 780.4 ], [ 1450.1, 781.4 ], [ 1450.6, 783.1 ], [ 1450.9, 784.7 ], [ 1451.5, 785.6 ], [ 1451.7, 786.8 ], [ 1450.9, 789.1 ], [ 1450.0, 791.3 ], [ 1449.5, 792.1 ], [ 1449.7, 793.6 ], [ 1450.5, 794.9 ], [ 1452.7, 796.7 ], [ 1452.2, 798.5 ], [ 1452.4, 800.7 ], [ 1453.0, 802.6 ], [ 1453.8, 803.6 ], [ 1454.7, 805.0 ], [ 1454.2, 807.5 ], [ 1453.1, 809.9 ], [ 1451.9, 810.8 ], [ 1450.6, 810.8 ], [ 1449.3, 811.5 ], [ 1447.3, 813.0 ], [ 1441.8, 814.9 ], [ 1441.5, 815.9 ], [ 1446.9, 816.2 ], [ 1448.4, 817.5 ], [ 1446.6, 820.5 ], [ 1445.3, 821.3 ], [ 1440.3, 823.4 ], [ 1436.4, 826.8 ], [ 1434.9, 827.5 ], [ 1434.6, 828.5 ], [ 1436.5, 828.4 ], [ 1438.3, 827.7 ], [ 1448.5, 821.8 ], [ 1449.5, 821.8 ], [ 1450.6, 820.3 ], [ 1452.6, 820.0 ], [ 1454.7, 820.0 ], [ 1456.3, 819.6 ], [ 1457.9, 818.1 ], [ 1459.0, 815.7 ], [ 1459.2, 813.6 ], [ 1457.8, 812.3 ], [ 1457.6, 811.5 ], [ 1458.3, 810.3 ], [ 1459.7, 808.4 ], [ 1460.6, 804.7 ], [ 1460.1, 804.3 ], [ 1458.0, 798.1 ], [ 1456.4, 795.9 ], [ 1456.0, 794.8 ], [ 1455.9, 793.7 ], [ 1456.0, 792.1 ], [ 1456.3, 790.6 ], [ 1458.7, 789.3 ], [ 1460.3, 786.9 ], [ 1461.3, 783.9 ], [ 1461.0, 781.3 ], [ 1462.4, 781.8 ], [ 1463.5, 782.7 ], [ 1464.6, 783.2 ], [ 1466.2, 782.6 ], [ 1466.1, 782.1 ], [ 1466.1, 781.7 ], [ 1466.2, 781.3 ], [ 1466.2, 780.4 ], [ 1467.5, 782.3 ], [ 1469.1, 783.9 ], [ 1471.0, 784.3 ], [ 1475.1, 781.6 ], [ 1477.0, 781.4 ], [ 1478.5, 782.7 ], [ 1479.1, 785.8 ], [ 1477.3, 785.5 ], [ 1476.7, 785.2 ], [ 1478.0, 786.8 ], [ 1479.7, 788.2 ], [ 1481.6, 788.7 ], [ 1483.6, 787.9 ], [ 1479.2, 782.2 ], [ 1477.5, 778.2 ], [ 1478.2, 774.6 ], [ 1476.3, 772.7 ], [ 1475.5, 771.5 ], [ 1475.0, 770.4 ], [ 1476.6, 769.8 ], [ 1478.0, 770.5 ], [ 1480.5, 772.9 ], [ 1485.8, 776.5 ], [ 1487.2, 777.1 ], [ 1490.0, 779.7 ], [ 1490.9, 781.0 ], [ 1493.6, 788.8 ], [ 1494.6, 790.3 ], [ 1498.3, 793.3 ], [ 1501.4, 794.7 ], [ 1504.9, 797.3 ], [ 1506.3, 799.1 ], [ 1508.4, 798.7 ], [ 1509.1, 801.3 ], [ 1508.0, 804.3 ], [ 1505.1, 805.3 ], [ 1502.6, 805.2 ], [ 1499.4, 805.7 ], [ 1496.2, 806.9 ], [ 1492.6, 809.1 ], [ 1489.4, 809.9 ], [ 1486.9, 810.1 ], [ 1485.5, 810.9 ], [ 1480.4, 815.3 ], [ 1478.5, 817.4 ], [ 1476.7, 819.9 ], [ 1476.3, 820.5 ], [ 1474.8, 823.1 ], [ 1476.2, 823.5 ], [ 1480.4, 823.3 ], [ 1481.9, 823.8 ], [ 1485.1, 826.7 ], [ 1488.0, 827.9 ], [ 1491.1, 828.2 ], [ 1492.2, 827.7 ], [ 1494.7, 825.7 ], [ 1496.2, 825.1 ], [ 1496.6, 823.1 ], [ 1498.0, 820.5 ], [ 1499.6, 818.3 ], [ 1500.8, 817.5 ], [ 1502.2, 816.2 ], [ 1504.4, 809.5 ], [ 1505.4, 807.5 ], [ 1506.8, 807.8 ], [ 1509.9, 811.2 ], [ 1511.5, 812.3 ], [ 1522.7, 814.4 ], [ 1533.6, 812.1 ], [ 1539.6, 813.0 ], [ 1541.3, 812.3 ], [ 1543.1, 810.8 ], [ 1545.1, 809.6 ], [ 1547.2, 809.1 ], [ 1549.2, 809.3 ], [ 1551.8, 811.9 ], [ 1553.7, 813.0 ], [ 1557.5, 811.6 ], [ 1559.5, 812.7 ], [ 1566.7, 819.4 ], [ 1568.0, 820.1 ], [ 1570.0, 820.2 ], [ 1573.6, 819.6 ], [ 1575.3, 819.6 ], [ 1578.6, 821.0 ], [ 1580.1, 822.2 ], [ 1580.6, 823.5 ], [ 1581.2, 824.1 ], [ 1583.5, 828.4 ], [ 1584.0, 830.2 ], [ 1581.8, 838.6 ], [ 1580.6, 841.0 ], [ 1578.6, 843.9 ], [ 1578.9, 845.5 ], [ 1580.5, 846.1 ], [ 1582.2, 846.3 ], [ 1583.3, 846.7 ], [ 1584.4, 847.6 ], [ 1585.3, 848.8 ], [ 1585.6, 850.4 ], [ 1584.8, 853.1 ], [ 1582.0, 858.3 ], [ 1581.9, 859.4 ], [ 1584.3, 860.4 ], [ 1586.4, 862.2 ], [ 1588.0, 864.6 ], [ 1589.1, 867.6 ], [ 1589.3, 868.7 ], [ 1589.3, 871.3 ], [ 1589.6, 872.5 ], [ 1590.0, 873.3 ], [ 1591.1, 874.8 ], [ 1591.6, 875.7 ], [ 1592.1, 877.1 ], [ 1592.5, 878.8 ], [ 1592.7, 880.8 ], [ 1592.5, 883.0 ], [ 1592.5, 887.4 ], [ 1594.3, 889.3 ], [ 1596.7, 890.9 ], [ 1598.0, 894.6 ], [ 1598.6, 894.7 ], [ 1597.7, 891.1 ], [ 1593.5, 883.9 ], [ 1595.5, 881.6 ], [ 1597.9, 882.9 ], [ 1600.1, 885.9 ], [ 1601.2, 888.7 ], [ 1601.1, 893.8 ], [ 1599.9, 897.9 ], [ 1597.9, 901.0 ], [ 1595.5, 902.8 ], [ 1592.6, 903.5 ], [ 1587.1, 903.9 ], [ 1584.4, 904.7 ], [ 1581.7, 906.3 ], [ 1579.5, 908.2 ], [ 1576.5, 911.6 ], [ 1574.9, 913.4 ], [ 1575.8, 914.4 ], [ 1575.9, 915.8 ], [ 1575.7, 917.1 ], [ 1575.7, 917.9 ], [ 1576.8, 918.3 ], [ 1577.6, 917.7 ], [ 1578.3, 916.8 ], [ 1579.5, 916.1 ], [ 1582.1, 913.4 ], [ 1583.2, 912.6 ], [ 1586.6, 911.8 ], [ 1590.1, 910.2 ], [ 1592.2, 909.7 ], [ 1593.5, 910.5 ], [ 1594.6, 911.9 ], [ 1596.5, 912.5 ], [ 1607.3, 913.1 ], [ 1607.7, 913.7 ], [ 1608.3, 916.1 ], [ 1609.1, 916.8 ], [ 1609.9, 917.3 ], [ 1610.0, 918.2 ], [ 1609.7, 919.5 ], [ 1609.6, 921.1 ], [ 1609.8, 926.7 ], [ 1610.4, 929.2 ], [ 1611.7, 930.4 ], [ 1612.0, 931.7 ], [ 1611.2, 937.8 ], [ 1611.1, 940.0 ], [ 1612.9, 944.9 ], [ 1613.4, 945.4 ], [ 1612.5, 946.8 ], [ 1612.4, 947.6 ], [ 1612.5, 948.3 ], [ 1612.3, 949.0 ], [ 1611.7, 949.9 ], [ 1609.4, 952.2 ], [ 1608.4, 953.9 ], [ 1608.5, 956.5 ], [ 1607.6, 959.0 ], [ 1606.5, 960.0 ], [ 1605.1, 960.7 ], [ 1604.4, 961.9 ], [ 1605.3, 963.8 ], [ 1603.8, 964.3 ], [ 1602.2, 966.1 ], [ 1601.0, 966.1 ], [ 1600.2, 964.8 ], [ 1599.8, 962.5 ], [ 1599.6, 959.3 ], [ 1598.7, 958.5 ], [ 1598.0, 957.0 ], [ 1597.8, 955.1 ], [ 1598.0, 953.4 ], [ 1599.0, 951.8 ], [ 1601.6, 949.6 ], [ 1602.5, 947.4 ], [ 1603.3, 942.6 ], [ 1603.1, 938.9 ], [ 1602.2, 936.0 ], [ 1597.4, 928.8 ], [ 1595.3, 926.9 ], [ 1592.7, 926.2 ], [ 1592.5, 927.2 ], [ 1592.8, 928.8 ], [ 1592.2, 930.3 ], [ 1591.2, 931.4 ], [ 1590.1, 932.1 ], [ 1591.4, 932.5 ], [ 1592.2, 933.3 ], [ 1592.8, 934.3 ], [ 1593.3, 934.9 ], [ 1596.5, 935.9 ], [ 1597.3, 937.0 ], [ 1595.8, 937.2 ], [ 1593.8, 937.2 ], [ 1593.1, 937.7 ], [ 1595.4, 939.8 ], [ 1594.5, 941.5 ], [ 1594.2, 943.3 ], [ 1594.4, 944.7 ], [ 1595.5, 945.4 ], [ 1595.2, 946.0 ], [ 1595.0, 946.4 ], [ 1594.3, 947.3 ], [ 1594.8, 948.4 ], [ 1590.6, 955.7 ], [ 1589.5, 957.0 ], [ 1585.8, 958.9 ], [ 1584.4, 960.3 ], [ 1588.3, 959.7 ], [ 1592.9, 958.2 ], [ 1596.9, 958.0 ], [ 1598.8, 961.3 ], [ 1598.4, 967.3 ], [ 1596.4, 971.4 ], [ 1593.3, 974.3 ], [ 1589.6, 976.8 ], [ 1589.2, 976.8 ], [ 1588.3, 976.3 ], [ 1587.8, 976.4 ], [ 1586.5, 979.3 ], [ 1585.8, 979.6 ], [ 1585.0, 979.8 ], [ 1584.3, 979.5 ], [ 1584.3, 978.2 ], [ 1583.5, 976.9 ], [ 1578.5, 975.3 ], [ 1574.6, 974.9 ], [ 1570.5, 975.4 ], [ 1568.7, 975.4 ], [ 1566.8, 975.7 ], [ 1565.9, 977.4 ], [ 1564.9, 982.6 ], [ 1564.7, 983.2 ], [ 1563.9, 986.0 ], [ 1562.6, 989.0 ], [ 1561.2, 991.9 ], [ 1559.7, 994.1 ], [ 1557.6, 995.8 ], [ 1553.5, 996.8 ], [ 1550.1, 999.2 ], [ 1545.6, 1001.2 ], [ 1544.3, 1001.5 ], [ 1540.8, 1001.0 ], [ 1539.5, 1000.4 ], [ 1538.2, 998.9 ], [ 1538.4, 998.0 ], [ 1540.4, 997.5 ], [ 1541.1, 997.5 ], [ 1534.9, 993.4 ], [ 1533.8, 993.1 ], [ 1533.4, 990.1 ], [ 1531.3, 988.6 ], [ 1528.7, 987.8 ], [ 1527.0, 986.7 ], [ 1526.2, 987.6 ], [ 1526.2, 987.6 ], [ 1530.5, 994.3 ], [ 1531.7, 995.4 ], [ 1532.2, 996.0 ], [ 1533.0, 998.4 ], [ 1533.4, 999.0 ], [ 1535.3, 999.6 ], [ 1536.0, 1000.1 ], [ 1536.5, 1000.7 ], [ 1537.6, 1003.6 ], [ 1536.9, 1005.4 ], [ 1533.2, 1008.2 ], [ 1531.5, 1008.5 ], [ 1529.5, 1007.2 ], [ 1527.7, 1005.3 ], [ 1526.8, 1004.0 ], [ 1525.4, 1004.0 ], [ 1519.9, 999.8 ], [ 1515.4, 998.1 ], [ 1515.1, 999.3 ], [ 1516.0, 1000.2 ], [ 1515.1, 1001.5 ], [ 1513.6, 1003.3 ], [ 1512.4, 1005.7 ], [ 1510.9, 1010.0 ], [ 1510.2, 1012.7 ], [ 1510.1, 1015.5 ], [ 1511.4, 1018.7 ], [ 1514.0, 1020.9 ], [ 1520.4, 1023.3 ], [ 1520.1, 1024.5 ], [ 1518.6, 1026.9 ], [ 1517.8, 1029.6 ], [ 1518.2, 1032.1 ], [ 1519.8, 1034.2 ], [ 1517.5, 1035.8 ], [ 1516.1, 1039.8 ], [ 1515.4, 1043.8 ], [ 1514.3, 1050.6 ], [ 1514.2, 1052.9 ], [ 1514.3, 1055.2 ], [ 1514.6, 1056.9 ], [ 1515.2, 1058.0 ], [ 1516.4, 1059.2 ], [ 1517.2, 1060.1 ], [ 1517.9, 1064.1 ], [ 1519.9, 1066.4 ], [ 1522.3, 1068.3 ], [ 1523.8, 1070.0 ], [ 1524.2, 1071.6 ], [ 1524.4, 1073.7 ], [ 1524.1, 1076.0 ], [ 1523.0, 1078.0 ], [ 1520.9, 1080.1 ], [ 1520.3, 1081.0 ], [ 1519.8, 1082.2 ] ] } },
{ "type": "Feature", "properties": { "scalerank": 5, "featurecla": "Coastline" }, "geometry": { "type": "LineString", "coordinates": [ [ 1654.2, 1021.7 ], [ 1655.0, 1022.2 ], [ 1654.0, 1023.8 ], [ 1653.5, 1024.6 ], [ 1653.2, 1024.0 ], [ 1652.5, 1024.1 ], [ 1652.1, 1022.9 ], [ 1652.5, 1022.2 ], [ 1654.2, 1021.7 ] ] } },
{ "type": "Feature", "properties": { "scalerank": 6, "featurecla": "Coastline" }, "geometry": { "type": "LineString", "coordinates": [ [ 1671.8, 1025.8 ], [ 1673.8, 1021.9 ], [ 1674.7, 1021.0 ], [ 1675.9, 1020.7 ], [ 1677.3, 1020.6 ], [ 1678.7, 1020.3 ], [ 1679.5, 1019.2 ], [ 1681.1, 1017.9 ], [ 1686.6, 1015.6 ], [ 1687.0, 1013.7 ], [ 1690.0, 1011.7 ], [ 1693.4, 1010.7 ], [ 1695.8, 1008.9 ], [ 1695.9, 1004.6 ], [ 1698.6, 1003.6 ], [ 1699.3, 1003.2 ], [ 1700.0, 1002.2 ], [ 1700.8, 1000.9 ], [ 1701.6, 999.8 ], [ 1702.3, 999.4 ], [ 1704.1, 997.0 ], [ 1704.7, 996.6 ], [ 1705.6, 996.2 ], [ 1705.8, 994.9 ], [ 1705.5, 993.4 ], [ 1705.2, 992.5 ], [ 1704.7, 991.9 ], [ 1703.1, 991.3 ], [ 1702.5, 990.8 ], [ 1702.2, 989.6 ], [ 1702.1, 987.0 ], [ 1701.9, 985.8 ], [ 1702.1, 983.7 ], [ 1705.1, 978.3 ], [ 1706.1, 976.2 ], [ 1704.8, 975.2 ], [ 1703.1, 975.3 ], [ 1701.3, 975.9 ], [ 1697.8, 976.1 ], [ 1692.5, 977.9 ], [ 1688.7, 980.3 ], [ 1685.8, 983.9 ], [ 1679.9, 992.7 ], [ 1678.3, 994.1 ], [ 1675.1, 996.0 ], [ 1672.8, 998.0 ], [ 1670.3, 999.0 ], [ 1668.3, 999.1 ], [ 1668.0, 999.7 ], [ 1667.9, 1000.7 ], [ 1667.2, 1002.1 ], [ 1665.9, 1004.2 ], [ 1665.2, 1006.1 ], [ 1664.2, 1010.7 ], [ 1662.8, 1013.2 ], [ 1658.9, 1016.8 ], [ 1658.4, 1019.8 ], [ 1657.7, 1019.8 ], [ 1657.3, 1020.0 ], [ 1656.9, 1020.2 ], [ 1656.4, 1020.4 ], [ 1656.2, 1021.5 ], [ 1658.2, 1022.6 ], [ 1660.2, 1021.8 ], [ 1662.4, 1020.4 ], [ 1664.5, 1019.9 ], [ 1665.7, 1020.6 ], [ 1666.9, 1023.2 ], [ 1668.1, 1024.0 ], [ 1669.3, 1023.8 ], [ 1670.5, 1023.4 ], [ 1671.4, 1023.7 ], [ 1671.8, 1025.8 ] ] } },
{ "type": "Feature", "properties": { "scalerank": 0, "featurecla": "Coastline" }, "geometry": { "type": "LineString", "coordinates": [ [ 1853.9, 696.4 ], [ 1854.7, 698.0 ], [ 1856.0, 698.9 ], [ 1859.6, 699.5 ], [ 1861.5, 699.4 ], [ 1865.5, 697.9 ], [ 1868.9, 697.7 ], [ 1887.3, 692.2 ], [ 1888.4, 691.3 ], [ 1889.4, 690.0 ], [ 1891.5, 689.2 ], [ 1893.6, 689.2 ], [ 1894.8, 690.4 ], [ 1896.0, 692.2 ], [ 1899.0, 693.0 ], [ 1899.6, 695.0 ], [ 1899.3, 698.0 ], [ 1898.1, 700.6 ], [ 1896.6, 702.7 ], [ 1894.9, 704.0 ], [ 1897.0, 704.3 ], [ 1897.2, 704.9 ], [ 1897.2, 707.0 ], [ 1897.3, 707.6 ], [ 1898.2, 708.3 ], [ 1898.9, 708.5 ], [ 1899.5, 709.0 ], [ 1899.8, 710.1 ], [ 1907.4, 712.1 ], [ 1909.1, 713.4 ], [ 1911.5, 716.6 ], [ 1912.1, 717.1 ], [ 1914.7, 720.4 ], [ 1914.5, 721.4 ], [ 1909.2, 725.0 ], [ 1907.1, 727.8 ], [ 1904.9, 728.4 ], [ 1900.6, 728.6 ], [ 1894.6, 731.3 ], [ 1892.6, 731.5 ], [ 1890.5, 730.8 ], [ 1885.9, 727.1 ], [ 1881.8, 726.3 ], [ 1879.6, 726.5 ], [ 1878.6, 727.4 ], [ 1877.6, 728.7 ], [ 1872.5, 731.1 ], [ 1866.8, 735.7 ], [ 1865.2, 736.2 ], [ 1863.4, 736.5 ], [ 1862.2, 738.0 ], [ 1860.0, 742.9 ], [ 1858.6, 745.0 ], [ 1857.2, 745.6 ], [ 1851.2, 744.8 ], [ 1849.4, 745.3 ], [ 1846.0, 746.8 ], [ 1842.3, 747.7 ], [ 1838.9, 747.6 ], [ 1835.6, 746.8 ], [ 1822.7, 740.1 ], [ 1815.1, 738.8 ], [ 1812.1, 737.0 ], [ 1809.5, 734.3 ], [ 1809.4, 734.2 ], [ 1807.0, 730.6 ], [ 1805.6, 728.0 ], [ 1804.6, 727.0 ], [ 1802.9, 726.6 ], [ 1802.7, 727.6 ], [ 1807.1, 732.1 ], [ 1807.6, 733.4 ], [ 1808.2, 734.0 ], [ 1810.1, 739.8 ], [ 1810.3, 741.0 ], [ 1811.0, 741.4 ], [ 1812.6, 741.4 ], [ 1813.2, 741.6 ], [ 1813.7, 742.5 ], [ 1813.9, 743.6 ], [ 1814.2, 744.6 ], [ 1815.2, 745.2 ], [ 1820.2, 745.0 ], [ 1822.1, 745.4 ], [ 1835.9, 752.4 ], [ 1839.9, 753.2 ], [ 1841.5, 752.7 ], [ 1842.4, 752.9 ], [ 1843.0, 754.3 ], [ 1844.2, 755.9 ], [ 1859.5, 760.0 ], [ 1860.0, 760.6 ], [ 1861.1, 763.1 ], [ 1861.5, 763.7 ], [ 1862.5, 764.1 ], [ 1868.0, 764.6 ], [ 1875.0, 762.9 ], [ 1877.3, 761.5 ], [ 1879.1, 759.4 ], [ 1880.9, 757.8 ], [ 1883.1, 757.9 ], [ 1883.0, 756.0 ], [ 1882.9, 755.3 ], [ 1882.6, 754.6 ], [ 1884.4, 753.5 ], [ 1887.5, 750.9 ], [ 1889.4, 750.4 ], [ 1903.4, 754.0 ], [ 1904.9, 755.1 ], [ 1906.7, 758.9 ], [ 1908.1, 760.1 ], [ 1906.9, 762.5 ], [ 1906.3, 763.3 ], [ 1907.4, 763.9 ], [ 1909.7, 763.9 ], [ 1910.8, 765.0 ], [ 1911.2, 764.5 ], [ 1912.3, 763.8 ], [ 1913.0, 763.3 ], [ 1914.0, 764.8 ], [ 1917.0, 767.9 ], [ 1920.1, 769.5 ], [ 1924.7, 775.1 ], [ 1928.0, 777.7 ], [ 1941.3, 782.8 ], [ 1942.0, 783.3 ], [ 1942.2, 784.7 ], [ 1942.1, 786.1 ], [ 1942.1, 787.3 ], [ 1942.7, 787.9 ], [ 1944.4, 788.9 ], [ 1945.7, 791.1 ], [ 1948.9, 801.7 ], [ 1949.7, 804.1 ], [ 1958.5, 820.7 ], [ 1959.1, 824.5 ], [ 1959.7, 826.5 ], [ 1961.3, 828.1 ], [ 1961.6, 829.3 ], [ 1961.8, 830.5 ], [ 1962.2, 831.1 ], [ 1963.0, 831.0 ], [ 1963.7, 830.3 ], [ 1964.2, 829.6 ], [ 1964.6, 829.3 ], [ 1965.5, 829.6 ], [ 1966.5, 830.4 ], [ 1967.4, 831.8 ], [ 1967.7, 834.1 ], [ 1966.0, 833.9 ], [ 1965.8, 834.8 ], [ 1966.8, 835.6 ], [ 1969.9, 835.2 ], [ 1971.8, 835.8 ], [ 1977.0, 841.0 ], [ 1976.8, 842.1 ], [ 1976.1, 843.0 ], [ 1976.1, 844.1 ], [ 1976.5, 845.3 ], [ 1977.2, 846.5 ], [ 1975.9, 847.3 ], [ 1975.7, 848.3 ], [ 1976.4, 848.9 ], [ 1977.8, 850.8 ], [ 1977.6, 851.9 ], [ 1976.7, 853.1 ], [ 1977.0, 853.9 ], [ 1977.8, 854.5 ], [ 1978.3, 855.3 ], [ 1978.3, 857.2 ], [ 1976.9, 867.5 ], [ 1976.5, 868.9 ], [ 1975.7, 871.4 ], [ 1975.5, 872.2 ], [ 1975.2, 873.5 ], [ 1975.2, 876.9 ], [ 1976.7, 881.2 ], [ 1976.5, 884.0 ], [ 1976.3, 884.7 ], [ 1976.0, 885.3 ], [ 1975.6, 885.9 ], [ 1975.2, 886.5 ], [ 1974.6, 887.6 ], [ 1974.6, 888.6 ], [ 1974.8, 889.7 ], [ 1974.8, 890.7 ], [ 1975.0, 892.6 ], [ 1975.8, 894.4 ], [ 1977.5, 897.0 ], [ 1976.4, 898.9 ], [ 1976.7, 899.9 ], [ 1977.4, 900.9 ], [ 1977.7, 902.5 ], [ 1977.2, 904.0 ], [ 1976.4, 905.2 ], [ 1975.8, 906.4 ], [ 1975.9, 908.1 ], [ 1977.0, 910.7 ], [ 1977.3, 911.9 ], [ 1977.0, 915.2 ], [ 1977.2, 918.6 ], [ 1977.4, 919.6 ], [ 1977.7, 919.9 ], [ 1978.8, 920.6 ], [ 1979.0, 920.9 ], [ 1979.1, 921.4 ], [ 1979.2, 922.7 ], [ 1980.0, 926.8 ], [ 1980.6, 928.3 ], [ 1980.8, 929.7 ], [ 1980.9, 931.7 ], [ 1981.2, 933.6 ], [ 1982.0, 934.5 ], [ 1982.3, 935.0 ], [ 1984.3, 938.0 ], [ 1984.7, 939.7 ], [ 1984.6, 940.7 ], [ 1984.4, 941.3 ], [ 1984.2, 942.2 ], [ 1983.7, 945.7 ], [ 1983.7, 947.1 ], [ 1984.3, 947.7 ], [ 1983.8, 949.1 ], [ 1985.9, 968.9 ], [ 1987.0, 974.1 ], [ 1989.5, 978.6 ], [ 1990.7, 979.9 ], [ 1995.0, 982.7 ], [ 1994.8, 983.9 ], [ 1993.0, 983.6 ], [ 1992.9, 984.3 ], [ 1993.0, 984.8 ], [ 1993.3, 985.8 ], [ 1993.4, 987.0 ], [ 1993.5, 988.2 ], [ 1993.9, 989.3 ], [ 1994.5, 990.2 ], [ 1993.5, 991.4 ], [ 1992.6, 992.1 ], [ 1990.3, 992.7 ], [ 1990.4, 993.8 ], [ 1990.7, 994.5 ], [ 1991.3, 994.9 ], [ 1992.1, 995.1 ], [ 1992.4, 994.9 ], [ 1992.6, 994.4 ], [ 1992.8, 994.1 ], [ 1993.2, 994.2 ], [ 1993.3, 994.6 ], [ 1993.6, 995.4 ], [ 1993.7, 996.2 ], [ 1993.5, 996.5 ], [ 1994.6, 996.5 ], [ 1995.2, 995.7 ], [ 1996.7, 991.6 ], [ 1997.9, 993.9 ], [ 1999.2, 995.4 ], [ 2000.8, 996.3 ], [ 2004.5, 997.4 ], [ 2008.3, 1001.0 ], [ 2025.7, 1009.5 ], [ 2043.8, 1025.2 ], [ 2045.9, 1028.1 ], [ 2046.7, 1030.4 ], [ 2046.5, 1031.8 ], [ 2046.2, 1033.0 ], [ 2046.3, 1034.6 ], [ 2047.0, 1036.0 ], [ 2049.6, 1038.7 ], [ 2050.7, 1040.1 ], [ 2051.7, 1042.7 ], [ 2052.7, 1046.6 ], [ 2053.2, 1050.6 ], [ 2052.8, 1053.7 ], [ 2052.9, 1054.8 ], [ 2053.3, 1055.9 ], [ 2053.9, 1056.8 ], [ 2054.7, 1057.2 ], [ 2054.1, 1058.8 ], [ 2053.8, 1059.3 ], [ 2054.4, 1060.2 ], [ 2055.8, 1063.0 ], [ 2056.3, 1063.9 ], [ 2059.8, 1065.4 ], [ 2060.6, 1066.2 ], [ 2061.5, 1067.4 ], [ 2063.5, 1068.8 ], [ 2063.9, 1070.4 ], [ 2063.9, 1074.6 ], [ 2064.0, 1075.2 ], [ 2066.1, 1078.1 ], [ 2076.4, 1084.1 ], [ 2079.2, 1087.6 ], [ 2070.6, 1090.8 ], [ 2067.4, 1093.7 ], [ 2064.3, 1099.4 ], [ 2065.7, 1104.0 ], [ 2066.8, 1114.4 ], [ 2067.7, 1119.3 ], [ 2075.2, 1135.7 ], [ 2088.0, 1162.2 ], [ 2088.7, 1167.5 ], [ 2086.9, 1172.4 ], [ 2086.3, 1172.8 ], [ 2084.1, 1174.2 ], [ 2086.8, 1169.7 ], [ 2087.6, 1167.2 ], [ 2086.3, 1165.9 ], [ 2084.5, 1164.9 ], [ 2080.9, 1161.5 ], [ 2079.1, 1160.5 ], [ 2077.2, 1160.7 ], [ 2073.4, 1162.4 ], [ 2071.4, 1162.6 ], [ 2069.2, 1162.1 ], [ 2067.2, 1161.2 ], [ 2065.5, 1159.9 ], [ 2064.1, 1158.4 ], [ 2057.1, 1145.8 ], [ 2054.2, 1143.0 ], [ 2051.1, 1142.0 ], [ 2050.3, 1141.8 ], [ 2038.3, 1144.0 ], [ 2036.6, 1143.8 ], [ 2031.1, 1143.0 ], [ 2027.9, 1143.2 ], [ 2027.3, 1142.9 ], [ 2025.4, 1140.3 ], [ 2025.2, 1139.9 ], [ 2020.0, 1138.5 ], [ 2018.0, 1138.9 ], [ 2011.2, 1142.1 ], [ 2011.9, 1142.6 ], [ 2012.7, 1143.1 ], [ 2013.3, 1143.9 ], [ 2013.9, 1144.7 ], [ 2015.7, 1142.5 ], [ 2018.3, 1141.7 ], [ 2021.1, 1141.9 ], [ 2023.2, 1142.8 ], [ 2026.4, 1146.0 ], [ 2027.3, 1147.2 ], [ 2028.5, 1148.3 ], [ 2030.0, 1148.0 ], [ 2032.8, 1146.3 ], [ 2049.5, 1145.6 ], [ 2051.9, 1147.1 ], [ 2053.2, 1150.4 ], [ 2058.2, 1161.6 ], [ 2062.0, 1164.3 ], [ 2064.3, 1168.0 ], [ 2065.7, 1169.4 ], [ 2068.8, 1170.3 ], [ 2070.1, 1171.1 ], [ 2073.6, 1177.0 ], [ 2081.3, 1185.5 ], [ 2082.9, 1186.5 ], [ 2084.6, 1187.1 ], [ 2086.1, 1188.1 ], [ 2087.4, 1190.0 ], [ 2087.5, 1191.2 ], [ 2087.5, 1192.8 ], [ 2087.5, 1194.2 ], [ 2088.0, 1194.9 ], [ 2088.8, 1195.3 ], [ 2091.1, 1197.6 ], [ 2090.3, 1198.5 ], [ 2091.7, 1200.0 ], [ 2092.9, 1202.3 ], [ 2093.6, 1204.9 ], [ 2093.7, 1207.0 ], [ 2098.3, 1228.8 ], [ 2098.9, 1234.8 ], [ 2098.0, 1241.3 ], [ 2095.0, 1249.1 ], [ 2094.3, 1250.1 ], [ 2093.2, 1250.4 ], [ 2091.3, 1250.5 ], [ 2089.7, 1251.3 ], [ 2080.3, 1258.6 ], [ 2078.5, 1259.1 ], [ 2077.1, 1259.9 ], [ 2068.3, 1269.7 ], [ 2066.1, 1271.5 ], [ 2063.8, 1272.1 ], [ 2062.2, 1272.9 ], [ 2060.7, 1274.9 ], [ 2060.6, 1276.8 ], [ 2063.3, 1277.4 ], [ 2068.3, 1276.9 ], [ 2069.5, 1277.6 ], [ 2071.7, 1280.1 ], [ 2072.9, 1280.7 ], [ 2074.9, 1282.6 ], [ 2078.7, 1290.7 ], [ 2080.6, 1293.7 ], [ 2082.4, 1292.7 ], [ 2084.4, 1292.7 ], [ 2088.0, 1293.6 ], [ 2089.4, 1294.6 ], [ 2091.5, 1298.7 ], [ 2092.8, 1299.6 ], [ 2092.9, 1298.6 ], [ 2092.8, 1296.1 ], [ 2095.0, 1293.5 ], [ 2097.8, 1291.1 ], [ 2099.3, 1289.2 ], [ 2100.3, 1285.5 ], [ 2102.0, 1281.5 ], [ 2104.0, 1278.0 ], [ 2105.6, 1275.5 ], [ 2109.2, 1272.6 ], [ 2114.1, 1271.0 ], [ 2119.2, 1270.7 ], [ 2123.6, 1271.5 ], [ 2123.1, 1270.2 ], [ 2125.1, 1269.8 ], [ 2127.0, 1270.5 ], [ 2129.0, 1271.7 ], [ 2130.9, 1272.4 ], [ 2138.8, 1273.4 ], [ 2142.4, 1274.9 ], [ 2146.3, 1277.5 ], [ 2150.6, 1279.1 ], [ 2155.0, 1277.7 ], [ 2154.1, 1276.9 ], [ 2153.1, 1276.3 ], [ 2151.9, 1276.0 ], [ 2150.7, 1276.0 ], [ 2150.9, 1274.9 ], [ 2178.6, 1285.4 ], [ 2189.2, 1292.6 ], [ 2210.1, 1313.1 ], [ 2212.5, 1316.5 ], [ 2214.3, 1320.5 ], [ 2215.2, 1328.0 ], [ 2216.4, 1332.7 ], [ 2217.1, 1337.4 ], [ 2216.1, 1340.6 ], [ 2216.4, 1343.0 ], [ 2216.2, 1346.1 ], [ 2215.5, 1351.6 ], [ 2216.9, 1359.1 ], [ 2216.3, 1360.4 ], [ 2215.0, 1361.7 ], [ 2211.7, 1369.4 ], [ 2211.6, 1370.9 ], [ 2211.2, 1372.4 ], [ 2205.8, 1383.0 ], [ 2202.2, 1388.1 ], [ 2201.0, 1389.1 ], [ 2199.8, 1390.7 ], [ 2199.2, 1394.6 ], [ 2198.6, 1401.6 ], [ 2197.8, 1404.5 ], [ 2195.4, 1409.6 ], [ 2194.8, 1412.4 ], [ 2192.9, 1416.4 ], [ 2192.5, 1418.5 ], [ 2191.9, 1419.3 ], [ 2184.1, 1421.5 ], [ 2182.3, 1423.2 ], [ 2181.0, 1421.9 ], [ 2180.4, 1423.1 ], [ 2179.9, 1425.1 ], [ 2179.0, 1426.0 ], [ 2178.3, 1426.5 ], [ 2175.6, 1429.8 ], [ 2168.1, 1436.3 ], [ 2166.8, 1437.9 ], [ 2165.7, 1438.2 ], [ 2160.2, 1429.1 ], [ 2157.5, 1427.8 ], [ 2153.3, 1423.5 ], [ 2150.8, 1422.6 ], [ 2150.7, 1423.7 ], [ 2153.6, 1427.3 ], [ 2155.4, 1429.0 ], [ 2159.7, 1430.5 ], [ 2160.6, 1431.2 ], [ 2160.9, 1431.9 ], [ 2160.6, 1434.4 ], [ 2160.2, 1435.0 ], [ 2158.3, 1434.3 ], [ 2157.2, 1434.3 ], [ 2155.1, 1434.7 ], [ 2153.9, 1434.7 ], [ 2152.8, 1434.3 ], [ 2150.3, 1432.2 ], [ 2148.2, 1432.1 ], [ 2143.4, 1433.0 ], [ 2141.0, 1433.1 ], [ 2143.3, 1434.6 ], [ 2159.0, 1437.6 ], [ 2161.0, 1436.7 ], [ 2160.3, 1439.5 ], [ 2151.9, 1446.3 ], [ 2153.0, 1447.4 ], [ 2154.4, 1448.2 ], [ 2157.8, 1449.2 ], [ 2158.9, 1448.3 ], [ 2159.8, 1446.8 ], [ 2160.3, 1446.7 ], [ 2160.0, 1450.0 ], [ 2158.6, 1452.2 ], [ 2152.6, 1456.7 ], [ 2147.3, 1459.4 ], [ 2144.0, 1460.3 ], [ 2137.2, 1460.5 ], [ 2135.5, 1460.0 ], [ 2134.7, 1459.1 ], [ 2133.6, 1455.8 ], [ 2131.0, 1451.1 ], [ 2130.4, 1449.0 ], [ 2129.8, 1451.9 ], [ 2128.1, 1453.4 ], [ 2124.4, 1454.6 ], [ 2121.1, 1457.0 ], [ 2120.4, 1457.3 ], [ 2120.2, 1458.2 ], [ 2119.7, 1460.0 ], [ 2119.1, 1461.7 ], [ 2118.5, 1462.5 ], [ 2117.3, 1462.6 ], [ 2115.6, 1463.8 ], [ 2114.6, 1464.2 ], [ 2113.4, 1464.0 ], [ 2111.4, 1462.8 ], [ 2110.5, 1462.5 ], [ 2108.1, 1462.4 ], [ 2103.5, 1463.6 ], [ 2101.2, 1464.6 ], [ 2102.6, 1465.5 ], [ 2104.3, 1466.0 ], [ 2105.8, 1467.0 ], [ 2106.6, 1469.5 ], [ 2109.7, 1467.2 ], [ 2115.9, 1466.6 ], [ 2119.0, 1465.8 ], [ 2122.0, 1463.9 ], [ 2123.7, 1463.8 ], [ 2125.0, 1465.5 ], [ 2125.0, 1466.8 ], [ 2124.6, 1468.3 ], [ 2124.0, 1469.4 ], [ 2123.8, 1469.6 ], [ 2123.8, 1470.8 ], [ 2124.1, 1472.1 ], [ 2124.6, 1474.0 ], [ 2123.5, 1474.7 ], [ 2123.0, 1476.0 ], [ 2122.6, 1479.6 ], [ 2122.1, 1480.4 ], [ 2121.3, 1481.0 ], [ 2119.7, 1481.9 ], [ 2122.3, 1482.1 ], [ 2123.1, 1482.7 ], [ 2123.4, 1483.5 ], [ 2120.2, 1487.6 ], [ 2114.8, 1491.4 ], [ 2110.1, 1493.6 ], [ 2108.9, 1494.1 ], [ 2104.4, 1494.9 ], [ 2097.0, 1492.7 ], [ 2094.3, 1492.6 ], [ 2094.3, 1492.5 ], [ 2093.0, 1492.3 ], [ 2092.6, 1492.3 ], [ 2092.4, 1492.3 ], [ 2092.2, 1492.6 ], [ 2090.2, 1494.1 ], [ 2088.7, 1494.4 ], [ 2087.4, 1494.3 ], [ 2086.1, 1494.4 ], [ 2084.7, 1495.5 ], [ 2083.3, 1493.8 ], [ 2082.8, 1493.8 ], [ 2080.7, 1493.7 ], [ 2073.8, 1494.5 ], [ 2073.2, 1495.6 ], [ 2072.7, 1497.1 ], [ 2071.9, 1498.7 ], [ 2070.4, 1500.1 ], [ 2068.9, 1500.7 ], [ 2067.4, 1501.1 ], [ 2065.9, 1501.7 ], [ 2072.2, 1501.4 ], [ 2073.0, 1501.1 ], [ 2073.6, 1500.0 ], [ 2074.1, 1499.0 ], [ 2074.6, 1498.6 ], [ 2081.1, 1497.7 ], [ 2096.1, 1501.9 ], [ 2097.4, 1503.1 ], [ 2098.3, 1505.4 ], [ 2098.2, 1506.9 ], [ 2097.2, 1507.6 ], [ 2095.1, 1507.6 ], [ 2091.8, 1506.4 ], [ 2090.3, 1506.3 ], [ 2086.9, 1508.8 ], [ 2083.3, 1509.2 ], [ 2081.4, 1510.1 ], [ 2082.0, 1511.1 ], [ 2082.5, 1512.2 ], [ 2083.1, 1513.2 ], [ 2084.0, 1513.8 ], [ 2092.2, 1514.8 ], [ 2096.0, 1516.4 ], [ 2095.5, 1514.5 ], [ 2095.3, 1512.3 ], [ 2096.0, 1510.9 ], [ 2098.0, 1511.2 ], [ 2097.9, 1513.2 ], [ 2098.6, 1516.1 ], [ 2099.7, 1518.8 ], [ 2100.6, 1520.1 ], [ 2120.7, 1525.0 ], [ 2133.0, 1522.7 ], [ 2164.4, 1523.6 ], [ 2166.6, 1525.3 ], [ 2165.1, 1530.2 ], [ 2164.7, 1531.1 ], [ 2164.1, 1532.0 ], [ 2163.5, 1532.7 ], [ 2162.8, 1533.1 ], [ 2159.4, 1532.7 ], [ 2158.8, 1533.2 ], [ 2158.7, 1536.5 ], [ 2159.1, 1539.2 ], [ 2160.2, 1543.5 ], [ 2160.3, 1549.7 ], [ 2158.8, 1555.4 ], [ 2156.3, 1560.1 ], [ 2153.3, 1563.0 ], [ 2146.5, 1564.4 ], [ 2143.6, 1566.1 ], [ 2142.5, 1566.1 ], [ 2140.5, 1565.7 ], [ 2139.3, 1566.0 ], [ 2138.2, 1566.8 ], [ 2137.2, 1567.8 ], [ 2136.4, 1568.5 ], [ 2134.4, 1569.1 ], [ 2128.0, 1568.5 ], [ 2126.1, 1568.7 ], [ 2124.0, 1569.8 ], [ 2119.7, 1572.8 ], [ 2113.9, 1579.5 ], [ 2112.7, 1581.2 ], [ 2112.5, 1585.2 ], [ 2112.8, 1591.3 ], [ 2109.3, 1592.2 ], [ 2102.3, 1588.9 ], [ 2096.0, 1585.9 ], [ 2092.0, 1586.7 ], [ 2081.3, 1594.8 ], [ 2077.1, 1596.0 ], [ 2055.5, 1597.8 ], [ 2051.7, 1598.9 ], [ 2051.2, 1598.8 ], [ 2050.0, 1600.1 ], [ 2048.8, 1601.6 ], [ 2048.5, 1602.2 ], [ 2044.9, 1604.0 ], [ 2040.6, 1608.6 ], [ 2037.0, 1608.2 ], [ 2035.1, 1607.6 ], [ 2030.9, 1605.4 ], [ 2029.9, 1605.0 ], [ 2026.4, 1604.6 ], [ 2025.6, 1604.0 ], [ 2024.2, 1602.1 ], [ 2022.4, 1601.2 ], [ 2018.4, 1600.4 ], [ 2016.8, 1599.5 ], [ 1999.2, 1590.2 ], [ 1996.1, 1589.4 ], [ 1995.8, 1589.5 ], [ 1993.3, 1590.5 ], [ 1989.9, 1588.5 ], [ 1976.9, 1591.2 ], [ 1960.3, 1588.8 ], [ 1943.7, 1591.8 ], [ 1942.8, 1591.4 ], [ 1942.1, 1590.6 ], [ 1941.4, 1590.0 ], [ 1940.4, 1590.2 ], [ 1939.7, 1591.4 ], [ 1939.9, 1594.4 ], [ 1939.3, 1595.9 ], [ 1937.3, 1596.7 ], [ 1935.2, 1595.7 ], [ 1927.2, 1588.7 ], [ 1926.6, 1587.6 ], [ 1927.4, 1586.1 ], [ 1928.8, 1585.3 ], [ 1931.8, 1584.6 ], [ 1931.9, 1583.7 ], [ 1931.0, 1582.8 ], [ 1929.4, 1580.6 ], [ 1928.4, 1579.8 ], [ 1927.9, 1580.3 ], [ 1926.6, 1580.8 ], [ 1925.9, 1580.5 ], [ 1927.2, 1578.6 ], [ 1926.2, 1577.8 ], [ 1925.4, 1577.2 ], [ 1922.4, 1576.2 ], [ 1920.1, 1575.8 ], [ 1919.4, 1575.7 ], [ 1917.5, 1575.9 ], [ 1915.9, 1578.5 ], [ 1914.4, 1582.0 ], [ 1912.7, 1584.7 ], [ 1910.1, 1584.6 ], [ 1908.4, 1582.1 ], [ 1909.8, 1579.6 ], [ 1911.9, 1577.2 ], [ 1912.8, 1575.2 ], [ 1911.2, 1574.0 ], [ 1911.1, 1574.0 ], [ 1905.1, 1573.6 ], [ 1903.6, 1573.8 ], [ 1906.5, 1577.2 ], [ 1907.0, 1578.2 ], [ 1906.8, 1581.2 ], [ 1906.2, 1582.8 ], [ 1904.7, 1583.8 ], [ 1903.5, 1583.5 ], [ 1901.8, 1582.6 ], [ 1900.4, 1581.3 ], [ 1899.8, 1580.3 ], [ 1899.4, 1578.8 ], [ 1896.6, 1576.6 ], [ 1894.6, 1574.2 ], [ 1891.6, 1572.6 ], [ 1890.4, 1571.8 ], [ 1889.0, 1569.5 ], [ 1887.5, 1566.7 ], [ 1877.7, 1559.0 ], [ 1876.2, 1557.8 ], [ 1876.1, 1558.8 ], [ 1877.0, 1559.4 ], [ 1878.6, 1560.9 ], [ 1879.7, 1561.2 ], [ 1881.7, 1564.5 ], [ 1887.9, 1574.2 ], [ 1888.4, 1576.4 ], [ 1887.8, 1578.2 ], [ 1885.5, 1578.6 ], [ 1879.2, 1578.2 ], [ 1877.7, 1578.4 ], [ 1878.4, 1579.1 ], [ 1878.9, 1579.8 ], [ 1878.7, 1580.7 ], [ 1874.2, 1580.9 ], [ 1871.6, 1581.4 ], [ 1870.3, 1582.1 ], [ 1869.9, 1582.1 ], [ 1866.8, 1581.0 ], [ 1862.8, 1586.3 ], [ 1862.5, 1586.9 ], [ 1862.3, 1586.9 ], [ 1860.5, 1586.0 ], [ 1858.6, 1584.3 ], [ 1852.2, 1582.0 ], [ 1852.0, 1581.9 ], [ 1850.0, 1581.6 ], [ 1847.8, 1581.9 ], [ 1843.8, 1583.3 ], [ 1841.9, 1583.4 ], [ 1839.5, 1582.6 ], [ 1836.0, 1581.3 ], [ 1833.8, 1581.0 ], [ 1831.8, 1581.3 ], [ 1829.8, 1582.0 ], [ 1829.7, 1582.1 ], [ 1827.9, 1583.1 ], [ 1826.1, 1584.6 ], [ 1824.9, 1585.2 ], [ 1824.7, 1584.1 ], [ 1824.8, 1582.5 ], [ 1824.6, 1581.6 ], [ 1821.0, 1580.0 ], [ 1818.5, 1579.8 ], [ 1817.7, 1579.4 ], [ 1817.5, 1578.8 ], [ 1817.4, 1578.6 ], [ 1817.0, 1576.6 ], [ 1816.6, 1576.1 ], [ 1815.6, 1576.8 ], [ 1811.3, 1581.7 ], [ 1812.6, 1581.7 ], [ 1813.8, 1581.5 ], [ 1815.0, 1581.0 ], [ 1816.2, 1580.3 ], [ 1817.7, 1584.4 ], [ 1818.6, 1585.7 ], [ 1820.3, 1586.4 ], [ 1822.0, 1586.7 ], [ 1823.3, 1587.2 ], [ 1823.8, 1588.5 ], [ 1822.7, 1591.0 ], [ 1824.0, 1592.2 ], [ 1824.5, 1592.5 ], [ 1820.4, 1596.1 ], [ 1820.3, 1598.4 ], [ 1818.3, 1598.9 ], [ 1810.4, 1597.8 ], [ 1808.8, 1597.2 ], [ 1802.1, 1592.5 ], [ 1784.5, 1587.4 ], [ 1781.5, 1584.7 ], [ 1779.4, 1584.7 ], [ 1775.6, 1585.3 ], [ 1774.2, 1586.6 ], [ 1772.4, 1589.6 ], [ 1771.3, 1592.8 ], [ 1772.0, 1594.4 ], [ 1774.3, 1595.7 ], [ 1774.2, 1597.6 ], [ 1772.8, 1599.9 ], [ 1771.0, 1601.8 ], [ 1770.4, 1601.7 ], [ 1771.3, 1595.9 ], [ 1769.7, 1591.7 ], [ 1752.2, 1572.5 ], [ 1736.7, 1563.3 ], [ 1734.5, 1562.9 ], [ 1728.7, 1563.2 ], [ 1727.0, 1563.2 ], [ 1723.1, 1564.9 ], [ 1720.8, 1564.8 ], [ 1717.3, 1563.1 ], [ 1716.1, 1563.2 ], [ 1713.6, 1564.7 ], [ 1713.1, 1564.9 ], [ 1711.2, 1566.0 ], [ 1710.2, 1566.2 ], [ 1709.2, 1565.9 ], [ 1707.5, 1564.8 ], [ 1706.5, 1564.3 ], [ 1704.6, 1564.3 ], [ 1701.1, 1565.2 ], [ 1697.0, 1565.5 ], [ 1695.6, 1566.8 ], [ 1694.3, 1568.7 ], [ 1692.5, 1570.5 ], [ 1684.9, 1572.3 ], [ 1682.7, 1571.8 ], [ 1681.2, 1571.0 ], [ 1680.2, 1569.5 ], [ 1679.4, 1567.0 ], [ 1678.8, 1563.1 ], [ 1678.5, 1562.4 ], [ 1678.3, 1562.2 ], [ 1678.1, 1561.8 ], [ 1677.9, 1561.5 ], [ 1677.3, 1561.2 ], [ 1677.0, 1561.5 ], [ 1676.7, 1562.2 ], [ 1676.7, 1562.9 ], [ 1677.6, 1564.5 ], [ 1678.0, 1570.0 ], [ 1678.4, 1572.2 ], [ 1676.4, 1573.5 ], [ 1674.5, 1575.3 ], [ 1672.6, 1577.7 ], [ 1670.7, 1580.5 ], [ 1668.9, 1584.5 ], [ 1668.4, 1587.5 ], [ 1669.0, 1594.2 ], [ 1666.8, 1594.0 ], [ 1664.5, 1594.1 ], [ 1662.6, 1595.1 ], [ 1661.5, 1597.1 ], [ 1661.7, 1599.8 ], [ 1663.3, 1600.9 ], [ 1667.6, 1601.5 ], [ 1667.4, 1602.6 ], [ 1666.0, 1605.0 ], [ 1665.8, 1605.6 ], [ 1664.9, 1605.5 ], [ 1664.1, 1605.8 ], [ 1663.4, 1606.5 ], [ 1662.0, 1610.2 ], [ 1660.7, 1610.8 ], [ 1659.3, 1610.0 ], [ 1658.0, 1608.4 ], [ 1656.7, 1611.7 ], [ 1654.4, 1612.6 ], [ 1652.1, 1612.7 ], [ 1650.8, 1614.0 ], [ 1649.8, 1616.5 ], [ 1648.2, 1619.5 ], [ 1647.0, 1623.0 ], [ 1647.0, 1626.9 ], [ 1645.4, 1627.4 ], [ 1641.3, 1627.8 ], [ 1639.6, 1627.7 ], [ 1637.5, 1626.7 ], [ 1635.9, 1625.5 ], [ 1634.4, 1625.0 ], [ 1632.7, 1626.3 ], [ 1629.7, 1622.3 ], [ 1625.4, 1614.2 ], [ 1620.1, 1607.1 ], [ 1619.1, 1606.4 ], [ 1618.2, 1606.4 ], [ 1615.5, 1607.4 ], [ 1614.4, 1607.5 ], [ 1613.8, 1607.8 ], [ 1612.2, 1609.0 ], [ 1611.4, 1609.2 ], [ 1610.3, 1608.8 ], [ 1609.4, 1608.0 ], [ 1608.2, 1606.3 ], [ 1608.5, 1605.8 ], [ 1609.1, 1604.4 ], [ 1607.1, 1603.4 ], [ 1605.3, 1601.4 ], [ 1604.7, 1598.9 ], [ 1606.6, 1596.3 ], [ 1603.0, 1595.8 ], [ 1602.0, 1595.4 ], [ 1600.9, 1594.3 ], [ 1600.5, 1593.2 ], [ 1600.3, 1591.9 ], [ 1599.9, 1590.2 ], [ 1599.6, 1587.5 ], [ 1600.8, 1585.5 ], [ 1602.5, 1583.7 ], [ 1603.9, 1581.7 ], [ 1601.8, 1582.3 ], [ 1600.9, 1582.0 ], [ 1600.0, 1581.0 ], [ 1599.4, 1582.1 ], [ 1599.2, 1582.5 ], [ 1598.3, 1583.5 ], [ 1597.2, 1583.8 ], [ 1596.0, 1583.5 ], [ 1595.9, 1584.5 ], [ 1597.1, 1585.7 ], [ 1597.2, 1587.3 ], [ 1596.5, 1588.9 ], [ 1595.4, 1589.9 ], [ 1594.1, 1590.0 ], [ 1589.5, 1588.7 ], [ 1590.7, 1591.4 ], [ 1596.3, 1591.6 ], [ 1598.2, 1593.7 ], [ 1594.6, 1593.9 ], [ 1594.4, 1595.0 ], [ 1595.3, 1594.9 ], [ 1597.1, 1595.5 ], [ 1596.2, 1596.5 ], [ 1598.9, 1597.0 ], [ 1598.7, 1598.0 ], [ 1597.6, 1598.2 ], [ 1596.8, 1598.9 ], [ 1596.4, 1599.9 ], [ 1596.8, 1601.0 ], [ 1596.6, 1602.0 ], [ 1594.5, 1601.4 ], [ 1593.9, 1599.4 ], [ 1593.4, 1597.0 ], [ 1591.9, 1595.7 ], [ 1584.1, 1591.8 ], [ 1579.5, 1591.4 ], [ 1571.6, 1594.5 ], [ 1567.5, 1595.2 ], [ 1551.4, 1592.9 ], [ 1551.4, 1593.2 ], [ 1551.0, 1593.6 ], [ 1550.5, 1593.8 ], [ 1549.9, 1593.7 ], [ 1549.4, 1589.3 ], [ 1548.7, 1589.0 ], [ 1548.1, 1589.3 ], [ 1547.5, 1589.7 ], [ 1546.9, 1589.8 ], [ 1544.9, 1589.6 ], [ 1542.8, 1589.9 ], [ 1541.4, 1590.9 ], [ 1541.8, 1593.0 ], [ 1541.6, 1594.2 ], [ 1540.8, 1594.6 ], [ 1539.7, 1595.4 ], [ 1538.7, 1596.3 ], [ 1538.1, 1597.2 ], [ 1538.1, 1598.2 ], [ 1538.4, 1599.3 ], [ 1538.3, 1600.0 ], [ 1536.5, 1602.6 ], [ 1536.2, 1603.4 ], [ 1535.0, 1604.3 ], [ 1530.4, 1602.5 ], [ 1528.4, 1602.9 ], [ 1526.1, 1604.7 ], [ 1524.2, 1605.4 ], [ 1519.8, 1605.9 ], [ 1518.2, 1607.0 ], [ 1512.7, 1613.2 ], [ 1512.0, 1611.0 ], [ 1512.5, 1605.5 ], [ 1511.5, 1604.2 ], [ 1509.5, 1604.3 ], [ 1509.1, 1605.6 ], [ 1508.9, 1607.4 ], [ 1507.4, 1608.8 ], [ 1507.2, 1609.8 ], [ 1507.7, 1610.3 ], [ 1508.8, 1612.4 ], [ 1508.0, 1612.1 ], [ 1507.3, 1612.3 ], [ 1505.9, 1612.8 ], [ 1504.8, 1613.3 ], [ 1504.5, 1614.4 ], [ 1504.3, 1615.7 ], [ 1503.7, 1616.7 ], [ 1502.7, 1617.2 ], [ 1499.3, 1617.9 ], [ 1500.4, 1618.1 ], [ 1501.2, 1618.5 ], [ 1502.4, 1619.7 ], [ 1502.8, 1619.8 ], [ 1504.0, 1619.9 ], [ 1504.4, 1620.1 ], [ 1504.5, 1620.8 ], [ 1504.4, 1622.9 ], [ 1504.7, 1623.4 ], [ 1504.9, 1624.8 ], [ 1503.1, 1627.3 ], [ 1499.4, 1631.0 ], [ 1498.5, 1631.0 ], [ 1496.6, 1630.2 ], [ 1495.4, 1630.1 ], [ 1494.6, 1630.5 ], [ 1491.0, 1633.4 ], [ 1489.1, 1636.7 ], [ 1488.6, 1637.4 ], [ 1487.8, 1636.9 ], [ 1487.0, 1635.9 ], [ 1484.7, 1632.0 ], [ 1484.4, 1631.2 ], [ 1484.2, 1630.0 ], [ 1484.3, 1628.0 ], [ 1484.6, 1626.8 ], [ 1484.8, 1625.8 ], [ 1484.4, 1624.1 ], [ 1482.6, 1619.0 ], [ 1481.4, 1616.7 ], [ 1479.8, 1614.9 ], [ 1474.6, 1610.8 ], [ 1470.8, 1609.3 ], [ 1468.0, 1606.6 ], [ 1466.5, 1605.5 ], [ 1464.5, 1605.2 ], [ 1461.7, 1605.6 ], [ 1459.6, 1606.7 ], [ 1459.1, 1608.8 ], [ 1459.2, 1611.6 ], [ 1457.7, 1613.4 ], [ 1455.6, 1614.4 ], [ 1454.0, 1614.9 ], [ 1449.8, 1615.3 ], [ 1445.0, 1614.8 ], [ 1441.6, 1612.6 ], [ 1441.6, 1607.7 ], [ 1442.6, 1607.8 ], [ 1443.3, 1607.7 ], [ 1443.9, 1607.1 ], [ 1444.1, 1606.2 ], [ 1444.0, 1605.4 ], [ 1443.8, 1604.9 ], [ 1443.6, 1604.9 ], [ 1443.7, 1601.9 ], [ 1443.9, 1600.3 ], [ 1444.4, 1599.7 ], [ 1444.7, 1599.2 ], [ 1447.2, 1596.4 ], [ 1448.1, 1596.1 ], [ 1451.1, 1595.6 ], [ 1458.1, 1593.3 ], [ 1461.6, 1592.9 ], [ 1465.9, 1591.3 ], [ 1468.0, 1591.7 ], [ 1470.4, 1595.2 ], [ 1472.1, 1596.6 ], [ 1474.4, 1595.8 ], [ 1476.3, 1593.8 ], [ 1477.3, 1592.5 ], [ 1477.8, 1591.1 ], [ 1478.5, 1590.7 ], [ 1481.9, 1591.4 ], [ 1485.9, 1590.2 ], [ 1499.4, 1580.8 ], [ 1503.5, 1579.0 ], [ 1504.9, 1578.9 ], [ 1505.4, 1578.2 ], [ 1505.9, 1576.4 ], [ 1506.1, 1574.5 ], [ 1506.1, 1571.3 ], [ 1507.4, 1570.8 ], [ 1508.8, 1571.0 ], [ 1509.6, 1571.2 ], [ 1517.0, 1569.0 ], [ 1517.4, 1568.1 ], [ 1518.7, 1566.3 ], [ 1520.8, 1560.5 ], [ 1521.5, 1557.5 ], [ 1522.4, 1554.9 ], [ 1523.8, 1553.0 ], [ 1526.0, 1551.9 ], [ 1528.0, 1552.3 ], [ 1528.8, 1551.9 ], [ 1530.3, 1550.7 ], [ 1531.1, 1550.7 ], [ 1531.5, 1551.6 ], [ 1531.5, 1553.5 ], [ 1531.4, 1555.6 ], [ 1531.1, 1557.4 ], [ 1531.8, 1557.1 ], [ 1532.1, 1556.9 ], [ 1532.6, 1556.5 ], [ 1534.1, 1558.0 ], [ 1538.1, 1559.0 ], [ 1539.5, 1560.1 ], [ 1538.8, 1557.8 ], [ 1537.3, 1556.5 ], [ 1534.4, 1554.6 ], [ 1533.3, 1552.4 ], [ 1533.8, 1551.0 ], [ 1534.5, 1549.8 ], [ 1534.3, 1548.1 ], [ 1534.5, 1547.2 ], [ 1536.8, 1548.2 ], [ 1544.1, 1549.1 ], [ 1547.0, 1548.8 ], [ 1549.0, 1546.9 ], [ 1550.7, 1544.4 ], [ 1552.7, 1542.2 ], [ 1552.5, 1539.8 ], [ 1553.2, 1538.2 ], [ 1554.3, 1537.7 ], [ 1555.6, 1538.3 ], [ 1563.6, 1533.8 ], [ 1565.1, 1532.2 ], [ 1566.3, 1529.6 ], [ 1568.6, 1527.9 ], [ 1573.2, 1525.7 ], [ 1576.8, 1520.9 ], [ 1579.1, 1507.4 ], [ 1581.4, 1501.3 ], [ 1582.3, 1500.2 ], [ 1584.4, 1496.6 ], [ 1584.3, 1495.4 ], [ 1584.4, 1493.1 ], [ 1584.7, 1491.0 ], [ 1585.4, 1490.1 ], [ 1593.9, 1491.9 ], [ 1594.8, 1492.4 ], [ 1596.5, 1494.3 ], [ 1597.4, 1494.8 ], [ 1602.8, 1496.5 ], [ 1604.9, 1496.3 ], [ 1606.5, 1495.6 ], [ 1614.4, 1489.6 ], [ 1615.1, 1488.8 ], [ 1615.7, 1488.0 ], [ 1616.5, 1487.3 ], [ 1617.6, 1486.9 ], [ 1617.3, 1485.3 ], [ 1616.9, 1480.9 ], [ 1616.9, 1479.8 ], [ 1616.8, 1478.8 ], [ 1615.7, 1476.0 ], [ 1615.3, 1474.5 ], [ 1618.4, 1475.4 ], [ 1619.2, 1475.3 ], [ 1620.1, 1473.8 ], [ 1620.3, 1472.1 ], [ 1619.8, 1470.7 ], [ 1618.9, 1469.8 ], [ 1619.1, 1468.8 ], [ 1626.9, 1467.3 ], [ 1644.6, 1469.1 ], [ 1648.4, 1468.4 ], [ 1650.3, 1468.4 ], [ 1657.2, 1469.8 ], [ 1659.3, 1469.8 ], [ 1662.7, 1468.7 ], [ 1664.4, 1468.9 ], [ 1676.1, 1474.5 ], [ 1683.8, 1475.7 ], [ 1695.2, 1480.7 ], [ 1697.6, 1483.9 ], [ 1699.2, 1485.2 ], [ 1710.2, 1486.7 ], [ 1717.5, 1485.8 ], [ 1721.0, 1486.0 ], [ 1727.2, 1487.4 ], [ 1731.1, 1487.6 ], [ 1734.1, 1486.2 ], [ 1734.6, 1487.4 ], [ 1732.9, 1489.3 ], [ 1734.1, 1490.6 ], [ 1736.2, 1487.7 ], [ 1736.8, 1486.7 ], [ 1737.3, 1484.7 ], [ 1737.3, 1483.7 ], [ 1737.1, 1482.8 ], [ 1737.1, 1481.3 ], [ 1738.1, 1475.6 ], [ 1738.4, 1472.7 ], [ 1737.6, 1470.7 ], [ 1739.4, 1471.6 ], [ 1740.4, 1471.3 ], [ 1740.4, 1471.3 ], [ 1741.0, 1470.0 ], [ 1741.5, 1467.6 ], [ 1742.5, 1466.4 ], [ 1744.1, 1465.2 ], [ 1745.0, 1463.9 ], [ 1743.8, 1462.1 ], [ 1746.2, 1460.3 ], [ 1749.2, 1461.5 ], [ 1753.3, 1458.7 ], [ 1761.3, 1451.2 ], [ 1763.2, 1450.1 ], [ 1765.0, 1449.4 ], [ 1767.0, 1449.1 ], [ 1769.3, 1449.4 ], [ 1771.4, 1448.9 ], [ 1773.7, 1447.2 ], [ 1784.6, 1434.2 ], [ 1785.5, 1433.7 ], [ 1786.6, 1433.5 ], [ 1787.5, 1432.9 ], [ 1788.1, 1431.7 ], [ 1788.5, 1430.4 ], [ 1789.3, 1429.1 ], [ 1790.2, 1427.9 ], [ 1790.9, 1427.1 ], [ 1797.3, 1422.3 ], [ 1801.3, 1418.5 ], [ 1803.1, 1417.8 ], [ 1807.3, 1417.1 ], [ 1809.1, 1416.0 ], [ 1810.2, 1414.3 ], [ 1810.2, 1412.5 ], [ 1809.1, 1411.0 ], [ 1808.2, 1413.7 ], [ 1806.2, 1415.0 ], [ 1803.9, 1415.4 ], [ 1802.0, 1415.2 ], [ 1800.1, 1415.6 ], [ 1798.5, 1417.0 ], [ 1797.0, 1418.9 ], [ 1795.3, 1420.5 ], [ 1789.1, 1423.3 ], [ 1788.0, 1424.1 ], [ 1786.9, 1425.4 ], [ 1779.4, 1431.8 ], [ 1776.2, 1434.5 ], [ 1774.1, 1435.6 ], [ 1769.4, 1435.9 ], [ 1765.4, 1437.7 ], [ 1763.5, 1438.6 ], [ 1759.2, 1439.4 ], [ 1751.1, 1438.5 ], [ 1749.9, 1437.8 ], [ 1749.4, 1436.6 ], [ 1749.1, 1435.4 ], [ 1748.7, 1434.8 ], [ 1747.7, 1435.3 ], [ 1744.6, 1438.0 ], [ 1743.9, 1438.9 ], [ 1737.8, 1441.5 ], [ 1737.5, 1441.5 ], [ 1736.3, 1441.7 ], [ 1734.5, 1442.6 ], [ 1731.5, 1444.7 ], [ 1731.1, 1445.3 ], [ 1730.2, 1447.0 ], [ 1729.7, 1447.6 ], [ 1728.9, 1447.9 ], [ 1727.5, 1447.8 ], [ 1726.9, 1448.2 ], [ 1726.9, 1448.2 ], [ 1727.5, 1451.7 ], [ 1726.2, 1454.8 ], [ 1724.2, 1456.4 ], [ 1722.5, 1455.5 ], [ 1721.1, 1455.1 ], [ 1713.9, 1456.7 ], [ 1690.6, 1450.1 ], [ 1689.0, 1448.7 ], [ 1687.8, 1446.1 ], [ 1685.7, 1441.7 ], [ 1681.1, 1436.0 ], [ 1679.8, 1435.6 ], [ 1677.9, 1436.1 ], [ 1675.9, 1434.6 ], [ 1674.4, 1432.4 ], [ 1673.7, 1430.7 ], [ 1673.7, 1430.0 ], [ 1673.9, 1429.8 ], [ 1674.3, 1429.7 ], [ 1674.5, 1429.7 ], [ 1674.4, 1426.5 ], [ 1674.3, 1425.7 ], [ 1674.0, 1423.5 ], [ 1673.5, 1420.8 ], [ 1672.7, 1418.5 ], [ 1672.1, 1417.6 ], [ 1670.7, 1416.1 ], [ 1670.0, 1414.9 ], [ 1669.1, 1411.7 ], [ 1668.4, 1410.6 ], [ 1667.2, 1410.0 ], [ 1664.1, 1409.8 ], [ 1656.8, 1409.3 ], [ 1655.4, 1409.6 ], [ 1654.0, 1410.2 ], [ 1653.0, 1411.0 ], [ 1652.6, 1412.4 ], [ 1653.0, 1414.0 ], [ 1653.7, 1415.6 ], [ 1654.1, 1417.1 ], [ 1650.2, 1416.3 ], [ 1650.1, 1416.7 ], [ 1649.6, 1417.3 ], [ 1649.0, 1417.5 ], [ 1648.9, 1416.7 ], [ 1648.7, 1416.0 ], [ 1648.2, 1415.4 ], [ 1647.5, 1414.9 ], [ 1646.9, 1414.7 ], [ 1646.5, 1415.0 ], [ 1645.4, 1416.2 ], [ 1644.9, 1416.5 ], [ 1644.3, 1416.1 ], [ 1643.5, 1415.2 ], [ 1641.2, 1414.1 ], [ 1640.3, 1413.9 ], [ 1639.3, 1414.2 ], [ 1638.1, 1414.9 ], [ 1636.4, 1416.3 ], [ 1635.4, 1416.7 ], [ 1634.5, 1416.2 ], [ 1633.6, 1415.3 ], [ 1632.8, 1415.0 ], [ 1632.1, 1416.6 ], [ 1630.9, 1416.3 ], [ 1625.8, 1412.8 ], [ 1624.2, 1412.4 ], [ 1623.9, 1411.7 ], [ 1623.9, 1411.3 ], [ 1623.9, 1410.1 ], [ 1625.9, 1409.1 ], [ 1626.0, 1407.5 ], [ 1625.6, 1405.4 ], [ 1626.0, 1403.0 ], [ 1629.4, 1402.6 ], [ 1629.9, 1402.2 ], [ 1631.3, 1400.5 ], [ 1632.0, 1399.8 ], [ 1632.4, 1401.0 ], [ 1631.8, 1400.9 ], [ 1631.6, 1401.9 ], [ 1632.2, 1402.5 ], [ 1632.7, 1403.3 ], [ 1635.8, 1402.9 ], [ 1640.7, 1403.5 ], [ 1645.4, 1403.2 ], [ 1648.1, 1400.2 ], [ 1648.3, 1399.2 ], [ 1648.4, 1398.4 ], [ 1648.4, 1398.1 ], [ 1648.0, 1397.7 ], [ 1646.6, 1398.9 ], [ 1645.8, 1399.3 ], [ 1644.7, 1399.2 ], [ 1641.0, 1398.1 ], [ 1636.5, 1394.2 ], [ 1635.0, 1394.9 ], [ 1627.3, 1394.5 ], [ 1625.4, 1393.3 ], [ 1623.3, 1390.8 ], [ 1621.6, 1387.6 ], [ 1620.9, 1384.6 ], [ 1624.7, 1385.9 ], [ 1626.4, 1386.0 ], [ 1627.6, 1384.9 ], [ 1625.9, 1384.6 ], [ 1624.2, 1383.8 ], [ 1623.0, 1382.5 ], [ 1622.5, 1380.5 ], [ 1622.8, 1380.2 ], [ 1623.6, 1379.3 ], [ 1624.3, 1378.0 ], [ 1624.6, 1376.6 ], [ 1624.1, 1375.4 ], [ 1623.5, 1375.8 ], [ 1622.4, 1377.2 ], [ 1621.8, 1377.6 ], [ 1620.8, 1378.7 ], [ 1620.1, 1378.9 ], [ 1619.2, 1378.5 ], [ 1618.5, 1377.6 ], [ 1618.0, 1376.3 ], [ 1616.1, 1376.3 ], [ 1615.5, 1377.3 ], [ 1616.0, 1378.9 ], [ 1617.1, 1380.6 ], [ 1613.5, 1381.7 ], [ 1609.9, 1381.1 ], [ 1603.1, 1378.7 ], [ 1600.3, 1378.5 ], [ 1596.7, 1378.7 ], [ 1596.1, 1378.7 ], [ 1592.6, 1380.3 ], [ 1591.6, 1384.1 ], [ 1590.7, 1384.1 ], [ 1590.4, 1384.3 ], [ 1590.3, 1384.9 ], [ 1589.9, 1386.0 ], [ 1587.3, 1389.9 ], [ 1586.5, 1389.5 ], [ 1585.4, 1388.1 ], [ 1584.7, 1388.4 ], [ 1582.7, 1389.8 ], [ 1574.4, 1387.9 ], [ 1572.9, 1387.9 ], [ 1571.2, 1388.6 ], [ 1570.1, 1389.6 ], [ 1569.1, 1390.8 ], [ 1568.0, 1391.7 ], [ 1566.1, 1392.1 ], [ 1565.0, 1393.4 ], [ 1564.1, 1393.6 ], [ 1563.7, 1393.4 ], [ 1562.8, 1392.4 ], [ 1557.1, 1389.1 ], [ 1555.2, 1386.9 ], [ 1556.4, 1385.5 ], [ 1555.7, 1382.3 ], [ 1551.3, 1380.1 ], [ 1549.9, 1377.6 ], [ 1550.7, 1376.7 ], [ 1557.7, 1379.3 ], [ 1557.6, 1378.7 ], [ 1557.6, 1377.5 ], [ 1557.5, 1377.0 ], [ 1558.9, 1377.2 ], [ 1561.2, 1378.6 ], [ 1562.5, 1379.1 ], [ 1563.8, 1379.1 ], [ 1567.4, 1377.9 ], [ 1572.1, 1377.9 ], [ 1574.7, 1376.8 ], [ 1575.7, 1376.7 ], [ 1576.8, 1377.7 ], [ 1577.0, 1376.7 ], [ 1574.9, 1373.5 ], [ 1575.1, 1369.7 ], [ 1577.3, 1366.9 ], [ 1581.1, 1366.7 ], [ 1581.3, 1365.6 ], [ 1580.0, 1366.1 ], [ 1577.1, 1366.7 ], [ 1571.7, 1366.1 ], [ 1570.4, 1366.6 ], [ 1572.0, 1366.9 ], [ 1573.0, 1367.8 ], [ 1573.1, 1369.2 ], [ 1572.1, 1371.4 ], [ 1573.2, 1372.9 ], [ 1572.5, 1374.5 ], [ 1570.8, 1375.7 ], [ 1563.1, 1375.9 ], [ 1561.1, 1375.6 ], [ 1548.4, 1371.0 ], [ 1546.6, 1371.3 ], [ 1547.0, 1374.0 ], [ 1545.7, 1375.1 ], [ 1544.3, 1374.7 ], [ 1544.9, 1373.1 ], [ 1545.1, 1372.2 ], [ 1541.2, 1367.6 ], [ 1539.5, 1366.7 ], [ 1541.5, 1367.1 ], [ 1542.9, 1367.1 ], [ 1544.1, 1366.5 ], [ 1545.5, 1365.2 ], [ 1547.1, 1364.2 ], [ 1550.4, 1364.2 ], [ 1552.2, 1363.8 ], [ 1554.0, 1362.6 ], [ 1554.6, 1361.2 ], [ 1554.9, 1357.3 ], [ 1555.3, 1354.9 ], [ 1555.4, 1352.6 ], [ 1555.0, 1350.5 ], [ 1554.0, 1349.1 ], [ 1553.1, 1350.0 ], [ 1551.7, 1348.1 ], [ 1548.2, 1346.8 ], [ 1546.8, 1345.4 ], [ 1545.2, 1346.1 ], [ 1539.8, 1346.0 ], [ 1538.0, 1345.6 ], [ 1538.7, 1345.2 ], [ 1539.4, 1345.0 ], [ 1539.7, 1343.8 ], [ 1539.5, 1343.1 ], [ 1539.4, 1342.6 ], [ 1539.8, 1342.2 ], [ 1540.8, 1341.8 ], [ 1541.0, 1340.9 ], [ 1540.7, 1338.8 ], [ 1541.7, 1338.0 ], [ 1545.2, 1338.5 ], [ 1547.0, 1338.2 ], [ 1550.5, 1335.9 ], [ 1551.8, 1335.5 ], [ 1554.8, 1335.7 ], [ 1558.9, 1335.0 ], [ 1562.4, 1333.1 ], [ 1563.5, 1329.2 ], [ 1564.8, 1329.5 ], [ 1565.0, 1328.5 ], [ 1564.1, 1327.3 ], [ 1564.4, 1326.3 ], [ 1565.6, 1325.8 ], [ 1567.2, 1325.8 ], [ 1569.7, 1326.4 ], [ 1570.7, 1327.0 ], [ 1575.1, 1330.7 ], [ 1576.9, 1331.1 ], [ 1579.8, 1330.6 ], [ 1579.6, 1328.4 ], [ 1581.3, 1329.0 ], [ 1584.6, 1331.2 ], [ 1586.6, 1332.0 ], [ 1587.6, 1331.5 ], [ 1587.7, 1330.0 ], [ 1587.7, 1328.2 ], [ 1588.0, 1326.8 ], [ 1588.8, 1326.4 ], [ 1592.0, 1326.5 ], [ 1594.1, 1325.6 ], [ 1595.8, 1324.2 ], [ 1598.8, 1320.9 ], [ 1600.9, 1319.3 ], [ 1602.2, 1319.6 ], [ 1604.8, 1322.6 ], [ 1605.5, 1318.1 ], [ 1609.4, 1317.1 ], [ 1620.8, 1319.8 ], [ 1622.0, 1319.7 ], [ 1622.8, 1319.0 ], [ 1623.4, 1318.0 ], [ 1624.2, 1317.3 ], [ 1627.2, 1316.9 ], [ 1629.3, 1316.1 ], [ 1631.4, 1314.7 ], [ 1634.8, 1311.9 ], [ 1636.4, 1311.3 ], [ 1638.0, 1311.2 ], [ 1639.9, 1311.5 ], [ 1641.7, 1311.3 ], [ 1654.6, 1303.9 ], [ 1661.6, 1297.2 ], [ 1665.4, 1292.4 ], [ 1667.3, 1289.2 ], [ 1669.4, 1282.9 ], [ 1670.8, 1279.6 ], [ 1672.5, 1276.7 ], [ 1673.9, 1274.7 ], [ 1673.7, 1273.2 ], [ 1673.9, 1271.3 ], [ 1674.4, 1269.6 ], [ 1675.2, 1268.4 ], [ 1676.0, 1268.4 ], [ 1677.8, 1269.8 ], [ 1678.7, 1270.2 ], [ 1680.4, 1270.0 ], [ 1685.9, 1267.3 ], [ 1686.1, 1266.2 ], [ 1683.6, 1265.7 ], [ 1678.5, 1266.5 ], [ 1675.9, 1266.5 ], [ 1674.7, 1265.0 ], [ 1671.6, 1258.3 ], [ 1671.1, 1255.8 ], [ 1672.1, 1252.1 ], [ 1674.3, 1248.6 ], [ 1676.9, 1246.0 ], [ 1678.7, 1245.2 ], [ 1679.1, 1244.8 ], [ 1680.0, 1242.9 ], [ 1680.3, 1242.3 ], [ 1680.7, 1242.1 ], [ 1681.8, 1242.0 ], [ 1686.1, 1239.7 ], [ 1687.6, 1238.4 ], [ 1685.1, 1238.2 ], [ 1683.3, 1239.2 ], [ 1681.6, 1239.3 ], [ 1676.3, 1229.2 ], [ 1675.3, 1225.2 ], [ 1675.2, 1223.7 ], [ 1675.7, 1222.5 ], [ 1677.4, 1222.3 ], [ 1678.6, 1221.4 ], [ 1678.9, 1219.0 ], [ 1678.6, 1216.5 ], [ 1678.4, 1215.4 ], [ 1678.9, 1213.2 ], [ 1679.3, 1212.3 ], [ 1679.9, 1211.8 ], [ 1686.2, 1208.9 ], [ 1685.6, 1208.5 ], [ 1685.3, 1208.1 ], [ 1685.2, 1207.5 ], [ 1683.9, 1208.5 ], [ 1682.7, 1209.0 ], [ 1681.8, 1208.6 ], [ 1681.4, 1206.8 ], [ 1678.7, 1208.1 ], [ 1676.2, 1207.8 ], [ 1671.1, 1205.9 ], [ 1664.1, 1206.7 ], [ 1662.4, 1207.3 ], [ 1660.3, 1208.0 ], [ 1654.0, 1206.7 ], [ 1651.9, 1207.3 ], [ 1649.9, 1208.5 ], [ 1645.9, 1211.6 ], [ 1646.1, 1212.1 ], [ 1646.2, 1212.8 ], [ 1644.6, 1213.4 ], [ 1643.4, 1214.9 ], [ 1642.9, 1216.9 ], [ 1643.7, 1218.8 ], [ 1642.3, 1219.8 ], [ 1641.5, 1220.2 ], [ 1640.8, 1220.3 ], [ 1639.7, 1220.0 ], [ 1638.7, 1218.1 ], [ 1636.9, 1217.0 ], [ 1635.5, 1215.3 ], [ 1634.5, 1214.7 ], [ 1633.3, 1214.7 ], [ 1632.6, 1215.2 ], [ 1631.9, 1215.8 ], [ 1631.1, 1216.2 ], [ 1629.0, 1216.3 ], [ 1624.0, 1214.7 ], [ 1622.4, 1215.3 ], [ 1620.9, 1216.6 ], [ 1619.4, 1216.9 ], [ 1618.2, 1215.7 ], [ 1619.4, 1214.5 ], [ 1619.7, 1213.8 ], [ 1619.5, 1212.8 ], [ 1620.2, 1212.2 ], [ 1622.0, 1210.0 ], [ 1637.8, 1197.7 ], [ 1639.4, 1197.2 ], [ 1641.1, 1197.4 ], [ 1642.9, 1197.2 ], [ 1644.9, 1196.6 ], [ 1653.4, 1192.4 ], [ 1655.9, 1189.6 ], [ 1662.6, 1186.9 ], [ 1663.8, 1185.1 ], [ 1664.7, 1182.4 ], [ 1666.2, 1176.1 ], [ 1666.8, 1174.4 ], [ 1667.5, 1173.9 ], [ 1668.1, 1174.3 ], [ 1668.1, 1175.4 ], [ 1668.3, 1176.5 ], [ 1669.3, 1175.4 ], [ 1670.3, 1173.8 ], [ 1670.6, 1173.2 ], [ 1675.1, 1169.4 ], [ 1676.3, 1168.9 ], [ 1678.0, 1168.5 ], [ 1679.6, 1167.1 ], [ 1682.3, 1163.5 ], [ 1684.8, 1161.4 ], [ 1687.5, 1160.3 ], [ 1690.4, 1160.0 ], [ 1693.3, 1160.3 ], [ 1694.0, 1160.7 ], [ 1694.6, 1161.3 ], [ 1695.3, 1161.6 ], [ 1696.6, 1161.1 ], [ 1698.7, 1160.5 ], [ 1701.0, 1160.3 ], [ 1704.6, 1158.3 ], [ 1715.4, 1156.1 ], [ 1718.5, 1156.7 ], [ 1718.1, 1153.7 ], [ 1716.0, 1150.4 ], [ 1715.6, 1148.5 ], [ 1717.3, 1149.0 ], [ 1718.9, 1149.9 ], [ 1720.3, 1151.1 ], [ 1721.2, 1152.8 ], [ 1723.2, 1152.2 ], [ 1725.0, 1153.2 ], [ 1726.5, 1155.3 ], [ 1727.6, 1157.9 ], [ 1728.8, 1159.0 ], [ 1739.3, 1160.7 ], [ 1743.0, 1160.6 ], [ 1762.0, 1155.2 ], [ 1765.8, 1155.8 ], [ 1768.9, 1158.1 ], [ 1770.5, 1160.0 ], [ 1771.1, 1161.7 ], [ 1771.9, 1163.1 ], [ 1782.2, 1172.9 ], [ 1783.2, 1174.8 ], [ 1784.0, 1176.9 ], [ 1784.5, 1177.7 ], [ 1784.9, 1177.2 ], [ 1785.5, 1174.1 ], [ 1786.0, 1171.6 ], [ 1785.2, 1169.6 ], [ 1784.3, 1166.9 ], [ 1783.0, 1161.8 ], [ 1780.5, 1156.9 ], [ 1779.7, 1154.3 ], [ 1780.0, 1152.0 ], [ 1781.3, 1150.6 ], [ 1783.1, 1150.0 ], [ 1787.1, 1150.1 ], [ 1789.1, 1149.7 ], [ 1792.8, 1147.7 ], [ 1794.8, 1148.2 ], [ 1796.5, 1151.2 ], [ 1799.3, 1166.3 ], [ 1800.5, 1168.8 ], [ 1802.4, 1171.3 ], [ 1804.8, 1172.9 ], [ 1807.6, 1173.3 ], [ 1807.8, 1173.0 ], [ 1808.0, 1172.4 ], [ 1808.5, 1171.7 ], [ 1809.2, 1171.5 ], [ 1810.0, 1171.7 ], [ 1811.3, 1172.6 ], [ 1811.9, 1172.9 ], [ 1813.4, 1173.1 ], [ 1814.8, 1172.9 ], [ 1817.5, 1171.9 ], [ 1817.4, 1169.8 ], [ 1817.9, 1168.5 ], [ 1818.8, 1167.5 ], [ 1819.7, 1166.8 ], [ 1820.4, 1167.3 ], [ 1821.2, 1167.3 ], [ 1822.1, 1166.9 ], [ 1823.1, 1166.2 ], [ 1821.8, 1165.9 ], [ 1817.0, 1166.2 ], [ 1815.9, 1166.6 ], [ 1814.9, 1168.8 ], [ 1813.1, 1169.3 ], [ 1812.2, 1169.0 ], [ 1809.2, 1168.1 ], [ 1805.6, 1166.0 ], [ 1802.6, 1162.8 ], [ 1800.2, 1159.2 ], [ 1798.7, 1155.4 ], [ 1792.4, 1130.3 ], [ 1792.3, 1128.1 ], [ 1792.9, 1126.1 ], [ 1794.5, 1123.9 ], [ 1802.2, 1115.0 ], [ 1808.2, 1109.6 ], [ 1809.0, 1109.2 ], [ 1810.1, 1107.7 ], [ 1814.2, 1105.8 ], [ 1815.6, 1104.4 ], [ 1807.9, 1102.9 ], [ 1804.9, 1100.8 ], [ 1803.0, 1096.7 ], [ 1803.3, 1091.5 ], [ 1806.5, 1080.2 ], [ 1806.2, 1075.8 ], [ 1808.1, 1073.4 ], [ 1810.5, 1072.5 ], [ 1819.3, 1070.8 ], [ 1820.8, 1070.9 ], [ 1821.8, 1072.0 ], [ 1822.4, 1072.4 ], [ 1822.8, 1071.8 ], [ 1823.3, 1070.9 ], [ 1824.1, 1070.3 ], [ 1825.1, 1069.8 ], [ 1825.8, 1069.6 ], [ 1825.1, 1067.7 ], [ 1828.8, 1065.1 ], [ 1829.6, 1062.7 ], [ 1827.8, 1063.6 ], [ 1826.2, 1063.9 ], [ 1823.4, 1063.7 ], [ 1823.0, 1063.2 ], [ 1822.2, 1059.7 ], [ 1822.2, 1058.5 ], [ 1823.0, 1057.7 ], [ 1824.1, 1057.1 ], [ 1825.0, 1056.5 ], [ 1827.3, 1053.5 ], [ 1828.8, 1052.3 ], [ 1831.9, 1051.6 ], [ 1833.2, 1050.3 ], [ 1835.7, 1046.6 ], [ 1834.6, 1044.1 ], [ 1833.2, 1039.4 ], [ 1832.4, 1036.6 ], [ 1832.4, 1035.1 ], [ 1834.4, 1034.7 ], [ 1836.8, 1033.1 ], [ 1838.6, 1030.7 ], [ 1839.1, 1027.7 ], [ 1838.5, 1027.6 ], [ 1837.7, 1029.8 ], [ 1836.1, 1031.4 ], [ 1833.1, 1033.1 ], [ 1829.6, 1034.3 ], [ 1827.7, 1035.3 ], [ 1826.7, 1036.8 ], [ 1825.6, 1038.9 ], [ 1823.7, 1039.7 ], [ 1819.7, 1039.3 ], [ 1818.6, 1038.1 ], [ 1817.8, 1035.6 ], [ 1817.8, 1033.1 ], [ 1818.9, 1031.7 ], [ 1818.5, 1029.8 ], [ 1818.0, 1028.2 ], [ 1817.1, 1027.3 ], [ 1815.8, 1027.7 ], [ 1815.8, 1029.9 ], [ 1815.2, 1031.9 ], [ 1814.3, 1033.8 ], [ 1813.7, 1035.5 ], [ 1813.1, 1036.7 ], [ 1809.8, 1039.6 ], [ 1807.7, 1042.5 ], [ 1806.5, 1043.8 ], [ 1803.8, 1044.7 ], [ 1803.3, 1046.4 ], [ 1803.2, 1048.5 ], [ 1802.7, 1050.3 ], [ 1800.4, 1045.3 ], [ 1799.8, 1044.3 ], [ 1798.4, 1044.0 ], [ 1797.2, 1043.4 ], [ 1796.3, 1042.5 ], [ 1795.6, 1041.3 ], [ 1796.3, 1039.0 ], [ 1797.3, 1036.5 ], [ 1797.6, 1034.3 ], [ 1796.5, 1032.8 ], [ 1796.7, 1031.8 ], [ 1799.8, 1031.4 ], [ 1801.4, 1027.1 ], [ 1802.2, 1021.9 ], [ 1802.9, 1018.9 ], [ 1801.4, 1019.4 ], [ 1800.3, 1020.9 ], [ 1798.7, 1024.5 ], [ 1799.0, 1027.7 ], [ 1797.5, 1028.1 ], [ 1795.5, 1027.6 ], [ 1794.0, 1027.6 ], [ 1792.0, 1028.1 ], [ 1790.5, 1025.7 ], [ 1788.3, 1019.4 ], [ 1786.3, 1015.5 ], [ 1785.6, 1013.3 ], [ 1785.5, 1010.7 ], [ 1786.0, 1009.6 ], [ 1786.6, 1008.4 ], [ 1787.0, 1007.1 ], [ 1786.8, 1004.8 ], [ 1786.9, 1003.2 ], [ 1786.7, 1002.9 ], [ 1784.8, 1001.5 ], [ 1783.0, 994.5 ], [ 1781.3, 992.2 ], [ 1775.2, 978.9 ], [ 1774.0, 977.8 ], [ 1773.6, 977.2 ], [ 1773.1, 974.8 ], [ 1772.4, 973.6 ], [ 1773.3, 972.6 ], [ 1774.4, 971.7 ], [ 1774.9, 971.4 ], [ 1777.8, 966.5 ], [ 1782.4, 955.0 ], [ 1786.7, 948.7 ], [ 1788.7, 945.1 ], [ 1789.5, 943.9 ], [ 1790.4, 943.4 ], [ 1792.5, 943.0 ], [ 1793.6, 942.5 ], [ 1795.0, 941.3 ], [ 1796.8, 939.0 ], [ 1798.1, 936.3 ], [ 1797.8, 933.5 ], [ 1802.4, 925.1 ], [ 1804.9, 921.3 ], [ 1807.4, 919.2 ], [ 1809.2, 919.1 ], [ 1810.1, 920.1 ], [ 1810.8, 921.4 ], [ 1812.1, 922.2 ], [ 1813.1, 922.3 ], [ 1817.1, 921.0 ], [ 1816.1, 919.9 ], [ 1812.2, 916.8 ], [ 1814.9, 914.7 ], [ 1816.4, 914.0 ], [ 1822.2, 913.3 ], [ 1823.3, 913.8 ], [ 1823.8, 914.5 ], [ 1824.2, 915.2 ], [ 1824.8, 915.9 ], [ 1827.8, 917.6 ], [ 1829.5, 918.1 ], [ 1837.2, 917.2 ], [ 1839.0, 916.4 ], [ 1833.0, 915.3 ], [ 1833.2, 914.3 ], [ 1834.9, 914.3 ], [ 1836.4, 913.7 ], [ 1837.8, 913.3 ], [ 1839.4, 914.3 ], [ 1839.6, 913.2 ], [ 1837.6, 911.8 ], [ 1837.3, 911.8 ], [ 1829.5, 912.5 ], [ 1802.0, 905.2 ], [ 1800.6, 904.5 ], [ 1799.4, 903.5 ], [ 1798.2, 902.8 ], [ 1796.9, 903.0 ], [ 1797.1, 903.4 ], [ 1797.2, 903.5 ], [ 1797.2, 903.6 ], [ 1797.2, 904.3 ], [ 1795.6, 904.7 ], [ 1794.3, 903.9 ], [ 1792.3, 901.2 ], [ 1790.3, 905.1 ], [ 1790.7, 906.9 ], [ 1790.5, 910.0 ], [ 1790.1, 913.3 ], [ 1789.4, 915.7 ], [ 1788.0, 918.0 ], [ 1786.3, 918.6 ], [ 1778.3, 916.2 ], [ 1776.0, 916.2 ], [ 1773.5, 919.0 ], [ 1767.5, 916.8 ], [ 1767.5, 917.6 ], [ 1767.6, 917.7 ], [ 1767.8, 918.1 ], [ 1766.9, 918.5 ], [ 1766.3, 918.2 ], [ 1765.9, 917.5 ], [ 1765.6, 916.5 ], [ 1767.0, 914.8 ], [ 1767.4, 915.1 ], [ 1767.7, 915.9 ], [ 1767.8, 914.7 ], [ 1767.7, 914.2 ], [ 1767.5, 913.7 ], [ 1766.1, 915.2 ], [ 1764.5, 916.2 ], [ 1764.6, 917.9 ], [ 1764.7, 918.5 ], [ 1764.0, 918.6 ], [ 1762.6, 919.3 ], [ 1765.0, 922.9 ], [ 1764.0, 923.5 ], [ 1759.1, 924.6 ], [ 1751.1, 928.5 ], [ 1746.9, 928.3 ], [ 1744.2, 927.6 ], [ 1744.4, 926.4 ], [ 1744.1, 926.2 ], [ 1743.8, 926.0 ], [ 1743.6, 925.8 ], [ 1743.4, 925.3 ], [ 1743.8, 924.9 ], [ 1744.1, 924.5 ], [ 1744.2, 924.3 ], [ 1744.3, 922.7 ], [ 1745.1, 920.8 ], [ 1745.2, 919.2 ], [ 1744.1, 918.5 ], [ 1744.2, 917.7 ], [ 1742.7, 918.6 ], [ 1741.3, 920.6 ], [ 1740.5, 923.1 ], [ 1740.8, 925.7 ], [ 1737.3, 925.6 ], [ 1733.4, 921.8 ], [ 1731.4, 916.0 ], [ 1733.4, 910.1 ], [ 1731.9, 910.6 ], [ 1729.2, 912.9 ], [ 1727.7, 913.4 ], [ 1726.4, 912.9 ], [ 1720.5, 908.5 ], [ 1719.7, 907.4 ], [ 1719.1, 906.2 ], [ 1718.8, 903.9 ], [ 1718.7, 902.1 ], [ 1718.3, 900.9 ], [ 1717.0, 900.3 ], [ 1716.3, 900.8 ], [ 1715.3, 902.2 ], [ 1714.3, 904.0 ], [ 1713.7, 905.6 ], [ 1713.8, 909.4 ], [ 1714.0, 911.7 ], [ 1714.4, 912.8 ], [ 1715.8, 913.2 ], [ 1717.0, 913.8 ], [ 1717.9, 914.8 ], [ 1718.7, 916.5 ], [ 1718.6, 918.5 ], [ 1717.4, 920.0 ], [ 1716.6, 921.8 ], [ 1717.4, 924.3 ], [ 1715.9, 926.3 ], [ 1715.5, 929.5 ], [ 1715.3, 932.5 ], [ 1714.5, 933.6 ], [ 1714.0, 933.8 ], [ 1713.4, 934.5 ], [ 1712.6, 935.0 ], [ 1711.7, 935.2 ], [ 1709.7, 934.5 ], [ 1708.0, 933.3 ], [ 1706.2, 931.1 ], [ 1705.4, 930.6 ], [ 1702.3, 930.0 ], [ 1701.6, 929.3 ], [ 1698.2, 920.3 ], [ 1695.9, 916.9 ], [ 1687.0, 908.3 ], [ 1683.3, 906.3 ], [ 1681.6, 904.8 ], [ 1680.9, 900.1 ], [ 1679.2, 898.9 ], [ 1675.9, 898.3 ], [ 1673.6, 898.8 ], [ 1671.3, 899.9 ], [ 1669.2, 901.5 ], [ 1667.4, 903.1 ], [ 1666.4, 904.3 ], [ 1665.8, 905.1 ], [ 1665.6, 905.9 ], [ 1665.3, 907.0 ], [ 1665.2, 908.3 ], [ 1665.3, 910.2 ], [ 1665.6, 911.9 ], [ 1666.4, 912.7 ], [ 1666.6, 914.5 ], [ 1666.8, 918.3 ], [ 1667.5, 922.2 ], [ 1669.5, 924.9 ], [ 1669.3, 926.2 ], [ 1668.2, 928.9 ], [ 1667.9, 930.3 ], [ 1667.8, 931.0 ], [ 1668.4, 933.7 ], [ 1666.6, 932.8 ], [ 1663.3, 930.0 ], [ 1661.6, 929.2 ], [ 1661.0, 927.9 ], [ 1660.9, 925.4 ], [ 1661.5, 922.9 ], [ 1662.9, 921.7 ], [ 1662.4, 920.7 ], [ 1662.3, 919.6 ], [ 1662.5, 918.5 ], [ 1663.1, 917.5 ], [ 1661.5, 916.9 ], [ 1660.9, 916.5 ], [ 1660.4, 915.8 ], [ 1660.3, 914.4 ], [ 1660.4, 912.1 ], [ 1660.3, 910.1 ], [ 1659.6, 909.0 ], [ 1658.0, 907.8 ], [ 1651.9, 896.0 ], [ 1650.4, 890.8 ], [ 1650.0, 885.1 ], [ 1650.8, 879.0 ], [ 1652.3, 873.5 ], [ 1653.5, 870.9 ], [ 1655.0, 870.0 ], [ 1656.8, 870.5 ], [ 1657.8, 870.6 ], [ 1658.3, 870.2 ], [ 1659.1, 868.5 ], [ 1659.7, 869.5 ], [ 1660.2, 871.3 ], [ 1660.4, 872.2 ], [ 1661.2, 874.7 ], [ 1661.5, 876.2 ], [ 1661.6, 877.9 ], [ 1661.3, 879.6 ], [ 1660.4, 883.3 ], [ 1660.5, 884.7 ], [ 1661.3, 886.6 ], [ 1662.4, 888.3 ], [ 1663.9, 888.9 ], [ 1665.8, 887.6 ], [ 1666.2, 887.0 ], [ 1666.7, 886.6 ], [ 1666.9, 885.6 ], [ 1665.2, 878.5 ], [ 1665.0, 877.1 ], [ 1665.0, 875.8 ], [ 1665.0, 875.5 ], [ 1664.4, 872.2 ], [ 1664.5, 870.4 ], [ 1665.3, 867.1 ], [ 1665.7, 866.1 ], [ 1666.4, 864.8 ], [ 1668.7, 861.5 ], [ 1669.7, 859.5 ], [ 1670.6, 856.5 ], [ 1672.0, 853.8 ], [ 1674.0, 852.4 ], [ 1678.1, 850.9 ], [ 1685.3, 844.4 ], [ 1685.8, 844.1 ], [ 1686.8, 844.0 ], [ 1687.0, 843.6 ], [ 1687.4, 842.0 ], [ 1687.6, 841.2 ], [ 1690.7, 836.5 ], [ 1691.3, 835.2 ], [ 1691.7, 833.8 ], [ 1692.2, 830.4 ], [ 1692.6, 829.0 ], [ 1693.3, 828.2 ], [ 1696.9, 825.2 ], [ 1698.8, 824.2 ], [ 1699.6, 823.4 ], [ 1700.5, 822.1 ], [ 1701.9, 818.7 ], [ 1703.1, 817.1 ], [ 1706.4, 815.2 ], [ 1712.7, 813.6 ], [ 1715.4, 811.0 ], [ 1717.1, 807.0 ], [ 1717.1, 803.2 ], [ 1715.6, 800.2 ], [ 1712.7, 798.4 ], [ 1715.0, 796.1 ], [ 1715.1, 795.9 ], [ 1715.3, 792.6 ], [ 1714.2, 789.1 ], [ 1712.1, 786.4 ], [ 1707.9, 783.4 ], [ 1705.1, 782.7 ], [ 1704.5, 782.0 ], [ 1705.4, 780.7 ], [ 1705.7, 779.5 ], [ 1701.4, 775.2 ], [ 1699.2, 772.1 ], [ 1698.0, 769.3 ], [ 1702.7, 766.0 ], [ 1704.7, 763.0 ], [ 1705.4, 757.8 ], [ 1705.3, 755.9 ], [ 1705.0, 754.5 ], [ 1705.0, 752.8 ], [ 1705.9, 746.2 ], [ 1705.9, 746.1 ], [ 1706.5, 741.8 ], [ 1707.9, 737.8 ], [ 1709.7, 735.4 ], [ 1711.9, 734.2 ], [ 1714.8, 733.6 ], [ 1716.5, 733.6 ], [ 1717.6, 734.0 ], [ 1722.5, 737.7 ], [ 1723.8, 738.2 ], [ 1724.9, 738.0 ], [ 1726.5, 739.5 ], [ 1740.1, 744.7 ], [ 1742.5, 743.7 ], [ 1733.7, 739.8 ], [ 1730.5, 738.4 ], [ 1727.3, 735.2 ], [ 1724.2, 728.8 ], [ 1721.0, 726.7 ], [ 1719.8, 724.8 ], [ 1718.9, 722.5 ], [ 1718.3, 720.4 ], [ 1718.2, 715.6 ], [ 1718.3, 714.8 ], [ 1717.1, 714.3 ], [ 1716.5, 715.3 ], [ 1716.2, 716.9 ], [ 1716.3, 718.8 ], [ 1719.0, 725.8 ], [ 1719.3, 728.8 ], [ 1718.5, 729.9 ], [ 1716.9, 729.8 ], [ 1714.9, 729.4 ], [ 1713.1, 728.1 ], [ 1712.6, 725.8 ], [ 1712.9, 723.0 ], [ 1714.1, 717.1 ], [ 1714.5, 715.9 ], [ 1719.6, 707.9 ], [ 1727.7, 699.4 ], [ 1728.6, 697.3 ], [ 1728.3, 696.6 ], [ 1727.3, 697.1 ], [ 1725.8, 698.5 ], [ 1718.7, 707.6 ], [ 1717.1, 709.2 ], [ 1715.3, 708.9 ], [ 1714.9, 707.6 ], [ 1716.1, 702.9 ], [ 1716.2, 700.8 ], [ 1715.6, 699.1 ], [ 1714.6, 698.4 ], [ 1713.1, 699.6 ], [ 1713.5, 702.5 ], [ 1713.5, 708.1 ], [ 1713.2, 713.5 ], [ 1712.4, 715.8 ], [ 1711.2, 716.0 ], [ 1710.8, 717.1 ], [ 1710.5, 720.2 ], [ 1709.8, 723.2 ], [ 1709.6, 725.3 ], [ 1709.6, 727.1 ], [ 1708.3, 727.5 ], [ 1707.2, 726.7 ], [ 1706.0, 725.7 ], [ 1704.6, 724.9 ], [ 1704.4, 726.0 ], [ 1705.3, 726.7 ], [ 1706.3, 727.8 ], [ 1706.9, 729.1 ], [ 1706.9, 731.0 ], [ 1706.2, 733.1 ], [ 1705.0, 734.4 ], [ 1703.8, 735.4 ], [ 1702.7, 736.6 ], [ 1701.9, 738.3 ], [ 1701.4, 739.7 ], [ 1700.7, 741.0 ], [ 1699.6, 742.4 ], [ 1698.1, 743.5 ], [ 1697.0, 743.5 ], [ 1694.5, 742.3 ], [ 1693.5, 740.3 ], [ 1693.1, 736.2 ], [ 1693.2, 731.7 ], [ 1693.5, 728.6 ], [ 1691.1, 723.3 ], [ 1691.1, 721.3 ], [ 1690.8, 719.9 ], [ 1689.2, 720.7 ], [ 1690.0, 723.5 ], [ 1691.4, 732.4 ], [ 1691.3, 735.7 ], [ 1690.3, 737.0 ], [ 1688.8, 736.1 ], [ 1684.2, 730.3 ], [ 1683.9, 728.2 ], [ 1684.6, 725.0 ], [ 1683.5, 726.0 ], [ 1682.3, 727.8 ], [ 1681.3, 729.8 ], [ 1680.8, 731.3 ], [ 1680.1, 732.3 ], [ 1676.8, 735.5 ], [ 1677.9, 740.2 ], [ 1678.2, 742.7 ], [ 1678.2, 745.5 ], [ 1676.7, 745.2 ], [ 1673.4, 742.2 ], [ 1670.8, 740.6 ], [ 1670.2, 739.2 ], [ 1670.5, 735.3 ], [ 1670.1, 734.6 ], [ 1669.5, 734.1 ], [ 1669.1, 733.2 ], [ 1669.0, 732.0 ], [ 1669.3, 730.6 ], [ 1670.0, 727.9 ], [ 1670.4, 726.7 ], [ 1671.6, 725.2 ], [ 1672.1, 724.0 ], [ 1672.2, 722.6 ], [ 1672.2, 718.0 ], [ 1674.8, 716.0 ], [ 1687.6, 701.8 ], [ 1692.9, 700.8 ], [ 1697.1, 698.7 ], [ 1698.1, 698.0 ], [ 1702.6, 691.7 ], [ 1704.4, 690.0 ], [ 1707.3, 688.8 ], [ 1710.8, 688.1 ], [ 1714.2, 686.5 ], [ 1716.8, 682.9 ], [ 1715.0, 683.6 ], [ 1711.2, 686.4 ], [ 1709.6, 686.9 ], [ 1706.1, 686.4 ], [ 1704.6, 686.8 ], [ 1703.0, 687.7 ], [ 1701.7, 689.3 ], [ 1698.5, 694.2 ], [ 1697.5, 695.1 ], [ 1685.9, 699.9 ], [ 1676.5, 709.2 ], [ 1675.7, 709.5 ], [ 1674.1, 709.3 ], [ 1673.4, 709.5 ], [ 1673.2, 710.3 ], [ 1672.3, 712.4 ], [ 1671.4, 714.1 ], [ 1671.2, 713.9 ], [ 1670.0, 715.5 ], [ 1668.1, 715.6 ], [ 1666.0, 715.0 ], [ 1664.5, 714.1 ], [ 1664.6, 713.4 ], [ 1664.9, 712.1 ], [ 1664.9, 711.1 ], [ 1664.2, 711.3 ], [ 1663.8, 712.0 ], [ 1663.5, 713.0 ], [ 1663.3, 714.0 ], [ 1660.9, 722.0 ], [ 1661.1, 722.4 ], [ 1662.2, 723.4 ], [ 1662.7, 723.6 ], [ 1662.9, 726.8 ], [ 1662.8, 728.6 ], [ 1662.6, 730.1 ], [ 1662.6, 731.3 ], [ 1663.4, 732.5 ], [ 1663.2, 733.5 ], [ 1662.6, 733.4 ], [ 1662.4, 734.4 ], [ 1662.7, 734.6 ], [ 1663.4, 735.6 ], [ 1662.9, 735.8 ], [ 1662.4, 736.2 ], [ 1661.9, 736.4 ], [ 1665.5, 742.6 ], [ 1666.8, 746.7 ], [ 1666.7, 750.7 ], [ 1665.7, 752.7 ], [ 1664.2, 753.4 ], [ 1661.1, 753.8 ], [ 1659.7, 754.4 ], [ 1654.8, 758.0 ], [ 1653.5, 759.2 ], [ 1652.3, 760.7 ], [ 1651.3, 762.4 ], [ 1650.8, 763.7 ], [ 1650.0, 766.3 ], [ 1649.5, 767.5 ], [ 1647.3, 768.5 ], [ 1647.4, 769.2 ], [ 1647.5, 770.0 ], [ 1647.6, 770.4 ], [ 1646.7, 773.9 ], [ 1647.3, 775.0 ], [ 1648.2, 775.5 ], [ 1648.6, 777.1 ], [ 1647.6, 779.0 ], [ 1646.1, 779.3 ], [ 1644.9, 780.0 ], [ 1644.8, 783.0 ], [ 1642.2, 786.2 ], [ 1641.3, 787.5 ], [ 1641.1, 788.3 ], [ 1640.5, 791.2 ], [ 1640.1, 792.4 ], [ 1639.8, 792.4 ], [ 1639.5, 792.1 ], [ 1639.0, 792.4 ], [ 1636.0, 797.1 ], [ 1634.1, 798.9 ], [ 1631.9, 799.6 ], [ 1631.7, 800.6 ], [ 1632.8, 800.7 ], [ 1633.5, 801.2 ], [ 1634.1, 802.2 ], [ 1634.7, 803.5 ], [ 1635.3, 807.3 ], [ 1635.2, 807.9 ], [ 1636.0, 809.1 ], [ 1634.6, 811.2 ], [ 1630.9, 814.6 ], [ 1629.2, 815.8 ], [ 1627.2, 816.8 ], [ 1625.0, 817.4 ], [ 1622.9, 817.3 ], [ 1622.1, 816.9 ], [ 1620.6, 815.7 ], [ 1619.6, 815.4 ], [ 1618.6, 815.6 ], [ 1616.4, 816.6 ], [ 1615.3, 816.7 ], [ 1612.8, 816.1 ], [ 1611.4, 815.2 ], [ 1611.0, 813.1 ], [ 1611.4, 806.4 ], [ 1612.0, 802.9 ], [ 1613.2, 800.1 ], [ 1616.0, 798.6 ], [ 1620.2, 795.4 ], [ 1621.3, 794.0 ], [ 1622.1, 790.9 ], [ 1622.5, 787.4 ], [ 1623.1, 783.9 ], [ 1625.3, 779.7 ], [ 1625.2, 778.5 ], [ 1624.8, 777.4 ], [ 1624.8, 776.3 ], [ 1625.5, 774.6 ], [ 1628.6, 770.6 ], [ 1631.6, 765.7 ], [ 1632.6, 762.7 ], [ 1632.1, 760.4 ], [ 1637.6, 757.4 ], [ 1638.6, 755.9 ], [ 1639.6, 753.9 ], [ 1641.5, 751.6 ], [ 1643.4, 749.7 ], [ 1644.8, 749.0 ], [ 1647.5, 748.4 ], [ 1651.0, 746.3 ], [ 1654.6, 742.9 ], [ 1657.2, 738.7 ], [ 1646.8, 746.3 ], [ 1643.2, 748.1 ], [ 1642.1, 748.3 ], [ 1641.0, 748.1 ], [ 1642.0, 746.3 ], [ 1639.9, 744.9 ], [ 1638.9, 743.9 ], [ 1638.1, 742.2 ], [ 1637.9, 739.9 ], [ 1638.7, 735.9 ], [ 1638.6, 734.6 ], [ 1643.4, 729.9 ], [ 1644.2, 728.8 ], [ 1645.2, 726.9 ], [ 1646.8, 725.6 ], [ 1648.7, 724.5 ], [ 1650.4, 723.1 ], [ 1648.2, 723.6 ], [ 1644.6, 726.4 ], [ 1642.1, 727.1 ], [ 1640.2, 728.4 ], [ 1639.4, 728.2 ], [ 1639.0, 727.1 ], [ 1638.9, 725.2 ], [ 1639.1, 723.5 ], [ 1651.7, 711.0 ], [ 1652.8, 709.3 ], [ 1652.6, 708.5 ], [ 1653.2, 708.1 ], [ 1653.9, 707.4 ], [ 1652.9, 706.7 ], [ 1651.7, 707.1 ], [ 1650.4, 707.9 ], [ 1648.8, 708.4 ], [ 1647.7, 711.1 ], [ 1643.1, 714.6 ], [ 1642.4, 717.9 ], [ 1640.3, 720.3 ], [ 1639.9, 720.7 ], [ 1639.1, 720.2 ], [ 1639.1, 719.3 ], [ 1639.5, 718.2 ], [ 1640.0, 717.4 ], [ 1641.4, 713.5 ], [ 1645.9, 707.9 ], [ 1654.4, 700.1 ], [ 1654.7, 699.6 ], [ 1655.0, 698.9 ], [ 1655.4, 698.3 ], [ 1656.0, 698.1 ], [ 1656.5, 698.4 ], [ 1657.1, 698.9 ], [ 1657.5, 699.3 ], [ 1657.5, 699.5 ], [ 1657.6, 699.9 ], [ 1658.2, 700.6 ], [ 1658.9, 700.8 ], [ 1659.2, 699.9 ], [ 1659.0, 698.9 ], [ 1658.6, 698.2 ], [ 1658.2, 697.7 ], [ 1658.0, 697.4 ], [ 1658.0, 694.9 ], [ 1658.1, 693.5 ], [ 1658.7, 692.6 ], [ 1662.4, 688.9 ], [ 1663.2, 687.7 ], [ 1664.2, 685.7 ], [ 1661.5, 685.9 ], [ 1659.1, 687.9 ], [ 1656.8, 690.1 ], [ 1654.5, 691.3 ], [ 1655.7, 688.3 ], [ 1657.5, 685.4 ], [ 1659.6, 682.8 ], [ 1661.7, 680.7 ], [ 1661.5, 678.6 ], [ 1662.8, 677.2 ], [ 1664.9, 676.5 ], [ 1666.6, 676.5 ], [ 1667.7, 676.2 ], [ 1668.1, 675.1 ], [ 1667.8, 673.9 ], [ 1666.8, 673.2 ], [ 1663.0, 673.5 ], [ 1662.2, 673.8 ], [ 1661.2, 674.6 ], [ 1660.2, 675.2 ], [ 1659.4, 674.9 ], [ 1659.2, 673.4 ], [ 1659.8, 671.8 ], [ 1661.4, 668.8 ], [ 1663.7, 663.4 ], [ 1665.0, 661.6 ], [ 1667.0, 660.2 ], [ 1668.3, 661.5 ], [ 1670.7, 661.7 ], [ 1675.2, 660.9 ], [ 1675.5, 660.0 ], [ 1673.4, 659.7 ], [ 1669.5, 660.1 ], [ 1667.8, 659.3 ], [ 1670.6, 654.6 ], [ 1671.5, 653.6 ], [ 1672.5, 653.1 ], [ 1673.7, 652.9 ], [ 1674.6, 652.3 ], [ 1674.5, 651.0 ], [ 1677.3, 648.4 ], [ 1680.4, 647.7 ], [ 1689.0, 648.8 ], [ 1695.3, 652.2 ], [ 1698.2, 652.1 ], [ 1700.9, 650.6 ], [ 1707.8, 644.5 ], [ 1711.9, 638.8 ], [ 1714.2, 636.7 ], [ 1712.2, 637.3 ], [ 1710.6, 639.3 ], [ 1709.1, 641.8 ], [ 1707.3, 643.9 ], [ 1703.2, 646.3 ], [ 1700.5, 649.1 ], [ 1699.4, 649.9 ], [ 1695.7, 649.6 ], [ 1687.3, 645.5 ], [ 1684.5, 647.1 ], [ 1683.3, 645.9 ], [ 1683.3, 639.8 ], [ 1682.0, 640.1 ], [ 1680.7, 641.2 ], [ 1678.4, 644.1 ], [ 1677.5, 642.9 ], [ 1682.1, 636.3 ], [ 1683.0, 634.3 ], [ 1684.6, 636.7 ], [ 1686.4, 638.0 ], [ 1688.3, 638.3 ], [ 1690.0, 638.0 ], [ 1694.7, 635.8 ], [ 1697.0, 635.2 ], [ 1698.2, 634.7 ], [ 1699.4, 633.5 ], [ 1696.2, 634.7 ], [ 1695.3, 634.7 ], [ 1693.6, 634.2 ], [ 1693.2, 634.3 ], [ 1691.6, 635.1 ], [ 1690.6, 635.2 ], [ 1688.4, 636.4 ], [ 1687.4, 636.4 ], [ 1686.5, 635.7 ], [ 1685.5, 633.9 ], [ 1684.4, 633.5 ], [ 1684.9, 632.4 ], [ 1685.3, 632.0 ], [ 1685.8, 631.8 ], [ 1686.4, 631.2 ], [ 1686.9, 630.6 ], [ 1687.5, 629.4 ], [ 1687.8, 628.8 ], [ 1690.9, 625.1 ], [ 1691.9, 624.3 ], [ 1696.0, 621.9 ], [ 1696.8, 621.0 ], [ 1697.5, 620.2 ], [ 1696.1, 618.7 ], [ 1696.4, 617.6 ], [ 1697.2, 617.3 ], [ 1699.4, 616.1 ], [ 1701.5, 616.8 ], [ 1702.6, 616.9 ], [ 1705.5, 615.2 ], [ 1707.4, 615.6 ], [ 1710.7, 617.5 ], [ 1712.5, 617.4 ], [ 1716.3, 615.9 ], [ 1723.3, 615.8 ], [ 1725.0, 615.1 ], [ 1710.6, 615.2 ], [ 1704.8, 610.6 ], [ 1705.0, 609.7 ], [ 1706.3, 607.8 ], [ 1707.0, 607.1 ], [ 1714.0, 602.2 ], [ 1716.1, 600.0 ], [ 1718.1, 597.3 ], [ 1712.2, 600.7 ], [ 1711.2, 601.8 ], [ 1710.7, 602.7 ], [ 1709.6, 603.3 ], [ 1708.4, 603.7 ], [ 1707.5, 603.7 ], [ 1706.7, 604.0 ], [ 1706.2, 605.1 ], [ 1705.7, 606.4 ], [ 1705.2, 607.6 ], [ 1703.6, 609.6 ], [ 1702.2, 610.6 ], [ 1700.9, 610.9 ], [ 1699.4, 610.7 ], [ 1698.6, 610.9 ], [ 1697.5, 612.1 ], [ 1695.6, 612.4 ], [ 1694.7, 613.1 ], [ 1693.4, 614.7 ], [ 1690.3, 617.2 ], [ 1688.8, 617.8 ], [ 1687.0, 617.8 ], [ 1686.1, 618.2 ], [ 1684.2, 620.8 ], [ 1683.3, 621.2 ], [ 1682.2, 621.3 ], [ 1681.0, 621.9 ], [ 1679.9, 622.7 ], [ 1675.4, 627.0 ], [ 1668.4, 632.5 ], [ 1661.7, 635.8 ], [ 1661.1, 635.9 ], [ 1660.5, 635.2 ], [ 1660.0, 633.0 ], [ 1659.2, 632.4 ], [ 1657.9, 631.8 ], [ 1656.4, 630.7 ], [ 1655.2, 629.4 ], [ 1654.5, 628.0 ], [ 1656.3, 625.8 ], [ 1656.9, 624.7 ], [ 1657.4, 623.2 ], [ 1656.8, 623.0 ], [ 1652.7, 626.7 ], [ 1647.9, 624.5 ], [ 1638.0, 611.3 ], [ 1637.7, 610.0 ], [ 1638.4, 607.7 ], [ 1639.5, 606.7 ], [ 1640.8, 606.5 ], [ 1645.0, 607.2 ], [ 1647.8, 608.4 ], [ 1650.1, 610.4 ], [ 1651.9, 613.2 ], [ 1652.7, 612.2 ], [ 1651.1, 610.2 ], [ 1650.5, 609.0 ], [ 1650.9, 607.5 ], [ 1661.0, 603.5 ], [ 1663.1, 603.7 ], [ 1667.7, 607.6 ], [ 1669.7, 608.5 ], [ 1674.2, 609.2 ], [ 1676.8, 609.1 ], [ 1678.8, 608.3 ], [ 1670.8, 607.6 ], [ 1669.1, 606.9 ], [ 1665.5, 603.2 ], [ 1662.3, 601.6 ], [ 1652.1, 604.6 ], [ 1648.8, 604.8 ], [ 1647.9, 604.6 ], [ 1646.9, 603.9 ], [ 1645.4, 602.2 ], [ 1644.4, 601.6 ], [ 1638.6, 600.8 ], [ 1632.8, 597.7 ], [ 1630.7, 597.4 ], [ 1628.7, 598.7 ], [ 1627.0, 599.3 ], [ 1625.0, 598.4 ], [ 1623.4, 596.8 ], [ 1622.5, 595.5 ], [ 1622.3, 594.6 ], [ 1622.1, 593.7 ], [ 1622.1, 592.7 ], [ 1622.2, 591.7 ], [ 1622.7, 590.3 ], [ 1623.2, 590.3 ], [ 1623.7, 590.7 ], [ 1624.4, 590.5 ], [ 1626.8, 588.1 ], [ 1628.1, 587.4 ], [ 1641.2, 588.9 ], [ 1642.3, 588.7 ], [ 1645.7, 587.1 ], [ 1647.0, 586.9 ], [ 1648.3, 587.6 ], [ 1649.0, 588.6 ], [ 1649.5, 589.9 ], [ 1650.5, 591.1 ], [ 1654.4, 594.0 ], [ 1655.0, 594.8 ], [ 1655.3, 593.1 ], [ 1655.3, 591.4 ], [ 1654.7, 590.1 ], [ 1653.3, 589.5 ], [ 1653.5, 588.4 ], [ 1654.6, 588.5 ], [ 1655.6, 588.8 ], [ 1656.4, 589.4 ], [ 1657.2, 590.4 ], [ 1658.7, 589.1 ], [ 1660.7, 588.9 ], [ 1662.7, 590.0 ], [ 1664.2, 590.8 ], [ 1658.8, 586.3 ], [ 1657.6, 584.0 ], [ 1658.0, 582.4 ], [ 1659.4, 581.5 ], [ 1668.2, 582.2 ], [ 1672.0, 581.4 ], [ 1675.3, 579.3 ], [ 1674.3, 578.5 ], [ 1672.7, 578.3 ], [ 1671.2, 578.7 ], [ 1669.3, 581.0 ], [ 1667.7, 580.5 ], [ 1664.6, 578.9 ], [ 1665.7, 577.6 ], [ 1669.8, 574.7 ], [ 1666.3, 573.1 ], [ 1658.1, 573.1 ], [ 1654.5, 571.2 ], [ 1657.4, 571.1 ], [ 1660.4, 571.6 ], [ 1660.7, 570.4 ], [ 1660.1, 569.9 ], [ 1658.9, 567.8 ], [ 1660.7, 566.3 ], [ 1662.4, 563.4 ], [ 1663.9, 560.1 ], [ 1665.5, 557.3 ], [ 1667.4, 555.7 ], [ 1670.1, 554.6 ], [ 1672.8, 554.3 ], [ 1674.8, 555.1 ], [ 1675.4, 556.3 ], [ 1676.4, 559.6 ], [ 1677.0, 561.1 ], [ 1678.0, 562.3 ], [ 1679.1, 563.2 ], [ 1681.7, 564.2 ], [ 1686.5, 564.1 ], [ 1690.9, 563.0 ], [ 1691.1, 561.9 ], [ 1689.6, 562.0 ], [ 1688.1, 562.5 ], [ 1686.8, 562.7 ], [ 1685.8, 561.8 ], [ 1683.7, 562.7 ], [ 1682.0, 561.8 ], [ 1680.5, 560.3 ], [ 1679.0, 559.2 ], [ 1678.0, 558.1 ], [ 1678.7, 556.2 ], [ 1679.3, 554.2 ], [ 1677.8, 552.5 ], [ 1677.1, 552.4 ], [ 1675.2, 552.8 ], [ 1674.3, 552.8 ], [ 1673.5, 552.2 ], [ 1672.4, 550.5 ], [ 1671.6, 550.0 ], [ 1671.0, 548.6 ], [ 1672.8, 546.4 ], [ 1677.3, 542.7 ], [ 1678.6, 541.3 ], [ 1679.3, 540.8 ], [ 1680.4, 541.0 ], [ 1682.7, 541.8 ], [ 1683.7, 541.2 ], [ 1685.4, 540.7 ], [ 1687.2, 542.0 ], [ 1690.1, 545.4 ], [ 1691.6, 546.7 ], [ 1699.6, 548.6 ], [ 1700.1, 548.2 ], [ 1701.0, 547.2 ], [ 1702.4, 547.4 ], [ 1703.6, 548.1 ], [ 1704.2, 548.5 ], [ 1704.7, 548.6 ], [ 1705.0, 547.5 ], [ 1703.6, 546.1 ], [ 1696.4, 545.8 ], [ 1694.3, 546.2 ], [ 1693.2, 546.1 ], [ 1692.8, 545.4 ], [ 1691.3, 542.3 ], [ 1690.6, 541.2 ], [ 1684.2, 537.5 ], [ 1683.5, 535.7 ], [ 1684.7, 533.3 ], [ 1688.5, 529.8 ], [ 1690.1, 527.9 ], [ 1689.1, 525.0 ], [ 1691.8, 522.6 ], [ 1695.7, 521.1 ], [ 1698.7, 521.1 ], [ 1700.8, 523.7 ], [ 1702.7, 527.4 ], [ 1705.0, 530.1 ], [ 1708.4, 529.8 ], [ 1708.6, 528.8 ], [ 1705.4, 527.2 ], [ 1704.8, 526.4 ], [ 1704.1, 523.9 ], [ 1703.5, 522.7 ], [ 1702.8, 522.1 ], [ 1702.3, 520.9 ], [ 1703.9, 518.9 ], [ 1706.3, 517.2 ], [ 1708.5, 516.8 ], [ 1708.7, 515.7 ], [ 1706.9, 514.4 ], [ 1705.3, 515.3 ], [ 1703.8, 517.0 ], [ 1702.7, 517.7 ], [ 1701.1, 517.8 ], [ 1697.8, 519.3 ], [ 1696.0, 519.5 ], [ 1694.4, 518.9 ], [ 1691.6, 516.7 ], [ 1690.1, 516.0 ], [ 1686.3, 516.4 ], [ 1684.7, 515.9 ], [ 1684.4, 513.6 ], [ 1684.9, 513.2 ], [ 1687.9, 509.0 ], [ 1688.7, 508.4 ], [ 1690.7, 507.7 ], [ 1691.6, 507.0 ], [ 1692.5, 506.6 ], [ 1693.0, 507.3 ], [ 1693.2, 508.4 ], [ 1693.5, 509.0 ], [ 1695.5, 509.1 ], [ 1705.6, 506.7 ], [ 1710.0, 504.1 ], [ 1711.7, 500.0 ], [ 1710.4, 499.4 ], [ 1707.6, 501.2 ], [ 1702.7, 505.7 ], [ 1700.2, 506.8 ], [ 1698.4, 506.1 ], [ 1696.7, 504.7 ], [ 1694.4, 503.8 ], [ 1696.7, 502.9 ], [ 1697.6, 502.1 ], [ 1697.7, 500.7 ], [ 1697.5, 498.7 ], [ 1697.5, 497.7 ], [ 1697.2, 497.7 ], [ 1695.6, 498.6 ], [ 1688.4, 504.7 ], [ 1686.1, 505.3 ], [ 1681.7, 505.0 ], [ 1680.0, 503.6 ], [ 1680.0, 497.3 ], [ 1680.2, 497.5 ], [ 1680.7, 497.3 ], [ 1681.2, 497.0 ], [ 1681.4, 496.5 ], [ 1681.3, 496.0 ], [ 1680.8, 494.6 ], [ 1680.8, 494.1 ], [ 1681.2, 492.1 ], [ 1681.7, 491.1 ], [ 1682.8, 490.3 ], [ 1682.1, 489.6 ], [ 1679.8, 488.3 ], [ 1679.3, 487.9 ], [ 1679.5, 486.2 ], [ 1679.4, 483.4 ], [ 1679.7, 481.4 ], [ 1680.2, 480.4 ], [ 1681.9, 478.1 ], [ 1682.4, 477.2 ], [ 1683.0, 475.0 ], [ 1683.4, 473.1 ], [ 1684.1, 472.0 ], [ 1685.3, 472.3 ], [ 1685.3, 471.6 ], [ 1685.4, 469.8 ], [ 1685.4, 469.1 ], [ 1687.0, 468.8 ], [ 1688.4, 469.4 ], [ 1689.6, 470.7 ], [ 1692.9, 476.2 ], [ 1694.0, 477.5 ], [ 1694.8, 477.1 ], [ 1695.7, 479.6 ], [ 1696.3, 480.3 ], [ 1698.3, 482.6 ], [ 1699.2, 483.0 ], [ 1698.9, 482.1 ], [ 1698.9, 481.2 ], [ 1698.9, 480.5 ], [ 1698.8, 479.7 ], [ 1704.9, 480.0 ], [ 1708.1, 481.3 ], [ 1710.0, 481.7 ], [ 1710.6, 480.7 ], [ 1708.6, 478.1 ], [ 1705.1, 476.4 ], [ 1701.4, 476.1 ], [ 1698.7, 477.6 ], [ 1696.7, 473.7 ], [ 1697.2, 473.3 ], [ 1698.2, 472.0 ], [ 1695.7, 470.8 ], [ 1694.8, 468.2 ], [ 1694.5, 465.0 ], [ 1693.5, 462.2 ], [ 1692.4, 461.4 ], [ 1691.2, 460.9 ], [ 1690.4, 460.1 ], [ 1690.4, 458.1 ], [ 1691.3, 456.4 ], [ 1693.3, 454.9 ], [ 1693.2, 453.4 ], [ 1693.5, 452.3 ], [ 1696.9, 451.3 ], [ 1698.4, 451.5 ], [ 1700.2, 454.8 ], [ 1701.2, 454.8 ], [ 1702.3, 453.9 ], [ 1703.4, 452.4 ], [ 1702.5, 451.9 ], [ 1702.1, 451.0 ], [ 1701.8, 449.9 ], [ 1701.2, 448.7 ], [ 1700.4, 447.9 ], [ 1694.1, 444.8 ], [ 1694.2, 443.2 ], [ 1695.5, 439.3 ], [ 1695.8, 437.5 ], [ 1696.3, 436.3 ], [ 1696.3, 433.1 ], [ 1696.7, 431.2 ], [ 1697.4, 429.6 ], [ 1698.3, 428.3 ], [ 1699.4, 427.2 ], [ 1700.7, 426.6 ], [ 1702.9, 426.2 ], [ 1705.0, 426.7 ], [ 1707.0, 427.8 ], [ 1708.6, 429.5 ], [ 1707.9, 431.5 ], [ 1707.4, 434.6 ], [ 1707.3, 437.8 ], [ 1707.4, 440.1 ], [ 1707.8, 441.9 ], [ 1708.6, 443.3 ], [ 1709.7, 444.1 ], [ 1711.0, 444.4 ], [ 1710.6, 443.5 ], [ 1710.4, 442.7 ], [ 1710.2, 440.7 ], [ 1711.2, 440.9 ], [ 1711.9, 441.3 ], [ 1713.2, 442.6 ], [ 1713.4, 439.5 ], [ 1714.2, 437.5 ], [ 1714.8, 435.5 ], [ 1714.2, 433.0 ], [ 1711.8, 429.3 ], [ 1711.2, 427.4 ], [ 1712.3, 426.0 ], [ 1711.8, 425.7 ], [ 1711.6, 425.4 ], [ 1711.5, 424.7 ], [ 1712.6, 423.5 ], [ 1715.0, 421.4 ], [ 1716.0, 420.3 ], [ 1716.8, 422.1 ], [ 1717.5, 422.8 ], [ 1720.5, 423.5 ], [ 1719.1, 427.5 ], [ 1720.6, 431.1 ], [ 1723.5, 433.6 ], [ 1726.0, 434.5 ], [ 1725.8, 433.4 ], [ 1727.0, 432.3 ], [ 1729.0, 428.2 ], [ 1730.1, 426.7 ], [ 1731.1, 427.0 ], [ 1734.4, 429.4 ], [ 1735.3, 430.6 ], [ 1737.0, 433.8 ], [ 1739.3, 436.1 ], [ 1744.6, 439.6 ], [ 1743.9, 437.3 ], [ 1743.2, 436.1 ], [ 1741.1, 434.5 ], [ 1738.4, 430.1 ], [ 1733.7, 426.6 ], [ 1733.2, 425.8 ], [ 1733.3, 424.9 ], [ 1733.2, 424.5 ], [ 1733.3, 424.1 ], [ 1733.8, 423.2 ], [ 1734.4, 423.2 ], [ 1734.8, 424.0 ], [ 1735.4, 424.3 ], [ 1736.2, 422.5 ], [ 1737.6, 423.8 ], [ 1739.0, 427.7 ], [ 1740.6, 429.0 ], [ 1741.5, 429.1 ], [ 1743.2, 428.7 ], [ 1744.1, 428.7 ], [ 1745.1, 429.3 ], [ 1746.6, 431.0 ], [ 1747.3, 431.5 ], [ 1748.1, 432.3 ], [ 1750.4, 435.9 ], [ 1753.5, 438.2 ], [ 1754.9, 442.9 ], [ 1756.3, 444.3 ], [ 1756.0, 443.4 ], [ 1755.7, 442.0 ], [ 1755.6, 440.4 ], [ 1755.6, 439.3 ], [ 1755.4, 438.2 ], [ 1748.9, 429.3 ], [ 1747.1, 428.4 ], [ 1747.4, 427.2 ], [ 1748.9, 427.6 ], [ 1749.8, 426.6 ], [ 1750.1, 424.8 ], [ 1749.8, 422.8 ], [ 1749.0, 421.7 ], [ 1746.6, 420.6 ], [ 1745.7, 419.3 ], [ 1743.4, 418.1 ], [ 1741.1, 413.2 ], [ 1739.1, 412.3 ], [ 1739.4, 411.9 ], [ 1739.5, 411.8 ], [ 1740.0, 411.5 ], [ 1739.1, 409.5 ], [ 1737.7, 408.6 ], [ 1734.4, 408.1 ], [ 1734.8, 407.5 ], [ 1735.1, 407.0 ], [ 1735.4, 406.6 ], [ 1736.0, 406.2 ], [ 1736.2, 405.2 ], [ 1734.7, 399.7 ], [ 1736.6, 398.0 ], [ 1739.5, 399.5 ], [ 1740.5, 403.9 ], [ 1742.6, 402.9 ], [ 1744.1, 403.8 ], [ 1745.9, 404.4 ], [ 1748.3, 402.4 ], [ 1747.8, 402.3 ], [ 1748.6, 400.9 ], [ 1748.8, 399.5 ], [ 1748.7, 398.2 ], [ 1748.4, 397.0 ], [ 1749.5, 397.2 ], [ 1749.7, 396.2 ], [ 1748.4, 394.7 ], [ 1749.6, 394.1 ], [ 1752.0, 394.1 ], [ 1753.2, 393.7 ], [ 1753.5, 392.6 ], [ 1750.8, 392.1 ], [ 1749.6, 391.6 ], [ 1748.7, 390.5 ], [ 1749.5, 389.6 ], [ 1749.1, 388.8 ], [ 1748.6, 388.0 ], [ 1748.0, 387.4 ], [ 1747.3, 387.0 ], [ 1747.6, 386.3 ], [ 1748.2, 384.6 ], [ 1748.6, 383.9 ], [ 1747.6, 383.7 ], [ 1746.9, 382.9 ], [ 1744.5, 376.4 ], [ 1745.2, 373.9 ], [ 1746.6, 373.7 ], [ 1748.2, 374.9 ], [ 1751.0, 378.0 ], [ 1752.3, 378.7 ], [ 1753.7, 378.6 ], [ 1757.4, 377.2 ], [ 1759.2, 377.0 ], [ 1760.9, 377.5 ], [ 1762.2, 379.3 ], [ 1763.1, 378.3 ], [ 1764.4, 377.5 ], [ 1765.6, 377.1 ], [ 1766.4, 376.9 ], [ 1767.7, 377.7 ], [ 1769.7, 380.4 ], [ 1770.6, 381.1 ], [ 1774.7, 381.6 ], [ 1775.8, 382.2 ], [ 1780.4, 387.6 ], [ 1780.0, 385.9 ], [ 1779.3, 384.7 ], [ 1777.5, 382.6 ], [ 1778.7, 381.9 ], [ 1781.1, 382.0 ], [ 1782.3, 381.4 ], [ 1777.5, 379.3 ], [ 1775.9, 379.0 ], [ 1775.2, 379.3 ], [ 1774.0, 380.4 ], [ 1773.1, 380.5 ], [ 1772.3, 380.0 ], [ 1771.0, 378.3 ], [ 1770.2, 377.8 ], [ 1769.2, 376.7 ], [ 1767.7, 372.6 ], [ 1767.0, 371.6 ], [ 1767.1, 371.1 ], [ 1766.1, 368.4 ], [ 1765.8, 368.0 ], [ 1765.7, 366.0 ], [ 1765.7, 364.8 ], [ 1765.7, 363.7 ], [ 1767.3, 364.0 ], [ 1766.9, 362.2 ], [ 1767.3, 360.7 ], [ 1768.2, 359.4 ], [ 1769.3, 357.9 ], [ 1769.5, 357.2 ], [ 1769.6, 356.2 ], [ 1769.8, 355.3 ], [ 1770.2, 355.0 ], [ 1770.8, 355.3 ], [ 1771.7, 356.1 ], [ 1772.1, 356.4 ], [ 1776.0, 360.6 ], [ 1779.4, 361.2 ], [ 1777.6, 358.9 ], [ 1777.0, 357.8 ], [ 1777.6, 356.6 ], [ 1777.3, 355.3 ], [ 1776.4, 355.9 ], [ 1775.5, 356.2 ], [ 1774.6, 356.1 ], [ 1773.8, 355.8 ], [ 1774.0, 354.6 ], [ 1774.8, 354.8 ], [ 1775.1, 354.9 ], [ 1775.3, 353.8 ], [ 1774.8, 353.6 ], [ 1774.5, 353.3 ], [ 1773.9, 352.3 ], [ 1778.9, 350.7 ], [ 1780.6, 352.0 ], [ 1782.6, 354.2 ], [ 1775.7, 344.6 ], [ 1776.3, 341.9 ], [ 1776.7, 340.6 ], [ 1777.5, 340.0 ], [ 1782.3, 338.4 ], [ 1783.7, 337.4 ], [ 1785.2, 335.2 ], [ 1784.6, 335.1 ], [ 1785.9, 332.1 ], [ 1786.9, 329.1 ], [ 1788.0, 326.6 ], [ 1789.7, 325.3 ], [ 1799.4, 329.7 ], [ 1800.9, 331.4 ], [ 1801.9, 333.5 ], [ 1801.8, 334.3 ], [ 1801.7, 336.8 ], [ 1801.7, 338.9 ], [ 1802.0, 338.8 ], [ 1801.5, 340.5 ], [ 1801.0, 341.8 ], [ 1800.4, 342.8 ], [ 1799.7, 343.9 ], [ 1801.4, 343.0 ], [ 1802.3, 341.7 ], [ 1802.8, 340.2 ], [ 1803.1, 338.6 ], [ 1804.0, 336.5 ], [ 1804.9, 335.7 ], [ 1805.5, 334.7 ], [ 1805.7, 332.0 ], [ 1806.8, 333.6 ], [ 1808.5, 337.4 ], [ 1809.7, 338.3 ], [ 1811.6, 340.5 ], [ 1812.5, 341.1 ], [ 1813.2, 341.8 ], [ 1813.0, 343.0 ], [ 1812.4, 344.4 ], [ 1811.8, 345.3 ], [ 1810.6, 346.3 ], [ 1807.2, 348.5 ], [ 1805.0, 352.0 ], [ 1802.8, 354.5 ], [ 1801.6, 356.4 ], [ 1803.2, 356.5 ], [ 1809.0, 352.2 ], [ 1809.9, 351.9 ], [ 1810.9, 349.7 ], [ 1812.4, 348.9 ], [ 1814.2, 348.5 ], [ 1816.0, 347.3 ], [ 1817.4, 344.9 ], [ 1818.5, 342.2 ], [ 1819.7, 340.2 ], [ 1821.9, 339.8 ], [ 1825.1, 341.1 ], [ 1828.1, 343.3 ], [ 1831.4, 347.0 ], [ 1831.1, 348.2 ], [ 1830.9, 348.7 ], [ 1830.8, 348.8 ], [ 1830.7, 350.3 ], [ 1828.3, 352.2 ], [ 1826.6, 354.7 ], [ 1824.9, 357.6 ], [ 1822.8, 360.6 ], [ 1824.3, 360.3 ], [ 1825.9, 359.2 ], [ 1828.7, 356.4 ], [ 1829.0, 355.9 ], [ 1829.0, 355.1 ], [ 1829.1, 354.5 ], [ 1829.5, 354.3 ], [ 1829.9, 354.2 ], [ 1833.9, 351.4 ], [ 1834.2, 351.1 ], [ 1837.7, 349.5 ], [ 1840.0, 348.9 ], [ 1840.8, 349.0 ], [ 1842.3, 349.8 ], [ 1844.2, 352.6 ], [ 1845.9, 353.5 ], [ 1845.0, 352.1 ], [ 1846.0, 351.6 ], [ 1846.6, 350.8 ], [ 1847.2, 350.0 ], [ 1847.8, 349.5 ], [ 1848.8, 349.6 ], [ 1850.1, 350.6 ], [ 1851.1, 351.1 ], [ 1851.9, 350.8 ], [ 1853.0, 348.9 ], [ 1853.9, 348.6 ], [ 1857.0, 349.2 ], [ 1858.5, 350.1 ], [ 1859.2, 350.3 ], [ 1860.2, 349.9 ], [ 1861.1, 348.9 ], [ 1862.7, 346.6 ], [ 1863.5, 346.2 ], [ 1864.3, 346.2 ], [ 1864.4, 346.0 ], [ 1864.4, 346.4 ], [ 1865.3, 349.7 ], [ 1865.6, 350.2 ], [ 1867.5, 350.1 ], [ 1874.0, 352.6 ], [ 1881.1, 352.8 ], [ 1884.8, 351.9 ], [ 1891.1, 348.8 ], [ 1894.5, 347.9 ], [ 1899.6, 347.9 ], [ 1902.1, 348.5 ], [ 1903.8, 349.7 ], [ 1902.8, 350.4 ], [ 1902.5, 350.5 ], [ 1904.0, 352.7 ], [ 1906.3, 353.0 ], [ 1911.1, 352.2 ], [ 1915.1, 355.1 ], [ 1917.3, 355.5 ], [ 1919.0, 352.6 ], [ 1917.7, 351.8 ], [ 1916.5, 350.4 ], [ 1915.5, 348.6 ], [ 1915.1, 346.4 ], [ 1917.4, 344.3 ], [ 1918.7, 343.7 ], [ 1920.0, 344.2 ], [ 1920.2, 345.1 ], [ 1920.1, 346.5 ], [ 1920.1, 347.9 ], [ 1920.6, 348.6 ], [ 1923.0, 349.1 ], [ 1928.5, 348.4 ], [ 1931.8, 348.7 ], [ 1935.3, 352.5 ], [ 1938.0, 353.0 ], [ 1943.4, 352.9 ], [ 1945.8, 354.6 ], [ 1944.8, 357.3 ], [ 1942.7, 360.1 ], [ 1941.9, 362.3 ], [ 1940.7, 363.4 ], [ 1939.0, 366.0 ], [ 1938.0, 367.1 ], [ 1935.6, 368.7 ], [ 1934.8, 369.6 ], [ 1933.3, 372.4 ], [ 1932.8, 374.9 ], [ 1933.3, 376.9 ], [ 1934.8, 378.2 ], [ 1935.8, 378.3 ], [ 1936.8, 378.0 ], [ 1937.6, 377.9 ], [ 1938.1, 378.9 ], [ 1938.0, 380.7 ], [ 1937.4, 382.0 ], [ 1936.5, 382.7 ], [ 1935.6, 382.8 ], [ 1933.8, 388.0 ], [ 1929.0, 394.2 ], [ 1923.6, 399.7 ], [ 1919.9, 402.6 ], [ 1916.2, 403.9 ], [ 1908.6, 405.1 ], [ 1905.5, 406.3 ], [ 1900.4, 409.9 ], [ 1899.4, 411.1 ], [ 1898.3, 413.5 ], [ 1896.2, 415.8 ], [ 1892.1, 419.0 ], [ 1871.5, 430.2 ], [ 1864.9, 432.1 ], [ 1863.2, 433.3 ], [ 1862.1, 434.8 ], [ 1860.7, 437.7 ], [ 1860.0, 438.7 ], [ 1859.1, 439.3 ], [ 1856.9, 440.1 ], [ 1854.2, 440.2 ], [ 1848.3, 442.8 ], [ 1847.4, 443.1 ], [ 1846.7, 443.9 ], [ 1846.1, 445.1 ], [ 1845.8, 446.7 ], [ 1844.6, 445.7 ], [ 1844.3, 445.2 ], [ 1845.1, 444.4 ], [ 1844.1, 443.6 ], [ 1842.0, 442.9 ], [ 1840.0, 441.0 ], [ 1839.5, 441.5 ], [ 1839.5, 442.8 ], [ 1839.9, 444.3 ], [ 1840.9, 445.5 ], [ 1843.4, 446.1 ], [ 1844.5, 447.0 ], [ 1844.9, 447.8 ], [ 1846.0, 451.1 ], [ 1843.8, 453.6 ], [ 1843.0, 455.0 ], [ 1843.0, 456.8 ], [ 1841.8, 456.6 ], [ 1839.6, 455.1 ], [ 1838.3, 454.9 ], [ 1837.5, 455.4 ], [ 1835.6, 457.0 ], [ 1834.9, 457.5 ], [ 1832.6, 456.9 ], [ 1828.5, 453.6 ], [ 1826.4, 452.5 ], [ 1819.5, 452.9 ], [ 1818.0, 451.3 ], [ 1816.2, 447.1 ], [ 1814.9, 445.4 ], [ 1813.4, 444.5 ], [ 1816.3, 451.8 ], [ 1818.4, 454.5 ], [ 1821.4, 455.8 ], [ 1825.0, 454.9 ], [ 1826.7, 454.9 ], [ 1827.8, 456.6 ], [ 1828.9, 458.6 ], [ 1830.5, 460.4 ], [ 1831.8, 460.6 ], [ 1831.9, 457.9 ], [ 1836.3, 462.6 ], [ 1839.0, 463.9 ], [ 1844.3, 461.1 ], [ 1846.8, 462.3 ], [ 1847.8, 464.5 ], [ 1846.3, 466.2 ], [ 1848.8, 467.5 ], [ 1852.1, 466.7 ], [ 1855.6, 464.5 ], [ 1858.5, 461.6 ], [ 1860.1, 460.4 ], [ 1861.0, 460.8 ], [ 1861.3, 462.4 ], [ 1860.5, 464.8 ], [ 1859.6, 466.0 ], [ 1845.6, 478.4 ], [ 1843.5, 479.6 ], [ 1840.7, 482.4 ], [ 1839.4, 483.3 ], [ 1837.7, 483.3 ], [ 1836.5, 482.5 ], [ 1836.5, 480.9 ], [ 1838.0, 478.7 ], [ 1836.2, 476.2 ], [ 1833.2, 476.6 ], [ 1825.7, 481.1 ], [ 1824.5, 481.4 ], [ 1822.4, 481.1 ], [ 1816.8, 481.5 ], [ 1815.4, 480.9 ], [ 1814.0, 480.7 ], [ 1813.0, 482.3 ], [ 1812.0, 484.3 ], [ 1810.6, 485.1 ], [ 1809.3, 485.3 ], [ 1802.9, 489.6 ], [ 1802.0, 490.5 ], [ 1801.0, 491.9 ], [ 1799.8, 494.1 ], [ 1800.2, 494.3 ], [ 1801.5, 493.6 ], [ 1804.2, 493.1 ], [ 1805.6, 492.1 ], [ 1807.1, 490.8 ], [ 1808.2, 489.5 ], [ 1809.5, 488.3 ], [ 1813.7, 486.8 ], [ 1817.5, 484.1 ], [ 1821.4, 483.0 ], [ 1822.0, 483.1 ], [ 1822.9, 483.7 ], [ 1823.7, 485.3 ], [ 1827.6, 487.0 ], [ 1829.4, 487.3 ], [ 1830.9, 486.5 ], [ 1832.1, 485.6 ], [ 1836.1, 484.1 ], [ 1837.4, 484.1 ], [ 1837.4, 486.1 ], [ 1835.1, 488.9 ], [ 1832.1, 491.4 ], [ 1829.3, 492.8 ], [ 1825.5, 496.9 ], [ 1825.6, 497.7 ], [ 1825.8, 498.3 ], [ 1826.0, 498.8 ], [ 1826.2, 499.2 ], [ 1822.4, 498.8 ], [ 1820.6, 499.4 ], [ 1818.8, 500.9 ], [ 1819.3, 502.5 ], [ 1818.7, 502.6 ], [ 1817.0, 501.6 ], [ 1812.5, 500.7 ], [ 1812.3, 501.8 ], [ 1814.6, 502.2 ], [ 1815.7, 502.7 ], [ 1816.5, 503.7 ], [ 1814.3, 506.9 ], [ 1813.1, 508.2 ], [ 1811.9, 509.2 ], [ 1814.7, 510.6 ], [ 1816.1, 511.0 ], [ 1818.0, 510.5 ], [ 1819.7, 509.1 ], [ 1820.5, 508.2 ], [ 1820.7, 507.8 ], [ 1822.5, 508.0 ], [ 1823.5, 507.7 ], [ 1825.5, 505.8 ], [ 1826.9, 504.8 ], [ 1828.3, 504.2 ], [ 1829.6, 504.1 ], [ 1831.2, 503.7 ], [ 1830.6, 501.8 ], [ 1828.1, 498.5 ], [ 1830.4, 499.1 ], [ 1838.1, 499.4 ], [ 1845.8, 501.7 ], [ 1848.4, 501.4 ], [ 1862.7, 494.5 ], [ 1867.8, 494.3 ], [ 1866.9, 495.8 ], [ 1866.3, 496.5 ], [ 1865.5, 497.1 ], [ 1866.4, 498.2 ], [ 1867.5, 498.3 ], [ 1868.7, 498.0 ], [ 1870.0, 498.0 ], [ 1869.1, 493.6 ], [ 1871.9, 495.2 ], [ 1873.5, 495.7 ], [ 1875.1, 495.7 ], [ 1876.4, 495.0 ], [ 1878.1, 493.6 ], [ 1879.2, 491.8 ], [ 1879.1, 490.0 ], [ 1880.2, 488.6 ], [ 1881.0, 488.6 ], [ 1881.7, 489.2 ], [ 1882.6, 489.6 ], [ 1883.8, 489.4 ], [ 1886.2, 488.4 ], [ 1887.2, 488.3 ], [ 1897.3, 490.7 ], [ 1902.6, 495.9 ], [ 1912.5, 501.6 ], [ 1916.1, 502.4 ], [ 1919.6, 501.9 ], [ 1925.3, 499.2 ], [ 1926.8, 499.0 ], [ 1939.6, 501.3 ], [ 1940.1, 501.7 ], [ 1940.7, 503.4 ], [ 1941.4, 503.9 ], [ 1942.4, 503.7 ], [ 1943.2, 503.3 ], [ 1943.9, 503.3 ], [ 1944.5, 504.4 ], [ 1947.6, 503.6 ], [ 1954.1, 507.3 ], [ 1956.7, 507.6 ], [ 1957.6, 509.9 ], [ 1958.3, 509.8 ], [ 1959.1, 508.7 ], [ 1960.3, 508.2 ], [ 1961.7, 508.7 ], [ 1965.2, 511.3 ], [ 1966.0, 510.3 ], [ 1966.6, 510.6 ], [ 1967.2, 511.4 ], [ 1968.0, 511.8 ], [ 1969.1, 511.5 ], [ 1970.7, 510.3 ], [ 1971.5, 510.2 ], [ 1972.9, 511.5 ], [ 1973.8, 511.9 ], [ 1974.4, 511.2 ], [ 1974.8, 510.4 ], [ 1975.5, 509.7 ], [ 1976.4, 509.2 ], [ 1977.2, 509.0 ], [ 1978.8, 509.7 ], [ 1982.0, 512.5 ], [ 1983.6, 513.4 ], [ 1985.8, 513.3 ], [ 1991.3, 510.4 ], [ 1992.7, 510.3 ], [ 2001.7, 512.2 ], [ 2001.6, 512.8 ], [ 2001.9, 514.2 ], [ 2002.4, 515.7 ], [ 2002.9, 516.7 ], [ 2003.9, 517.0 ], [ 2005.5, 516.0 ], [ 2006.5, 516.2 ], [ 2006.9, 516.9 ], [ 2007.5, 519.2 ], [ 2013.0, 528.2 ], [ 2013.3, 530.9 ], [ 2013.1, 533.7 ], [ 2013.1, 536.5 ], [ 2014.0, 539.1 ], [ 2013.8, 540.1 ], [ 2013.1, 541.9 ], [ 2013.7, 543.8 ], [ 2015.6, 546.8 ], [ 2014.4, 546.8 ], [ 2013.6, 547.8 ], [ 2013.5, 549.1 ], [ 2014.2, 549.9 ], [ 2015.1, 550.5 ], [ 2014.4, 551.3 ], [ 2012.2, 552.7 ], [ 2008.0, 556.8 ], [ 2006.1, 559.3 ], [ 2005.6, 561.4 ], [ 1995.5, 568.0 ], [ 1992.8, 571.0 ], [ 1985.0, 584.3 ], [ 1981.6, 591.9 ], [ 1980.6, 594.9 ], [ 1980.3, 597.8 ], [ 1981.7, 599.3 ], [ 1981.7, 600.7 ], [ 1979.9, 603.2 ], [ 1979.8, 603.3 ], [ 1970.2, 614.1 ], [ 1966.7, 619.2 ], [ 1964.6, 624.5 ], [ 1964.6, 625.8 ], [ 1964.9, 626.8 ], [ 1965.1, 628.0 ], [ 1964.8, 629.9 ], [ 1964.2, 630.7 ], [ 1962.4, 632.4 ], [ 1961.9, 633.2 ], [ 1960.9, 635.8 ], [ 1959.3, 637.3 ], [ 1956.1, 639.1 ], [ 1953.2, 642.0 ], [ 1950.6, 645.2 ], [ 1948.9, 646.6 ], [ 1943.7, 648.8 ], [ 1942.1, 649.8 ], [ 1940.3, 651.3 ], [ 1939.2, 652.9 ], [ 1938.6, 653.6 ], [ 1936.5, 660.2 ], [ 1935.2, 661.9 ], [ 1933.7, 663.2 ], [ 1932.5, 665.3 ], [ 1932.3, 666.5 ], [ 1932.4, 668.7 ], [ 1932.3, 669.6 ], [ 1931.6, 670.6 ], [ 1929.8, 671.9 ], [ 1928.5, 674.4 ], [ 1926.9, 675.8 ], [ 1918.0, 680.1 ], [ 1915.9, 683.1 ], [ 1914.0, 684.0 ], [ 1910.4, 685.1 ], [ 1909.5, 686.1 ], [ 1907.1, 689.8 ], [ 1906.3, 690.1 ], [ 1905.7, 689.6 ], [ 1905.2, 688.8 ], [ 1904.2, 688.3 ], [ 1899.5, 688.2 ], [ 1879.0, 687.5 ], [ 1878.6, 687.4 ], [ 1875.1, 688.3 ], [ 1871.7, 690.1 ], [ 1861.2, 697.5 ], [ 1857.4, 698.3 ], [ 1853.9, 696.4 ] ] } },
{ "type": "Feature", "properties": { "scalerank": 6, "featurecla": "Coastline" }, "geometry": { "type": "LineString", "coordinates": [ [ 1572.0, 804.6 ], [ 1570.8, 804.5 ], [ 1569.7, 804.7 ], [ 1568.6, 805.1 ], [ 1567.4, 805.8 ], [ 1569.3, 806.6 ], [ 1571.5, 806.8 ], [ 1573.6, 807.5 ], [ 1575.1, 809.7 ], [ 1574.6, 810.3 ], [ 1574.4, 810.8 ], [ 1574.2, 811.6 ], [ 1573.8, 812.7 ], [ 1574.7, 811.9 ], [ 1575.9, 810.4 ], [ 1576.8, 808.6 ], [ 1577.0, 807.0 ], [ 1576.2, 806.3 ], [ 1572.0, 804.6 ] ] } },
{ "type": "Feature", "properties": { "scalerank": 6, "featurecla": "Coastline" }, "geometry": { "type": "LineString", "coordinates": [ [ 1364.4, 801.5 ], [ 1364.1, 800.7 ], [ 1363.7, 800.2 ], [ 1363.1, 800.3 ], [ 1362.1, 800.9 ], [ 1362.2, 801.2 ], [ 1362.3, 801.7 ], [ 1362.4, 802.1 ], [ 1361.9, 802.2 ], [ 1360.3, 802.7 ], [ 1360.2, 803.9 ], [ 1360.2, 804.2 ], [ 1360.2, 804.2 ], [ 1359.8, 804.8 ], [ 1359.5, 805.7 ], [ 1360.7, 807.2 ], [ 1362.5, 807.8 ], [ 1366.6, 807.6 ], [ 1366.8, 805.0 ], [ 1366.5, 803.5 ], [ 1365.6, 802.5 ], [ 1364.4, 801.5 ] ] } },
{ "type": "Feature", "properties": { "scalerank": 6, "featurecla": "Coastline" }, "geometry": { "type": "LineString", "coordinates": [ [ 1678.7, 796.8 ], [ 1675.5, 794.4 ], [ 1674.9, 793.7 ], [ 1674.9, 791.6 ], [ 1675.8, 791.2 ], [ 1677.0, 791.5 ], [ 1678.0, 791.1 ], [ 1678.5, 787.7 ], [ 1675.7, 783.0 ], [ 1677.1, 781.2 ], [ 1677.0, 773.3 ], [ 1676.6, 769.8 ], [ 1675.4, 766.6 ], [ 1674.2, 764.9 ], [ 1669.3, 760.9 ], [ 1668.7, 760.6 ], [ 1666.4, 760.2 ], [ 1666.5, 760.8 ], [ 1666.4, 762.0 ], [ 1666.5, 762.5 ], [ 1663.5, 762.4 ], [ 1660.4, 764.2 ], [ 1657.6, 767.0 ], [ 1655.7, 770.0 ], [ 1654.2, 774.8 ], [ 1654.1, 778.6 ], [ 1655.0, 782.0 ], [ 1656.5, 785.5 ], [ 1655.9, 786.1 ], [ 1655.7, 786.6 ], [ 1655.4, 786.9 ], [ 1654.9, 787.2 ], [ 1654.6, 788.3 ], [ 1654.7, 789.5 ], [ 1654.6, 793.7 ], [ 1654.4, 794.7 ], [ 1654.2, 795.8 ], [ 1657.0, 799.6 ], [ 1660.1, 802.7 ], [ 1663.7, 804.9 ], [ 1668.2, 806.4 ], [ 1672.3, 806.5 ], [ 1674.7, 806.0 ], [ 1676.2, 804.9 ], [ 1676.5, 802.3 ], [ 1676.2, 799.8 ], [ 1676.5, 797.7 ], [ 1678.7, 796.8 ] ] } },
{ "type": "Feature", "properties": { "scalerank": 6, "featurecla": "Coastline" }, "geometry": { "type": "LineString", "coordinates": [ [ 1690.1, 761.1 ], [ 1691.4, 759.2 ], [ 1692.2, 758.5 ], [ 1692.5, 757.6 ], [ 1692.6, 752.7 ], [ 1692.5, 750.5 ], [ 1692.1, 748.4 ], [ 1691.5, 746.1 ], [ 1690.9, 745.3 ], [ 1690.2, 744.8 ], [ 1689.8, 744.0 ], [ 1690.0, 740.4 ], [ 1689.6, 739.8 ], [ 1688.8, 739.5 ], [ 1688.2, 738.9 ], [ 1686.2, 735.4 ], [ 1684.1, 732.6 ], [ 1681.0, 733.5 ], [ 1680.4, 735.8 ], [ 1680.9, 738.7 ], [ 1681.0, 741.2 ], [ 1681.3, 742.4 ], [ 1683.8, 745.1 ], [ 1683.6, 747.1 ], [ 1683.6, 751.5 ], [ 1683.9, 754.2 ], [ 1688.3, 760.7 ], [ 1688.8, 763.6 ], [ 1689.3, 765.1 ], [ 1690.4, 765.4 ], [ 1691.2, 764.5 ], [ 1691.3, 763.2 ], [ 1690.9, 761.9 ], [ 1690.1, 761.1 ] ] } },
{ "type": "Feature", "properties": { "scalerank": 6, "featurecla": "Coastline" }, "geometry": { "type": "LineString", "coordinates": [ [ 1604.3, 745.4 ], [ 1603.1, 744.4 ], [ 1602.6, 743.7 ], [ 1602.4, 742.8 ], [ 1602.7, 741.9 ], [ 1603.4, 740.6 ], [ 1604.0, 739.4 ], [ 1603.7, 738.8 ], [ 1603.0, 738.1 ], [ 1602.0, 736.5 ], [ 1601.2, 734.7 ], [ 1601.0, 733.2 ], [ 1601.8, 728.6 ], [ 1602.6, 719.9 ], [ 1603.8, 713.4 ], [ 1603.7, 712.4 ], [ 1603.3, 711.7 ], [ 1602.5, 711.2 ], [ 1601.5, 711.9 ], [ 1600.2, 712.7 ], [ 1598.7, 713.2 ], [ 1597.4, 713.3 ], [ 1596.2, 713.7 ], [ 1593.4, 716.1 ], [ 1590.0, 717.2 ], [ 1586.6, 719.3 ], [ 1584.0, 722.3 ], [ 1583.9, 725.4 ], [ 1583.7, 726.4 ], [ 1582.7, 725.9 ], [ 1582.3, 724.6 ], [ 1582.4, 721.8 ], [ 1582.6, 720.8 ], [ 1584.6, 716.8 ], [ 1585.5, 716.0 ], [ 1584.5, 715.2 ], [ 1583.4, 715.8 ], [ 1582.1, 716.7 ], [ 1577.0, 717.7 ], [ 1573.4, 719.2 ], [ 1572.5, 720.2 ], [ 1571.8, 722.1 ], [ 1571.1, 724.4 ], [ 1570.4, 725.8 ], [ 1569.5, 726.6 ], [ 1568.2, 727.3 ], [ 1570.5, 730.0 ], [ 1565.4, 734.8 ], [ 1563.9, 737.1 ], [ 1564.3, 737.4 ], [ 1564.5, 738.1 ], [ 1564.8, 738.5 ], [ 1563.1, 740.9 ], [ 1562.4, 743.3 ], [ 1563.1, 745.0 ], [ 1565.6, 745.2 ], [ 1567.0, 744.2 ], [ 1570.7, 740.8 ], [ 1573.8, 739.5 ], [ 1575.6, 737.3 ], [ 1578.8, 732.5 ], [ 1580.9, 731.4 ], [ 1583.4, 731.6 ], [ 1585.7, 732.6 ], [ 1587.4, 733.9 ], [ 1582.6, 736.8 ], [ 1579.8, 739.1 ], [ 1578.8, 741.7 ], [ 1579.5, 741.9 ], [ 1582.5, 744.4 ], [ 1583.2, 745.9 ], [ 1583.8, 751.7 ], [ 1578.5, 753.3 ], [ 1576.2, 755.0 ], [ 1574.8, 758.3 ], [ 1575.2, 762.0 ], [ 1577.1, 763.2 ], [ 1579.5, 762.9 ], [ 1582.0, 761.6 ], [ 1583.1, 760.9 ], [ 1583.6, 760.4 ], [ 1585.0, 757.3 ], [ 1586.2, 757.0 ], [ 1589.7, 758.4 ], [ 1592.2, 758.2 ], [ 1594.8, 757.4 ], [ 1597.2, 756.1 ], [ 1599.2, 754.1 ], [ 1599.5, 755.3 ], [ 1600.2, 754.2 ], [ 1601.1, 753.4 ], [ 1602.1, 753.0 ], [ 1603.2, 752.7 ], [ 1603.4, 751.7 ], [ 1603.2, 750.4 ], [ 1603.3, 748.8 ], [ 1603.7, 747.1 ], [ 1604.3, 745.4 ] ] } },
{ "type": "Feature", "properties": { "scalerank": 6, "featurecla": "Coastline" }, "geometry": { "type": "LineString", "coordinates": [ [ 1637.4, 691.8 ], [ 1629.5, 696.8 ], [ 1626.8, 697.0 ], [ 1624.7, 698.0 ], [ 1621.4, 700.6 ], [ 1618.1, 704.0 ], [ 1616.3, 707.2 ], [ 1617.0, 709.9 ], [ 1619.8, 710.5 ], [ 1623.2, 710.3 ], [ 1625.1, 710.8 ], [ 1621.8, 712.5 ], [ 1614.9, 712.4 ], [ 1611.9, 713.9 ], [ 1610.2, 715.1 ], [ 1608.6, 715.5 ], [ 1607.1, 716.3 ], [ 1605.7, 718.4 ], [ 1604.9, 721.0 ], [ 1604.0, 728.5 ], [ 1604.4, 732.6 ], [ 1607.0, 735.4 ], [ 1610.2, 736.3 ], [ 1612.7, 735.3 ], [ 1613.8, 733.1 ], [ 1616.0, 727.5 ], [ 1616.9, 726.4 ], [ 1618.5, 726.0 ], [ 1621.2, 723.8 ], [ 1622.0, 724.3 ], [ 1625.3, 718.7 ], [ 1635.7, 706.1 ], [ 1641.0, 698.4 ], [ 1643.1, 697.0 ], [ 1644.8, 695.0 ], [ 1646.5, 694.0 ], [ 1647.0, 692.1 ], [ 1647.2, 690.0 ], [ 1647.3, 688.5 ], [ 1645.7, 687.2 ], [ 1642.7, 688.4 ], [ 1637.4, 691.8 ] ] } },
{ "type": "Feature", "properties": { "scalerank": 6, "featurecla": "Coastline" }, "geometry": { "type": "LineString", "coordinates": [ [ 1602.7, 685.5 ], [ 1602.0, 686.2 ], [ 1599.7, 688.2 ], [ 1598.5, 689.8 ], [ 1597.6, 691.7 ], [ 1596.6, 693.3 ], [ 1595.0, 694.1 ], [ 1596.5, 695.4 ], [ 1598.8, 696.1 ], [ 1601.3, 695.9 ], [ 1603.3, 695.0 ], [ 1603.6, 692.3 ], [ 1605.3, 689.5 ], [ 1609.1, 685.4 ], [ 1609.2, 683.5 ], [ 1608.2, 683.2 ], [ 1606.8, 683.5 ], [ 1605.3, 683.4 ], [ 1605.3, 684.5 ], [ 1605.4, 684.9 ], [ 1605.5, 685.5 ], [ 1604.7, 686.0 ], [ 1603.5, 685.1 ], [ 1602.7, 685.5 ] ] } },
{ "type": "Feature", "properties": { "scalerank": 6, "featurecla": "Coastline" }, "geometry": { "type": "LineString", "coordinates": [ [ 1649.7, 680.3 ], [ 1646.3, 682.0 ], [ 1644.6, 683.1 ], [ 1643.1, 685.4 ], [ 1645.2, 685.6 ], [ 1648.0, 685.3 ], [ 1650.1, 684.1 ], [ 1650.0, 681.6 ], [ 1649.7, 680.3 ] ] } },
{ "type": "Feature", "properties": { "scalerank": 6, "featurecla": "Coastline" }, "geometry": { "type": "LineString", "coordinates": [ [ 1656.4, 672.1 ], [ 1655.1, 673.0 ], [ 1653.4, 676.4 ], [ 1652.2, 677.6 ], [ 1652.9, 682.1 ], [ 1653.5, 683.2 ], [ 1655.4, 678.7 ], [ 1656.7, 676.6 ], [ 1657.8, 674.6 ], [ 1658.2, 672.4 ], [ 1657.5, 673.1 ], [ 1657.1, 673.1 ], [ 1656.8, 672.7 ], [ 1656.4, 672.1 ] ] } },
{ "type": "Feature", "properties": { "scalerank": 6, "featurecla": "Coastline" }, "geometry": { "type": "LineString", "coordinates": [ [ 3326.5, 4012.5 ], [ 3326.8, 4012.1 ], [ 3326.5, 4011.9 ], [ 3325.4, 4011.7 ], [ 3319.5, 4011.3 ], [ 3318.1, 4011.0 ], [ 3315.3, 4011.0 ], [ 3314.3, 4011.8 ], [ 3315.6, 4012.4 ], [ 3318.1, 4013.0 ], [ 3323.1, 4014.9 ], [ 3323.6, 4014.9 ], [ 3324.2, 4015.4 ], [ 3325.3, 4015.7 ], [ 3326.6, 4015.1 ], [ 3326.9, 4013.7 ], [ 3326.5, 4012.7 ], [ 3326.5, 4012.5 ] ] } },
{ "type": "Feature", "properties": { "scalerank": 6, "featurecla": "Coastline" }, "geometry": { "type": "LineString", "coordinates": [ [ 3355.1, 3956.0 ], [ 3354.3, 3956.2 ], [ 3353.5, 3956.7 ], [ 3353.3, 3957.6 ], [ 3354.0, 3958.6 ], [ 3354.8, 3959.1 ], [ 3356.8, 3959.0 ], [ 3357.3, 3958.5 ], [ 3356.9, 3956.9 ], [ 3356.0, 3956.0 ], [ 3355.1, 3956.0 ] ] } },
{ "type": "Feature", "properties": { "scalerank": 5, "featurecla": "Coastline" }, "geometry": { "type": "LineString", "coordinates": [ [ 3568.7, 3943.1 ], [ 3565.0, 3941.8 ], [ 3564.3, 3941.7 ], [ 3564.3, 3940.1 ], [ 3564.1, 3938.6 ], [ 3563.4, 3937.5 ], [ 3559.6, 3936.4 ], [ 3555.2, 3933.1 ], [ 3553.0, 3932.4 ], [ 3543.0, 3931.8 ], [ 3544.5, 3930.3 ], [ 3545.3, 3929.9 ], [ 3546.4, 3929.6 ], [ 3546.3, 3928.5 ], [ 3544.4, 3928.8 ], [ 3542.6, 3929.5 ], [ 3541.0, 3930.5 ], [ 3539.5, 3932.0 ], [ 3540.9, 3933.5 ], [ 3541.8, 3935.9 ], [ 3542.6, 3941.2 ], [ 3542.8, 3946.0 ], [ 3543.2, 3946.7 ], [ 3545.1, 3947.5 ], [ 3545.5, 3948.0 ], [ 3548.0, 3951.5 ], [ 3553.6, 3954.1 ], [ 3559.8, 3955.6 ], [ 3564.2, 3955.8 ], [ 3564.8, 3956.1 ], [ 3566.8, 3956.8 ], [ 3566.8, 3954.9 ], [ 3567.3, 3953.6 ], [ 3569.2, 3951.3 ], [ 3571.0, 3952.1 ], [ 3571.5, 3949.7 ], [ 3570.8, 3946.0 ], [ 3568.7, 3943.1 ] ] } },
{ "type": "Feature", "properties": { "scalerank": 5, "featurecla": "Coastline" }, "geometry": { "type": "LineString", "coordinates": [ [ 3530.5, 3916.8 ], [ 3522.8, 3918.4 ], [ 3521.3, 3919.0 ], [ 3521.5, 3920.3 ], [ 3522.0, 3921.9 ], [ 3521.7, 3923.6 ], [ 3523.8, 3924.8 ], [ 3526.4, 3925.7 ], [ 3529.0, 3926.2 ], [ 3531.4, 3926.3 ], [ 3533.6, 3925.7 ], [ 3536.9, 3924.0 ], [ 3539.1, 3923.8 ], [ 3540.6, 3922.6 ], [ 3538.0, 3920.2 ], [ 3533.8, 3917.8 ], [ 3530.5, 3916.8 ] ] } },
{ "type": "Feature", "properties": { "scalerank": 1, "featurecla": "Coastline" }, "geometry": { "type": "LineString", "coordinates": [ [ 3669.1, 3566.2 ], [ 3667.2, 3567.1 ], [ 3662.6, 3572.0 ], [ 3658.0, 3574.6 ], [ 3656.6, 3576.0 ], [ 3654.0, 3578.1 ], [ 3644.6, 3582.1 ], [ 3641.1, 3582.9 ], [ 3638.9, 3583.0 ], [ 3636.8, 3582.7 ], [ 3635.3, 3581.7 ], [ 3634.6, 3579.8 ], [ 3635.0, 3576.0 ], [ 3634.6, 3574.5 ], [ 3633.8, 3574.5 ], [ 3634.3, 3575.0 ], [ 3633.9, 3576.3 ], [ 3633.8, 3576.6 ], [ 3634.0, 3577.0 ], [ 3634.5, 3578.1 ], [ 3630.4, 3587.3 ], [ 3627.5, 3591.6 ], [ 3621.0, 3594.4 ], [ 3618.9, 3595.7 ], [ 3616.8, 3596.7 ], [ 3614.4, 3596.3 ], [ 3613.7, 3595.7 ], [ 3612.4, 3593.9 ], [ 3611.8, 3593.4 ], [ 3610.6, 3593.2 ], [ 3606.7, 3593.7 ], [ 3603.6, 3592.9 ], [ 3602.1, 3592.9 ], [ 3601.2, 3592.3 ], [ 3598.8, 3589.6 ], [ 3597.6, 3589.1 ], [ 3594.1, 3589.0 ], [ 3593.0, 3589.4 ], [ 3591.9, 3589.9 ], [ 3590.2, 3591.1 ], [ 3581.0, 3594.0 ], [ 3578.5, 3594.4 ], [ 3574.5, 3594.3 ], [ 3573.2, 3594.9 ], [ 3568.9, 3600.8 ], [ 3565.6, 3604.4 ], [ 3561.7, 3607.4 ], [ 3546.9, 3613.9 ], [ 3541.1, 3615.4 ], [ 3537.1, 3613.7 ], [ 3531.4, 3617.1 ], [ 3525.0, 3619.3 ], [ 3517.9, 3620.1 ], [ 3502.8, 3618.8 ], [ 3499.1, 3620.0 ], [ 3497.3, 3620.3 ], [ 3494.5, 3620.0 ], [ 3491.9, 3619.2 ], [ 3486.6, 3616.5 ], [ 3485.0, 3618.3 ], [ 3476.6, 3620.2 ], [ 3475.0, 3621.3 ], [ 3473.5, 3622.8 ], [ 3471.9, 3624.2 ], [ 3466.9, 3625.6 ], [ 3461.5, 3628.8 ], [ 3458.9, 3629.6 ], [ 3451.0, 3628.8 ], [ 3448.3, 3629.0 ], [ 3448.5, 3628.5 ], [ 3448.6, 3628.3 ], [ 3449.1, 3627.9 ], [ 3447.3, 3627.1 ], [ 3441.5, 3626.2 ], [ 3437.9, 3624.2 ], [ 3433.4, 3620.7 ], [ 3429.7, 3619.4 ], [ 3428.4, 3618.4 ], [ 3427.6, 3616.7 ], [ 3427.3, 3615.2 ], [ 3427.4, 3612.6 ], [ 3423.9, 3610.2 ], [ 3409.0, 3612.0 ], [ 3407.0, 3607.8 ], [ 3406.5, 3606.4 ], [ 3406.2, 3601.5 ], [ 3405.4, 3600.5 ], [ 3400.7, 3597.5 ], [ 3400.4, 3596.8 ], [ 3400.2, 3595.8 ], [ 3399.9, 3594.8 ], [ 3399.3, 3594.4 ], [ 3398.3, 3594.6 ], [ 3396.7, 3595.5 ], [ 3394.3, 3596.2 ], [ 3393.0, 3597.1 ], [ 3391.6, 3597.5 ], [ 3389.7, 3596.9 ], [ 3388.7, 3600.4 ], [ 3386.0, 3601.8 ], [ 3382.5, 3602.0 ], [ 3379.8, 3601.5 ], [ 3375.5, 3600.0 ], [ 3374.2, 3599.8 ], [ 3372.8, 3600.2 ], [ 3371.5, 3601.3 ], [ 3370.8, 3602.7 ], [ 3371.6, 3604.0 ], [ 3367.4, 3607.9 ], [ 3367.8, 3609.2 ], [ 3369.0, 3610.7 ], [ 3369.3, 3612.1 ], [ 3369.5, 3614.0 ], [ 3369.7, 3614.9 ], [ 3369.6, 3615.5 ], [ 3368.6, 3616.8 ], [ 3364.5, 3620.2 ], [ 3354.5, 3625.1 ], [ 3349.2, 3626.0 ], [ 3345.3, 3623.9 ], [ 3345.1, 3622.6 ], [ 3343.6, 3621.5 ], [ 3340.1, 3619.9 ], [ 3338.8, 3618.8 ], [ 3335.2, 3612.9 ], [ 3331.9, 3606.0 ], [ 3331.2, 3603.2 ], [ 3329.8, 3603.1 ], [ 3328.4, 3603.3 ], [ 3327.6, 3601.5 ], [ 3326.2, 3604.2 ], [ 3326.8, 3608.1 ], [ 3327.1, 3611.8 ], [ 3324.6, 3614.2 ], [ 3323.1, 3614.1 ], [ 3321.1, 3613.6 ], [ 3319.4, 3613.6 ], [ 3318.8, 3615.0 ], [ 3318.2, 3617.4 ], [ 3316.7, 3619.3 ], [ 3313.1, 3622.1 ], [ 3309.1, 3620.8 ], [ 3305.9, 3623.5 ], [ 3302.8, 3627.1 ], [ 3299.1, 3628.8 ], [ 3300.5, 3630.3 ], [ 3300.4, 3632.5 ], [ 3299.7, 3635.0 ], [ 3299.1, 3639.1 ], [ 3296.3, 3645.0 ], [ 3296.0, 3645.4 ], [ 3296.0, 3645.5 ], [ 3296.1, 3646.6 ], [ 3296.5, 3647.9 ], [ 3297.7, 3649.6 ], [ 3297.9, 3650.3 ], [ 3297.9, 3651.7 ], [ 3297.3, 3654.5 ], [ 3297.0, 3654.6 ], [ 3296.3, 3658.9 ], [ 3296.5, 3659.3 ], [ 3296.0, 3659.9 ], [ 3294.2, 3661.1 ], [ 3294.0, 3660.5 ], [ 3291.9, 3661.6 ], [ 3291.9, 3663.4 ], [ 3293.1, 3665.5 ], [ 3294.6, 3667.3 ], [ 3295.7, 3669.0 ], [ 3296.1, 3670.9 ], [ 3296.3, 3672.9 ], [ 3297.0, 3675.1 ], [ 3298.2, 3677.7 ], [ 3300.1, 3680.7 ], [ 3302.3, 3683.3 ], [ 3304.5, 3684.3 ], [ 3309.4, 3684.2 ], [ 3311.2, 3685.0 ], [ 3313.4, 3687.1 ], [ 3318.8, 3695.5 ], [ 3321.7, 3698.0 ], [ 3326.5, 3698.2 ], [ 3336.7, 3696.1 ], [ 3346.7, 3695.4 ], [ 3356.7, 3696.2 ], [ 3360.7, 3697.8 ], [ 3364.0, 3701.0 ], [ 3364.6, 3702.3 ], [ 3365.4, 3705.3 ], [ 3366.3, 3706.7 ], [ 3367.5, 3707.3 ], [ 3368.8, 3707.0 ], [ 3370.6, 3706.1 ], [ 3385.8, 3707.5 ], [ 3386.5, 3708.0 ], [ 3387.8, 3710.1 ], [ 3388.5, 3710.6 ], [ 3389.9, 3710.9 ], [ 3390.9, 3711.8 ], [ 3392.4, 3713.6 ], [ 3395.2, 3715.0 ], [ 3396.0, 3715.6 ], [ 3399.2, 3721.3 ], [ 3400.7, 3721.9 ], [ 3402.3, 3722.4 ], [ 3403.4, 3723.1 ], [ 3405.8, 3725.2 ], [ 3411.2, 3728.1 ], [ 3417.5, 3732.6 ], [ 3421.5, 3734.9 ], [ 3426.0, 3736.2 ], [ 3431.7, 3736.9 ], [ 3436.1, 3738.1 ], [ 3439.9, 3740.5 ], [ 3450.9, 3750.3 ], [ 3455.0, 3752.8 ], [ 3459.5, 3754.5 ], [ 3464.9, 3755.3 ], [ 3469.7, 3757.0 ], [ 3477.7, 3762.5 ], [ 3483.2, 3763.0 ], [ 3484.5, 3762.5 ], [ 3486.7, 3760.9 ], [ 3487.8, 3760.5 ], [ 3501.7, 3758.7 ], [ 3506.5, 3759.3 ], [ 3516.9, 3763.5 ], [ 3526.0, 3768.7 ], [ 3537.9, 3778.9 ], [ 3541.2, 3783.0 ], [ 3552.4, 3803.8 ], [ 3553.9, 3805.5 ], [ 3563.9, 3807.2 ], [ 3565.9, 3806.6 ], [ 3568.2, 3807.9 ], [ 3575.7, 3810.3 ], [ 3577.4, 3811.7 ], [ 3579.1, 3814.3 ], [ 3586.7, 3814.9 ], [ 3588.8, 3816.8 ], [ 3590.4, 3816.1 ], [ 3590.7, 3816.4 ], [ 3591.4, 3817.7 ], [ 3599.4, 3813.0 ], [ 3603.8, 3812.1 ], [ 3608.5, 3813.4 ], [ 3613.5, 3816.5 ], [ 3616.7, 3817.7 ], [ 3618.1, 3816.5 ], [ 3618.5, 3815.5 ], [ 3619.7, 3815.3 ], [ 3621.4, 3815.7 ], [ 3623.0, 3816.5 ], [ 3624.0, 3817.4 ], [ 3626.0, 3819.7 ], [ 3628.4, 3821.4 ], [ 3631.0, 3821.9 ], [ 3633.5, 3821.0 ], [ 3635.8, 3818.5 ], [ 3635.8, 3816.6 ], [ 3633.0, 3807.6 ], [ 3630.5, 3802.9 ], [ 3629.7, 3799.8 ], [ 3631.2, 3798.3 ], [ 3631.2, 3796.6 ], [ 3636.6, 3780.2 ], [ 3638.4, 3777.1 ], [ 3641.0, 3775.6 ], [ 3642.9, 3774.9 ], [ 3644.7, 3773.5 ], [ 3646.9, 3772.2 ], [ 3649.8, 3771.8 ], [ 3649.7, 3770.7 ], [ 3649.1, 3769.7 ], [ 3649.4, 3769.4 ], [ 3650.4, 3768.6 ], [ 3649.5, 3767.7 ], [ 3653.8, 3764.9 ], [ 3654.5, 3764.7 ], [ 3655.2, 3765.4 ], [ 3656.5, 3765.9 ], [ 3657.4, 3765.4 ], [ 3656.9, 3763.0 ], [ 3655.7, 3761.1 ], [ 3654.6, 3760.6 ], [ 3652.1, 3761.1 ], [ 3651.0, 3760.2 ], [ 3650.7, 3758.3 ], [ 3651.4, 3757.0 ], [ 3653.3, 3757.9 ], [ 3653.7, 3754.1 ], [ 3653.0, 3751.9 ], [ 3651.1, 3751.0 ], [ 3648.1, 3750.9 ], [ 3645.8, 3749.8 ], [ 3643.8, 3747.4 ], [ 3643.3, 3745.2 ], [ 3645.6, 3744.7 ], [ 3645.5, 3743.6 ], [ 3643.7, 3742.8 ], [ 3641.7, 3744.4 ], [ 3638.8, 3741.4 ], [ 3637.1, 3736.7 ], [ 3638.8, 3733.5 ], [ 3638.0, 3731.7 ], [ 3639.5, 3730.8 ], [ 3640.8, 3730.8 ], [ 3641.6, 3731.8 ], [ 3641.5, 3734.5 ], [ 3642.5, 3732.9 ], [ 3643.2, 3731.0 ], [ 3644.3, 3730.3 ], [ 3646.5, 3732.0 ], [ 3645.1, 3728.5 ], [ 3643.1, 3726.0 ], [ 3640.6, 3724.6 ], [ 3635.9, 3724.0 ], [ 3627.0, 3719.8 ], [ 3626.0, 3718.7 ], [ 3625.1, 3716.6 ], [ 3624.3, 3714.1 ], [ 3623.1, 3699.0 ], [ 3623.2, 3696.2 ], [ 3623.7, 3693.6 ], [ 3625.8, 3689.1 ], [ 3631.3, 3681.8 ], [ 3632.8, 3676.1 ], [ 3633.4, 3672.7 ], [ 3634.6, 3668.2 ], [ 3634.7, 3665.0 ], [ 3635.0, 3663.5 ], [ 3636.6, 3661.6 ], [ 3637.0, 3660.1 ], [ 3636.7, 3658.3 ], [ 3635.2, 3655.5 ], [ 3634.9, 3653.9 ], [ 3635.6, 3651.7 ], [ 3638.7, 3646.3 ], [ 3641.7, 3643.6 ], [ 3643.6, 3640.2 ], [ 3645.7, 3635.2 ], [ 3655.6, 3617.4 ], [ 3667.8, 3599.8 ], [ 3670.5, 3591.6 ], [ 3675.9, 3581.5 ], [ 3673.9, 3581.7 ], [ 3674.2, 3579.4 ], [ 3674.8, 3577.4 ], [ 3676.4, 3575.2 ], [ 3681.2, 3571.6 ], [ 3682.4, 3571.7 ], [ 3683.4, 3571.4 ], [ 3684.0, 3570.6 ], [ 3684.4, 3569.3 ], [ 3680.0, 3568.9 ], [ 3672.8, 3566.3 ], [ 3669.1, 3566.2 ] ] } },
{ "type": "Feature", "properties": { "scalerank": 6, "featurecla": "Coastline" }, "geometry": { "type": "LineString", "coordinates": [ [ 3272.4, 3642.2 ], [ 3273.1, 3643.8 ], [ 3274.2, 3644.9 ], [ 3275.7, 3645.2 ], [ 3277.5, 3644.2 ], [ 3279.0, 3645.2 ], [ 3281.0, 3646.0 ], [ 3282.9, 3645.8 ], [ 3284.2, 3644.0 ], [ 3282.5, 3643.8 ], [ 3280.2, 3642.9 ], [ 3278.3, 3641.9 ], [ 3277.4, 3641.0 ], [ 3276.3, 3641.2 ], [ 3275.3, 3641.8 ], [ 3274.1, 3642.3 ], [ 3272.4, 3642.2 ] ] } },
{ "type": "Feature", "properties": { "scalerank": 6, "featurecla": "Coastline" }, "geometry": { "type": "LineString", "coordinates": [ [ 3599.2, 3551.0 ], [ 3598.3, 3551.0 ], [ 3596.8, 3554.3 ], [ 3597.3, 3556.7 ], [ 3599.3, 3558.9 ], [ 3602.3, 3561.4 ], [ 3603.7, 3560.2 ], [ 3604.7, 3559.1 ], [ 3603.9, 3557.1 ], [ 3602.8, 3555.4 ], [ 3601.3, 3554.0 ], [ 3599.3, 3553.2 ], [ 3599.2, 3551.0 ] ] } },
{ "type": "Feature", "properties": { "scalerank": 5, "featurecla": "Coastline" }, "geometry": { "type": "LineString", "coordinates": [ [ 3242.6, 3812.1 ], [ 3241.8, 3813.8 ], [ 3241.1, 3814.0 ], [ 3240.3, 3813.5 ], [ 3239.1, 3813.3 ], [ 3238.6, 3812.9 ], [ 3237.4, 3811.5 ], [ 3236.6, 3811.2 ], [ 3235.9, 3811.4 ], [ 3235.0, 3812.1 ], [ 3234.5, 3812.3 ], [ 3233.0, 3813.5 ], [ 3233.4, 3816.0 ], [ 3234.4, 3818.5 ], [ 3235.0, 3819.5 ], [ 3238.1, 3823.1 ], [ 3242.5, 3826.0 ], [ 3246.9, 3826.5 ], [ 3249.6, 3822.4 ], [ 3249.3, 3818.9 ], [ 3247.5, 3816.5 ], [ 3242.6, 3812.1 ] ] } },
{ "type": "Feature", "properties": { "scalerank": 6, "featurecla": "Coastline" }, "geometry": { "type": "LineString", "coordinates": [ [ 3247.5, 3638.5 ], [ 3246.5, 3635.8 ], [ 3245.1, 3634.9 ], [ 3243.0, 3635.1 ], [ 3242.3, 3636.2 ], [ 3243.2, 3637.8 ], [ 3244.5, 3639.7 ], [ 3246.7, 3641.2 ], [ 3248.5, 3641.2 ], [ 3248.3, 3639.7 ], [ 3247.5, 3638.5 ] ] } },
{ "type": "Feature", "properties": { "scalerank": 5, "featurecla": "Coastline" }, "geometry": { "type": "LineString", "coordinates": [ [ 2805.5, 3470.5 ], [ 2804.2, 3466.0 ], [ 2801.0, 3465.4 ], [ 2797.1, 3465.5 ], [ 2794.1, 3463.4 ], [ 2792.3, 3466.5 ], [ 2792.2, 3467.6 ], [ 2793.1, 3467.6 ], [ 2793.1, 3468.8 ], [ 2792.5, 3472.0 ], [ 2794.3, 3477.1 ], [ 2798.6, 3484.6 ], [ 2799.0, 3485.7 ], [ 2799.1, 3486.8 ], [ 2799.6, 3487.6 ], [ 2801.0, 3487.8 ], [ 2802.3, 3487.5 ], [ 2802.9, 3486.8 ], [ 2804.1, 3482.7 ], [ 2805.1, 3477.5 ], [ 2806.3, 3475.3 ], [ 2805.8, 3474.2 ], [ 2806.4, 3473.2 ], [ 2808.9, 3471.2 ], [ 2808.3, 3470.8 ], [ 2808.1, 3471.0 ], [ 2808.0, 3471.2 ], [ 2807.2, 3471.8 ], [ 2806.3, 3471.8 ], [ 2805.7, 3471.4 ], [ 2805.5, 3470.5 ] ] } },
{ "type": "Feature", "properties": { "scalerank": 6, "featurecla": "Coastline" }, "geometry": { "type": "LineString", "coordinates": [ [ 2787.7, 3451.8 ], [ 2785.8, 3452.5 ], [ 2780.3, 3453.5 ], [ 2778.5, 3454.7 ], [ 2777.8, 3457.1 ], [ 2778.7, 3459.1 ], [ 2781.6, 3462.2 ], [ 2781.6, 3463.2 ], [ 2781.2, 3464.9 ], [ 2783.0, 3466.0 ], [ 2785.5, 3466.2 ], [ 2787.4, 3465.4 ], [ 2788.2, 3463.0 ], [ 2787.7, 3456.8 ], [ 2787.7, 3451.8 ] ] } },
{ "type": "Feature", "properties": { "scalerank": 1, "featurecla": "Coastline" }, "geometry": { "type": "LineString", "coordinates": [ [ 2967.9, 3244.6 ], [ 2967.2, 3243.0 ], [ 2967.1, 3241.6 ], [ 2966.7, 3240.7 ], [ 2965.0, 3240.3 ], [ 2964.3, 3239.9 ], [ 2963.7, 3238.7 ], [ 2963.3, 3237.1 ], [ 2962.7, 3227.6 ], [ 2962.3, 3225.5 ], [ 2958.7, 3218.3 ], [ 2958.3, 3215.5 ], [ 2957.5, 3213.4 ], [ 2954.2, 3208.9 ], [ 2953.5, 3206.9 ], [ 2953.4, 3208.6 ], [ 2952.1, 3207.2 ], [ 2952.6, 3205.7 ], [ 2954.1, 3205.0 ], [ 2955.9, 3205.5 ], [ 2955.9, 3204.5 ], [ 2954.9, 3202.6 ], [ 2956.1, 3201.6 ], [ 2959.9, 3200.3 ], [ 2958.4, 3200.0 ], [ 2957.1, 3199.5 ], [ 2955.9, 3198.6 ], [ 2955.1, 3197.1 ], [ 2953.8, 3198.1 ], [ 2952.8, 3198.2 ], [ 2952.2, 3197.3 ], [ 2951.9, 3195.4 ], [ 2951.3, 3194.9 ], [ 2947.0, 3192.8 ], [ 2947.0, 3191.8 ], [ 2948.2, 3191.6 ], [ 2949.1, 3191.0 ], [ 2949.8, 3190.0 ], [ 2950.3, 3188.6 ], [ 2948.1, 3188.1 ], [ 2946.3, 3189.0 ], [ 2944.5, 3190.2 ], [ 2942.2, 3190.7 ], [ 2941.5, 3190.4 ], [ 2939.4, 3189.0 ], [ 2938.2, 3188.5 ], [ 2937.0, 3188.7 ], [ 2936.0, 3189.4 ], [ 2935.0, 3189.3 ], [ 2934.1, 3187.5 ], [ 2935.1, 3187.4 ], [ 2935.0, 3187.1 ], [ 2935.0, 3186.4 ], [ 2940.4, 3186.9 ], [ 2942.0, 3186.3 ], [ 2941.5, 3184.2 ], [ 2942.9, 3182.2 ], [ 2943.4, 3179.4 ], [ 2944.0, 3177.0 ], [ 2946.0, 3175.9 ], [ 2947.8, 3176.5 ], [ 2949.7, 3177.5 ], [ 2951.5, 3177.7 ], [ 2952.8, 3176.0 ], [ 2950.7, 3174.6 ], [ 2947.3, 3173.3 ], [ 2944.1, 3173.2 ], [ 2942.3, 3174.9 ], [ 2941.8, 3174.9 ], [ 2941.4, 3174.6 ], [ 2940.7, 3173.8 ], [ 2940.6, 3174.2 ], [ 2940.6, 3174.6 ], [ 2940.5, 3174.9 ], [ 2939.9, 3174.9 ], [ 2940.5, 3172.5 ], [ 2940.1, 3171.0 ], [ 2938.8, 3170.6 ], [ 2936.6, 3171.6 ], [ 2937.5, 3173.8 ], [ 2935.1, 3173.8 ], [ 2936.2, 3171.4 ], [ 2938.4, 3162.2 ], [ 2938.6, 3162.9 ], [ 2938.9, 3163.6 ], [ 2939.2, 3164.4 ], [ 2940.4, 3162.8 ], [ 2941.1, 3161.4 ], [ 2941.4, 3159.8 ], [ 2941.6, 3158.0 ], [ 2941.2, 3157.7 ], [ 2941.1, 3157.7 ], [ 2941.0, 3157.6 ], [ 2940.8, 3156.9 ], [ 2940.0, 3156.9 ], [ 2939.2, 3157.7 ], [ 2938.6, 3157.4 ], [ 2937.8, 3156.6 ], [ 2936.7, 3155.8 ], [ 2937.6, 3154.7 ], [ 2936.6, 3153.3 ], [ 2936.0, 3153.4 ], [ 2935.5, 3154.2 ], [ 2934.8, 3154.7 ], [ 2933.2, 3154.4 ], [ 2931.7, 3153.9 ], [ 2930.2, 3153.8 ], [ 2928.7, 3154.7 ], [ 2929.4, 3155.1 ], [ 2929.7, 3155.6 ], [ 2929.9, 3156.2 ], [ 2930.3, 3156.9 ], [ 2929.2, 3157.7 ], [ 2928.4, 3159.0 ], [ 2927.1, 3162.1 ], [ 2926.4, 3158.5 ], [ 2926.4, 3156.9 ], [ 2927.1, 3155.8 ], [ 2925.9, 3154.6 ], [ 2925.2, 3153.3 ], [ 2924.5, 3152.2 ], [ 2923.1, 3151.5 ], [ 2923.6, 3150.9 ], [ 2923.8, 3150.3 ], [ 2924.1, 3149.8 ], [ 2924.8, 3149.4 ], [ 2924.8, 3148.4 ], [ 2923.6, 3148.4 ], [ 2922.6, 3148.2 ], [ 2921.8, 3147.9 ], [ 2920.8, 3147.3 ], [ 2920.8, 3148.4 ], [ 2916.6, 3144.3 ], [ 2914.6, 3143.6 ], [ 2914.3, 3147.3 ], [ 2912.4, 3145.9 ], [ 2911.9, 3145.2 ], [ 2911.1, 3145.7 ], [ 2910.4, 3145.9 ], [ 2908.7, 3146.1 ], [ 2908.7, 3145.1 ], [ 2909.1, 3144.4 ], [ 2909.2, 3144.0 ], [ 2908.8, 3142.0 ], [ 2907.9, 3142.0 ], [ 2907.5, 3143.4 ], [ 2907.4, 3144.5 ], [ 2907.5, 3145.4 ], [ 2907.9, 3146.1 ], [ 2906.6, 3145.0 ], [ 2906.8, 3139.7 ], [ 2905.6, 3137.6 ], [ 2904.3, 3137.9 ], [ 2903.3, 3137.7 ], [ 2902.6, 3137.0 ], [ 2902.4, 3135.6 ], [ 2900.3, 3136.6 ], [ 2897.6, 3137.3 ], [ 2895.4, 3138.6 ], [ 2894.4, 3141.3 ], [ 2894.4, 3147.6 ], [ 2893.7, 3149.9 ], [ 2891.9, 3152.4 ], [ 2891.1, 3151.2 ], [ 2887.8, 3154.4 ], [ 2886.1, 3155.0 ], [ 2878.1, 3155.9 ], [ 2875.8, 3157.0 ], [ 2874.0, 3160.7 ], [ 2872.2, 3162.9 ], [ 2870.2, 3164.9 ], [ 2868.8, 3165.7 ], [ 2868.0, 3166.2 ], [ 2866.7, 3168.9 ], [ 2865.9, 3169.9 ], [ 2864.8, 3170.5 ], [ 2861.0, 3171.9 ], [ 2861.5, 3172.2 ], [ 2861.6, 3172.2 ], [ 2861.6, 3172.4 ], [ 2861.8, 3173.0 ], [ 2860.3, 3174.2 ], [ 2856.0, 3181.3 ], [ 2854.0, 3183.5 ], [ 2847.0, 3188.5 ], [ 2845.5, 3187.7 ], [ 2843.5, 3187.3 ], [ 2840.6, 3187.4 ], [ 2832.5, 3191.0 ], [ 2831.7, 3193.2 ], [ 2829.7, 3195.6 ], [ 2827.4, 3197.6 ], [ 2818.1, 3201.4 ], [ 2815.8, 3201.7 ], [ 2813.1, 3201.4 ], [ 2806.5, 3199.3 ], [ 2793.4, 3197.2 ], [ 2789.6, 3194.9 ], [ 2784.5, 3187.9 ], [ 2784.1, 3186.1 ], [ 2784.4, 3184.1 ], [ 2784.9, 3182.3 ], [ 2785.0, 3181.0 ], [ 2784.2, 3179.8 ], [ 2783.1, 3179.8 ], [ 2782.3, 3179.6 ], [ 2782.0, 3177.8 ], [ 2781.1, 3177.8 ], [ 2780.0, 3179.5 ], [ 2778.7, 3182.3 ], [ 2778.2, 3184.9 ], [ 2779.7, 3186.1 ], [ 2781.8, 3187.1 ], [ 2782.5, 3189.4 ], [ 2782.3, 3192.2 ], [ 2781.6, 3194.7 ], [ 2772.2, 3215.4 ], [ 2773.6, 3215.9 ], [ 2774.5, 3216.9 ], [ 2776.1, 3219.7 ], [ 2776.8, 3220.5 ], [ 2777.4, 3220.8 ], [ 2779.0, 3221.0 ], [ 2779.6, 3221.4 ], [ 2779.3, 3222.3 ], [ 2778.8, 3223.1 ], [ 2778.5, 3223.0 ], [ 2778.0, 3226.7 ], [ 2776.6, 3229.0 ], [ 2774.7, 3230.4 ], [ 2772.6, 3231.4 ], [ 2772.6, 3232.3 ], [ 2773.3, 3236.3 ], [ 2774.0, 3238.7 ], [ 2774.9, 3240.9 ], [ 2775.5, 3237.4 ], [ 2776.8, 3234.4 ], [ 2778.9, 3232.7 ], [ 2781.5, 3233.6 ], [ 2780.2, 3235.8 ], [ 2779.0, 3238.8 ], [ 2781.4, 3240.0 ], [ 2787.5, 3236.5 ], [ 2790.4, 3236.4 ], [ 2792.8, 3239.1 ], [ 2793.6, 3242.6 ], [ 2794.0, 3246.4 ], [ 2794.9, 3249.5 ], [ 2797.0, 3250.9 ], [ 2798.8, 3252.5 ], [ 2800.5, 3256.1 ], [ 2801.6, 3260.2 ], [ 2802.1, 3263.0 ], [ 2800.6, 3271.0 ], [ 2800.8, 3274.1 ], [ 2803.4, 3276.3 ], [ 2804.3, 3275.2 ], [ 2807.3, 3277.3 ], [ 2809.9, 3280.0 ], [ 2811.4, 3283.5 ], [ 2811.3, 3288.1 ], [ 2809.2, 3295.1 ], [ 2809.5, 3303.3 ], [ 2809.9, 3306.1 ], [ 2811.9, 3310.2 ], [ 2812.5, 3312.3 ], [ 2812.1, 3314.6 ], [ 2811.1, 3317.0 ], [ 2809.8, 3318.8 ], [ 2808.7, 3319.5 ], [ 2807.9, 3319.7 ], [ 2805.8, 3320.4 ], [ 2802.1, 3320.6 ], [ 2801.8, 3320.5 ], [ 2799.7, 3321.7 ], [ 2798.8, 3322.9 ], [ 2799.2, 3323.5 ], [ 2800.9, 3322.6 ], [ 2802.4, 3324.8 ], [ 2802.3, 3326.7 ], [ 2800.8, 3329.9 ], [ 2800.6, 3331.7 ], [ 2801.4, 3337.4 ], [ 2801.2, 3338.4 ], [ 2800.8, 3339.4 ], [ 2800.4, 3340.4 ], [ 2800.5, 3341.6 ], [ 2801.0, 3342.7 ], [ 2801.2, 3343.0 ], [ 2801.6, 3343.1 ], [ 2803.3, 3344.8 ], [ 2804.8, 3345.9 ], [ 2805.6, 3347.2 ], [ 2804.5, 3348.9 ], [ 2805.3, 3350.1 ], [ 2806.4, 3346.2 ], [ 2807.3, 3344.7 ], [ 2808.7, 3343.8 ], [ 2807.8, 3343.9 ], [ 2807.1, 3343.8 ], [ 2806.6, 3343.9 ], [ 2806.2, 3344.7 ], [ 2805.4, 3343.8 ], [ 2808.7, 3341.5 ], [ 2812.4, 3341.8 ], [ 2815.9, 3344.0 ], [ 2818.5, 3347.2 ], [ 2819.4, 3349.4 ], [ 2819.6, 3351.2 ], [ 2819.1, 3356.1 ], [ 2818.7, 3358.1 ], [ 2817.7, 3360.9 ], [ 2816.3, 3363.4 ], [ 2814.9, 3364.9 ], [ 2815.7, 3364.4 ], [ 2816.4, 3363.7 ], [ 2817.0, 3362.9 ], [ 2817.4, 3361.8 ], [ 2818.2, 3361.8 ], [ 2817.0, 3363.7 ], [ 2815.1, 3366.0 ], [ 2813.5, 3368.6 ], [ 2813.1, 3371.2 ], [ 2814.3, 3372.4 ], [ 2820.4, 3374.5 ], [ 2817.1, 3375.2 ], [ 2814.6, 3374.2 ], [ 2812.6, 3372.0 ], [ 2808.9, 3366.0 ], [ 2807.9, 3365.1 ], [ 2806.3, 3364.8 ], [ 2806.0, 3365.6 ], [ 2806.2, 3369.6 ], [ 2805.7, 3371.0 ], [ 2805.7, 3372.1 ], [ 2806.2, 3373.7 ], [ 2806.4, 3380.7 ], [ 2807.8, 3387.1 ], [ 2807.9, 3390.1 ], [ 2806.9, 3392.1 ], [ 2807.8, 3393.3 ], [ 2806.4, 3396.1 ], [ 2804.3, 3401.2 ], [ 2802.6, 3403.7 ], [ 2799.3, 3407.8 ], [ 2798.3, 3409.5 ], [ 2798.2, 3410.2 ], [ 2798.6, 3410.7 ], [ 2800.2, 3414.8 ], [ 2800.4, 3416.1 ], [ 2799.9, 3418.4 ], [ 2799.2, 3419.6 ], [ 2797.0, 3422.1 ], [ 2796.5, 3423.5 ], [ 2797.4, 3426.4 ], [ 2801.6, 3429.7 ], [ 2801.3, 3432.0 ], [ 2803.3, 3435.4 ], [ 2802.5, 3438.3 ], [ 2796.4, 3445.1 ], [ 2795.8, 3446.2 ], [ 2795.9, 3447.5 ], [ 2796.7, 3449.8 ], [ 2797.4, 3450.3 ], [ 2798.2, 3450.4 ], [ 2798.9, 3450.8 ], [ 2799.2, 3452.5 ], [ 2799.3, 3453.9 ], [ 2799.6, 3454.9 ], [ 2800.2, 3455.7 ], [ 2800.9, 3456.3 ], [ 2800.5, 3454.7 ], [ 2801.3, 3454.5 ], [ 2802.4, 3455.2 ], [ 2803.3, 3456.3 ], [ 2803.6, 3458.3 ], [ 2803.5, 3462.1 ], [ 2804.0, 3463.7 ], [ 2805.4, 3462.7 ], [ 2806.7, 3463.5 ], [ 2807.7, 3465.4 ], [ 2808.2, 3468.0 ], [ 2808.7, 3469.0 ], [ 2808.8, 3469.6 ], [ 2811.4, 3468.0 ], [ 2813.0, 3469.2 ], [ 2811.9, 3471.5 ], [ 2811.3, 3472.3 ], [ 2813.3, 3472.6 ], [ 2816.1, 3474.2 ], [ 2817.1, 3473.3 ], [ 2818.0, 3473.4 ], [ 2819.4, 3480.0 ], [ 2820.2, 3488.2 ], [ 2823.1, 3487.5 ], [ 2824.5, 3490.2 ], [ 2824.4, 3494.0 ], [ 2822.5, 3496.6 ], [ 2822.5, 3497.6 ], [ 2824.4, 3498.2 ], [ 2826.5, 3498.3 ], [ 2827.7, 3499.1 ], [ 2826.6, 3502.0 ], [ 2827.4, 3503.1 ], [ 2829.1, 3502.0 ], [ 2828.7, 3498.9 ], [ 2830.9, 3496.0 ], [ 2834.0, 3493.8 ], [ 2836.7, 3492.7 ], [ 2839.5, 3493.1 ], [ 2842.8, 3494.7 ], [ 2845.7, 3497.2 ], [ 2847.4, 3500.2 ], [ 2847.4, 3497.0 ], [ 2850.1, 3499.7 ], [ 2851.8, 3501.0 ], [ 2853.2, 3501.4 ], [ 2854.2, 3500.8 ], [ 2855.6, 3498.7 ], [ 2856.2, 3498.2 ], [ 2857.5, 3498.1 ], [ 2858.3, 3497.7 ], [ 2870.8, 3485.6 ], [ 2871.8, 3483.6 ], [ 2872.7, 3484.4 ], [ 2873.1, 3484.5 ], [ 2874.3, 3483.7 ], [ 2873.4, 3483.7 ], [ 2874.8, 3478.3 ], [ 2876.8, 3475.1 ], [ 2876.6, 3474.0 ], [ 2875.9, 3473.2 ], [ 2875.2, 3472.3 ], [ 2874.4, 3469.7 ], [ 2873.7, 3467.0 ], [ 2873.4, 3463.9 ], [ 2873.7, 3460.5 ], [ 2874.7, 3457.6 ], [ 2876.2, 3455.5 ], [ 2881.2, 3450.5 ], [ 2881.3, 3449.8 ], [ 2881.3, 3448.6 ], [ 2880.7, 3447.8 ], [ 2877.7, 3448.4 ], [ 2876.3, 3448.0 ], [ 2876.2, 3448.1 ], [ 2875.9, 3447.3 ], [ 2874.9, 3446.8 ], [ 2874.2, 3446.1 ], [ 2874.8, 3444.8 ], [ 2874.8, 3443.7 ], [ 2873.2, 3443.0 ], [ 2873.4, 3442.4 ], [ 2874.7, 3442.3 ], [ 2876.4, 3442.7 ], [ 2877.4, 3443.7 ], [ 2878.4, 3445.0 ], [ 2879.4, 3445.7 ], [ 2880.5, 3444.9 ], [ 2885.3, 3450.6 ], [ 2888.1, 3453.3 ], [ 2891.6, 3454.5 ], [ 2892.1, 3453.5 ], [ 2893.5, 3451.4 ], [ 2895.5, 3449.3 ], [ 2897.8, 3448.2 ], [ 2902.1, 3448.7 ], [ 2904.4, 3449.4 ], [ 2906.1, 3450.5 ], [ 2906.9, 3449.4 ], [ 2907.8, 3450.4 ], [ 2909.4, 3451.4 ], [ 2911.0, 3452.2 ], [ 2912.3, 3452.6 ], [ 2913.3, 3453.2 ], [ 2916.0, 3456.2 ], [ 2917.2, 3456.9 ], [ 2917.9, 3457.4 ], [ 2920.9, 3461.0 ], [ 2923.4, 3462.2 ], [ 2924.5, 3463.0 ], [ 2925.1, 3464.4 ], [ 2926.0, 3464.4 ], [ 2927.8, 3463.2 ], [ 2929.6, 3462.7 ], [ 2931.5, 3463.0 ], [ 2933.4, 3464.4 ], [ 2932.9, 3465.7 ], [ 2932.8, 3466.4 ], [ 2933.3, 3467.0 ], [ 2934.2, 3467.5 ], [ 2934.7, 3464.4 ], [ 2936.8, 3463.0 ], [ 2939.0, 3462.1 ], [ 2940.0, 3460.7 ], [ 2940.3, 3459.1 ], [ 2941.4, 3456.0 ], [ 2941.7, 3454.9 ], [ 2941.2, 3453.8 ], [ 2940.4, 3453.0 ], [ 2940.0, 3452.1 ], [ 2940.9, 3450.8 ], [ 2940.2, 3447.0 ], [ 2942.0, 3442.7 ], [ 2945.1, 3439.2 ], [ 2948.4, 3438.0 ], [ 2948.4, 3437.1 ], [ 2945.6, 3435.0 ], [ 2944.6, 3433.5 ], [ 2944.3, 3431.2 ], [ 2944.5, 3429.0 ], [ 2946.0, 3422.3 ], [ 2949.0, 3414.2 ], [ 2949.7, 3409.3 ], [ 2947.8, 3406.6 ], [ 2950.8, 3396.6 ], [ 2951.1, 3392.4 ], [ 2950.3, 3385.5 ], [ 2950.6, 3383.5 ], [ 2951.2, 3381.9 ], [ 2951.7, 3380.7 ], [ 2952.0, 3379.7 ], [ 2952.3, 3377.5 ], [ 2953.4, 3374.9 ], [ 2953.6, 3373.4 ], [ 2953.5, 3371.2 ], [ 2952.9, 3367.5 ], [ 2952.8, 3365.5 ], [ 2953.0, 3361.8 ], [ 2953.6, 3357.9 ], [ 2954.7, 3354.7 ], [ 2956.2, 3352.9 ], [ 2956.2, 3351.9 ], [ 2955.6, 3351.6 ], [ 2955.1, 3351.1 ], [ 2954.6, 3350.7 ], [ 2954.6, 3349.8 ], [ 2955.4, 3349.8 ], [ 2954.7, 3348.1 ], [ 2954.7, 3346.3 ], [ 2955.3, 3344.5 ], [ 2956.2, 3342.5 ], [ 2956.8, 3342.1 ], [ 2957.6, 3342.1 ], [ 2958.3, 3341.7 ], [ 2958.7, 3340.3 ], [ 2958.5, 3339.3 ], [ 2957.8, 3339.3 ], [ 2956.9, 3339.8 ], [ 2956.2, 3340.3 ], [ 2955.1, 3336.1 ], [ 2955.9, 3331.2 ], [ 2960.3, 3319.6 ], [ 2960.5, 3317.2 ], [ 2957.9, 3315.3 ], [ 2955.3, 3311.6 ], [ 2954.3, 3310.7 ], [ 2952.6, 3309.9 ], [ 2951.3, 3307.9 ], [ 2948.6, 3299.9 ], [ 2948.3, 3298.5 ], [ 2947.8, 3292.0 ], [ 2948.0, 3289.6 ], [ 2949.0, 3286.6 ], [ 2950.3, 3284.6 ], [ 2953.3, 3282.0 ], [ 2954.8, 3280.3 ], [ 2956.9, 3275.9 ], [ 2958.3, 3273.8 ], [ 2960.1, 3273.0 ], [ 2962.7, 3272.2 ], [ 2964.2, 3270.1 ], [ 2966.1, 3264.5 ], [ 2968.8, 3260.1 ], [ 2969.8, 3257.8 ], [ 2970.2, 3254.5 ], [ 2970.6, 3252.9 ], [ 2971.9, 3250.3 ], [ 2971.9, 3248.8 ], [ 2971.2, 3247.7 ], [ 2967.9, 3244.6 ] ] } },
{ "type": "Feature", "properties": { "scalerank": 5, "featurecla": "Coastline" }, "geometry": { "type": "LineString", "coordinates": [ [ 2312.2, 3316.1 ], [ 2311.8, 3313.6 ], [ 2310.4, 3313.0 ], [ 2308.5, 3313.0 ], [ 2306.7, 3312.0 ], [ 2308.9, 3311.3 ], [ 2309.1, 3309.0 ], [ 2308.3, 3306.4 ], [ 2307.2, 3304.7 ], [ 2306.4, 3304.1 ], [ 2304.6, 3303.6 ], [ 2304.0, 3303.3 ], [ 2302.9, 3302.0 ], [ 2302.4, 3301.2 ], [ 2301.8, 3300.0 ], [ 2298.6, 3297.6 ], [ 2298.0, 3296.5 ], [ 2298.6, 3294.5 ], [ 2297.9, 3293.6 ], [ 2297.1, 3294.2 ], [ 2297.1, 3296.4 ], [ 2295.8, 3298.1 ], [ 2294.9, 3299.0 ], [ 2294.1, 3299.4 ], [ 2293.3, 3298.8 ], [ 2293.4, 3297.7 ], [ 2293.7, 3296.6 ], [ 2294.0, 3296.2 ], [ 2291.5, 3293.9 ], [ 2290.5, 3292.6 ], [ 2290.3, 3290.7 ], [ 2289.0, 3291.3 ], [ 2286.9, 3292.8 ], [ 2285.1, 3293.4 ], [ 2283.7, 3293.5 ], [ 2279.0, 3292.9 ], [ 2267.4, 3293.1 ], [ 2264.7, 3291.8 ], [ 2256.3, 3292.9 ], [ 2254.7, 3294.7 ], [ 2254.2, 3296.5 ], [ 2253.7, 3297.3 ], [ 2253.7, 3298.0 ], [ 2254.7, 3299.9 ], [ 2255.7, 3301.0 ], [ 2258.0, 3302.0 ], [ 2259.0, 3303.0 ], [ 2257.5, 3304.1 ], [ 2256.9, 3306.1 ], [ 2256.7, 3308.3 ], [ 2256.0, 3310.1 ], [ 2260.5, 3312.1 ], [ 2269.2, 3311.1 ], [ 2274.0, 3311.5 ], [ 2277.9, 3313.4 ], [ 2296.3, 3327.6 ], [ 2304.5, 3332.3 ], [ 2310.7, 3332.0 ], [ 2311.8, 3321.9 ], [ 2312.8, 3322.5 ], [ 2313.7, 3323.4 ], [ 2314.4, 3324.3 ], [ 2314.8, 3325.3 ], [ 2315.6, 3325.4 ], [ 2314.8, 3322.8 ], [ 2312.5, 3318.4 ], [ 2312.2, 3316.1 ] ] } },
{ "type": "Feature", "properties": { "scalerank": 5, "featurecla": "Coastline" }, "geometry": { "type": "LineString", "coordinates": [ [ 2789.9, 3165.4 ], [ 2796.7, 3164.4 ], [ 2797.8, 3162.9 ], [ 2798.2, 3161.1 ], [ 2797.9, 3159.3 ], [ 2796.8, 3158.1 ], [ 2796.3, 3157.0 ], [ 2796.1, 3156.1 ], [ 2796.1, 3154.9 ], [ 2794.6, 3156.0 ], [ 2794.0, 3156.7 ], [ 2793.7, 3157.5 ], [ 2793.3, 3158.1 ], [ 2791.2, 3157.8 ], [ 2790.4, 3157.9 ], [ 2790.1, 3159.5 ], [ 2790.3, 3161.6 ], [ 2790.0, 3163.4 ], [ 2788.3, 3164.2 ], [ 2786.0, 3166.1 ], [ 2784.5, 3167.6 ], [ 2783.8, 3168.8 ], [ 2783.7, 3170.3 ], [ 2783.5, 3171.8 ], [ 2783.0, 3173.2 ], [ 2782.0, 3174.6 ], [ 2786.4, 3175.1 ], [ 2787.0, 3171.6 ], [ 2787.1, 3167.4 ], [ 2789.9, 3165.4 ] ] } },
{ "type": "Feature", "properties": { "scalerank": 6, "featurecla": "Coastline" }, "geometry": { "type": "LineString", "coordinates": [ [ 2931.0, 3139.9 ], [ 2930.2, 3139.2 ], [ 2929.2, 3139.0 ], [ 2928.5, 3140.3 ], [ 2927.6, 3142.3 ], [ 2927.3, 3143.7 ], [ 2927.8, 3144.7 ], [ 2926.5, 3147.6 ], [ 2927.0, 3148.1 ], [ 2927.9, 3147.7 ], [ 2928.8, 3148.5 ], [ 2929.7, 3149.7 ], [ 2930.4, 3149.8 ], [ 2930.9, 3148.7 ], [ 2930.9, 3147.9 ], [ 2930.5, 3147.1 ], [ 2931.5, 3142.9 ], [ 2931.5, 3141.8 ], [ 2931.4, 3141.1 ], [ 2931.0, 3139.9 ] ] } },
{ "type": "Feature", "properties": { "scalerank": 6, "featurecla": "Coastline" }, "geometry": { "type": "LineString", "coordinates": [ [ 2925.8, 3141.6 ], [ 2925.6, 3140.9 ], [ 2925.8, 3139.6 ], [ 2925.8, 3138.3 ], [ 2925.4, 3137.1 ], [ 2924.8, 3136.1 ], [ 2923.9, 3135.8 ], [ 2923.2, 3136.5 ], [ 2922.5, 3136.6 ], [ 2922.0, 3136.8 ], [ 2921.8, 3138.1 ], [ 2921.3, 3139.2 ], [ 2920.4, 3139.8 ], [ 2919.6, 3140.2 ], [ 2919.0, 3140.8 ], [ 2919.0, 3142.0 ], [ 2919.5, 3143.4 ], [ 2921.6, 3143.8 ], [ 2926.3, 3142.8 ], [ 2926.2, 3142.3 ], [ 2925.8, 3141.6 ] ] } },
{ "type": "Feature", "properties": { "scalerank": 0, "featurecla": "Coastline" }, "geometry": { "type": "LineString", "coordinates": [ [ 2827.2, 2988.9 ], [ 2828.6, 2989.6 ], [ 2829.0, 2991.1 ], [ 2828.5, 2992.6 ], [ 2827.1, 2993.1 ], [ 2827.1, 2994.2 ], [ 2830.3, 2994.2 ], [ 2830.3, 2995.4 ], [ 2828.4, 2996.6 ], [ 2827.5, 2997.1 ], [ 2826.3, 2997.3 ], [ 2827.4, 2997.2 ], [ 2828.5, 2997.3 ], [ 2829.4, 2997.8 ], [ 2830.2, 2998.5 ], [ 2829.9, 2999.1 ], [ 2829.3, 3000.5 ], [ 2831.7, 3000.5 ], [ 2834.3, 3001.2 ], [ 2836.4, 3002.4 ], [ 2837.2, 3004.4 ], [ 2837.9, 3005.0 ], [ 2841.1, 3004.2 ], [ 2842.3, 3004.5 ], [ 2843.1, 3005.9 ], [ 2845.0, 3010.3 ], [ 2846.8, 3011.6 ], [ 2847.5, 3012.7 ], [ 2847.3, 3014.6 ], [ 2846.6, 3014.6 ], [ 2843.5, 3016.2 ], [ 2842.9, 3016.6 ], [ 2840.4, 3017.4 ], [ 2838.1, 3019.0 ], [ 2837.1, 3020.8 ], [ 2838.5, 3021.8 ], [ 2836.9, 3024.5 ], [ 2834.6, 3025.4 ], [ 2828.9, 3025.9 ], [ 2832.1, 3029.8 ], [ 2832.5, 3031.9 ], [ 2831.2, 3034.4 ], [ 2832.0, 3036.4 ], [ 2833.8, 3035.2 ], [ 2835.8, 3034.8 ], [ 2840.6, 3034.6 ], [ 2843.1, 3033.8 ], [ 2847.1, 3031.7 ], [ 2849.4, 3031.6 ], [ 2850.7, 3031.9 ], [ 2851.4, 3032.4 ], [ 2851.9, 3033.4 ], [ 2852.5, 3034.8 ], [ 2853.8, 3035.8 ], [ 2854.1, 3035.8 ], [ 2853.9, 3036.8 ], [ 2852.8, 3038.1 ], [ 2852.5, 3038.9 ], [ 2852.3, 3038.9 ], [ 2850.9, 3041.0 ], [ 2851.3, 3040.9 ], [ 2851.7, 3041.8 ], [ 2852.1, 3042.8 ], [ 2852.4, 3043.2 ], [ 2851.5, 3044.0 ], [ 2847.6, 3045.2 ], [ 2849.0, 3045.4 ], [ 2850.1, 3046.0 ], [ 2851.0, 3047.0 ], [ 2851.5, 3048.5 ], [ 2847.7, 3050.7 ], [ 2845.4, 3051.5 ], [ 2842.7, 3051.4 ], [ 2842.7, 3052.6 ], [ 2844.0, 3053.4 ], [ 2844.1, 3054.8 ], [ 2843.6, 3056.4 ], [ 2842.6, 3057.7 ], [ 2841.1, 3058.5 ], [ 2837.8, 3059.0 ], [ 2836.3, 3059.7 ], [ 2837.8, 3060.1 ], [ 2838.9, 3060.7 ], [ 2840.2, 3061.0 ], [ 2841.8, 3061.0 ], [ 2841.2, 3062.4 ], [ 2840.9, 3062.9 ], [ 2843.7, 3062.8 ], [ 2848.5, 3061.0 ], [ 2851.4, 3061.1 ], [ 2850.3, 3064.2 ], [ 2851.7, 3065.7 ], [ 2854.5, 3066.3 ], [ 2857.3, 3066.4 ], [ 2864.5, 3068.6 ], [ 2867.3, 3068.7 ], [ 2865.8, 3070.4 ], [ 2864.2, 3071.2 ], [ 2862.9, 3072.3 ], [ 2862.3, 3074.4 ], [ 2861.3, 3075.3 ], [ 2855.1, 3078.1 ], [ 2853.1, 3077.1 ], [ 2851.9, 3079.2 ], [ 2851.1, 3082.3 ], [ 2850.2, 3084.3 ], [ 2852.0, 3085.0 ], [ 2852.3, 3086.1 ], [ 2851.7, 3089.0 ], [ 2852.4, 3089.7 ], [ 2853.8, 3090.4 ], [ 2855.5, 3090.8 ], [ 2856.6, 3090.7 ], [ 2857.4, 3091.3 ], [ 2858.9, 3091.8 ], [ 2858.9, 3092.8 ], [ 2857.2, 3093.8 ], [ 2858.3, 3094.5 ], [ 2859.2, 3094.7 ], [ 2860.1, 3094.7 ], [ 2861.2, 3095.0 ], [ 2861.8, 3095.6 ], [ 2862.0, 3096.3 ], [ 2862.3, 3096.9 ], [ 2865.0, 3097.5 ], [ 2866.2, 3098.4 ], [ 2867.1, 3099.4 ], [ 2868.4, 3100.3 ], [ 2870.1, 3100.0 ], [ 2873.0, 3100.4 ], [ 2876.0, 3101.4 ], [ 2877.2, 3102.5 ], [ 2878.0, 3103.6 ], [ 2878.6, 3103.1 ], [ 2879.1, 3102.9 ], [ 2880.3, 3102.5 ], [ 2880.1, 3103.0 ], [ 2880.0, 3103.2 ], [ 2879.8, 3103.3 ], [ 2879.5, 3103.6 ], [ 2880.3, 3104.7 ], [ 2883.8, 3102.0 ], [ 2885.2, 3101.6 ], [ 2885.1, 3102.6 ], [ 2883.6, 3104.8 ], [ 2885.2, 3106.1 ], [ 2888.0, 3107.3 ], [ 2889.9, 3109.0 ], [ 2888.8, 3109.3 ], [ 2888.3, 3109.8 ], [ 2887.0, 3113.8 ], [ 2890.0, 3115.1 ], [ 2893.6, 3115.7 ], [ 2895.4, 3116.5 ], [ 2898.3, 3119.2 ], [ 2899.8, 3119.7 ], [ 2901.7, 3118.7 ], [ 2902.5, 3117.4 ], [ 2903.6, 3115.1 ], [ 2904.5, 3112.5 ], [ 2905.0, 3110.2 ], [ 2903.5, 3111.1 ], [ 2901.6, 3112.8 ], [ 2900.3, 3113.3 ], [ 2900.3, 3112.4 ], [ 2901.4, 3111.5 ], [ 2901.8, 3110.3 ], [ 2901.4, 3109.1 ], [ 2900.4, 3108.2 ], [ 2900.4, 3107.0 ], [ 2902.4, 3106.8 ], [ 2905.6, 3104.7 ], [ 2907.4, 3104.0 ], [ 2906.7, 3102.8 ], [ 2907.9, 3101.8 ], [ 2908.4, 3100.4 ], [ 2908.1, 3099.2 ], [ 2906.7, 3098.7 ], [ 2907.2, 3097.6 ], [ 2907.4, 3096.6 ], [ 2907.2, 3095.5 ], [ 2906.8, 3094.4 ], [ 2908.8, 3094.0 ], [ 2910.0, 3092.6 ], [ 2910.9, 3091.0 ], [ 2912.0, 3090.2 ], [ 2914.0, 3089.8 ], [ 2915.7, 3088.6 ], [ 2916.8, 3086.7 ], [ 2917.3, 3084.6 ], [ 2916.2, 3083.2 ], [ 2913.9, 3083.5 ], [ 2910.1, 3085.1 ], [ 2908.5, 3084.0 ], [ 2909.2, 3082.6 ], [ 2910.3, 3081.1 ], [ 2910.1, 3079.7 ], [ 2911.5, 3079.5 ], [ 2913.1, 3079.6 ], [ 2914.9, 3080.1 ], [ 2916.4, 3080.8 ], [ 2915.9, 3078.5 ], [ 2916.3, 3077.6 ], [ 2917.2, 3077.6 ], [ 2918.4, 3077.7 ], [ 2919.5, 3076.9 ], [ 2920.1, 3075.2 ], [ 2920.5, 3072.5 ], [ 2918.9, 3072.4 ], [ 2919.5, 3071.0 ], [ 2920.5, 3069.6 ], [ 2921.7, 3068.6 ], [ 2922.6, 3068.3 ], [ 2922.9, 3067.5 ], [ 2923.2, 3056.2 ], [ 2922.2, 3045.7 ], [ 2923.3, 3035.1 ], [ 2923.4, 3029.6 ], [ 2924.0, 3028.2 ], [ 2925.8, 3026.4 ], [ 2933.8, 3015.1 ], [ 2935.6, 3011.3 ], [ 2936.9, 3009.3 ], [ 2940.0, 3006.4 ], [ 2940.8, 3005.1 ], [ 2941.1, 3003.9 ], [ 2941.3, 3001.2 ], [ 2941.7, 2999.9 ], [ 2940.8, 2996.3 ], [ 2941.8, 2977.1 ], [ 2941.3, 2974.1 ], [ 2939.2, 2968.1 ], [ 2938.7, 2964.9 ], [ 2938.8, 2962.0 ], [ 2939.1, 2959.6 ], [ 2939.6, 2957.5 ], [ 2940.3, 2955.5 ], [ 2938.9, 2952.2 ], [ 2938.6, 2947.6 ], [ 2938.9, 2938.6 ], [ 2938.4, 2935.7 ], [ 2937.3, 2933.0 ], [ 2934.0, 2928.1 ], [ 2935.7, 2932.1 ], [ 2936.2, 2933.1 ], [ 2936.5, 2935.4 ], [ 2933.5, 2934.0 ], [ 2932.5, 2933.2 ], [ 2931.8, 2932.0 ], [ 2931.5, 2930.8 ], [ 2931.2, 2929.8 ], [ 2930.2, 2929.0 ], [ 2930.8, 2927.8 ], [ 2930.8, 2927.0 ], [ 2930.6, 2926.1 ], [ 2930.3, 2924.7 ], [ 2930.1, 2924.7 ], [ 2929.5, 2924.5 ], [ 2929.0, 2924.2 ], [ 2928.7, 2923.7 ], [ 2928.8, 2923.0 ], [ 2929.1, 2922.5 ], [ 2929.4, 2922.1 ], [ 2929.6, 2921.7 ], [ 2929.5, 2917.3 ], [ 2929.8, 2915.1 ], [ 2929.6, 2913.2 ], [ 2933.4, 2898.9 ], [ 2933.7, 2894.2 ], [ 2931.6, 2880.2 ], [ 2932.1, 2877.3 ], [ 2930.9, 2875.7 ], [ 2930.3, 2874.0 ], [ 2930.5, 2872.3 ], [ 2931.5, 2871.1 ], [ 2931.5, 2869.9 ], [ 2929.3, 2868.7 ], [ 2928.3, 2867.8 ], [ 2926.8, 2865.7 ], [ 2924.7, 2866.6 ], [ 2920.0, 2866.5 ], [ 2918.2, 2867.7 ], [ 2917.6, 2869.7 ], [ 2917.8, 2872.4 ], [ 2918.5, 2874.9 ], [ 2919.6, 2876.1 ], [ 2919.3, 2877.4 ], [ 2919.1, 2878.1 ], [ 2919.2, 2878.5 ], [ 2919.6, 2879.3 ], [ 2916.9, 2882.1 ], [ 2916.2, 2883.1 ], [ 2915.7, 2884.6 ], [ 2915.7, 2885.9 ], [ 2916.4, 2887.4 ], [ 2916.4, 2888.7 ], [ 2913.3, 2893.0 ], [ 2915.1, 2895.4 ], [ 2916.6, 2897.9 ], [ 2917.2, 2900.6 ], [ 2916.3, 2903.6 ], [ 2917.4, 2906.9 ], [ 2915.7, 2911.4 ], [ 2911.5, 2918.3 ], [ 2910.7, 2918.3 ], [ 2909.7, 2915.3 ], [ 2909.1, 2914.1 ], [ 2908.4, 2913.0 ], [ 2907.6, 2912.3 ], [ 2905.3, 2910.9 ], [ 2899.4, 2909.2 ], [ 2898.3, 2909.3 ], [ 2897.1, 2908.9 ], [ 2894.4, 2908.9 ], [ 2891.7, 2909.3 ], [ 2890.4, 2910.2 ], [ 2884.2, 2917.0 ], [ 2883.8, 2920.0 ], [ 2880.2, 2921.8 ], [ 2867.3, 2924.3 ], [ 2860.0, 2928.0 ], [ 2855.7, 2928.2 ], [ 2856.5, 2929.2 ], [ 2855.9, 2931.4 ], [ 2854.9, 2933.5 ], [ 2853.5, 2935.0 ], [ 2851.7, 2935.5 ], [ 2850.3, 2935.0 ], [ 2849.3, 2933.9 ], [ 2848.1, 2933.3 ], [ 2846.2, 2934.3 ], [ 2845.9, 2933.0 ], [ 2845.8, 2932.7 ], [ 2845.5, 2932.7 ], [ 2844.6, 2932.2 ], [ 2844.6, 2933.3 ], [ 2845.4, 2934.8 ], [ 2844.7, 2938.2 ], [ 2845.3, 2939.6 ], [ 2843.2, 2940.2 ], [ 2841.2, 2941.1 ], [ 2839.7, 2942.8 ], [ 2838.7, 2946.7 ], [ 2838.4, 2947.3 ], [ 2838.7, 2947.8 ], [ 2840.1, 2948.0 ], [ 2840.6, 2948.5 ], [ 2840.1, 2949.8 ], [ 2838.8, 2951.7 ], [ 2838.8, 2953.5 ], [ 2838.5, 2955.1 ], [ 2837.5, 2956.1 ], [ 2833.8, 2956.6 ], [ 2833.3, 2957.1 ], [ 2833.0, 2957.7 ], [ 2832.5, 2958.4 ], [ 2832.0, 2959.5 ], [ 2831.9, 2960.8 ], [ 2831.4, 2961.4 ], [ 2830.0, 2960.6 ], [ 2829.2, 2961.7 ], [ 2828.2, 2962.3 ], [ 2827.1, 2962.3 ], [ 2826.1, 2961.5 ], [ 2825.7, 2963.0 ], [ 2825.8, 2964.7 ], [ 2826.2, 2966.4 ], [ 2826.8, 2967.7 ], [ 2826.0, 2968.8 ], [ 2830.5, 2967.0 ], [ 2833.0, 2966.9 ], [ 2835.5, 2969.0 ], [ 2832.0, 2971.0 ], [ 2831.4, 2971.6 ], [ 2831.6, 2972.7 ], [ 2832.0, 2973.3 ], [ 2832.7, 2973.4 ], [ 2834.3, 2972.0 ], [ 2834.8, 2972.6 ], [ 2835.1, 2973.7 ], [ 2835.4, 2974.3 ], [ 2839.6, 2976.4 ], [ 2839.9, 2976.7 ], [ 2841.5, 2978.0 ], [ 2841.4, 2979.3 ], [ 2841.1, 2979.4 ], [ 2840.6, 2979.3 ], [ 2839.9, 2979.6 ], [ 2838.7, 2980.5 ], [ 2837.1, 2981.1 ], [ 2832.5, 2981.9 ], [ 2831.4, 2982.5 ], [ 2830.5, 2983.2 ], [ 2829.6, 2983.6 ], [ 2826.6, 2983.4 ], [ 2825.4, 2983.7 ], [ 2824.9, 2985.2 ], [ 2825.7, 2985.8 ], [ 2827.2, 2986.3 ], [ 2828.2, 2987.2 ], [ 2827.2, 2988.9 ] ] } },
{ "type": "Feature", "properties": { "scalerank": 6, "featurecla": "Coastline" }, "geometry": { "type": "LineString", "coordinates": [ [ 3026.6, 2969.5 ], [ 3026.3, 2972.0 ], [ 3028.5, 2972.7 ], [ 3028.8, 2970.1 ], [ 3027.7, 2968.4 ], [ 3026.6, 2969.5 ] ] } },
{ "type": "Feature", "properties": { "scalerank": 6, "featurecla": "Coastline" }, "geometry": { "type": "LineString", "coordinates": [ [ 3591.7, 3545.2 ], [ 3593.4, 3545.8 ], [ 3595.1, 3547.3 ], [ 3596.9, 3548.4 ], [ 3599.0, 3547.8 ], [ 3598.9, 3546.7 ], [ 3598.3, 3546.1 ], [ 3597.8, 3545.4 ], [ 3597.1, 3543.7 ], [ 3600.3, 3543.5 ], [ 3600.3, 3542.5 ], [ 3599.6, 3542.2 ], [ 3598.5, 3541.1 ], [ 3597.7, 3540.5 ], [ 3598.4, 3538.2 ], [ 3597.4, 3537.4 ], [ 3593.3, 3537.6 ], [ 3591.6, 3538.8 ], [ 3590.6, 3541.4 ], [ 3590.6, 3544.1 ], [ 3591.7, 3545.2 ] ] } },
{ "type": "Feature", "properties": { "scalerank": 6, "featurecla": "Coastline" }, "geometry": { "type": "LineString", "coordinates": [ [ 3522.8, 3539.9 ], [ 3524.5, 3539.2 ], [ 3523.9, 3537.4 ], [ 3522.2, 3538.1 ], [ 3522.8, 3539.9 ] ] } },
{ "type": "Feature", "properties": { "scalerank": 6, "featurecla": "Coastline" }, "geometry": { "type": "LineString", "coordinates": [ [ 3550.4, 3532.0 ], [ 3548.9, 3530.8 ], [ 3546.7, 3530.4 ], [ 3546.2, 3530.6 ], [ 3546.5, 3532.5 ], [ 3547.5, 3534.4 ], [ 3550.3, 3535.0 ], [ 3551.7, 3534.8 ], [ 3551.6, 3534.3 ], [ 3550.9, 3533.5 ], [ 3550.4, 3532.0 ] ] } },
{ "type": "Feature", "properties": { "scalerank": 6, "featurecla": "Coastline" }, "geometry": { "type": "LineString", "coordinates": [ [ 3585.6, 3534.0 ], [ 3586.2, 3532.2 ], [ 3586.5, 3531.5 ], [ 3587.1, 3530.8 ], [ 3585.8, 3529.1 ], [ 3583.8, 3528.6 ], [ 3579.4, 3529.1 ], [ 3576.9, 3531.1 ], [ 3580.8, 3533.9 ], [ 3585.5, 3535.5 ], [ 3585.6, 3534.0 ] ] } },
{ "type": "Feature", "properties": { "scalerank": 6, "featurecla": "Coastline" }, "geometry": { "type": "LineString", "coordinates": [ [ 3378.2, 3519.1 ], [ 3376.9, 3520.3 ], [ 3376.3, 3521.5 ], [ 3376.4, 3522.6 ], [ 3377.9, 3523.1 ], [ 3379.3, 3522.8 ], [ 3381.7, 3520.3 ], [ 3381.5, 3519.8 ], [ 3380.2, 3519.0 ], [ 3378.2, 3519.1 ] ] } },
{ "type": "Feature", "properties": { "scalerank": 6, "featurecla": "Coastline" }, "geometry": { "type": "LineString", "coordinates": [ [ 3627.5, 3491.1 ], [ 3626.4, 3490.9 ], [ 3625.6, 3491.2 ], [ 3625.2, 3491.9 ], [ 3624.7, 3492.6 ], [ 3623.5, 3493.2 ], [ 3622.7, 3494.1 ], [ 3622.8, 3494.7 ], [ 3625.2, 3496.6 ], [ 3626.6, 3496.9 ], [ 3627.4, 3496.2 ], [ 3628.0, 3495.2 ], [ 3628.3, 3494.2 ], [ 3628.8, 3493.2 ], [ 3629.0, 3491.9 ], [ 3628.4, 3491.4 ], [ 3627.5, 3491.1 ] ] } },
{ "type": "Feature", "properties": { "scalerank": 5, "featurecla": "Coastline" }, "geometry": { "type": "LineString", "coordinates": [ [ 3458.1, 3210.2 ], [ 3459.7, 3208.6 ], [ 3460.5, 3208.0 ], [ 3460.0, 3206.8 ], [ 3460.0, 3205.9 ], [ 3460.3, 3205.0 ], [ 3457.9, 3203.5 ], [ 3450.4, 3201.3 ], [ 3448.0, 3201.4 ], [ 3448.6, 3202.9 ], [ 3448.9, 3203.5 ], [ 3448.0, 3204.2 ], [ 3447.4, 3205.7 ], [ 3446.7, 3208.7 ], [ 3448.0, 3209.8 ], [ 3450.7, 3210.9 ], [ 3451.7, 3211.7 ], [ 3453.2, 3210.7 ], [ 3455.1, 3209.9 ], [ 3456.9, 3209.7 ], [ 3458.1, 3210.2 ] ] } },
{ "type": "Feature", "properties": { "scalerank": 6, "featurecla": "Coastline" }, "geometry": { "type": "LineString", "coordinates": [ [ 3395.5, 3198.8 ], [ 3395.0, 3200.3 ], [ 3396.4, 3199.5 ], [ 3397.0, 3197.8 ], [ 3396.1, 3198.1 ], [ 3395.5, 3198.8 ] ] } },
{ "type": "Feature", "properties": { "scalerank": 6, "featurecla": "Coastline" }, "geometry": { "type": "LineString", "coordinates": [ [ 3774.2, 2866.2 ], [ 3770.8, 2867.0 ], [ 3768.8, 2868.1 ], [ 3768.2, 2870.0 ], [ 3768.9, 2869.9 ], [ 3769.9, 2868.9 ], [ 3770.5, 2869.7 ], [ 3770.5, 2871.0 ], [ 3769.1, 2872.0 ], [ 3770.5, 2874.0 ], [ 3772.1, 2874.6 ], [ 3773.6, 2874.1 ], [ 3774.7, 2872.5 ], [ 3776.6, 2873.2 ], [ 3777.5, 2873.3 ], [ 3777.9, 2874.3 ], [ 3780.2, 2873.8 ], [ 3782.3, 2872.1 ], [ 3783.4, 2869.8 ], [ 3782.9, 2867.5 ], [ 3781.4, 2866.6 ], [ 3774.2, 2866.2 ] ] } },
{ "type": "Feature", "properties": { "scalerank": 5, "featurecla": "Coastline" }, "geometry": { "type": "LineString", "coordinates": [ [ 3865.7, 2863.7 ], [ 3864.5, 2864.5 ], [ 3857.9, 2864.5 ], [ 3858.2, 2863.8 ], [ 3858.3, 2863.7 ], [ 3858.6, 2863.4 ], [ 3855.9, 2862.5 ], [ 3850.0, 2861.9 ], [ 3845.5, 2859.7 ], [ 3839.9, 2860.2 ], [ 3837.9, 2859.1 ], [ 3837.1, 2860.2 ], [ 3836.0, 2859.6 ], [ 3834.8, 2859.4 ], [ 3833.6, 2859.4 ], [ 3832.4, 2859.7 ], [ 3833.5, 2858.5 ], [ 3834.0, 2858.0 ], [ 3834.6, 2857.8 ], [ 3832.5, 2857.8 ], [ 3828.9, 2859.6 ], [ 3826.9, 2860.2 ], [ 3828.3, 2861.7 ], [ 3830.7, 2863.6 ], [ 3833.1, 2864.4 ], [ 3834.3, 2862.5 ], [ 3876.6, 2870.1 ], [ 3874.2, 2867.4 ], [ 3868.2, 2865.5 ], [ 3865.7, 2863.7 ] ] } },
{ "type": "Feature", "properties": { "scalerank": 5, "featurecla": "Coastline" }, "geometry": { "type": "LineString", "coordinates": [ [ 3802.7, 2834.9 ], [ 3800.4, 2835.9 ], [ 3791.2, 2833.9 ], [ 3778.1, 2836.4 ], [ 3775.7, 2838.0 ], [ 3774.1, 2838.7 ], [ 3767.9, 2839.2 ], [ 3761.5, 2838.3 ], [ 3758.3, 2837.2 ], [ 3755.9, 2836.0 ], [ 3753.3, 2836.2 ], [ 3750.6, 2836.0 ], [ 3748.1, 2836.3 ], [ 3745.9, 2838.0 ], [ 3747.8, 2838.6 ], [ 3752.4, 2838.8 ], [ 3754.6, 2839.3 ], [ 3754.7, 2840.4 ], [ 3747.3, 2845.3 ], [ 3749.3, 2846.5 ], [ 3751.3, 2847.0 ], [ 3751.3, 2846.2 ], [ 3753.4, 2845.8 ], [ 3759.0, 2847.0 ], [ 3771.9, 2848.4 ], [ 3777.1, 2847.1 ], [ 3785.3, 2843.1 ], [ 3790.1, 2842.4 ], [ 3800.7, 2843.6 ], [ 3805.8, 2842.1 ], [ 3808.2, 2841.7 ], [ 3810.4, 2842.7 ], [ 3811.1, 2841.4 ], [ 3806.8, 2838.8 ], [ 3804.8, 2837.3 ], [ 3802.7, 2834.9 ] ] } },
{ "type": "Feature", "properties": { "scalerank": 6, "featurecla": "Coastline" }, "geometry": { "type": "LineString", "coordinates": [ [ 3700.6, 2828.1 ], [ 3699.0, 2827.2 ], [ 3697.6, 2827.2 ], [ 3695.1, 2828.6 ], [ 3695.3, 2828.2 ], [ 3695.8, 2827.4 ], [ 3692.4, 2826.4 ], [ 3687.8, 2826.6 ], [ 3683.6, 2827.8 ], [ 3681.1, 2829.7 ], [ 3680.3, 2829.9 ], [ 3679.8, 2830.1 ], [ 3679.3, 2830.4 ], [ 3678.9, 2830.9 ], [ 3680.7, 2832.9 ], [ 3681.4, 2832.9 ], [ 3682.5, 2832.5 ], [ 3683.5, 2834.2 ], [ 3683.4, 2836.6 ], [ 3681.1, 2838.2 ], [ 3683.9, 2838.8 ], [ 3687.7, 2838.2 ], [ 3697.5, 2834.4 ], [ 3698.8, 2833.2 ], [ 3700.0, 2831.3 ], [ 3701.2, 2830.3 ], [ 3701.9, 2829.5 ], [ 3702.2, 2828.5 ], [ 3701.9, 2827.1 ], [ 3701.5, 2826.9 ], [ 3701.0, 2827.4 ], [ 3700.6, 2828.1 ] ] } },
{ "type": "Feature", "properties": { "scalerank": 5, "featurecla": "Coastline" }, "geometry": { "type": "LineString", "coordinates": [ [ 3751.0, 2815.2 ], [ 3779.2, 2812.6 ], [ 3807.5, 2810.0 ], [ 3803.0, 2808.4 ], [ 3797.8, 2808.3 ], [ 3787.6, 2809.8 ], [ 3780.7, 2808.6 ], [ 3773.6, 2808.9 ], [ 3771.5, 2808.5 ], [ 3769.8, 2807.1 ], [ 3768.0, 2808.2 ], [ 3757.1, 2809.3 ], [ 3754.4, 2809.1 ], [ 3751.9, 2808.4 ], [ 3749.5, 2806.9 ], [ 3749.9, 2806.7 ], [ 3750.2, 2806.7 ], [ 3750.3, 2806.5 ], [ 3750.2, 2805.8 ], [ 3748.7, 2805.0 ], [ 3747.7, 2803.8 ], [ 3746.9, 2802.6 ], [ 3746.1, 2801.9 ], [ 3744.5, 2801.4 ], [ 3741.1, 2801.2 ], [ 3739.7, 2801.3 ], [ 3738.9, 2801.7 ], [ 3737.9, 2802.6 ], [ 3737.5, 2802.7 ], [ 3735.0, 2800.9 ], [ 3731.9, 2801.3 ], [ 3730.2, 2801.3 ], [ 3731.3, 2802.3 ], [ 3734.4, 2803.9 ], [ 3737.8, 2806.9 ], [ 3734.6, 2807.3 ], [ 3731.3, 2805.0 ], [ 3727.6, 2803.2 ], [ 3723.7, 2804.8 ], [ 3723.6, 2803.9 ], [ 3722.4, 2805.5 ], [ 3722.1, 2806.1 ], [ 3721.3, 2805.0 ], [ 3718.7, 2807.0 ], [ 3717.5, 2807.3 ], [ 3716.0, 2806.6 ], [ 3714.7, 2806.8 ], [ 3714.2, 2807.2 ], [ 3713.8, 2807.9 ], [ 3719.0, 2809.6 ], [ 3720.3, 2809.8 ], [ 3722.4, 2811.0 ], [ 3725.9, 2811.3 ], [ 3735.7, 2814.1 ], [ 3748.4, 2815.7 ], [ 3751.0, 2815.2 ] ] } },
{ "type": "Feature", "properties": { "scalerank": 5, "featurecla": "Coastline" }, "geometry": { "type": "LineString", "coordinates": [ [ 3727.3, 2793.0 ], [ 3734.6, 2794.6 ], [ 3741.9, 2794.9 ], [ 3762.7, 2792.4 ], [ 3766.4, 2791.2 ], [ 3768.2, 2788.2 ], [ 3769.1, 2788.7 ], [ 3769.8, 2787.7 ], [ 3771.0, 2784.8 ], [ 3770.1, 2783.3 ], [ 3769.2, 2783.2 ], [ 3768.3, 2783.4 ], [ 3767.0, 2783.1 ], [ 3764.7, 2780.9 ], [ 3763.6, 2780.1 ], [ 3763.0, 2781.0 ], [ 3762.1, 2781.2 ], [ 3761.0, 2781.0 ], [ 3759.8, 2780.5 ], [ 3761.3, 2780.4 ], [ 3761.2, 2779.3 ], [ 3747.2, 2776.9 ], [ 3725.3, 2778.0 ], [ 3720.6, 2776.6 ], [ 3719.9, 2776.5 ], [ 3717.5, 2776.8 ], [ 3719.3, 2780.3 ], [ 3721.1, 2782.9 ], [ 3719.8, 2783.3 ], [ 3719.1, 2784.1 ], [ 3719.1, 2785.1 ], [ 3719.8, 2786.1 ], [ 3719.2, 2786.3 ], [ 3718.7, 2786.3 ], [ 3718.4, 2786.5 ], [ 3718.4, 2787.4 ], [ 3717.6, 2787.5 ], [ 3716.9, 2787.0 ], [ 3716.0, 2786.5 ], [ 3718.0, 2788.6 ], [ 3727.3, 2793.0 ] ] } },
{ "type": "Feature", "properties": { "scalerank": 6, "featurecla": "Coastline" }, "geometry": { "type": "LineString", "coordinates": [ [ 3714.2, 2784.5 ], [ 3711.2, 2782.5 ], [ 3709.0, 2780.0 ], [ 3706.7, 2778.4 ], [ 3703.7, 2779.1 ], [ 3703.0, 2776.6 ], [ 3700.5, 2775.5 ], [ 3694.1, 2775.6 ], [ 3692.5, 2776.0 ], [ 3692.0, 2777.0 ], [ 3692.4, 2778.1 ], [ 3693.6, 2778.9 ], [ 3693.2, 2779.0 ], [ 3693.0, 2779.1 ], [ 3692.8, 2779.3 ], [ 3692.9, 2780.0 ], [ 3695.8, 2780.2 ], [ 3701.6, 2782.0 ], [ 3709.5, 2786.1 ], [ 3712.6, 2786.6 ], [ 3714.2, 2784.5 ] ] } },
{ "type": "Feature", "properties": { "scalerank": 6, "featurecla": "Coastline" }, "geometry": { "type": "LineString", "coordinates": [ [ 3703.1, 2760.5 ], [ 3697.9, 2760.1 ], [ 3696.1, 2761.0 ], [ 3696.7, 2762.2 ], [ 3695.8, 2763.1 ], [ 3694.2, 2763.0 ], [ 3693.5, 2762.9 ], [ 3693.0, 2762.9 ], [ 3692.2, 2763.3 ], [ 3692.2, 2764.1 ], [ 3693.0, 2764.6 ], [ 3694.4, 2765.0 ], [ 3696.2, 2765.1 ], [ 3697.6, 2764.7 ], [ 3698.5, 2764.1 ], [ 3700.2, 2763.8 ], [ 3706.0, 2764.3 ], [ 3710.2, 2763.5 ], [ 3710.6, 2762.6 ], [ 3705.9, 2761.2 ], [ 3703.1, 2760.5 ] ] } },
{ "type": "Feature", "properties": { "scalerank": 6, "featurecla": "Coastline" }, "geometry": { "type": "LineString", "coordinates": [ [ 3630.6, 2744.6 ], [ 3629.5, 2743.5 ], [ 3628.5, 2742.0 ], [ 3627.1, 2741.0 ], [ 3623.7, 2740.9 ], [ 3623.2, 2740.7 ], [ 3622.7, 2739.9 ], [ 3621.9, 2741.1 ], [ 3623.7, 2741.9 ], [ 3628.9, 2745.1 ], [ 3630.0, 2746.3 ], [ 3631.0, 2745.7 ], [ 3637.7, 2747.2 ], [ 3630.6, 2744.6 ] ] } },
{ "type": "Feature", "properties": { "scalerank": 6, "featurecla": "Coastline" }, "geometry": { "type": "LineString", "coordinates": [ [ 3581.5, 2714.3 ], [ 3579.1, 2712.4 ], [ 3577.7, 2713.4 ], [ 3578.5, 2715.3 ], [ 3580.2, 2717.2 ], [ 3581.8, 2718.5 ], [ 3585.0, 2720.5 ], [ 3587.5, 2723.4 ], [ 3589.7, 2724.7 ], [ 3596.5, 2727.2 ], [ 3597.6, 2727.8 ], [ 3594.2, 2725.3 ], [ 3592.6, 2723.8 ], [ 3591.2, 2722.2 ], [ 3582.2, 2715.8 ], [ 3581.5, 2714.3 ] ] } },
{ "type": "Feature", "properties": { "scalerank": 5, "featurecla": "Coastline" }, "geometry": { "type": "LineString", "coordinates": [ [ 3585.2, 2698.7 ], [ 3586.0, 2699.9 ], [ 3587.9, 2701.3 ], [ 3590.0, 2702.5 ], [ 3591.5, 2703.0 ], [ 3591.3, 2703.7 ], [ 3590.8, 2704.0 ], [ 3591.9, 2705.5 ], [ 3593.4, 2706.2 ], [ 3596.4, 2706.9 ], [ 3596.8, 2707.4 ], [ 3597.1, 2708.1 ], [ 3597.5, 2708.7 ], [ 3598.4, 2708.9 ], [ 3599.4, 2708.9 ], [ 3600.3, 2709.0 ], [ 3601.1, 2709.2 ], [ 3602.0, 2709.7 ], [ 3601.5, 2707.9 ], [ 3600.5, 2706.1 ], [ 3599.5, 2704.5 ], [ 3598.5, 2703.5 ], [ 3597.6, 2703.0 ], [ 3596.0, 2702.4 ], [ 3595.3, 2701.7 ], [ 3595.0, 2700.9 ], [ 3594.5, 2698.3 ], [ 3594.2, 2697.5 ], [ 3593.6, 2697.3 ], [ 3590.3, 2696.8 ], [ 3584.0, 2692.7 ], [ 3582.2, 2692.0 ], [ 3580.1, 2692.1 ], [ 3581.2, 2693.7 ], [ 3584.4, 2696.9 ], [ 3585.2, 2698.7 ] ] } },
{ "type": "Feature", "properties": { "scalerank": 5, "featurecla": "Coastline" }, "geometry": { "type": "LineString", "coordinates": [ [ 3567.7, 2702.5 ], [ 3564.3, 2698.2 ], [ 3563.9, 2697.5 ], [ 3562.3, 2697.4 ], [ 3561.0, 2696.8 ], [ 3555.4, 2691.5 ], [ 3554.3, 2690.0 ], [ 3553.7, 2688.1 ], [ 3553.4, 2686.1 ], [ 3552.9, 2684.6 ], [ 3551.9, 2683.7 ], [ 3550.3, 2683.6 ], [ 3550.6, 2683.0 ], [ 3551.0, 2681.5 ], [ 3549.5, 2682.4 ], [ 3548.5, 2682.0 ], [ 3547.5, 2681.1 ], [ 3545.9, 2680.8 ], [ 3545.0, 2680.3 ], [ 3544.3, 2679.1 ], [ 3543.7, 2677.7 ], [ 3543.0, 2676.7 ], [ 3536.5, 2672.2 ], [ 3534.1, 2669.8 ], [ 3533.7, 2669.8 ], [ 3533.2, 2669.7 ], [ 3532.6, 2669.9 ], [ 3534.2, 2672.1 ], [ 3534.9, 2673.4 ], [ 3535.2, 2675.1 ], [ 3545.3, 2684.5 ], [ 3548.5, 2685.8 ], [ 3550.9, 2687.8 ], [ 3555.9, 2697.0 ], [ 3558.8, 2700.0 ], [ 3563.7, 2706.5 ], [ 3565.5, 2708.4 ], [ 3567.2, 2709.7 ], [ 3571.4, 2711.8 ], [ 3571.7, 2712.3 ], [ 3572.9, 2713.4 ], [ 3574.0, 2714.0 ], [ 3574.5, 2713.2 ], [ 3574.1, 2711.8 ], [ 3573.5, 2711.7 ], [ 3572.6, 2711.9 ], [ 3571.7, 2711.3 ], [ 3571.0, 2710.7 ], [ 3568.1, 2708.9 ], [ 3567.6, 2708.2 ], [ 3567.2, 2707.4 ], [ 3566.7, 2707.0 ], [ 3568.0, 2706.5 ], [ 3573.9, 2710.5 ], [ 3576.6, 2709.4 ], [ 3576.1, 2707.6 ], [ 3567.7, 2702.5 ] ] } },
{ "type": "Feature", "properties": { "scalerank": 5, "featurecla": "Coastline" }, "geometry": { "type": "LineString", "coordinates": [ [ 3579.2, 2691.1 ], [ 3578.1, 2686.8 ], [ 3575.6, 2683.9 ], [ 3556.4, 2670.4 ], [ 3557.6, 2672.8 ], [ 3558.1, 2673.6 ], [ 3557.7, 2673.9 ], [ 3557.6, 2674.0 ], [ 3557.6, 2674.1 ], [ 3557.4, 2674.7 ], [ 3559.5, 2676.1 ], [ 3563.7, 2680.7 ], [ 3566.9, 2683.0 ], [ 3569.4, 2685.5 ], [ 3571.7, 2687.1 ], [ 3572.7, 2685.3 ], [ 3573.0, 2685.8 ], [ 3573.2, 2686.2 ], [ 3573.4, 2686.6 ], [ 3573.6, 2687.3 ], [ 3574.3, 2687.3 ], [ 3575.4, 2686.4 ], [ 3576.5, 2687.7 ], [ 3577.7, 2689.7 ], [ 3579.2, 2691.1 ] ] } },
{ "type": "Feature", "properties": { "scalerank": 6, "featurecla": "Coastline" }, "geometry": { "type": "LineString", "coordinates": [ [ 3532.1, 2674.2 ], [ 3531.3, 2673.8 ], [ 3530.3, 2672.8 ], [ 3529.7, 2671.2 ], [ 3529.5, 2673.6 ], [ 3531.3, 2675.2 ], [ 3533.7, 2675.8 ], [ 3535.1, 2675.2 ], [ 3534.5, 2674.0 ], [ 3533.7, 2673.5 ], [ 3532.9, 2673.5 ], [ 3532.1, 2674.2 ] ] } },
{ "type": "Feature", "properties": { "scalerank": 6, "featurecla": "Coastline" }, "geometry": { "type": "LineString", "coordinates": [ [ 3521.6, 2652.6 ], [ 3520.8, 2652.8 ], [ 3520.9, 2654.0 ], [ 3520.5, 2654.5 ], [ 3519.4, 2654.6 ], [ 3519.3, 2655.8 ], [ 3520.6, 2657.4 ], [ 3521.9, 2657.6 ], [ 3522.5, 2656.7 ], [ 3523.5, 2656.4 ], [ 3525.1, 2656.3 ], [ 3525.3, 2655.4 ], [ 3523.1, 2653.6 ], [ 3521.6, 2652.6 ] ] } },
{ "type": "Feature", "properties": { "scalerank": 6, "featurecla": "Coastline" }, "geometry": { "type": "LineString", "coordinates": [ [ 3504.9, 2646.1 ], [ 3502.8, 2645.3 ], [ 3503.3, 2646.5 ], [ 3508.2, 2650.4 ], [ 3510.1, 2651.3 ], [ 3510.5, 2650.8 ], [ 3508.3, 2648.2 ], [ 3504.9, 2646.1 ] ] } },
{ "type": "Feature", "properties": { "scalerank": 6, "featurecla": "Coastline" }, "geometry": { "type": "LineString", "coordinates": [ [ 3525.0, 2639.2 ], [ 3524.8, 2638.6 ], [ 3525.1, 2637.6 ], [ 3525.6, 2636.3 ], [ 3525.3, 2634.8 ], [ 3524.3, 2633.5 ], [ 3522.9, 2632.9 ], [ 3521.7, 2633.2 ], [ 3521.2, 2633.4 ], [ 3520.8, 2633.6 ], [ 3521.6, 2638.4 ], [ 3520.6, 2640.3 ], [ 3520.5, 2641.6 ], [ 3522.6, 2643.2 ], [ 3523.9, 2644.0 ], [ 3525.7, 2644.5 ], [ 3526.7, 2643.3 ], [ 3525.9, 2640.6 ], [ 3525.0, 2639.2 ] ] } },
{ "type": "Feature", "properties": { "scalerank": 5, "featurecla": "Coastline" }, "geometry": { "type": "LineString", "coordinates": [ [ 3532.0, 2610.6 ], [ 3532.2, 2611.9 ], [ 3535.6, 2616.3 ], [ 3537.1, 2618.8 ], [ 3536.5, 2619.1 ], [ 3535.5, 2619.8 ], [ 3534.9, 2620.1 ], [ 3534.9, 2621.0 ], [ 3540.9, 2624.1 ], [ 3542.0, 2624.3 ], [ 3549.2, 2629.5 ], [ 3551.4, 2633.5 ], [ 3552.6, 2634.7 ], [ 3553.6, 2634.7 ], [ 3555.3, 2633.6 ], [ 3556.3, 2633.4 ], [ 3557.3, 2633.7 ], [ 3560.3, 2635.4 ], [ 3559.8, 2636.6 ], [ 3559.2, 2637.3 ], [ 3558.5, 2637.6 ], [ 3557.3, 2637.6 ], [ 3558.3, 2639.5 ], [ 3558.9, 2640.1 ], [ 3559.8, 2640.6 ], [ 3559.9, 2641.7 ], [ 3558.4, 2641.8 ], [ 3558.5, 2642.8 ], [ 3560.2, 2645.0 ], [ 3562.3, 2646.8 ], [ 3564.7, 2648.0 ], [ 3567.3, 2648.5 ], [ 3567.2, 2647.5 ], [ 3562.4, 2644.6 ], [ 3562.3, 2643.7 ], [ 3565.0, 2643.7 ], [ 3570.0, 2645.5 ], [ 3572.4, 2646.0 ], [ 3571.8, 2645.7 ], [ 3571.4, 2645.4 ], [ 3571.0, 2644.9 ], [ 3570.8, 2644.0 ], [ 3573.1, 2643.9 ], [ 3571.7, 2642.2 ], [ 3569.9, 2640.5 ], [ 3567.8, 2639.4 ], [ 3565.8, 2639.1 ], [ 3565.8, 2638.0 ], [ 3568.3, 2639.0 ], [ 3571.2, 2641.0 ], [ 3573.8, 2642.3 ], [ 3575.9, 2641.6 ], [ 3574.4, 2640.0 ], [ 3571.1, 2637.4 ], [ 3569.4, 2635.7 ], [ 3566.8, 2634.3 ], [ 3555.8, 2624.1 ], [ 3551.0, 2622.2 ], [ 3552.3, 2625.4 ], [ 3554.0, 2627.9 ], [ 3555.9, 2629.9 ], [ 3557.7, 2631.2 ], [ 3552.1, 2627.8 ], [ 3542.2, 2615.4 ], [ 3535.9, 2612.5 ], [ 3535.9, 2611.5 ], [ 3537.8, 2611.3 ], [ 3539.3, 2612.0 ], [ 3540.6, 2612.8 ], [ 3542.8, 2613.5 ], [ 3547.6, 2615.9 ], [ 3547.3, 2616.5 ], [ 3546.9, 2618.1 ], [ 3549.3, 2618.2 ], [ 3552.5, 2620.6 ], [ 3554.7, 2620.8 ], [ 3553.0, 2618.3 ], [ 3551.7, 2616.0 ], [ 3550.5, 2614.3 ], [ 3546.3, 2613.3 ], [ 3544.5, 2611.8 ], [ 3541.7, 2607.8 ], [ 3538.4, 2604.8 ], [ 3534.5, 2602.6 ], [ 3531.9, 2602.9 ], [ 3532.6, 2607.4 ], [ 3528.1, 2604.5 ], [ 3520.3, 2594.4 ], [ 3515.7, 2589.7 ], [ 3515.3, 2589.5 ], [ 3514.8, 2589.5 ], [ 3516.2, 2592.9 ], [ 3518.3, 2596.2 ], [ 3530.7, 2609.6 ], [ 3532.0, 2610.6 ] ] } },
{ "type": "Feature", "properties": { "scalerank": 6, "featurecla": "Coastline" }, "geometry": { "type": "LineString", "coordinates": [ [ 3484.3, 2612.6 ], [ 3480.1, 2607.4 ], [ 3479.3, 2606.0 ], [ 3478.6, 2601.9 ], [ 3478.0, 2599.4 ], [ 3477.4, 2598.1 ], [ 3478.0, 2594.5 ], [ 3476.0, 2592.6 ], [ 3473.2, 2591.4 ], [ 3470.9, 2590.1 ], [ 3471.2, 2592.7 ], [ 3472.3, 2597.4 ], [ 3472.9, 2599.4 ], [ 3476.1, 2604.2 ], [ 3477.0, 2607.2 ], [ 3475.2, 2609.8 ], [ 3475.7, 2610.6 ], [ 3475.8, 2610.9 ], [ 3475.8, 2611.0 ], [ 3475.1, 2611.0 ], [ 3475.1, 2612.0 ], [ 3476.4, 2612.8 ], [ 3477.8, 2613.0 ], [ 3478.9, 2612.4 ], [ 3479.6, 2610.7 ], [ 3481.7, 2611.5 ], [ 3483.5, 2612.8 ], [ 3486.8, 2616.7 ], [ 3486.0, 2616.3 ], [ 3483.7, 2615.8 ], [ 3483.7, 2616.8 ], [ 3485.3, 2617.8 ], [ 3489.2, 2622.4 ], [ 3492.4, 2625.0 ], [ 3494.8, 2624.6 ], [ 3493.8, 2621.6 ], [ 3484.3, 2612.6 ] ] } },
{ "type": "Feature", "properties": { "scalerank": 6, "featurecla": "Coastline" }, "geometry": { "type": "LineString", "coordinates": [ [ 3461.2, 2599.2 ], [ 3460.5, 2602.2 ], [ 3460.3, 2603.3 ], [ 3460.3, 2604.7 ], [ 3461.1, 2605.6 ], [ 3462.5, 2606.0 ], [ 3463.9, 2606.7 ], [ 3464.6, 2606.5 ], [ 3463.9, 2604.6 ], [ 3463.1, 2603.3 ], [ 3462.8, 2602.8 ], [ 3462.8, 2602.0 ], [ 3462.9, 2601.2 ], [ 3462.7, 2600.4 ], [ 3462.7, 2599.8 ], [ 3463.0, 2599.6 ], [ 3463.1, 2599.4 ], [ 3464.6, 2598.9 ], [ 3465.2, 2598.0 ], [ 3465.1, 2596.5 ], [ 3463.5, 2596.2 ], [ 3461.2, 2599.2 ] ] } },
{ "type": "Feature", "properties": { "scalerank": 5, "featurecla": "Coastline" }, "geometry": { "type": "LineString", "coordinates": [ [ 3514.9, 2577.9 ], [ 3518.6, 2580.4 ], [ 3524.4, 2586.2 ], [ 3527.6, 2588.7 ], [ 3528.5, 2586.4 ], [ 3527.5, 2583.4 ], [ 3524.0, 2578.4 ], [ 3522.7, 2577.2 ], [ 3520.0, 2575.9 ], [ 3515.4, 2571.9 ], [ 3514.5, 2571.4 ], [ 3514.5, 2570.4 ], [ 3516.1, 2568.9 ], [ 3515.7, 2567.4 ], [ 3514.0, 2566.3 ], [ 3511.9, 2566.3 ], [ 3512.5, 2567.8 ], [ 3512.8, 2568.4 ], [ 3510.6, 2567.8 ], [ 3508.3, 2567.6 ], [ 3508.8, 2569.2 ], [ 3509.1, 2569.7 ], [ 3510.6, 2570.6 ], [ 3511.6, 2571.9 ], [ 3513.2, 2574.8 ], [ 3512.5, 2574.9 ], [ 3512.0, 2574.2 ], [ 3510.1, 2572.8 ], [ 3510.3, 2573.7 ], [ 3510.4, 2574.1 ], [ 3510.5, 2574.5 ], [ 3510.9, 2575.0 ], [ 3510.9, 2575.9 ], [ 3509.7, 2575.4 ], [ 3508.4, 2575.1 ], [ 3507.0, 2575.1 ], [ 3505.6, 2575.3 ], [ 3510.5, 2580.2 ], [ 3511.6, 2579.7 ], [ 3513.3, 2579.6 ], [ 3515.1, 2580.0 ], [ 3516.6, 2580.9 ], [ 3515.3, 2579.8 ], [ 3515.0, 2579.1 ], [ 3514.9, 2577.9 ] ] } },
{ "type": "Feature", "properties": { "scalerank": 5, "featurecla": "Coastline" }, "geometry": { "type": "LineString", "coordinates": [ [ 3491.0, 2597.3 ], [ 3489.5, 2594.9 ], [ 3487.6, 2592.9 ], [ 3486.0, 2590.5 ], [ 3485.1, 2587.2 ], [ 3485.2, 2585.3 ], [ 3485.8, 2583.3 ], [ 3485.6, 2581.7 ], [ 3485.1, 2580.5 ], [ 3483.6, 2578.3 ], [ 3483.0, 2576.7 ], [ 3484.5, 2575.6 ], [ 3484.2, 2573.1 ], [ 3482.5, 2568.6 ], [ 3481.8, 2563.6 ], [ 3481.9, 2561.4 ], [ 3482.7, 2558.7 ], [ 3481.9, 2557.6 ], [ 3482.9, 2555.5 ], [ 3483.7, 2552.6 ], [ 3483.8, 2549.9 ], [ 3482.9, 2548.1 ], [ 3481.5, 2547.5 ], [ 3479.0, 2547.3 ], [ 3477.5, 2546.2 ], [ 3476.8, 2545.4 ], [ 3473.8, 2540.1 ], [ 3471.5, 2534.6 ], [ 3470.7, 2531.8 ], [ 3470.2, 2528.1 ], [ 3470.2, 2521.9 ], [ 3469.3, 2520.2 ], [ 3466.5, 2519.3 ], [ 3464.6, 2520.0 ], [ 3463.1, 2521.6 ], [ 3462.0, 2523.8 ], [ 3461.0, 2527.1 ], [ 3461.2, 2529.3 ], [ 3462.3, 2531.1 ], [ 3468.6, 2537.8 ], [ 3469.3, 2539.0 ], [ 3473.1, 2548.2 ], [ 3474.8, 2550.8 ], [ 3477.1, 2552.7 ], [ 3476.4, 2553.8 ], [ 3474.8, 2552.2 ], [ 3474.7, 2553.7 ], [ 3475.4, 2556.1 ], [ 3475.8, 2556.9 ], [ 3475.5, 2559.2 ], [ 3474.9, 2560.1 ], [ 3473.8, 2560.3 ], [ 3471.9, 2560.3 ], [ 3470.8, 2559.7 ], [ 3468.7, 2556.9 ], [ 3467.9, 2556.3 ], [ 3465.2, 2555.4 ], [ 3464.2, 2555.9 ], [ 3465.4, 2558.6 ], [ 3464.8, 2559.6 ], [ 3464.8, 2560.1 ], [ 3464.7, 2560.8 ], [ 3467.0, 2562.9 ], [ 3469.2, 2572.0 ], [ 3471.1, 2574.0 ], [ 3472.3, 2574.1 ], [ 3472.9, 2574.6 ], [ 3473.1, 2576.1 ], [ 3473.5, 2581.0 ], [ 3474.1, 2583.0 ], [ 3474.8, 2584.1 ], [ 3475.8, 2583.4 ], [ 3476.2, 2583.7 ], [ 3476.5, 2584.0 ], [ 3476.9, 2584.2 ], [ 3477.4, 2584.3 ], [ 3477.4, 2591.1 ], [ 3481.6, 2598.7 ], [ 3486.8, 2604.0 ], [ 3490.1, 2603.8 ], [ 3491.3, 2604.0 ], [ 3492.1, 2603.5 ], [ 3492.8, 2602.6 ], [ 3493.5, 2601.5 ], [ 3492.6, 2599.4 ], [ 3491.3, 2600.4 ], [ 3490.6, 2599.9 ], [ 3490.4, 2598.7 ], [ 3491.0, 2597.3 ] ] } },
{ "type": "Feature", "properties": { "scalerank": 6, "featurecla": "Coastline" }, "geometry": { "type": "LineString", "coordinates": [ [ 3095.4, 2962.5 ], [ 3093.9, 2961.6 ], [ 3093.1, 2962.5 ], [ 3093.2, 2964.4 ], [ 3091.5, 2965.7 ], [ 3092.7, 2967.5 ], [ 3097.0, 2971.9 ], [ 3098.7, 2972.9 ], [ 3100.6, 2971.0 ], [ 3099.4, 2969.5 ], [ 3099.1, 2967.6 ], [ 3097.5, 2964.2 ], [ 3095.4, 2962.5 ] ] } },
{ "type": "Feature", "properties": { "scalerank": 6, "featurecla": "Coastline" }, "geometry": { "type": "LineString", "coordinates": [ [ 3003.0, 2930.9 ], [ 3002.5, 2929.6 ], [ 3002.1, 2928.0 ], [ 3001.6, 2928.1 ], [ 3000.8, 2930.2 ], [ 2999.7, 2931.5 ], [ 2998.5, 2931.9 ], [ 2998.2, 2933.0 ], [ 2999.2, 2933.9 ], [ 3000.7, 2934.4 ], [ 3002.3, 2934.5 ], [ 3003.4, 2933.8 ], [ 3003.7, 2932.7 ], [ 3003.7, 2932.1 ], [ 3003.5, 2931.7 ], [ 3003.0, 2930.9 ] ] } },
{ "type": "Feature", "properties": { "scalerank": 6, "featurecla": "Coastline" }, "geometry": { "type": "LineString", "coordinates": [ [ 2930.3, 2922.7 ], [ 2932.6, 2927.1 ], [ 2932.6, 2926.9 ], [ 2933.2, 2926.9 ], [ 2930.3, 2922.7 ] ] } },
{ "type": "Feature", "properties": { "scalerank": 5, "featurecla": "Coastline" }, "geometry": { "type": "LineString", "coordinates": [ [ 3043.0, 2892.3 ], [ 3042.5, 2890.7 ], [ 3041.6, 2889.4 ], [ 3040.6, 2888.4 ], [ 3039.5, 2888.0 ], [ 3038.1, 2888.7 ], [ 3037.2, 2890.4 ], [ 3036.0, 2894.3 ], [ 3035.2, 2895.1 ], [ 3034.2, 2895.8 ], [ 3033.3, 2896.6 ], [ 3032.9, 2898.1 ], [ 3032.1, 2898.4 ], [ 3030.4, 2898.4 ], [ 3029.2, 2897.5 ], [ 3029.8, 2895.3 ], [ 3025.5, 2895.4 ], [ 3023.5, 2895.2 ], [ 3023.5, 2895.3 ], [ 3023.5, 2896.5 ], [ 3022.0, 2897.5 ], [ 3022.4, 2897.8 ], [ 3022.6, 2897.8 ], [ 3022.7, 2897.9 ], [ 3022.8, 2898.7 ], [ 3020.1, 2898.9 ], [ 3018.1, 2898.7 ], [ 3016.7, 2898.2 ], [ 3014.1, 2896.8 ], [ 3013.0, 2896.5 ], [ 3010.5, 2896.7 ], [ 3007.6, 2897.6 ], [ 3005.2, 2899.2 ], [ 3004.0, 2901.9 ], [ 3004.7, 2906.0 ], [ 3006.7, 2908.2 ], [ 3009.3, 2909.1 ], [ 3018.7, 2909.3 ], [ 3019.3, 2909.3 ], [ 3019.9, 2908.3 ], [ 3020.5, 2906.0 ], [ 3022.8, 2907.9 ], [ 3027.2, 2905.6 ], [ 3028.3, 2908.1 ], [ 3029.6, 2904.8 ], [ 3031.1, 2904.8 ], [ 3032.6, 2906.2 ], [ 3034.1, 2907.1 ], [ 3034.4, 2907.6 ], [ 3035.6, 2910.4 ], [ 3036.0, 2911.2 ], [ 3037.4, 2911.9 ], [ 3038.6, 2911.8 ], [ 3039.4, 2911.9 ], [ 3040.0, 2913.3 ], [ 3041.7, 2911.3 ], [ 3041.0, 2908.4 ], [ 3039.1, 2905.9 ], [ 3036.9, 2904.9 ], [ 3038.9, 2904.1 ], [ 3040.4, 2902.9 ], [ 3041.6, 2901.2 ], [ 3042.3, 2898.6 ], [ 3041.6, 2896.8 ], [ 3041.7, 2895.0 ], [ 3042.2, 2893.4 ], [ 3043.0, 2892.3 ] ] } },
{ "type": "Feature", "properties": { "scalerank": 6, "featurecla": "Coastline" }, "geometry": { "type": "LineString", "coordinates": [ [ 2974.3, 2858.6 ], [ 2972.7, 2857.1 ], [ 2970.5, 2858.4 ], [ 2968.0, 2864.2 ], [ 2969.9, 2867.4 ], [ 2972.3, 2867.3 ], [ 2974.5, 2864.8 ], [ 2976.0, 2861.8 ], [ 2975.1, 2859.6 ], [ 2974.7, 2859.2 ], [ 2974.5, 2858.8 ], [ 2974.3, 2858.6 ] ] } },
{ "type": "Feature", "properties": { "scalerank": 6, "featurecla": "Coastline" }, "geometry": { "type": "LineString", "coordinates": [ [ 2564.6, 2854.5 ], [ 2564.4, 2855.5 ], [ 2562.9, 2855.5 ], [ 2562.6, 2855.4 ], [ 2562.3, 2855.5 ], [ 2561.9, 2856.0 ], [ 2560.8, 2856.5 ], [ 2557.7, 2856.2 ], [ 2556.5, 2856.7 ], [ 2556.6, 2857.6 ], [ 2559.3, 2859.2 ], [ 2560.6, 2859.7 ], [ 2562.3, 2859.3 ], [ 2563.9, 2858.6 ], [ 2566.4, 2857.6 ], [ 2566.4, 2855.3 ], [ 2565.4, 2854.0 ], [ 2564.6, 2854.5 ] ] } },
{ "type": "Feature", "properties": { "scalerank": 0, "featurecla": "Coastline" }, "geometry": { "type": "LineString", "coordinates": [ [ 4096.0, 3202.5 ], [ 4093.9, 3200.9 ], [ 4092.3, 3199.1 ], [ 4092.0, 3198.6 ], [ 4092.0, 3198.4 ], [ 4091.3, 3198.2 ], [ 4091.2, 3197.2 ], [ 4094.1, 3195.2 ], [ 4096.0, 3194.8 ] ] } },
{ "type": "Feature", "properties": { "scalerank": 0, "featurecla": "Coastline" }, "geometry": { "type": "LineString", "coordinates": [ [ 4096.0, 3170.8 ], [ 4089.8, 3163.7 ], [ 4089.0, 3162.4 ], [ 4089.4, 3160.5 ], [ 4090.8, 3158.8 ], [ 4092.5, 3157.2 ], [ 4093.8, 3155.4 ], [ 4094.6, 3152.9 ], [ 4094.8, 3150.3 ], [ 4093.8, 3141.2 ], [ 4093.9, 3138.7 ], [ 4094.8, 3136.9 ], [ 4096.0, 3136.4 ] ] } },
{ "type": "Feature", "properties": { "scalerank": 0, "featurecla": "Coastline" }, "geometry": { "type": "LineString", "coordinates": [ [ 4096.0, 3125.2 ], [ 4094.9, 3124.1 ], [ 4093.5, 3122.3 ], [ 4094.4, 3121.3 ], [ 4096.0, 3120.5 ] ] } },
{ "type": "Feature", "properties": { "scalerank": 0, "featurecla": "Coastline" }, "geometry": { "type": "LineString", "coordinates": [ [ 4096.0, 3059.5 ], [ 4094.4, 3059.7 ], [ 4092.3, 3059.5 ], [ 4090.6, 3058.4 ], [ 4089.7, 3055.5 ], [ 4089.0, 3049.2 ], [ 4088.5, 3047.9 ], [ 4086.6, 3046.5 ], [ 4086.0, 3044.8 ], [ 4087.8, 3046.6 ], [ 4090.4, 3046.2 ], [ 4092.0, 3043.8 ], [ 4091.1, 3039.9 ], [ 4093.6, 3038.1 ], [ 4096.0, 3035.6 ] ] } },
{ "type": "Feature", "properties": { "scalerank": 0, "featurecla": "Coastline" }, "geometry": { "type": "LineString", "coordinates": [ [ 4096.0, 3024.2 ], [ 4095.7, 3024.2 ], [ 4094.0, 3023.6 ], [ 4092.2, 3022.2 ], [ 4090.0, 3019.3 ], [ 4088.5, 3017.8 ], [ 4096.0, 3017.9 ] ] } },
{ "type": "Feature", "properties": { "scalerank": 0, "featurecla": "Coastline" }, "geometry": { "type": "LineString", "coordinates": [ [ 4096.0, 2978.7 ], [ 4086.5, 2976.2 ], [ 4084.7, 2975.3 ], [ 4082.5, 2974.6 ], [ 4075.0, 2978.1 ], [ 4072.7, 2976.6 ], [ 4068.0, 2972.4 ], [ 4065.9, 2971.7 ], [ 4057.2, 2970.0 ], [ 4055.1, 2968.9 ], [ 4052.2, 2968.2 ], [ 4051.2, 2967.7 ], [ 4050.1, 2966.3 ], [ 4049.9, 2965.5 ], [ 4050.0, 2964.6 ], [ 4049.5, 2963.1 ], [ 4048.9, 2962.9 ], [ 4047.6, 2962.0 ], [ 4046.6, 2960.9 ], [ 4047.1, 2960.3 ], [ 4047.1, 2959.7 ], [ 4045.8, 2952.2 ], [ 4038.6, 2947.0 ], [ 4037.5, 2944.9 ], [ 4038.3, 2942.6 ], [ 4037.3, 2941.8 ], [ 4035.8, 2941.3 ], [ 4033.7, 2938.5 ], [ 4029.4, 2939.1 ], [ 4028.2, 2937.6 ], [ 4027.8, 2935.9 ], [ 4027.2, 2935.6 ], [ 4026.4, 2935.7 ], [ 4025.6, 2935.3 ], [ 4023.7, 2932.1 ], [ 4021.8, 2930.6 ], [ 4016.8, 2927.8 ], [ 4015.3, 2925.6 ], [ 4013.9, 2920.6 ], [ 4012.7, 2918.6 ], [ 4010.9, 2917.9 ], [ 4008.9, 2918.1 ], [ 4007.3, 2919.0 ], [ 4006.5, 2920.4 ], [ 4005.9, 2919.7 ], [ 4005.1, 2919.1 ], [ 4004.7, 2918.5 ], [ 4003.0, 2919.7 ], [ 4002.2, 2920.5 ], [ 4001.7, 2921.2 ], [ 4001.5, 2921.5 ], [ 4000.6, 2922.0 ], [ 3999.8, 2921.3 ], [ 3998.4, 2919.2 ], [ 3994.3, 2916.5 ], [ 3992.4, 2914.6 ], [ 3992.1, 2912.6 ], [ 3991.4, 2912.1 ], [ 3990.3, 2911.1 ], [ 3989.6, 2910.6 ], [ 3989.5, 2909.7 ], [ 3989.5, 2907.5 ], [ 3987.3, 2905.8 ], [ 3985.0, 2906.0 ], [ 3984.7, 2909.2 ], [ 3984.0, 2909.3 ], [ 3983.0, 2908.7 ], [ 3980.5, 2909.4 ], [ 3980.0, 2909.1 ], [ 3979.3, 2908.2 ], [ 3977.8, 2907.3 ], [ 3976.1, 2906.5 ], [ 3974.9, 2906.2 ], [ 3975.1, 2905.6 ], [ 3975.1, 2905.4 ], [ 3975.2, 2905.3 ], [ 3975.6, 2904.9 ], [ 3972.5, 2903.2 ], [ 3971.5, 2901.8 ], [ 3971.8, 2900.0 ], [ 3973.2, 2899.3 ], [ 3982.9, 2901.3 ], [ 3984.3, 2901.6 ], [ 3987.8, 2903.0 ], [ 3989.7, 2904.5 ], [ 3990.3, 2902.0 ], [ 3989.9, 2900.1 ], [ 3986.7, 2894.6 ], [ 3986.5, 2893.2 ], [ 3986.7, 2890.8 ], [ 3983.4, 2896.1 ], [ 3978.3, 2897.6 ], [ 3966.1, 2897.4 ], [ 3966.2, 2898.6 ], [ 3968.5, 2899.9 ], [ 3968.0, 2904.5 ], [ 3970.1, 2905.6 ], [ 3967.8, 2905.1 ], [ 3966.0, 2903.5 ], [ 3963.1, 2900.0 ], [ 3961.5, 2899.2 ], [ 3957.6, 2898.5 ], [ 3955.8, 2897.6 ], [ 3955.4, 2895.5 ], [ 3934.4, 2884.9 ], [ 3932.0, 2882.1 ], [ 3931.9, 2880.7 ], [ 3931.9, 2878.5 ], [ 3931.8, 2876.6 ], [ 3931.0, 2875.8 ], [ 3925.1, 2875.4 ], [ 3920.1, 2873.2 ], [ 3918.2, 2873.0 ], [ 3916.3, 2873.1 ], [ 3914.5, 2872.8 ], [ 3913.0, 2872.0 ], [ 3912.1, 2870.5 ], [ 3914.3, 2870.3 ], [ 3911.7, 2868.2 ], [ 3910.6, 2867.1 ], [ 3909.9, 2865.4 ], [ 3908.4, 2867.3 ], [ 3905.4, 2866.1 ], [ 3900.2, 2862.2 ], [ 3893.1, 2859.5 ], [ 3890.5, 2857.2 ], [ 3891.5, 2853.6 ], [ 3888.4, 2854.1 ], [ 3884.7, 2851.8 ], [ 3881.4, 2851.4 ], [ 3880.7, 2851.6 ], [ 3879.9, 2852.1 ], [ 3879.1, 2852.7 ], [ 3878.6, 2854.0 ], [ 3877.9, 2853.9 ], [ 3877.2, 2853.4 ], [ 3876.9, 2853.1 ], [ 3876.1, 2852.6 ], [ 3873.2, 2850.7 ], [ 3871.5, 2850.2 ], [ 3873.8, 2852.0 ], [ 3875.0, 2853.4 ], [ 3876.8, 2857.0 ], [ 3876.9, 2857.7 ], [ 3876.2, 2858.3 ], [ 3875.4, 2858.2 ], [ 3875.4, 2857.3 ], [ 3875.4, 2856.1 ], [ 3875.2, 2855.3 ], [ 3872.8, 2854.0 ], [ 3866.8, 2852.3 ], [ 3861.6, 2851.8 ], [ 3855.3, 2849.6 ], [ 3849.0, 2849.1 ], [ 3839.0, 2846.2 ], [ 3838.9, 2842.3 ], [ 3835.8, 2840.7 ], [ 3828.2, 2839.8 ], [ 3818.6, 2834.3 ], [ 3814.6, 2833.4 ], [ 3812.7, 2832.3 ], [ 3811.8, 2832.0 ], [ 3810.4, 2831.8 ], [ 3798.4, 2833.0 ], [ 3794.6, 2832.4 ], [ 3792.7, 2831.9 ], [ 3790.4, 2830.7 ], [ 3789.2, 2829.3 ], [ 3790.2, 2827.6 ], [ 3790.1, 2826.5 ], [ 3789.0, 2826.1 ], [ 3788.3, 2825.4 ], [ 3787.7, 2824.5 ], [ 3786.9, 2823.7 ], [ 3789.3, 2823.9 ], [ 3793.3, 2826.5 ], [ 3795.3, 2827.1 ], [ 3804.9, 2825.1 ], [ 3814.2, 2825.5 ], [ 3831.9, 2830.8 ], [ 3836.1, 2832.9 ], [ 3839.6, 2835.5 ], [ 3839.8, 2836.1 ], [ 3839.9, 2836.9 ], [ 3840.1, 2837.8 ], [ 3840.6, 2838.6 ], [ 3841.1, 2838.7 ], [ 3842.4, 2838.3 ], [ 3843.0, 2838.3 ], [ 3845.1, 2839.6 ], [ 3846.1, 2840.0 ], [ 3847.4, 2840.0 ], [ 3847.8, 2839.6 ], [ 3847.6, 2838.2 ], [ 3848.0, 2837.8 ], [ 3848.7, 2837.9 ], [ 3849.9, 2838.6 ], [ 3850.4, 2838.7 ], [ 3851.9, 2838.8 ], [ 3853.0, 2839.3 ], [ 3854.9, 2840.4 ], [ 3859.4, 2841.4 ], [ 3861.6, 2842.2 ], [ 3863.1, 2843.8 ], [ 3863.8, 2843.7 ], [ 3865.4, 2843.3 ], [ 3870.7, 2847.5 ], [ 3873.6, 2848.0 ], [ 3869.9, 2845.7 ], [ 3868.7, 2844.0 ], [ 3869.9, 2841.9 ], [ 3869.1, 2841.1 ], [ 3865.9, 2842.6 ], [ 3862.9, 2841.1 ], [ 3862.8, 2841.1 ], [ 3851.3, 2835.5 ], [ 3853.3, 2835.4 ], [ 3856.5, 2836.4 ], [ 3858.4, 2836.8 ], [ 3856.6, 2835.3 ], [ 3853.9, 2834.1 ], [ 3853.8, 2834.0 ], [ 3850.2, 2832.4 ], [ 3848.6, 2833.3 ], [ 3846.3, 2832.2 ], [ 3844.2, 2830.4 ], [ 3842.9, 2828.9 ], [ 3841.1, 2826.2 ], [ 3840.5, 2824.4 ], [ 3841.3, 2822.9 ], [ 3843.7, 2821.3 ], [ 3842.1, 2820.9 ], [ 3840.3, 2821.7 ], [ 3838.3, 2823.1 ], [ 3836.2, 2824.2 ], [ 3836.9, 2823.7 ], [ 3839.0, 2821.8 ], [ 3837.9, 2821.9 ], [ 3836.8, 2821.8 ], [ 3835.8, 2821.3 ], [ 3834.9, 2820.1 ], [ 3835.7, 2818.9 ], [ 3834.9, 2817.6 ], [ 3834.7, 2816.9 ], [ 3832.4, 2819.3 ], [ 3828.3, 2816.2 ], [ 3821.4, 2808.6 ], [ 3804.4, 2801.8 ], [ 3800.2, 2799.0 ], [ 3798.2, 2798.2 ], [ 3797.3, 2797.6 ], [ 3796.5, 2795.7 ], [ 3795.6, 2794.9 ], [ 3794.4, 2794.5 ], [ 3793.2, 2794.4 ], [ 3792.4, 2794.1 ], [ 3791.6, 2793.3 ], [ 3790.3, 2791.5 ], [ 3790.0, 2790.9 ], [ 3789.4, 2788.9 ], [ 3789.2, 2788.4 ], [ 3788.7, 2788.1 ], [ 3787.2, 2787.9 ], [ 3786.7, 2787.6 ], [ 3774.9, 2774.9 ], [ 3771.6, 2773.1 ], [ 3770.3, 2772.1 ], [ 3769.4, 2771.1 ], [ 3768.5, 2770.5 ], [ 3753.9, 2769.7 ], [ 3747.1, 2767.4 ], [ 3739.3, 2766.4 ], [ 3728.4, 2759.9 ], [ 3728.3, 2759.6 ], [ 3728.1, 2758.9 ], [ 3727.8, 2758.2 ], [ 3727.1, 2757.9 ], [ 3726.5, 2758.2 ], [ 3725.5, 2759.0 ], [ 3724.9, 2759.2 ], [ 3720.6, 2758.5 ], [ 3712.2, 2759.2 ], [ 3712.1, 2758.2 ], [ 3714.3, 2758.0 ], [ 3716.8, 2757.1 ], [ 3719.2, 2755.8 ], [ 3721.0, 2754.2 ], [ 3719.1, 2753.2 ], [ 3716.5, 2752.8 ], [ 3705.5, 2753.6 ], [ 3704.2, 2754.1 ], [ 3702.3, 2755.6 ], [ 3701.5, 2755.9 ], [ 3699.5, 2756.4 ], [ 3694.9, 2758.3 ], [ 3681.3, 2759.7 ], [ 3681.3, 2760.8 ], [ 3685.1, 2761.4 ], [ 3686.8, 2762.4 ], [ 3687.8, 2764.5 ], [ 3680.9, 2765.1 ], [ 3681.3, 2766.8 ], [ 3679.6, 2766.7 ], [ 3675.9, 2765.5 ], [ 3672.9, 2765.6 ], [ 3671.6, 2765.1 ], [ 3669.9, 2763.8 ], [ 3669.2, 2763.9 ], [ 3669.2, 2764.9 ], [ 3667.8, 2764.1 ], [ 3665.3, 2764.3 ], [ 3664.4, 2763.2 ], [ 3664.4, 2763.4 ], [ 3664.4, 2763.9 ], [ 3664.3, 2764.3 ], [ 3663.7, 2764.3 ], [ 3663.8, 2762.6 ], [ 3664.4, 2762.2 ], [ 3665.3, 2762.2 ], [ 3666.3, 2761.4 ], [ 3666.6, 2760.5 ], [ 3666.2, 2759.8 ], [ 3665.9, 2759.0 ], [ 3666.4, 2757.7 ], [ 3664.6, 2758.1 ], [ 3663.9, 2758.4 ], [ 3663.3, 2759.0 ], [ 3662.9, 2757.6 ], [ 3661.9, 2756.9 ], [ 3659.3, 2756.2 ], [ 3661.1, 2755.8 ], [ 3661.3, 2754.8 ], [ 3660.2, 2753.9 ], [ 3658.3, 2754.1 ], [ 3658.2, 2753.1 ], [ 3658.7, 2752.8 ], [ 3659.2, 2752.2 ], [ 3659.7, 2751.8 ], [ 3658.5, 2751.1 ], [ 3658.0, 2750.9 ], [ 3658.8, 2749.9 ], [ 3657.9, 2748.9 ], [ 3658.6, 2747.7 ], [ 3657.8, 2745.5 ], [ 3658.9, 2744.5 ], [ 3663.0, 2744.3 ], [ 3662.9, 2743.1 ], [ 3657.8, 2742.5 ], [ 3655.9, 2742.6 ], [ 3657.2, 2741.7 ], [ 3658.3, 2741.7 ], [ 3659.3, 2742.1 ], [ 3660.2, 2742.3 ], [ 3661.3, 2741.8 ], [ 3661.1, 2740.8 ], [ 3660.0, 2739.8 ], [ 3658.8, 2739.2 ], [ 3660.3, 2738.5 ], [ 3660.9, 2737.3 ], [ 3660.6, 2736.0 ], [ 3659.2, 2734.9 ], [ 3659.5, 2737.8 ], [ 3658.6, 2738.0 ], [ 3655.7, 2735.9 ], [ 3654.0, 2734.7 ], [ 3653.2, 2734.7 ], [ 3652.2, 2734.6 ], [ 3651.5, 2734.4 ], [ 3650.7, 2733.7 ], [ 3649.0, 2731.4 ], [ 3648.2, 2730.6 ], [ 3643.5, 2728.4 ], [ 3642.1, 2727.2 ], [ 3639.7, 2726.6 ], [ 3632.4, 2726.6 ], [ 3630.8, 2725.0 ], [ 3629.3, 2721.6 ], [ 3626.6, 2720.6 ], [ 3623.7, 2720.0 ], [ 3621.8, 2717.8 ], [ 3625.2, 2719.0 ], [ 3627.0, 2719.3 ], [ 3628.8, 2719.4 ], [ 3628.7, 2718.2 ], [ 3628.1, 2718.0 ], [ 3627.6, 2718.1 ], [ 3627.4, 2718.2 ], [ 3627.3, 2718.4 ], [ 3624.1, 2716.0 ], [ 3616.6, 2712.9 ], [ 3613.4, 2710.5 ], [ 3613.2, 2710.4 ], [ 3610.6, 2707.0 ], [ 3609.1, 2705.5 ], [ 3607.5, 2704.9 ], [ 3605.7, 2704.8 ], [ 3604.7, 2704.6 ], [ 3603.9, 2704.3 ], [ 3602.6, 2703.4 ], [ 3601.9, 2702.4 ], [ 3601.4, 2701.4 ], [ 3600.5, 2700.2 ], [ 3593.9, 2693.3 ], [ 3590.7, 2689.1 ], [ 3588.5, 2687.2 ], [ 3586.2, 2686.4 ], [ 3581.2, 2681.0 ], [ 3581.2, 2680.5 ], [ 3575.8, 2675.5 ], [ 3574.5, 2674.8 ], [ 3573.5, 2674.1 ], [ 3572.9, 2673.0 ], [ 3573.3, 2671.4 ], [ 3571.4, 2670.3 ], [ 3565.2, 2664.7 ], [ 3566.8, 2661.8 ], [ 3565.7, 2658.5 ], [ 3563.2, 2655.7 ], [ 3560.7, 2654.3 ], [ 3561.9, 2652.6 ], [ 3563.9, 2651.3 ], [ 3565.8, 2651.5 ], [ 3566.8, 2654.4 ], [ 3568.2, 2656.0 ], [ 3570.5, 2654.7 ], [ 3571.5, 2652.3 ], [ 3568.8, 2650.5 ], [ 3569.7, 2650.2 ], [ 3569.8, 2649.9 ], [ 3569.8, 2649.9 ], [ 3570.4, 2650.4 ], [ 3571.2, 2650.3 ], [ 3570.5, 2648.5 ], [ 3570.1, 2647.9 ], [ 3575.8, 2651.2 ], [ 3578.3, 2654.0 ], [ 3579.6, 2654.9 ], [ 3581.4, 2655.0 ], [ 3579.5, 2649.8 ], [ 3580.5, 2649.4 ], [ 3580.9, 2648.9 ], [ 3581.2, 2648.3 ], [ 3581.7, 2647.5 ], [ 3580.2, 2647.1 ], [ 3578.9, 2646.0 ], [ 3577.8, 2644.5 ], [ 3576.8, 2642.7 ], [ 3579.0, 2643.3 ], [ 3582.3, 2645.9 ], [ 3585.5, 2646.8 ], [ 3593.7, 2650.8 ], [ 3595.6, 2651.3 ], [ 3604.4, 2652.0 ], [ 3606.8, 2651.6 ], [ 3607.1, 2649.9 ], [ 3605.5, 2648.9 ], [ 3598.1, 2648.4 ], [ 3597.5, 2648.0 ], [ 3593.9, 2643.9 ], [ 3593.0, 2643.3 ], [ 3581.7, 2638.9 ], [ 3580.1, 2637.4 ], [ 3563.7, 2622.8 ], [ 3558.0, 2615.9 ], [ 3554.7, 2612.7 ], [ 3551.5, 2611.5 ], [ 3551.0, 2610.8 ], [ 3547.2, 2608.1 ], [ 3546.3, 2608.1 ], [ 3545.6, 2606.8 ], [ 3533.5, 2590.3 ], [ 3531.2, 2585.3 ], [ 3532.3, 2583.3 ], [ 3532.0, 2581.0 ], [ 3531.2, 2578.4 ], [ 3530.6, 2575.2 ], [ 3529.8, 2566.7 ], [ 3529.9, 2564.0 ], [ 3531.6, 2554.2 ], [ 3532.5, 2551.7 ], [ 3533.1, 2548.8 ], [ 3532.1, 2545.3 ], [ 3524.8, 2531.1 ], [ 3524.3, 2528.5 ], [ 3523.0, 2526.7 ], [ 3521.3, 2525.5 ], [ 3514.3, 2522.4 ], [ 3502.0, 2514.0 ], [ 3496.0, 2507.0 ], [ 3494.4, 2506.2 ], [ 3492.4, 2504.4 ], [ 3491.5, 2502.4 ], [ 3492.9, 2500.8 ], [ 3491.6, 2499.6 ], [ 3487.4, 2496.9 ], [ 3489.5, 2499.1 ], [ 3489.9, 2499.4 ], [ 3489.6, 2500.6 ], [ 3488.7, 2501.3 ], [ 3487.6, 2501.4 ], [ 3486.6, 2500.7 ], [ 3485.0, 2499.1 ], [ 3472.8, 2493.8 ], [ 3468.6, 2493.1 ], [ 3466.6, 2492.2 ], [ 3464.8, 2491.9 ], [ 3462.9, 2493.6 ], [ 3460.8, 2497.3 ], [ 3459.0, 2502.1 ], [ 3457.9, 2507.5 ], [ 3457.3, 2518.2 ], [ 3456.1, 2523.2 ], [ 3456.0, 2523.5 ], [ 3455.9, 2524.0 ], [ 3453.6, 2527.7 ], [ 3450.2, 2526.7 ], [ 3452.1, 2528.7 ], [ 3452.0, 2531.0 ], [ 3450.7, 2533.3 ], [ 3449.0, 2535.2 ], [ 3448.3, 2534.1 ], [ 3447.9, 2535.4 ], [ 3448.0, 2536.5 ], [ 3448.6, 2539.3 ], [ 3448.1, 2539.1 ], [ 3447.4, 2538.8 ], [ 3446.9, 2538.5 ], [ 3447.0, 2539.4 ], [ 3448.8, 2541.3 ], [ 3449.7, 2544.6 ], [ 3449.6, 2548.1 ], [ 3448.4, 2551.0 ], [ 3447.2, 2552.1 ], [ 3446.3, 2552.0 ], [ 3445.5, 2551.5 ], [ 3444.3, 2551.3 ], [ 3443.0, 2551.8 ], [ 3441.8, 2553.1 ], [ 3440.8, 2554.6 ], [ 3440.4, 2555.8 ], [ 3439.6, 2555.8 ], [ 3439.8, 2552.8 ], [ 3440.6, 2551.4 ], [ 3441.0, 2550.1 ], [ 3439.9, 2547.3 ], [ 3437.5, 2545.3 ], [ 3437.1, 2544.2 ], [ 3437.2, 2543.1 ], [ 3437.0, 2542.3 ], [ 3435.8, 2542.2 ], [ 3436.3, 2544.0 ], [ 3436.0, 2546.8 ], [ 3436.5, 2548.0 ], [ 3437.7, 2548.7 ], [ 3438.7, 2548.7 ], [ 3439.6, 2549.1 ], [ 3440.1, 2550.5 ], [ 3438.9, 2551.8 ], [ 3437.6, 2554.9 ], [ 3436.9, 2555.7 ], [ 3436.4, 2555.0 ], [ 3435.8, 2555.0 ], [ 3436.3, 2556.0 ], [ 3436.5, 2557.3 ], [ 3436.5, 2558.8 ], [ 3436.1, 2560.2 ], [ 3435.2, 2560.0 ], [ 3434.7, 2560.1 ], [ 3434.8, 2560.6 ], [ 3435.4, 2561.3 ], [ 3435.4, 2562.4 ], [ 3434.9, 2562.5 ], [ 3434.7, 2562.6 ], [ 3434.8, 2563.0 ], [ 3434.7, 2563.6 ], [ 3433.6, 2563.0 ], [ 3431.2, 2563.8 ], [ 3429.4, 2563.9 ], [ 3430.3, 2564.5 ], [ 3430.9, 2565.2 ], [ 3431.8, 2566.8 ], [ 3431.1, 2566.9 ], [ 3431.1, 2567.8 ], [ 3431.9, 2567.8 ], [ 3431.9, 2568.9 ], [ 3431.2, 2569.5 ], [ 3430.7, 2570.2 ], [ 3429.8, 2572.2 ], [ 3430.1, 2573.3 ], [ 3430.3, 2573.7 ], [ 3430.3, 2574.1 ], [ 3430.0, 2575.4 ], [ 3431.2, 2575.2 ], [ 3431.9, 2575.5 ], [ 3432.4, 2576.2 ], [ 3433.1, 2577.3 ], [ 3429.2, 2577.7 ], [ 3427.2, 2577.5 ], [ 3425.5, 2576.5 ], [ 3425.4, 2577.2 ], [ 3425.3, 2577.4 ], [ 3424.8, 2577.7 ], [ 3424.1, 2575.3 ], [ 3423.0, 2575.1 ], [ 3421.9, 2575.4 ], [ 3420.9, 2574.8 ], [ 3420.2, 2575.9 ], [ 3421.4, 2576.3 ], [ 3422.6, 2577.2 ], [ 3423.2, 2578.4 ], [ 3422.7, 2580.0 ], [ 3423.8, 2582.5 ], [ 3424.4, 2583.1 ], [ 3422.8, 2584.1 ], [ 3422.3, 2582.7 ], [ 3422.2, 2580.1 ], [ 3421.8, 2577.9 ], [ 3420.9, 2577.3 ], [ 3417.6, 2576.2 ], [ 3416.4, 2576.1 ], [ 3416.6, 2575.5 ], [ 3416.9, 2574.4 ], [ 3417.1, 2573.9 ], [ 3416.7, 2573.9 ], [ 3415.9, 2574.0 ], [ 3415.6, 2574.0 ], [ 3416.3, 2572.9 ], [ 3415.5, 2571.8 ], [ 3414.3, 2572.1 ], [ 3412.5, 2571.6 ], [ 3410.7, 2570.5 ], [ 3409.2, 2569.0 ], [ 3410.0, 2568.0 ], [ 3411.2, 2569.5 ], [ 3412.9, 2569.9 ], [ 3414.4, 2569.0 ], [ 3415.2, 2566.6 ], [ 3412.3, 2567.5 ], [ 3411.1, 2567.3 ], [ 3409.9, 2565.8 ], [ 3409.9, 2564.9 ], [ 3410.3, 2564.4 ], [ 3410.8, 2563.4 ], [ 3411.2, 2562.6 ], [ 3409.9, 2561.2 ], [ 3407.1, 2555.3 ], [ 3402.4, 2550.8 ], [ 3396.4, 2543.1 ], [ 3395.5, 2542.4 ], [ 3394.0, 2540.9 ], [ 3392.1, 2539.6 ], [ 3389.8, 2539.3 ], [ 3390.2, 2538.3 ], [ 3390.8, 2536.7 ], [ 3391.2, 2536.1 ], [ 3388.3, 2532.5 ], [ 3391.1, 2530.5 ], [ 3400.6, 2529.3 ], [ 3398.5, 2528.4 ], [ 3395.9, 2528.2 ], [ 3390.8, 2528.6 ], [ 3388.1, 2529.6 ], [ 3386.9, 2529.5 ], [ 3386.3, 2528.3 ], [ 3386.4, 2526.7 ], [ 3386.7, 2525.3 ], [ 3386.5, 2524.3 ], [ 3385.3, 2523.7 ], [ 3385.8, 2522.6 ], [ 3385.8, 2521.9 ], [ 3385.4, 2521.2 ], [ 3384.4, 2520.5 ], [ 3384.4, 2519.5 ], [ 3385.3, 2518.9 ], [ 3385.7, 2518.0 ], [ 3385.6, 2516.7 ], [ 3384.9, 2515.2 ], [ 3385.6, 2513.6 ], [ 3385.5, 2512.1 ], [ 3384.6, 2510.7 ], [ 3383.2, 2510.0 ], [ 3383.5, 2509.0 ], [ 3384.1, 2508.2 ], [ 3384.9, 2507.7 ], [ 3386.1, 2507.7 ], [ 3386.0, 2506.7 ], [ 3384.9, 2506.2 ], [ 3384.0, 2505.6 ], [ 3383.4, 2504.7 ], [ 3382.9, 2503.6 ], [ 3384.0, 2503.3 ], [ 3385.0, 2502.8 ], [ 3386.5, 2501.3 ], [ 3385.2, 2500.7 ], [ 3382.3, 2500.8 ], [ 3381.3, 2500.6 ], [ 3380.0, 2499.4 ], [ 3378.9, 2497.6 ], [ 3378.8, 2496.0 ], [ 3380.3, 2495.3 ], [ 3380.3, 2494.3 ], [ 3378.9, 2493.0 ], [ 3375.2, 2483.9 ], [ 3375.5, 2483.6 ], [ 3375.8, 2483.2 ], [ 3376.0, 2482.8 ], [ 3375.5, 2482.2 ], [ 3375.4, 2482.1 ], [ 3375.6, 2481.8 ], [ 3375.9, 2480.6 ], [ 3374.0, 2476.6 ], [ 3373.5, 2474.3 ], [ 3374.0, 2472.3 ], [ 3374.7, 2472.2 ], [ 3375.8, 2473.1 ], [ 3380.9, 2475.2 ], [ 3383.2, 2475.4 ], [ 3383.4, 2474.7 ], [ 3383.0, 2473.4 ], [ 3383.7, 2471.8 ], [ 3383.7, 2470.8 ], [ 3382.6, 2470.7 ], [ 3381.7, 2470.1 ], [ 3381.0, 2469.1 ], [ 3380.5, 2467.7 ], [ 3382.8, 2468.2 ], [ 3392.1, 2466.3 ], [ 3400.5, 2464.6 ], [ 3400.4, 2463.7 ], [ 3399.2, 2462.1 ], [ 3397.5, 2460.4 ], [ 3395.7, 2458.6 ], [ 3396.4, 2457.5 ], [ 3397.5, 2455.5 ], [ 3400.4, 2455.2 ], [ 3403.7, 2455.5 ], [ 3406.0, 2454.9 ], [ 3404.6, 2454.5 ], [ 3403.6, 2453.4 ], [ 3402.5, 2451.8 ], [ 3398.3, 2449.9 ], [ 3400.2, 2448.9 ], [ 3399.6, 2446.2 ], [ 3397.9, 2443.3 ], [ 3396.4, 2441.5 ], [ 3387.5, 2433.0 ], [ 3385.4, 2431.4 ], [ 3379.4, 2429.1 ], [ 3376.9, 2428.8 ], [ 3375.1, 2430.5 ], [ 3374.2, 2433.9 ], [ 3374.7, 2436.9 ], [ 3377.7, 2437.3 ], [ 3373.8, 2439.4 ], [ 3373.3, 2440.0 ], [ 3372.7, 2441.0 ], [ 3369.7, 2441.7 ], [ 3368.6, 2442.4 ], [ 3366.8, 2444.5 ], [ 3364.3, 2446.6 ], [ 3361.5, 2447.6 ], [ 3358.7, 2446.5 ], [ 3360.2, 2446.0 ], [ 3362.2, 2445.1 ], [ 3363.8, 2443.9 ], [ 3364.5, 2442.6 ], [ 3363.4, 2440.0 ], [ 3358.9, 2439.2 ], [ 3357.5, 2437.1 ], [ 3355.6, 2437.8 ], [ 3345.0, 2435.8 ], [ 3344.0, 2435.4 ], [ 3341.3, 2432.9 ], [ 3340.6, 2432.5 ], [ 3339.5, 2432.7 ], [ 3335.7, 2434.3 ], [ 3334.5, 2436.5 ], [ 3333.7, 2437.0 ], [ 3332.6, 2436.6 ], [ 3331.6, 2434.4 ], [ 3330.3, 2434.0 ], [ 3329.4, 2434.7 ], [ 3329.1, 2436.2 ], [ 3329.6, 2437.6 ], [ 3330.8, 2438.2 ], [ 3330.9, 2439.4 ], [ 3328.5, 2439.6 ], [ 3326.3, 2441.0 ], [ 3325.2, 2443.2 ], [ 3325.9, 2445.8 ], [ 3327.8, 2446.9 ], [ 3329.9, 2446.5 ], [ 3334.0, 2444.4 ], [ 3332.8, 2446.7 ], [ 3329.1, 2450.0 ], [ 3328.4, 2452.6 ], [ 3328.4, 2452.6 ], [ 3327.3, 2454.2 ], [ 3324.7, 2455.2 ], [ 3316.2, 2455.8 ], [ 3312.1, 2456.9 ], [ 3294.8, 2469.2 ], [ 3276.8, 2478.7 ], [ 3266.1, 2483.0 ], [ 3264.3, 2484.6 ], [ 3263.5, 2485.2 ], [ 3259.5, 2486.3 ], [ 3256.6, 2488.3 ], [ 3255.1, 2488.7 ], [ 3255.9, 2486.3 ], [ 3257.1, 2484.3 ], [ 3257.7, 2482.6 ], [ 3257.1, 2481.2 ], [ 3258.2, 2481.4 ], [ 3258.9, 2481.1 ], [ 3259.3, 2480.4 ], [ 3259.3, 2479.0 ], [ 3260.0, 2478.9 ], [ 3260.6, 2480.2 ], [ 3261.1, 2480.9 ], [ 3261.6, 2480.8 ], [ 3262.3, 2480.0 ], [ 3260.8, 2478.0 ], [ 3262.0, 2478.0 ], [ 3263.2, 2477.9 ], [ 3264.3, 2477.5 ], [ 3264.5, 2477.8 ], [ 3264.5, 2477.6 ], [ 3264.9, 2478.1 ], [ 3265.3, 2478.6 ], [ 3265.3, 2478.8 ], [ 3264.9, 2478.8 ], [ 3263.8, 2478.8 ], [ 3263.9, 2480.0 ], [ 3266.3, 2479.6 ], [ 3266.8, 2477.7 ], [ 3266.8, 2475.5 ], [ 3267.8, 2474.5 ], [ 3269.7, 2474.2 ], [ 3271.2, 2473.4 ], [ 3272.4, 2472.1 ], [ 3273.2, 2470.1 ], [ 3271.9, 2470.6 ], [ 3269.2, 2472.7 ], [ 3268.5, 2472.8 ], [ 3266.3, 2470.7 ], [ 3265.4, 2469.4 ], [ 3264.9, 2467.2 ], [ 3262.7, 2468.5 ], [ 3259.8, 2471.2 ], [ 3258.1, 2474.0 ], [ 3259.2, 2475.9 ], [ 3259.2, 2476.9 ], [ 3257.4, 2476.8 ], [ 3255.5, 2475.2 ], [ 3254.7, 2476.0 ], [ 3254.0, 2476.1 ], [ 3253.2, 2472.8 ], [ 3251.9, 2475.4 ], [ 3252.6, 2476.7 ], [ 3256.3, 2478.1 ], [ 3256.3, 2479.1 ], [ 3255.0, 2479.9 ], [ 3253.0, 2480.2 ], [ 3251.6, 2479.7 ], [ 3251.8, 2478.2 ], [ 3248.3, 2478.3 ], [ 3243.9, 2480.9 ], [ 3240.0, 2484.9 ], [ 3238.0, 2489.2 ], [ 3238.0, 2490.2 ], [ 3238.7, 2490.2 ], [ 3237.7, 2491.6 ], [ 3237.4, 2493.1 ], [ 3237.7, 2494.4 ], [ 3238.8, 2495.5 ], [ 3237.8, 2497.1 ], [ 3237.6, 2498.2 ], [ 3237.7, 2499.3 ], [ 3237.5, 2500.8 ], [ 3236.7, 2501.4 ], [ 3235.6, 2501.4 ], [ 3235.2, 2502.0 ], [ 3236.1, 2504.0 ], [ 3235.0, 2506.2 ], [ 3234.5, 2507.8 ], [ 3233.7, 2509.0 ], [ 3231.4, 2509.4 ], [ 3230.0, 2508.9 ], [ 3228.7, 2508.0 ], [ 3227.8, 2508.5 ], [ 3227.3, 2511.8 ], [ 3228.5, 2513.1 ], [ 3229.6, 2516.3 ], [ 3230.9, 2516.9 ], [ 3232.1, 2516.2 ], [ 3232.9, 2514.3 ], [ 3233.1, 2512.2 ], [ 3232.5, 2510.5 ], [ 3234.7, 2511.3 ], [ 3235.2, 2512.9 ], [ 3235.2, 2515.2 ], [ 3235.7, 2517.9 ], [ 3234.6, 2518.4 ], [ 3234.3, 2519.2 ], [ 3234.7, 2520.1 ], [ 3235.8, 2521.0 ], [ 3235.5, 2523.3 ], [ 3236.6, 2525.1 ], [ 3238.4, 2526.1 ], [ 3240.5, 2526.1 ], [ 3240.2, 2525.6 ], [ 3240.1, 2525.5 ], [ 3239.7, 2525.2 ], [ 3241.3, 2523.9 ], [ 3243.6, 2521.4 ], [ 3244.8, 2520.7 ], [ 3243.9, 2523.1 ], [ 3244.6, 2525.4 ], [ 3245.9, 2527.5 ], [ 3246.6, 2529.7 ], [ 3246.9, 2534.9 ], [ 3247.8, 2540.7 ], [ 3246.6, 2540.3 ], [ 3245.4, 2539.7 ], [ 3245.5, 2538.7 ], [ 3245.3, 2537.2 ], [ 3245.3, 2536.5 ], [ 3244.3, 2540.0 ], [ 3244.3, 2542.7 ], [ 3245.5, 2544.2 ], [ 3247.8, 2543.9 ], [ 3247.5, 2543.4 ], [ 3247.3, 2542.9 ], [ 3247.0, 2541.8 ], [ 3249.2, 2543.6 ], [ 3250.6, 2545.8 ], [ 3251.8, 2548.1 ], [ 3253.3, 2550.1 ], [ 3253.3, 2551.1 ], [ 3252.4, 2551.3 ], [ 3252.0, 2551.6 ], [ 3251.6, 2552.0 ], [ 3251.0, 2552.4 ], [ 3252.6, 2554.4 ], [ 3254.1, 2552.0 ], [ 3254.4, 2550.1 ], [ 3253.7, 2548.2 ], [ 3252.3, 2546.0 ], [ 3254.0, 2547.4 ], [ 3256.0, 2548.3 ], [ 3257.3, 2549.3 ], [ 3257.1, 2551.0 ], [ 3258.9, 2552.8 ], [ 3259.7, 2553.5 ], [ 3260.9, 2554.2 ], [ 3263.2, 2557.0 ], [ 3265.6, 2559.3 ], [ 3267.0, 2558.2 ], [ 3266.7, 2558.1 ], [ 3265.9, 2558.3 ], [ 3265.6, 2558.2 ], [ 3265.6, 2557.1 ], [ 3267.4, 2557.0 ], [ 3269.0, 2557.5 ], [ 3270.2, 2558.6 ], [ 3270.9, 2560.1 ], [ 3270.9, 2561.6 ], [ 3269.8, 2563.3 ], [ 3270.3, 2564.3 ], [ 3269.4, 2565.8 ], [ 3269.1, 2566.6 ], [ 3268.8, 2567.6 ], [ 3268.2, 2567.6 ], [ 3267.3, 2567.8 ], [ 3266.9, 2569.5 ], [ 3266.9, 2574.5 ], [ 3266.3, 2576.9 ], [ 3265.0, 2579.5 ], [ 3261.8, 2583.5 ], [ 3261.6, 2582.8 ], [ 3261.1, 2581.3 ], [ 3260.3, 2579.6 ], [ 3259.4, 2578.3 ], [ 3261.0, 2574.7 ], [ 3261.3, 2572.8 ], [ 3260.8, 2571.1 ], [ 3259.5, 2570.6 ], [ 3258.3, 2571.4 ], [ 3257.3, 2572.7 ], [ 3257.0, 2573.8 ], [ 3255.8, 2576.3 ], [ 3255.8, 2577.8 ], [ 3258.6, 2578.9 ], [ 3258.6, 2580.1 ], [ 3257.7, 2581.2 ], [ 3256.5, 2581.7 ], [ 3256.5, 2582.8 ], [ 3257.3, 2582.9 ], [ 3258.7, 2583.5 ], [ 3259.6, 2583.6 ], [ 3258.8, 2586.3 ], [ 3256.8, 2587.8 ], [ 3254.4, 2588.1 ], [ 3252.3, 2586.4 ], [ 3251.1, 2584.7 ], [ 3248.2, 2582.0 ], [ 3246.1, 2580.6 ], [ 3245.0, 2580.6 ], [ 3242.2, 2583.2 ], [ 3242.2, 2584.1 ], [ 3243.7, 2584.1 ], [ 3241.1, 2594.9 ], [ 3240.5, 2601.0 ], [ 3241.4, 2607.7 ], [ 3243.0, 2612.6 ], [ 3244.0, 2615.0 ], [ 3245.0, 2616.0 ], [ 3245.3, 2617.7 ], [ 3245.0, 2628.6 ], [ 3245.6, 2635.4 ], [ 3249.4, 2650.8 ], [ 3250.0, 2654.8 ], [ 3250.3, 2655.9 ], [ 3250.9, 2656.8 ], [ 3252.4, 2658.9 ], [ 3252.8, 2659.6 ], [ 3253.1, 2662.9 ], [ 3253.9, 2665.9 ], [ 3256.1, 2671.7 ], [ 3258.6, 2675.9 ], [ 3261.8, 2680.0 ], [ 3266.5, 2684.3 ], [ 3268.9, 2688.4 ], [ 3272.6, 2692.1 ], [ 3276.8, 2695.2 ], [ 3279.8, 2696.4 ], [ 3286.5, 2704.7 ], [ 3289.9, 2707.9 ], [ 3293.4, 2710.5 ], [ 3295.5, 2711.6 ], [ 3300.4, 2713.1 ], [ 3300.7, 2713.2 ], [ 3306.1, 2713.7 ], [ 3308.3, 2714.9 ], [ 3312.8, 2718.3 ], [ 3320.3, 2721.1 ], [ 3321.5, 2722.7 ], [ 3322.5, 2723.8 ], [ 3358.0, 2752.3 ], [ 3371.4, 2759.9 ], [ 3373.7, 2760.7 ], [ 3374.8, 2762.0 ], [ 3380.2, 2763.6 ], [ 3383.3, 2765.3 ], [ 3384.4, 2764.5 ], [ 3385.2, 2763.4 ], [ 3385.8, 2762.7 ], [ 3386.1, 2762.6 ], [ 3386.3, 2762.2 ], [ 3386.6, 2761.9 ], [ 3387.3, 2761.7 ], [ 3388.0, 2762.0 ], [ 3388.3, 2762.7 ], [ 3388.6, 2763.4 ], [ 3388.9, 2763.7 ], [ 3391.1, 2764.7 ], [ 3392.9, 2767.2 ], [ 3394.3, 2769.6 ], [ 3395.4, 2770.7 ], [ 3397.6, 2771.1 ], [ 3399.6, 2772.4 ], [ 3400.7, 2774.4 ], [ 3400.0, 2776.9 ], [ 3418.1, 2817.3 ], [ 3420.0, 2820.3 ], [ 3420.5, 2821.4 ], [ 3421.5, 2826.9 ], [ 3422.0, 2828.2 ], [ 3423.5, 2830.3 ], [ 3427.5, 2837.9 ], [ 3429.3, 2843.3 ], [ 3431.9, 2856.2 ], [ 3437.2, 2872.2 ], [ 3442.4, 2887.9 ], [ 3447.0, 2898.1 ], [ 3449.7, 2902.9 ], [ 3457.3, 2913.9 ], [ 3458.1, 2916.2 ], [ 3458.9, 2917.8 ], [ 3476.5, 2936.7 ], [ 3484.2, 2942.7 ], [ 3492.7, 2947.7 ], [ 3496.4, 2950.5 ], [ 3501.7, 2958.1 ], [ 3517.6, 2972.0 ], [ 3521.8, 2974.4 ], [ 3528.6, 2976.7 ], [ 3533.3, 2977.2 ], [ 3535.1, 2978.7 ], [ 3536.2, 2981.0 ], [ 3537.2, 2987.3 ], [ 3538.2, 2990.2 ], [ 3539.6, 2992.4 ], [ 3541.6, 2993.2 ], [ 3542.2, 2993.3 ], [ 3544.2, 2993.5 ], [ 3546.5, 2994.8 ], [ 3550.9, 2997.9 ], [ 3555.1, 2999.6 ], [ 3564.5, 3000.6 ], [ 3569.4, 3001.9 ], [ 3571.1, 3003.2 ], [ 3574.5, 3007.1 ], [ 3575.8, 3007.9 ], [ 3577.9, 3008.5 ], [ 3582.8, 3011.6 ], [ 3585.1, 3012.6 ], [ 3587.5, 3012.9 ], [ 3590.0, 3013.3 ], [ 3603.5, 3012.3 ], [ 3617.4, 3014.4 ], [ 3622.7, 3014.2 ], [ 3641.5, 3009.6 ], [ 3660.4, 3009.2 ], [ 3689.3, 3003.4 ], [ 3699.2, 3005.1 ], [ 3699.3, 3005.3 ], [ 3702.7, 3006.0 ], [ 3705.3, 3010.0 ], [ 3707.5, 3009.8 ], [ 3707.3, 3012.2 ], [ 3708.4, 3015.1 ], [ 3709.8, 3020.7 ], [ 3710.0, 3022.7 ], [ 3710.2, 3025.3 ], [ 3709.4, 3027.2 ], [ 3707.5, 3029.8 ], [ 3705.3, 3032.3 ], [ 3703.2, 3033.4 ], [ 3700.9, 3034.3 ], [ 3699.0, 3036.3 ], [ 3696.3, 3040.3 ], [ 3692.4, 3043.9 ], [ 3681.0, 3051.0 ], [ 3678.3, 3055.1 ], [ 3677.7, 3061.0 ], [ 3678.8, 3067.2 ], [ 3680.9, 3072.2 ], [ 3683.7, 3075.6 ], [ 3687.2, 3078.4 ], [ 3694.6, 3082.7 ], [ 3702.1, 3084.4 ], [ 3704.0, 3085.7 ], [ 3705.7, 3087.2 ], [ 3728.3, 3095.4 ], [ 3747.6, 3103.8 ], [ 3754.8, 3105.1 ], [ 3757.0, 3106.6 ], [ 3759.0, 3108.3 ], [ 3763.8, 3111.0 ], [ 3792.2, 3117.9 ], [ 3794.8, 3119.7 ], [ 3795.6, 3119.6 ], [ 3795.5, 3118.5 ], [ 3796.2, 3118.4 ], [ 3798.9, 3120.7 ], [ 3819.5, 3125.3 ], [ 3837.4, 3133.0 ], [ 3846.5, 3138.4 ], [ 3850.8, 3142.0 ], [ 3855.8, 3148.1 ], [ 3857.4, 3148.8 ], [ 3859.4, 3149.2 ], [ 3863.9, 3152.1 ], [ 3871.9, 3159.2 ], [ 3873.9, 3159.8 ], [ 3876.3, 3160.2 ], [ 3880.8, 3162.6 ], [ 3891.2, 3164.2 ], [ 3892.5, 3164.9 ], [ 3905.0, 3168.6 ], [ 3917.0, 3175.6 ], [ 3926.4, 3176.4 ], [ 3930.5, 3177.9 ], [ 3930.8, 3181.5 ], [ 3932.1, 3181.4 ], [ 3935.0, 3180.1 ], [ 3936.8, 3180.3 ], [ 3937.4, 3181.2 ], [ 3937.6, 3182.6 ], [ 3938.2, 3184.1 ], [ 3941.3, 3186.4 ], [ 3941.8, 3187.3 ], [ 3941.8, 3194.2 ], [ 3952.3, 3201.2 ], [ 3963.7, 3206.1 ], [ 3966.1, 3206.4 ], [ 3966.9, 3206.9 ], [ 3969.8, 3210.7 ], [ 3971.3, 3212.0 ], [ 3975.5, 3214.9 ], [ 3979.0, 3219.6 ], [ 3981.0, 3221.7 ], [ 3983.2, 3222.5 ], [ 3984.4, 3223.4 ], [ 3993.3, 3233.3 ], [ 4002.6, 3250.2 ], [ 4003.2, 3251.0 ], [ 4003.9, 3251.7 ], [ 4004.7, 3252.0 ], [ 4004.3, 3253.8 ], [ 4004.7, 3254.9 ], [ 4005.2, 3255.8 ], [ 4005.2, 3257.3 ], [ 4004.4, 3258.9 ], [ 4002.7, 3260.6 ], [ 4002.2, 3265.3 ], [ 4000.8, 3267.2 ], [ 3996.8, 3270.9 ], [ 3994.8, 3277.9 ], [ 3994.5, 3279.5 ], [ 3994.4, 3282.8 ], [ 3993.6, 3286.2 ], [ 3993.5, 3287.7 ], [ 3994.8, 3291.6 ], [ 3995.0, 3293.4 ], [ 3994.2, 3301.7 ], [ 3994.7, 3302.9 ], [ 3994.1, 3303.5 ], [ 3993.1, 3305.8 ], [ 3992.5, 3306.3 ], [ 3989.9, 3306.4 ], [ 3988.9, 3306.2 ], [ 3987.9, 3305.8 ], [ 3981.7, 3301.9 ], [ 3979.7, 3301.4 ], [ 3974.7, 3301.9 ], [ 3973.2, 3301.8 ], [ 3970.0, 3300.2 ], [ 3967.0, 3299.2 ], [ 3962.9, 3296.1 ], [ 3958.3, 3293.6 ], [ 3956.7, 3293.2 ], [ 3955.5, 3292.6 ], [ 3946.7, 3282.0 ], [ 3945.2, 3280.7 ], [ 3945.1, 3279.6 ], [ 3946.9, 3279.3 ], [ 3947.9, 3278.1 ], [ 3948.0, 3276.4 ], [ 3947.0, 3274.2 ], [ 3945.6, 3273.0 ], [ 3942.3, 3272.3 ], [ 3941.0, 3271.6 ], [ 3944.9, 3268.5 ], [ 3945.5, 3265.1 ], [ 3943.6, 3261.6 ], [ 3939.6, 3258.0 ], [ 3936.2, 3255.7 ], [ 3934.3, 3253.9 ], [ 3933.3, 3251.8 ], [ 3933.0, 3248.8 ], [ 3932.5, 3246.3 ], [ 3931.6, 3244.3 ], [ 3930.1, 3243.1 ], [ 3931.7, 3242.9 ], [ 3931.6, 3242.0 ], [ 3925.3, 3237.9 ], [ 3923.4, 3237.4 ], [ 3883.5, 3239.4 ], [ 3881.3, 3239.0 ], [ 3874.7, 3236.0 ], [ 3873.5, 3236.1 ], [ 3871.0, 3236.5 ], [ 3869.8, 3236.5 ], [ 3868.9, 3236.0 ], [ 3866.7, 3234.1 ], [ 3865.9, 3233.7 ], [ 3863.8, 3233.4 ], [ 3857.0, 3230.3 ], [ 3850.1, 3228.5 ], [ 3846.8, 3227.1 ], [ 3845.1, 3225.1 ], [ 3847.7, 3223.6 ], [ 3849.9, 3221.4 ], [ 3850.2, 3218.9 ], [ 3847.6, 3216.5 ], [ 3849.9, 3215.4 ], [ 3855.7, 3215.9 ], [ 3858.0, 3214.4 ], [ 3858.6, 3211.7 ], [ 3856.3, 3211.8 ], [ 3851.4, 3213.9 ], [ 3851.6, 3213.6 ], [ 3852.1, 3212.7 ], [ 3849.6, 3211.9 ], [ 3847.5, 3213.0 ], [ 3845.4, 3214.8 ], [ 3843.1, 3215.8 ], [ 3842.1, 3215.4 ], [ 3841.3, 3214.2 ], [ 3840.6, 3212.9 ], [ 3839.9, 3211.9 ], [ 3838.7, 3211.5 ], [ 3836.0, 3211.7 ], [ 3834.9, 3211.4 ], [ 3826.0, 3211.6 ], [ 3817.7, 3216.5 ], [ 3810.8, 3224.5 ], [ 3805.7, 3233.3 ], [ 3797.3, 3247.9 ], [ 3795.2, 3253.0 ], [ 3793.1, 3262.2 ], [ 3792.4, 3263.9 ], [ 3790.8, 3265.1 ], [ 3787.0, 3272.8 ], [ 3782.7, 3277.4 ], [ 3781.0, 3279.2 ], [ 3778.9, 3283.0 ], [ 3778.4, 3288.8 ], [ 3778.9, 3290.8 ], [ 3781.0, 3296.4 ], [ 3783.5, 3300.8 ], [ 3782.5, 3302.9 ], [ 3780.7, 3304.7 ], [ 3779.1, 3308.4 ], [ 3773.9, 3314.1 ], [ 3770.4, 3321.8 ], [ 3768.8, 3326.9 ], [ 3769.0, 3331.6 ], [ 3770.8, 3335.7 ], [ 3774.2, 3339.4 ], [ 3774.3, 3340.4 ], [ 3773.1, 3344.4 ], [ 3777.0, 3348.5 ], [ 3782.8, 3351.7 ], [ 3786.9, 3353.1 ], [ 3801.9, 3352.6 ], [ 3805.9, 3353.6 ], [ 3807.9, 3354.6 ], [ 3810.2, 3356.3 ], [ 3812.2, 3358.5 ], [ 3813.1, 3360.8 ], [ 3814.3, 3361.9 ], [ 3821.7, 3364.8 ], [ 3827.7, 3368.9 ], [ 3829.9, 3369.4 ], [ 3832.9, 3369.4 ], [ 3834.9, 3370.3 ], [ 3836.5, 3371.8 ], [ 3838.2, 3373.9 ], [ 3841.0, 3376.6 ], [ 3845.0, 3379.1 ], [ 3849.4, 3380.8 ], [ 3853.6, 3380.9 ], [ 3850.1, 3391.7 ], [ 3850.0, 3400.2 ], [ 3850.1, 3402.3 ], [ 3850.6, 3404.3 ], [ 3851.6, 3406.0 ], [ 3854.0, 3409.2 ], [ 3854.6, 3410.9 ], [ 3854.4, 3415.9 ], [ 3852.9, 3424.9 ], [ 3853.6, 3429.5 ], [ 3856.9, 3434.9 ], [ 3857.5, 3436.1 ], [ 3858.4, 3436.8 ], [ 3862.6, 3437.9 ], [ 3864.3, 3438.0 ], [ 3862.1, 3439.8 ], [ 3860.9, 3441.0 ], [ 3860.5, 3442.1 ], [ 3860.9, 3448.1 ], [ 3861.1, 3448.9 ], [ 3857.3, 3452.9 ], [ 3856.9, 3453.6 ], [ 3856.1, 3454.3 ], [ 3855.2, 3455.8 ], [ 3853.6, 3459.1 ], [ 3852.3, 3456.1 ], [ 3849.3, 3455.8 ], [ 3845.9, 3457.1 ], [ 3843.6, 3458.9 ], [ 3840.2, 3455.6 ], [ 3838.3, 3454.6 ], [ 3835.4, 3454.4 ], [ 3832.7, 3454.9 ], [ 3821.3, 3459.1 ], [ 3808.4, 3466.3 ], [ 3803.8, 3470.3 ], [ 3802.9, 3471.6 ], [ 3802.0, 3472.8 ], [ 3795.0, 3477.1 ], [ 3792.2, 3480.2 ], [ 3791.0, 3482.3 ], [ 3790.0, 3486.7 ], [ 3788.7, 3489.2 ], [ 3787.4, 3492.1 ], [ 3787.2, 3495.7 ], [ 3788.7, 3496.6 ], [ 3789.0, 3497.1 ], [ 3789.2, 3499.8 ], [ 3791.3, 3511.4 ], [ 3794.4, 3521.5 ], [ 3794.7, 3525.4 ], [ 3794.6, 3536.7 ], [ 3793.8, 3538.8 ], [ 3789.3, 3543.7 ], [ 3787.8, 3546.2 ], [ 3786.6, 3546.7 ], [ 3783.1, 3550.2 ], [ 3779.3, 3551.8 ], [ 3768.1, 3558.8 ], [ 3764.3, 3562.8 ], [ 3749.1, 3584.6 ], [ 3747.3, 3589.7 ], [ 3745.2, 3606.2 ], [ 3743.8, 3611.1 ], [ 3742.8, 3613.2 ], [ 3741.5, 3615.1 ], [ 3740.0, 3616.6 ], [ 3738.4, 3617.8 ], [ 3732.7, 3619.5 ], [ 3730.9, 3620.5 ], [ 3723.5, 3619.0 ], [ 3701.4, 3621.9 ], [ 3698.1, 3621.2 ], [ 3694.7, 3619.9 ], [ 3691.7, 3618.2 ], [ 3689.2, 3616.4 ], [ 3686.5, 3613.3 ], [ 3685.1, 3610.2 ], [ 3685.3, 3607.3 ], [ 3687.6, 3604.9 ], [ 3684.1, 3600.2 ], [ 3682.9, 3597.6 ], [ 3683.1, 3595.2 ], [ 3684.7, 3592.2 ], [ 3685.2, 3589.6 ], [ 3684.9, 3586.7 ], [ 3683.6, 3583.1 ], [ 3682.6, 3577.9 ], [ 3684.6, 3574.6 ], [ 3688.6, 3572.4 ], [ 3700.8, 3567.6 ], [ 3701.9, 3566.4 ], [ 3702.2, 3565.6 ], [ 3703.8, 3563.9 ], [ 3704.1, 3563.1 ], [ 3705.3, 3556.1 ], [ 3713.2, 3536.6 ], [ 3714.3, 3529.9 ], [ 3713.7, 3524.8 ], [ 3711.5, 3520.6 ], [ 3707.6, 3516.9 ], [ 3706.7, 3516.4 ], [ 3705.0, 3515.7 ], [ 3704.2, 3515.1 ], [ 3703.1, 3513.6 ], [ 3702.8, 3512.8 ], [ 3703.0, 3511.9 ], [ 3703.0, 3510.4 ], [ 3703.9, 3508.6 ], [ 3706.0, 3507.2 ], [ 3711.0, 3505.1 ], [ 3718.3, 3499.4 ], [ 3722.3, 3497.1 ], [ 3727.9, 3496.3 ], [ 3736.7, 3496.7 ], [ 3738.5, 3496.1 ], [ 3740.5, 3494.8 ], [ 3743.5, 3491.9 ], [ 3745.8, 3487.4 ], [ 3747.1, 3481.5 ], [ 3747.4, 3474.9 ], [ 3746.8, 3468.4 ], [ 3745.9, 3465.4 ], [ 3744.5, 3463.2 ], [ 3742.6, 3461.9 ], [ 3740.0, 3461.6 ], [ 3738.2, 3460.5 ], [ 3736.2, 3457.8 ], [ 3728.2, 3442.8 ], [ 3720.7, 3407.2 ], [ 3719.3, 3401.9 ], [ 3713.7, 3388.0 ], [ 3708.8, 3382.4 ], [ 3705.4, 3377.1 ], [ 3701.7, 3373.9 ], [ 3698.1, 3371.8 ], [ 3697.0, 3370.0 ], [ 3695.8, 3366.3 ], [ 3694.4, 3362.4 ], [ 3692.3, 3356.7 ], [ 3689.5, 3352.8 ], [ 3688.2, 3350.4 ], [ 3685.1, 3335.0 ], [ 3685.1, 3336.0 ], [ 3684.3, 3333.0 ], [ 3683.6, 3331.5 ], [ 3682.7, 3330.9 ], [ 3682.4, 3330.1 ], [ 3683.5, 3324.1 ], [ 3682.3, 3320.7 ], [ 3678.0, 3315.1 ], [ 3677.0, 3313.0 ], [ 3676.0, 3309.9 ], [ 3674.1, 3307.5 ], [ 3669.7, 3303.5 ], [ 3666.1, 3298.4 ], [ 3663.4, 3296.4 ], [ 3662.7, 3295.4 ], [ 3662.5, 3293.4 ], [ 3660.9, 3294.2 ], [ 3651.9, 3294.2 ], [ 3649.4, 3295.9 ], [ 3647.5, 3299.3 ], [ 3643.4, 3302.3 ], [ 3640.1, 3307.1 ], [ 3637.9, 3308.1 ], [ 3632.0, 3307.8 ], [ 3629.8, 3307.1 ], [ 3626.1, 3302.8 ], [ 3624.7, 3302.5 ], [ 3623.6, 3303.2 ], [ 3622.4, 3303.7 ], [ 3621.1, 3303.9 ], [ 3619.8, 3303.9 ], [ 3619.7, 3302.9 ], [ 3621.8, 3301.0 ], [ 3619.6, 3297.1 ], [ 3615.9, 3293.3 ], [ 3612.9, 3291.7 ], [ 3610.5, 3290.8 ], [ 3602.5, 3283.5 ], [ 3600.8, 3282.8 ], [ 3598.8, 3283.2 ], [ 3595.2, 3284.5 ], [ 3593.0, 3284.3 ], [ 3591.5, 3283.4 ], [ 3589.9, 3280.4 ], [ 3587.4, 3278.3 ], [ 3584.1, 3277.1 ], [ 3582.9, 3276.4 ], [ 3581.7, 3275.4 ], [ 3579.5, 3276.1 ], [ 3577.5, 3274.6 ], [ 3576.2, 3274.2 ], [ 3575.5, 3271.6 ], [ 3578.3, 3267.3 ], [ 3578.9, 3263.9 ], [ 3578.0, 3261.3 ], [ 3577.9, 3259.9 ], [ 3579.0, 3259.2 ], [ 3580.4, 3258.8 ], [ 3581.6, 3257.9 ], [ 3582.5, 3256.8 ], [ 3585.0, 3255.6 ], [ 3585.6, 3254.0 ], [ 3585.1, 3249.6 ], [ 3582.1, 3244.5 ], [ 3570.5, 3223.5 ], [ 3567.0, 3218.5 ], [ 3563.7, 3214.7 ], [ 3560.5, 3211.8 ], [ 3557.1, 3209.4 ], [ 3553.5, 3208.6 ], [ 3549.8, 3210.4 ], [ 3546.4, 3213.3 ], [ 3545.0, 3213.8 ], [ 3538.8, 3213.8 ], [ 3537.4, 3214.3 ], [ 3532.7, 3219.0 ], [ 3529.5, 3219.8 ], [ 3526.2, 3219.0 ], [ 3522.5, 3217.3 ], [ 3520.8, 3218.6 ], [ 3515.1, 3220.3 ], [ 3512.8, 3222.5 ], [ 3507.5, 3225.7 ], [ 3506.1, 3227.8 ], [ 3504.4, 3225.7 ], [ 3504.0, 3222.5 ], [ 3505.0, 3219.6 ], [ 3507.6, 3218.1 ], [ 3509.9, 3217.8 ], [ 3510.8, 3217.3 ], [ 3512.0, 3216.2 ], [ 3512.7, 3214.2 ], [ 3517.1, 3209.4 ], [ 3520.8, 3207.8 ], [ 3521.1, 3205.2 ], [ 3520.3, 3202.5 ], [ 3518.5, 3200.3 ], [ 3516.3, 3198.8 ], [ 3513.9, 3199.6 ], [ 3511.9, 3198.8 ], [ 3510.6, 3198.1 ], [ 3509.1, 3196.5 ], [ 3507.2, 3195.4 ], [ 3505.0, 3193.0 ], [ 3500.4, 3188.4 ], [ 3498.2, 3186.9 ], [ 3496.0, 3186.9 ], [ 3492.8, 3187.4 ], [ 3489.9, 3188.5 ], [ 3488.7, 3190.2 ], [ 3487.8, 3193.3 ], [ 3485.3, 3193.5 ], [ 3483.2, 3191.3 ], [ 3479.6, 3191.1 ], [ 3476.8, 3189.5 ], [ 3474.9, 3189.0 ], [ 3473.3, 3189.5 ], [ 3472.7, 3190.9 ], [ 3472.9, 3192.7 ], [ 3473.4, 3194.7 ], [ 3473.7, 3196.8 ], [ 3472.8, 3196.4 ], [ 3469.6, 3196.1 ], [ 3468.7, 3195.1 ], [ 3469.7, 3188.7 ], [ 3468.5, 3183.1 ], [ 3465.5, 3175.9 ], [ 3458.3, 3164.8 ], [ 3454.1, 3162.3 ], [ 3452.6, 3160.9 ], [ 3452.1, 3159.5 ], [ 3451.7, 3156.2 ], [ 3451.4, 3154.7 ], [ 3448.0, 3148.7 ], [ 3443.9, 3142.3 ], [ 3436.3, 3133.7 ], [ 3428.0, 3126.9 ], [ 3426.4, 3126.4 ], [ 3422.9, 3127.5 ], [ 3421.1, 3127.5 ], [ 3420.3, 3126.2 ], [ 3413.1, 3127.6 ], [ 3409.6, 3130.0 ], [ 3411.1, 3134.6 ], [ 3407.5, 3135.0 ], [ 3406.3, 3134.8 ], [ 3405.2, 3133.7 ], [ 3404.5, 3132.3 ], [ 3403.9, 3131.6 ], [ 3403.1, 3132.9 ], [ 3402.2, 3132.9 ], [ 3399.8, 3130.3 ], [ 3381.2, 3122.6 ], [ 3376.7, 3122.6 ], [ 3367.3, 3124.9 ], [ 3365.3, 3125.9 ], [ 3361.2, 3128.8 ], [ 3357.0, 3130.4 ], [ 3354.3, 3134.2 ], [ 3351.7, 3135.1 ], [ 3348.9, 3134.3 ], [ 3347.9, 3132.4 ], [ 3347.4, 3129.8 ], [ 3346.2, 3127.3 ], [ 3344.8, 3125.4 ], [ 3342.3, 3121.0 ], [ 3340.7, 3118.7 ], [ 3333.9, 3111.5 ], [ 3330.3, 3108.6 ], [ 3326.6, 3106.5 ], [ 3324.1, 3105.9 ], [ 3314.9, 3105.8 ], [ 3313.3, 3105.5 ], [ 3304.9, 3100.5 ], [ 3302.0, 3099.4 ], [ 3300.7, 3100.6 ], [ 3299.9, 3102.3 ], [ 3298.0, 3100.6 ], [ 3289.0, 3087.8 ], [ 3277.2, 3074.8 ], [ 3264.7, 3064.2 ], [ 3262.8, 3062.9 ], [ 3259.7, 3062.0 ], [ 3257.9, 3060.6 ], [ 3256.9, 3060.3 ], [ 3253.4, 3059.7 ], [ 3252.5, 3059.4 ], [ 3250.6, 3057.2 ], [ 3249.6, 3054.5 ], [ 3249.1, 3051.6 ], [ 3249.0, 3048.4 ], [ 3248.3, 3045.5 ], [ 3246.9, 3042.4 ], [ 3243.9, 3037.5 ], [ 3241.2, 3033.9 ], [ 3229.7, 3025.5 ], [ 3228.4, 3024.8 ], [ 3227.3, 3023.6 ], [ 3226.8, 3021.7 ], [ 3226.1, 3020.6 ], [ 3222.8, 3020.1 ], [ 3221.7, 3019.6 ], [ 3220.1, 3017.9 ], [ 3218.2, 3016.3 ], [ 3216.1, 3014.9 ], [ 3214.0, 3014.0 ], [ 3205.1, 3014.4 ], [ 3203.7, 3014.8 ], [ 3203.0, 3012.9 ], [ 3201.5, 3009.9 ], [ 3199.6, 3007.2 ], [ 3198.0, 3005.9 ], [ 3197.0, 3003.9 ], [ 3194.4, 3000.6 ], [ 3193.9, 2999.3 ], [ 3193.5, 2996.8 ], [ 3192.7, 2994.3 ], [ 3186.2, 2981.6 ], [ 3183.3, 2977.5 ], [ 3169.4, 2967.1 ], [ 3163.7, 2965.6 ], [ 3155.7, 2961.6 ], [ 3152.9, 2960.6 ], [ 3152.9, 2959.5 ], [ 3151.8, 2958.9 ], [ 3150.6, 2958.5 ], [ 3149.3, 2958.4 ], [ 3148.1, 2958.5 ], [ 3148.9, 2959.6 ], [ 3145.6, 2959.6 ], [ 3137.1, 2956.6 ], [ 3135.5, 2956.4 ], [ 3133.4, 2956.5 ], [ 3131.6, 2957.0 ], [ 3130.8, 2958.2 ], [ 3130.4, 2960.6 ], [ 3128.8, 2963.1 ], [ 3128.6, 2965.2 ], [ 3127.5, 2964.7 ], [ 3126.3, 2964.7 ], [ 3125.5, 2965.0 ], [ 3125.3, 2965.2 ], [ 3124.4, 2964.4 ], [ 3122.8, 2962.5 ], [ 3119.6, 2961.4 ], [ 3118.2, 2959.7 ], [ 3117.3, 2957.3 ], [ 3117.3, 2955.6 ], [ 3118.7, 2953.5 ], [ 3120.2, 2952.9 ], [ 3123.6, 2954.1 ], [ 3126.1, 2953.9 ], [ 3127.9, 2951.3 ], [ 3128.8, 2947.6 ], [ 3128.8, 2943.8 ], [ 3128.5, 2941.4 ], [ 3126.1, 2937.5 ], [ 3125.2, 2934.7 ], [ 3124.1, 2934.9 ], [ 3122.8, 2935.6 ], [ 3121.8, 2935.7 ], [ 3120.3, 2933.6 ], [ 3119.3, 2930.7 ], [ 3118.1, 2928.3 ], [ 3116.2, 2927.4 ], [ 3115.8, 2924.4 ], [ 3113.0, 2922.1 ], [ 3107.5, 2919.0 ], [ 3106.9, 2917.2 ], [ 3106.3, 2914.7 ], [ 3105.6, 2912.5 ], [ 3104.6, 2911.6 ], [ 3103.6, 2911.0 ], [ 3100.3, 2907.5 ], [ 3094.2, 2904.4 ], [ 3075.9, 2898.3 ], [ 3078.6, 2896.0 ], [ 3079.7, 2893.5 ], [ 3079.8, 2890.6 ], [ 3079.7, 2887.1 ], [ 3080.1, 2886.0 ], [ 3080.7, 2885.4 ], [ 3081.1, 2884.4 ], [ 3080.5, 2882.3 ], [ 3079.4, 2880.8 ], [ 3078.0, 2879.7 ], [ 3070.0, 2876.1 ], [ 3064.5, 2874.7 ], [ 3058.9, 2874.6 ], [ 3053.8, 2876.2 ], [ 3054.3, 2877.8 ], [ 3054.7, 2878.4 ], [ 3051.5, 2879.9 ], [ 3049.3, 2877.6 ], [ 3046.8, 2870.0 ], [ 3049.6, 2867.6 ], [ 3051.3, 2864.7 ], [ 3053.7, 2856.2 ], [ 3053.3, 2854.3 ], [ 3053.3, 2851.0 ], [ 3053.7, 2847.7 ], [ 3054.5, 2845.7 ], [ 3053.5, 2843.1 ], [ 3053.1, 2839.9 ], [ 3052.8, 2833.5 ], [ 3052.3, 2830.4 ], [ 3051.0, 2827.3 ], [ 3041.8, 2808.6 ], [ 3034.6, 2798.7 ], [ 3033.0, 2796.8 ], [ 3029.3, 2795.1 ], [ 3028.2, 2792.6 ], [ 3025.7, 2780.9 ], [ 3022.1, 2743.8 ], [ 3020.7, 2738.1 ], [ 3016.0, 2726.8 ], [ 3012.7, 2721.4 ], [ 3007.7, 2717.8 ], [ 3004.3, 2711.9 ], [ 3002.6, 2710.6 ], [ 3000.5, 2709.9 ], [ 2996.4, 2707.1 ], [ 2994.1, 2706.5 ], [ 2992.3, 2705.5 ], [ 2991.2, 2705.3 ], [ 2990.7, 2705.9 ], [ 2990.3, 2706.8 ], [ 2989.4, 2707.4 ], [ 2988.3, 2707.6 ], [ 2987.3, 2707.0 ], [ 2985.5, 2705.2 ], [ 2981.8, 2702.2 ], [ 2980.0, 2700.1 ], [ 2978.7, 2700.9 ], [ 2975.1, 2697.7 ], [ 2973.1, 2697.9 ], [ 2973.9, 2699.1 ], [ 2973.3, 2699.3 ], [ 2972.8, 2699.8 ], [ 2972.3, 2700.1 ], [ 2972.9, 2701.4 ], [ 2973.6, 2702.3 ], [ 2974.4, 2702.9 ], [ 2975.4, 2703.3 ], [ 2975.4, 2704.2 ], [ 2974.8, 2704.7 ], [ 2974.5, 2705.2 ], [ 2973.8, 2706.4 ], [ 2975.3, 2707.3 ], [ 2974.9, 2708.1 ], [ 2973.7, 2707.9 ], [ 2973.1, 2705.9 ], [ 2972.3, 2704.7 ], [ 2967.0, 2702.2 ], [ 2961.3, 2696.9 ], [ 2960.1, 2696.3 ], [ 2957.1, 2693.4 ], [ 2955.9, 2692.7 ], [ 2952.7, 2692.4 ], [ 2951.3, 2692.1 ], [ 2950.2, 2691.5 ], [ 2946.3, 2687.0 ], [ 2945.6, 2686.8 ], [ 2944.9, 2684.8 ], [ 2943.1, 2683.5 ], [ 2938.0, 2681.1 ], [ 2936.7, 2680.1 ], [ 2935.6, 2678.7 ], [ 2935.1, 2676.7 ], [ 2933.7, 2677.3 ], [ 2931.7, 2677.6 ], [ 2929.8, 2677.3 ], [ 2928.9, 2676.1 ], [ 2928.2, 2674.6 ], [ 2922.9, 2672.3 ], [ 2922.1, 2668.8 ], [ 2910.5, 2662.2 ], [ 2907.0, 2659.5 ], [ 2905.9, 2661.0 ], [ 2905.1, 2662.6 ], [ 2904.6, 2664.5 ], [ 2904.7, 2666.9 ], [ 2899.6, 2664.9 ], [ 2897.6, 2663.3 ], [ 2897.8, 2661.5 ], [ 2895.8, 2657.9 ], [ 2892.7, 2656.2 ], [ 2881.6, 2654.0 ], [ 2876.2, 2652.0 ], [ 2873.0, 2650.2 ], [ 2872.0, 2650.6 ], [ 2866.9, 2650.4 ], [ 2864.3, 2649.7 ], [ 2863.5, 2649.2 ], [ 2862.3, 2647.4 ], [ 2855.1, 2646.7 ], [ 2852.3, 2647.2 ], [ 2850.9, 2647.9 ], [ 2847.7, 2650.5 ], [ 2846.5, 2651.8 ], [ 2845.7, 2652.3 ], [ 2844.9, 2652.3 ], [ 2844.0, 2652.2 ], [ 2843.1, 2652.3 ], [ 2836.2, 2657.1 ], [ 2834.3, 2657.4 ], [ 2833.0, 2657.9 ], [ 2830.2, 2660.5 ], [ 2821.9, 2665.8 ], [ 2819.4, 2668.9 ], [ 2819.9, 2671.9 ], [ 2818.8, 2673.6 ], [ 2818.4, 2674.5 ], [ 2818.3, 2675.6 ], [ 2817.9, 2676.0 ], [ 2816.2, 2677.1 ], [ 2815.6, 2677.6 ], [ 2815.0, 2679.4 ], [ 2815.2, 2681.1 ], [ 2815.1, 2682.8 ], [ 2813.5, 2684.4 ], [ 2810.7, 2685.8 ], [ 2804.4, 2687.6 ], [ 2801.2, 2689.4 ], [ 2799.5, 2690.9 ], [ 2798.0, 2692.4 ], [ 2795.3, 2696.2 ], [ 2794.9, 2697.3 ], [ 2795.0, 2699.8 ], [ 2794.8, 2701.0 ], [ 2794.1, 2703.3 ], [ 2793.2, 2705.1 ], [ 2787.8, 2711.0 ], [ 2785.9, 2714.5 ], [ 2787.5, 2717.7 ], [ 2787.5, 2718.7 ], [ 2784.9, 2719.2 ], [ 2781.5, 2723.0 ], [ 2778.5, 2724.1 ], [ 2777.7, 2724.8 ], [ 2777.0, 2725.7 ], [ 2776.7, 2726.4 ], [ 2776.1, 2727.6 ], [ 2774.7, 2728.3 ], [ 2772.0, 2728.9 ], [ 2763.8, 2734.1 ], [ 2744.2, 2738.3 ], [ 2738.5, 2741.8 ], [ 2733.9, 2742.7 ], [ 2720.1, 2742.3 ], [ 2716.9, 2743.2 ], [ 2715.4, 2743.2 ], [ 2714.6, 2742.4 ], [ 2713.4, 2741.9 ], [ 2712.2, 2741.9 ], [ 2710.7, 2742.8 ], [ 2710.3, 2742.8 ], [ 2709.8, 2742.8 ], [ 2709.3, 2742.9 ], [ 2709.2, 2743.5 ], [ 2709.3, 2745.5 ], [ 2709.2, 2746.0 ], [ 2708.3, 2746.4 ], [ 2707.7, 2746.3 ], [ 2706.7, 2747.1 ], [ 2705.7, 2748.2 ], [ 2704.2, 2749.7 ], [ 2702.5, 2751.0 ], [ 2700.9, 2752.9 ], [ 2698.2, 2752.6 ], [ 2696.6, 2752.0 ], [ 2695.1, 2753.1 ], [ 2693.9, 2754.2 ], [ 2693.3, 2755.7 ], [ 2692.4, 2757.5 ], [ 2691.1, 2757.6 ], [ 2689.1, 2757.2 ], [ 2686.8, 2756.2 ], [ 2684.2, 2756.4 ], [ 2682.4, 2757.4 ], [ 2680.9, 2759.0 ], [ 2681.2, 2760.6 ], [ 2679.1, 2762.8 ], [ 2678.0, 2763.5 ], [ 2677.2, 2761.5 ], [ 2675.1, 2760.9 ], [ 2673.6, 2761.5 ], [ 2672.2, 2761.6 ], [ 2671.3, 2763.0 ], [ 2670.4, 2763.7 ], [ 2670.0, 2764.8 ], [ 2669.0, 2769.1 ], [ 2669.5, 2773.3 ], [ 2669.6, 2774.1 ], [ 2669.9, 2775.8 ], [ 2670.2, 2777.1 ], [ 2668.6, 2778.0 ], [ 2667.3, 2775.4 ], [ 2666.4, 2774.7 ], [ 2664.6, 2774.6 ], [ 2662.6, 2775.8 ], [ 2661.1, 2777.4 ], [ 2659.5, 2778.5 ], [ 2658.6, 2779.4 ], [ 2658.0, 2777.6 ], [ 2656.1, 2777.6 ], [ 2653.8, 2777.2 ], [ 2651.8, 2777.5 ], [ 2650.2, 2778.5 ], [ 2648.2, 2780.4 ], [ 2647.6, 2782.6 ], [ 2648.6, 2783.4 ], [ 2648.5, 2783.4 ], [ 2649.1, 2783.9 ], [ 2649.1, 2784.6 ], [ 2645.6, 2788.7 ], [ 2645.0, 2792.3 ], [ 2642.4, 2793.9 ], [ 2641.9, 2795.5 ], [ 2639.3, 2795.6 ], [ 2639.1, 2794.7 ], [ 2638.8, 2794.1 ], [ 2638.4, 2793.5 ], [ 2637.8, 2794.0 ], [ 2637.6, 2795.1 ], [ 2638.0, 2797.1 ], [ 2636.4, 2797.6 ], [ 2635.1, 2797.0 ], [ 2633.3, 2796.9 ], [ 2629.2, 2797.9 ], [ 2628.1, 2796.3 ], [ 2626.4, 2795.6 ], [ 2625.2, 2796.3 ], [ 2623.4, 2797.7 ], [ 2623.4, 2801.7 ], [ 2621.6, 2804.0 ], [ 2621.5, 2806.5 ], [ 2618.8, 2806.7 ], [ 2616.6, 2806.9 ], [ 2615.5, 2808.9 ], [ 2614.9, 2810.6 ], [ 2613.8, 2811.7 ], [ 2610.6, 2814.4 ], [ 2607.4, 2816.1 ], [ 2606.6, 2818.4 ], [ 2608.9, 2819.2 ], [ 2615.9, 2817.7 ], [ 2618.2, 2818.3 ], [ 2618.7, 2819.5 ], [ 2617.2, 2822.1 ], [ 2615.2, 2823.3 ], [ 2614.7, 2826.1 ], [ 2615.4, 2827.4 ], [ 2616.2, 2829.2 ], [ 2614.0, 2830.9 ], [ 2611.7, 2832.1 ], [ 2610.4, 2832.3 ], [ 2608.1, 2833.2 ], [ 2607.0, 2832.9 ], [ 2606.6, 2832.2 ], [ 2606.4, 2830.9 ], [ 2605.0, 2831.4 ], [ 2603.0, 2831.3 ], [ 2600.3, 2831.5 ], [ 2599.8, 2833.0 ], [ 2598.6, 2834.8 ], [ 2596.2, 2836.1 ], [ 2593.2, 2835.2 ], [ 2590.0, 2835.6 ], [ 2586.7, 2835.5 ], [ 2584.4, 2836.2 ], [ 2581.7, 2837.8 ], [ 2580.1, 2840.4 ], [ 2580.5, 2842.4 ], [ 2581.0, 2844.7 ], [ 2577.2, 2844.5 ], [ 2575.8, 2843.0 ], [ 2575.5, 2842.4 ], [ 2573.3, 2841.5 ], [ 2570.4, 2839.9 ], [ 2567.4, 2839.4 ], [ 2563.5, 2839.9 ], [ 2560.5, 2840.9 ], [ 2558.8, 2841.7 ], [ 2556.9, 2843.2 ], [ 2555.7, 2846.4 ], [ 2555.4, 2850.0 ], [ 2557.5, 2851.0 ], [ 2559.1, 2850.6 ], [ 2558.5, 2852.1 ], [ 2555.5, 2852.2 ], [ 2549.1, 2852.3 ], [ 2548.1, 2851.7 ], [ 2549.7, 2850.9 ], [ 2551.6, 2850.3 ], [ 2553.1, 2849.2 ], [ 2552.9, 2846.3 ], [ 2550.8, 2844.2 ], [ 2548.8, 2844.3 ], [ 2543.4, 2844.8 ], [ 2541.4, 2844.6 ], [ 2540.4, 2841.4 ], [ 2537.6, 2840.7 ], [ 2533.8, 2840.5 ], [ 2531.1, 2838.6 ], [ 2531.5, 2837.7 ], [ 2531.7, 2836.3 ], [ 2532.1, 2835.5 ], [ 2530.2, 2835.4 ], [ 2528.4, 2835.8 ], [ 2525.0, 2837.2 ], [ 2526.9, 2838.1 ], [ 2528.3, 2841.6 ], [ 2530.2, 2842.6 ], [ 2532.8, 2843.9 ], [ 2531.5, 2845.2 ], [ 2528.9, 2844.8 ], [ 2525.6, 2844.7 ], [ 2524.1, 2845.2 ], [ 2521.8, 2848.7 ], [ 2517.6, 2847.2 ], [ 2514.5, 2844.5 ], [ 2513.6, 2843.0 ], [ 2516.1, 2841.6 ], [ 2517.9, 2840.1 ], [ 2517.2, 2838.9 ], [ 2516.0, 2838.1 ], [ 2514.1, 2837.5 ], [ 2513.9, 2836.2 ], [ 2513.4, 2835.0 ], [ 2511.6, 2834.7 ], [ 2509.4, 2834.6 ], [ 2504.5, 2832.0 ], [ 2503.7, 2828.6 ], [ 2502.2, 2826.8 ], [ 2500.1, 2825.8 ], [ 2497.8, 2825.4 ], [ 2496.4, 2826.9 ], [ 2495.1, 2829.4 ], [ 2492.4, 2828.1 ], [ 2490.7, 2827.8 ], [ 2489.2, 2825.8 ], [ 2488.0, 2823.8 ], [ 2487.0, 2821.7 ], [ 2485.6, 2820.8 ], [ 2484.4, 2821.4 ], [ 2483.2, 2821.7 ], [ 2478.2, 2820.9 ], [ 2475.9, 2820.9 ], [ 2472.6, 2820.2 ], [ 2471.0, 2819.9 ], [ 2468.1, 2820.4 ], [ 2465.5, 2819.0 ], [ 2466.1, 2816.3 ], [ 2466.5, 2814.8 ], [ 2467.4, 2813.3 ], [ 2468.5, 2810.8 ], [ 2467.3, 2809.2 ], [ 2467.2, 2807.4 ], [ 2466.8, 2806.4 ], [ 2465.7, 2800.8 ], [ 2460.8, 2797.2 ], [ 2454.3, 2801.0 ], [ 2445.8, 2800.3 ], [ 2441.5, 2800.5 ], [ 2434.7, 2799.7 ], [ 2431.3, 2798.4 ], [ 2429.2, 2794.8 ], [ 2428.5, 2791.1 ], [ 2431.1, 2786.9 ], [ 2434.7, 2785.2 ], [ 2444.8, 2785.9 ], [ 2447.9, 2785.1 ], [ 2450.2, 2783.5 ], [ 2452.7, 2780.9 ], [ 2454.3, 2777.5 ], [ 2454.1, 2773.8 ], [ 2450.7, 2775.8 ], [ 2447.5, 2776.7 ], [ 2444.7, 2776.0 ], [ 2442.4, 2773.1 ], [ 2441.8, 2770.6 ], [ 2441.8, 2769.3 ], [ 2441.2, 2768.5 ], [ 2439.0, 2767.6 ], [ 2438.1, 2767.4 ], [ 2435.4, 2767.3 ], [ 2435.0, 2766.8 ], [ 2433.5, 2764.5 ], [ 2432.9, 2764.0 ], [ 2432.1, 2764.9 ], [ 2431.2, 2766.9 ], [ 2430.5, 2769.0 ], [ 2430.3, 2770.1 ], [ 2430.7, 2773.1 ], [ 2431.6, 2774.4 ], [ 2432.9, 2775.3 ], [ 2434.5, 2776.8 ], [ 2435.6, 2780.7 ], [ 2434.1, 2784.1 ], [ 2431.3, 2785.8 ], [ 2428.0, 2785.9 ], [ 2426.3, 2785.4 ], [ 2420.4, 2781.5 ], [ 2417.5, 2782.6 ], [ 2416.2, 2783.5 ], [ 2413.4, 2783.9 ], [ 2412.3, 2784.8 ], [ 2411.2, 2786.8 ], [ 2411.7, 2787.7 ], [ 2412.6, 2790.6 ], [ 2412.8, 2792.5 ], [ 2416.6, 2792.5 ], [ 2413.7, 2794.8 ], [ 2411.2, 2796.0 ], [ 2410.9, 2793.4 ], [ 2409.1, 2789.7 ], [ 2404.6, 2786.7 ], [ 2401.0, 2782.9 ], [ 2399.5, 2778.7 ], [ 2400.4, 2769.7 ], [ 2400.3, 2767.0 ], [ 2399.8, 2764.7 ], [ 2398.8, 2761.9 ], [ 2397.4, 2759.6 ], [ 2395.5, 2758.3 ], [ 2395.4, 2759.2 ], [ 2398.4, 2764.8 ], [ 2398.8, 2766.4 ], [ 2398.1, 2777.4 ], [ 2399.3, 2782.7 ], [ 2402.1, 2786.1 ], [ 2405.4, 2788.8 ], [ 2407.8, 2791.9 ], [ 2407.3, 2795.1 ], [ 2404.0, 2795.0 ], [ 2389.9, 2793.7 ], [ 2381.7, 2791.2 ], [ 2378.9, 2789.2 ], [ 2379.0, 2786.6 ], [ 2381.4, 2784.3 ], [ 2381.8, 2782.4 ], [ 2381.0, 2780.3 ], [ 2378.4, 2778.0 ], [ 2373.8, 2775.8 ], [ 2362.1, 2776.1 ], [ 2339.3, 2772.5 ], [ 2336.6, 2771.7 ], [ 2334.3, 2770.3 ], [ 2331.4, 2767.7 ], [ 2329.9, 2764.0 ], [ 2331.9, 2760.7 ], [ 2331.8, 2760.1 ], [ 2329.0, 2757.5 ], [ 2322.6, 2756.3 ], [ 2316.2, 2756.6 ], [ 2311.8, 2758.0 ], [ 2310.2, 2759.0 ], [ 2286.3, 2775.5 ], [ 2272.6, 2780.3 ], [ 2268.7, 2783.0 ], [ 2259.2, 2793.6 ], [ 2256.7, 2794.5 ], [ 2252.4, 2791.8 ], [ 2249.7, 2792.1 ], [ 2244.8, 2791.9 ], [ 2236.9, 2794.4 ], [ 2228.1, 2800.4 ], [ 2226.0, 2802.6 ], [ 2225.1, 2803.9 ], [ 2223.5, 2805.1 ], [ 2222.1, 2806.5 ], [ 2220.0, 2808.1 ], [ 2218.4, 2809.9 ], [ 2216.8, 2812.4 ], [ 2214.6, 2814.4 ], [ 2211.9, 2816.5 ], [ 2210.5, 2819.2 ], [ 2209.4, 2821.4 ], [ 2208.0, 2824.2 ], [ 2205.9, 2828.2 ], [ 2204.8, 2831.0 ], [ 2203.8, 2833.3 ], [ 2202.3, 2837.6 ], [ 2201.2, 2840.8 ], [ 2201.4, 2842.3 ], [ 2202.8, 2843.4 ], [ 2202.7, 2846.4 ], [ 2200.9, 2855.5 ], [ 2199.3, 2864.2 ], [ 2198.6, 2870.3 ], [ 2198.8, 2874.3 ], [ 2197.6, 2880.6 ], [ 2197.4, 2889.0 ], [ 2197.3, 2895.4 ], [ 2197.5, 2900.5 ], [ 2199.0, 2902.6 ], [ 2201.3, 2903.9 ], [ 2204.4, 2904.9 ], [ 2206.9, 2906.0 ], [ 2207.7, 2907.6 ], [ 2207.6, 2909.3 ], [ 2207.1, 2911.1 ], [ 2207.8, 2912.7 ], [ 2208.8, 2913.9 ], [ 2210.4, 2916.9 ], [ 2210.8, 2920.2 ], [ 2210.2, 2922.8 ], [ 2209.0, 2926.0 ], [ 2209.2, 2928.5 ], [ 2209.0, 2931.1 ], [ 2210.3, 2933.4 ], [ 2212.1, 2935.1 ], [ 2214.7, 2934.9 ], [ 2217.4, 2935.0 ], [ 2218.7, 2937.3 ], [ 2219.5, 2937.4 ], [ 2220.8, 2936.3 ], [ 2222.3, 2936.8 ], [ 2224.9, 2938.8 ], [ 2221.7, 2944.0 ], [ 2221.2, 2945.5 ], [ 2220.6, 2947.7 ], [ 2219.6, 2948.8 ], [ 2218.5, 2949.5 ], [ 2217.6, 2951.0 ], [ 2215.8, 2950.0 ], [ 2211.5, 2950.5 ], [ 2208.0, 2948.7 ], [ 2207.2, 2947.0 ], [ 2205.0, 2947.3 ], [ 2202.3, 2949.7 ], [ 2200.7, 2952.8 ], [ 2200.1, 2958.3 ], [ 2199.7, 2962.0 ], [ 2200.1, 2964.8 ], [ 2201.8, 2967.0 ], [ 2205.6, 2969.7 ], [ 2207.5, 2972.9 ], [ 2209.8, 2976.9 ], [ 2209.5, 2978.7 ], [ 2207.8, 2980.1 ], [ 2207.2, 2982.1 ], [ 2207.6, 2984.5 ], [ 2208.0, 2987.8 ], [ 2208.0, 2988.8 ], [ 2208.4, 2989.7 ], [ 2210.4, 2991.7 ], [ 2210.9, 2992.9 ], [ 2210.3, 2995.8 ], [ 2207.0, 3000.5 ], [ 2205.2, 3004.3 ], [ 2203.2, 3006.1 ], [ 2199.5, 3010.4 ], [ 2195.7, 3009.7 ], [ 2191.0, 3012.5 ], [ 2189.5, 3016.7 ], [ 2186.1, 3018.2 ], [ 2175.0, 3025.3 ], [ 2172.7, 3028.5 ], [ 2168.9, 3029.0 ], [ 2166.1, 3029.5 ], [ 2163.0, 3029.9 ], [ 2161.7, 3030.2 ], [ 2161.1, 3030.5 ], [ 2159.2, 3031.9 ], [ 2158.8, 3032.6 ], [ 2158.2, 3033.6 ], [ 2157.1, 3033.8 ], [ 2155.8, 3033.6 ], [ 2153.9, 3037.0 ], [ 2138.7, 3041.8 ], [ 2114.2, 3050.2 ], [ 2111.6, 3052.5 ], [ 2104.5, 3056.4 ], [ 2095.5, 3059.2 ], [ 2091.9, 3061.4 ], [ 2088.4, 3065.3 ], [ 2081.8, 3074.5 ], [ 2078.0, 3078.8 ], [ 2073.9, 3081.9 ], [ 2065.3, 3085.5 ], [ 2060.4, 3086.4 ], [ 2052.4, 3086.3 ], [ 2044.4, 3087.5 ], [ 2041.9, 3088.7 ], [ 2040.7, 3088.9 ], [ 2036.7, 3088.3 ], [ 2013.3, 3092.7 ], [ 2003.3, 3092.3 ], [ 1972.9, 3099.8 ], [ 1964.6, 3100.7 ], [ 1963.6, 3101.3 ], [ 1961.1, 3104.7 ], [ 1960.6, 3105.8 ], [ 1959.9, 3106.6 ], [ 1958.6, 3107.1 ], [ 1956.0, 3105.1 ], [ 1955.2, 3104.7 ], [ 1950.0, 3104.2 ], [ 1945.0, 3104.5 ], [ 1940.3, 3106.0 ], [ 1937.0, 3107.5 ], [ 1922.4, 3118.9 ], [ 1915.1, 3126.5 ], [ 1900.9, 3137.9 ], [ 1898.2, 3142.1 ], [ 1901.1, 3144.3 ], [ 1904.3, 3146.0 ], [ 1905.7, 3146.1 ], [ 1906.4, 3145.4 ], [ 1906.1, 3144.2 ], [ 1904.6, 3142.9 ], [ 1906.6, 3143.3 ], [ 1908.1, 3144.3 ], [ 1909.3, 3145.7 ], [ 1911.7, 3149.6 ], [ 1914.4, 3152.4 ], [ 1915.9, 3152.4 ], [ 1918.1, 3153.5 ], [ 1917.6, 3156.7 ], [ 1915.5, 3159.7 ], [ 1914.2, 3161.2 ], [ 1906.4, 3162.5 ], [ 1902.9, 3164.9 ], [ 1896.1, 3173.2 ], [ 1892.2, 3175.6 ], [ 1888.7, 3176.4 ], [ 1884.9, 3176.5 ], [ 1882.6, 3171.8 ], [ 1888.3, 3171.7 ], [ 1890.8, 3173.9 ], [ 1894.9, 3172.0 ], [ 1899.9, 3165.9 ], [ 1897.6, 3165.2 ], [ 1894.0, 3165.1 ], [ 1884.0, 3167.0 ], [ 1881.5, 3168.3 ], [ 1879.4, 3170.1 ], [ 1877.3, 3172.6 ], [ 1872.6, 3181.0 ], [ 1870.2, 3185.4 ], [ 1867.8, 3188.1 ], [ 1865.5, 3190.0 ], [ 1863.6, 3192.3 ], [ 1862.4, 3196.1 ], [ 1859.0, 3198.8 ], [ 1848.9, 3213.6 ], [ 1847.4, 3215.0 ], [ 1843.9, 3217.2 ], [ 1842.1, 3218.6 ], [ 1837.5, 3223.8 ], [ 1829.8, 3228.7 ], [ 1820.9, 3241.9 ], [ 1817.2, 3244.9 ], [ 1810.8, 3247.9 ], [ 1807.2, 3251.9 ], [ 1800.8, 3262.1 ], [ 1797.2, 3266.3 ], [ 1788.7, 3273.5 ], [ 1774.0, 3292.1 ], [ 1773.2, 3293.6 ], [ 1772.5, 3297.2 ], [ 1771.4, 3299.7 ], [ 1769.8, 3301.4 ], [ 1766.6, 3304.2 ], [ 1764.7, 3306.2 ], [ 1762.9, 3308.7 ], [ 1762.0, 3311.2 ], [ 1760.9, 3313.0 ], [ 1756.6, 3317.8 ], [ 1755.0, 3320.4 ], [ 1753.4, 3325.7 ], [ 1752.9, 3333.4 ], [ 1752.9, 3340.0 ], [ 1753.9, 3350.4 ], [ 1759.4, 3367.6 ], [ 1760.4, 3370.3 ], [ 1761.6, 3373.1 ], [ 1759.9, 3374.0 ], [ 1758.1, 3375.1 ], [ 1758.4, 3378.0 ], [ 1758.9, 3383.6 ], [ 1760.3, 3389.0 ], [ 1762.7, 3394.9 ], [ 1765.1, 3401.5 ], [ 1768.6, 3409.9 ], [ 1770.1, 3412.3 ], [ 1774.2, 3416.5 ], [ 1778.2, 3421.7 ], [ 1780.5, 3424.1 ], [ 1783.7, 3425.3 ], [ 1789.1, 3426.6 ], [ 1794.7, 3429.0 ], [ 1799.5, 3432.5 ], [ 1802.8, 3437.2 ], [ 1802.2, 3437.4 ], [ 1800.9, 3438.1 ], [ 1802.3, 3439.0 ], [ 1803.1, 3440.1 ], [ 1806.1, 3443.1 ], [ 1807.3, 3443.0 ], [ 1807.8, 3444.9 ], [ 1807.6, 3447.3 ], [ 1806.7, 3448.4 ], [ 1804.4, 3448.2 ], [ 1802.3, 3448.5 ], [ 1800.3, 3449.2 ], [ 1798.4, 3450.6 ], [ 1796.6, 3453.6 ], [ 1796.4, 3454.0 ], [ 1795.8, 3454.5 ], [ 1793.5, 3454.3 ], [ 1792.6, 3454.6 ], [ 1790.8, 3455.9 ], [ 1789.3, 3456.5 ], [ 1787.9, 3457.4 ], [ 1786.4, 3459.6 ], [ 1787.0, 3461.9 ], [ 1784.7, 3461.0 ], [ 1783.0, 3461.2 ], [ 1781.3, 3461.7 ], [ 1779.0, 3461.8 ], [ 1775.4, 3461.4 ], [ 1773.7, 3461.7 ], [ 1771.8, 3462.9 ], [ 1770.1, 3465.2 ], [ 1769.8, 3467.4 ], [ 1769.7, 3469.5 ], [ 1768.6, 3471.6 ], [ 1766.6, 3473.3 ], [ 1764.7, 3473.8 ], [ 1759.7, 3473.1 ], [ 1754.0, 3473.6 ], [ 1750.9, 3474.3 ], [ 1746.7, 3476.6 ], [ 1734.6, 3479.8 ], [ 1732.6, 3480.8 ], [ 1731.6, 3482.5 ], [ 1730.6, 3483.0 ], [ 1725.5, 3487.3 ], [ 1723.9, 3489.4 ], [ 1723.1, 3492.3 ], [ 1722.9, 3493.9 ], [ 1722.4, 3494.5 ], [ 1718.5, 3494.1 ], [ 1716.7, 3494.4 ], [ 1715.2, 3495.5 ], [ 1714.5, 3497.7 ], [ 1710.2, 3496.9 ], [ 1708.4, 3502.8 ], [ 1708.5, 3516.9 ], [ 1706.8, 3518.5 ], [ 1704.7, 3518.8 ], [ 1700.3, 3517.8 ], [ 1697.5, 3518.2 ], [ 1695.1, 3519.6 ], [ 1693.1, 3521.7 ], [ 1691.5, 3524.1 ], [ 1690.4, 3526.1 ], [ 1689.6, 3528.5 ], [ 1688.4, 3534.8 ], [ 1686.6, 3544.8 ], [ 1686.0, 3547.6 ], [ 1684.8, 3548.8 ], [ 1681.4, 3549.6 ], [ 1678.8, 3551.7 ], [ 1677.3, 3553.5 ], [ 1670.9, 3565.0 ], [ 1670.3, 3567.4 ], [ 1670.3, 3567.6 ], [ 1670.1, 3573.7 ], [ 1669.3, 3575.2 ], [ 1666.5, 3570.6 ], [ 1662.5, 3578.2 ], [ 1660.8, 3579.3 ], [ 1657.9, 3579.8 ], [ 1656.7, 3581.7 ], [ 1656.7, 3584.6 ], [ 1659.8, 3592.3 ], [ 1660.8, 3594.0 ], [ 1664.5, 3597.1 ], [ 1667.1, 3598.8 ], [ 1669.5, 3599.5 ], [ 1670.8, 3597.8 ], [ 1672.8, 3599.4 ], [ 1673.5, 3601.3 ], [ 1672.7, 3603.0 ], [ 1670.8, 3604.1 ], [ 1669.7, 3605.1 ], [ 1668.5, 3605.5 ], [ 1667.4, 3605.4 ], [ 1666.4, 3604.5 ], [ 1665.2, 3605.0 ], [ 1661.6, 3605.8 ], [ 1659.6, 3606.0 ], [ 1655.8, 3607.3 ], [ 1651.3, 3606.6 ], [ 1649.7, 3606.7 ], [ 1647.8, 3607.3 ], [ 1644.6, 3608.9 ], [ 1643.6, 3607.9 ], [ 1639.1, 3604.9 ], [ 1635.1, 3603.5 ], [ 1627.4, 3602.2 ], [ 1625.2, 3602.2 ], [ 1623.2, 3602.6 ], [ 1621.6, 3603.5 ], [ 1620.8, 3604.9 ], [ 1621.0, 3606.4 ], [ 1622.0, 3609.3 ], [ 1618.3, 3607.8 ], [ 1614.7, 3606.4 ], [ 1614.2, 3604.6 ], [ 1613.7, 3603.1 ], [ 1611.2, 3602.3 ], [ 1607.8, 3600.4 ], [ 1606.2, 3599.6 ], [ 1604.1, 3601.2 ], [ 1603.4, 3602.6 ], [ 1600.0, 3601.9 ], [ 1595.9, 3600.8 ], [ 1592.1, 3602.1 ], [ 1590.0, 3603.1 ], [ 1583.8, 3607.6 ], [ 1581.6, 3608.5 ], [ 1579.1, 3608.7 ], [ 1578.4, 3608.9 ], [ 1577.3, 3609.5 ], [ 1576.3, 3610.2 ], [ 1575.8, 3610.9 ], [ 1575.4, 3611.5 ], [ 1573.4, 3616.4 ], [ 1573.2, 3617.3 ], [ 1572.0, 3618.0 ], [ 1571.3, 3617.7 ], [ 1570.7, 3617.0 ], [ 1569.9, 3616.8 ], [ 1568.7, 3617.4 ], [ 1566.0, 3619.1 ], [ 1564.8, 3619.3 ], [ 1563.0, 3619.4 ], [ 1556.3, 3621.1 ], [ 1553.3, 3622.4 ], [ 1552.5, 3624.1 ], [ 1551.5, 3625.2 ], [ 1549.3, 3624.5 ], [ 1548.0, 3625.7 ], [ 1547.0, 3628.3 ], [ 1544.9, 3631.1 ], [ 1540.6, 3635.8 ], [ 1532.4, 3641.8 ], [ 1528.7, 3645.6 ], [ 1525.7, 3651.4 ], [ 1524.0, 3656.6 ], [ 1522.0, 3660.5 ], [ 1520.7, 3664.6 ], [ 1515.8, 3673.3 ], [ 1512.6, 3677.1 ], [ 1512.2, 3679.0 ], [ 1512.4, 3680.4 ], [ 1512.7, 3681.6 ], [ 1512.7, 3683.0 ], [ 1512.3, 3684.3 ], [ 1511.6, 3685.0 ], [ 1510.6, 3685.2 ], [ 1507.8, 3685.0 ], [ 1507.0, 3685.2 ], [ 1505.3, 3686.5 ], [ 1500.5, 3688.8 ], [ 1498.5, 3690.5 ], [ 1496.4, 3696.6 ], [ 1494.7, 3698.2 ], [ 1492.5, 3699.3 ], [ 1490.2, 3701.2 ], [ 1489.6, 3702.2 ], [ 1488.5, 3705.0 ], [ 1487.7, 3706.2 ], [ 1486.5, 3706.7 ], [ 1485.1, 3706.8 ], [ 1483.8, 3707.1 ], [ 1482.2, 3709.8 ], [ 1480.0, 3711.0 ], [ 1477.4, 3711.6 ], [ 1475.0, 3711.5 ], [ 1470.5, 3709.3 ], [ 1467.6, 3705.3 ], [ 1465.1, 3700.7 ], [ 1462.3, 3696.7 ], [ 1458.3, 3693.3 ], [ 1455.9, 3691.9 ], [ 1453.2, 3691.1 ], [ 1450.8, 3691.1 ], [ 1446.5, 3692.6 ], [ 1443.9, 3692.7 ], [ 1442.8, 3692.2 ], [ 1439.7, 3690.3 ], [ 1438.3, 3689.7 ], [ 1428.2, 3689.8 ], [ 1426.1, 3690.6 ], [ 1422.8, 3696.0 ], [ 1419.3, 3702.3 ], [ 1415.6, 3705.0 ], [ 1415.0, 3705.4 ], [ 1413.4, 3706.6 ], [ 1410.0, 3707.4 ], [ 1405.8, 3707.3 ], [ 1403.7, 3706.1 ], [ 1401.0, 3706.7 ], [ 1398.1, 3704.0 ], [ 1395.9, 3701.7 ], [ 1393.8, 3700.3 ], [ 1392.6, 3700.4 ], [ 1391.3, 3701.7 ], [ 1390.1, 3701.8 ], [ 1388.9, 3700.9 ], [ 1386.2, 3695.8 ], [ 1383.2, 3692.8 ], [ 1380.8, 3692.2 ], [ 1373.8, 3693.3 ], [ 1363.1, 3689.5 ], [ 1353.1, 3688.6 ], [ 1344.6, 3685.5 ], [ 1331.8, 3684.8 ], [ 1329.8, 3685.7 ], [ 1327.8, 3687.1 ], [ 1325.0, 3688.4 ], [ 1320.1, 3690.4 ], [ 1312.4, 3689.0 ], [ 1308.3, 3684.4 ], [ 1305.8, 3684.3 ], [ 1303.9, 3684.9 ], [ 1299.7, 3682.0 ], [ 1298.3, 3679.2 ], [ 1294.4, 3678.7 ], [ 1290.3, 3678.3 ], [ 1288.3, 3679.6 ], [ 1281.9, 3679.1 ], [ 1273.4, 3674.7 ], [ 1269.3, 3672.5 ], [ 1262.9, 3672.7 ], [ 1253.7, 3673.6 ], [ 1242.4, 3668.2 ], [ 1239.4, 3668.3 ], [ 1235.3, 3670.3 ], [ 1224.3, 3669.9 ], [ 1220.9, 3669.7 ], [ 1199.2, 3663.8 ], [ 1197.0, 3664.0 ], [ 1195.2, 3665.1 ], [ 1190.8, 3670.4 ], [ 1189.8, 3671.5 ], [ 1187.9, 3673.0 ], [ 1186.2, 3674.9 ], [ 1185.3, 3677.3 ], [ 1180.6, 3682.6 ], [ 1172.7, 3682.1 ], [ 1168.2, 3688.0 ], [ 1163.5, 3690.0 ], [ 1162.2, 3690.5 ], [ 1159.4, 3691.0 ], [ 1154.0, 3691.1 ], [ 1148.9, 3690.0 ], [ 1134.9, 3685.4 ], [ 1132.2, 3684.8 ], [ 1131.0, 3684.9 ], [ 1129.4, 3685.7 ], [ 1119.6, 3690.0 ], [ 1111.1, 3689.1 ], [ 1104.8, 3691.4 ], [ 1103.2, 3691.7 ], [ 1098.6, 3691.3 ], [ 1096.5, 3691.6 ], [ 1094.7, 3692.2 ], [ 1092.7, 3694.0 ], [ 1088.3, 3699.2 ], [ 1088.0, 3700.6 ], [ 1084.9, 3705.7 ], [ 1083.4, 3707.8 ], [ 1082.7, 3708.3 ], [ 1081.6, 3709.0 ], [ 1080.5, 3709.5 ], [ 1078.3, 3709.8 ], [ 1078.3, 3711.0 ], [ 1078.5, 3712.5 ], [ 1076.8, 3714.2 ], [ 1071.4, 3720.8 ], [ 1070.6, 3722.3 ], [ 1068.3, 3730.9 ], [ 1068.2, 3731.8 ], [ 1067.5, 3733.7 ], [ 1066.7, 3732.2 ], [ 1065.9, 3725.2 ], [ 1064.2, 3723.4 ], [ 1061.4, 3721.8 ], [ 1059.1, 3721.2 ], [ 1058.4, 3722.6 ], [ 1057.0, 3723.6 ], [ 1056.1, 3725.4 ], [ 1055.9, 3727.6 ], [ 1056.3, 3729.7 ], [ 1055.5, 3730.7 ], [ 1055.4, 3733.1 ], [ 1055.8, 3734.7 ], [ 1056.0, 3736.0 ], [ 1055.3, 3737.7 ], [ 1054.3, 3738.5 ], [ 1053.3, 3739.1 ], [ 1050.5, 3739.6 ], [ 1037.3, 3741.5 ], [ 1035.3, 3742.3 ], [ 1031.3, 3742.6 ], [ 1029.9, 3737.6 ], [ 1025.3, 3733.6 ], [ 1023.4, 3731.5 ], [ 1020.3, 3731.9 ], [ 1017.9, 3730.5 ], [ 1015.7, 3728.5 ], [ 1010.7, 3726.0 ], [ 1009.2, 3723.9 ], [ 1007.2, 3719.4 ], [ 1000.6, 3710.0 ], [ 998.5, 3708.0 ], [ 995.8, 3707.4 ], [ 990.1, 3707.3 ], [ 983.9, 3704.0 ], [ 981.5, 3699.2 ], [ 980.1, 3693.6 ], [ 978.1, 3688.5 ], [ 972.1, 3683.5 ], [ 971.7, 3681.1 ], [ 971.8, 3678.6 ], [ 971.5, 3675.6 ], [ 970.9, 3672.8 ], [ 967.6, 3667.1 ], [ 966.0, 3659.9 ], [ 965.0, 3655.0 ], [ 963.2, 3649.1 ], [ 961.0, 3646.3 ], [ 960.1, 3644.9 ], [ 961.8, 3644.5 ], [ 962.8, 3644.9 ], [ 966.0, 3649.3 ], [ 966.8, 3650.9 ], [ 965.9, 3652.1 ], [ 966.6, 3653.7 ], [ 968.0, 3656.2 ], [ 969.6, 3656.2 ], [ 970.7, 3655.5 ], [ 972.4, 3653.8 ], [ 975.6, 3651.4 ], [ 974.7, 3651.1 ], [ 972.1, 3651.4 ], [ 970.0, 3650.6 ], [ 969.4, 3648.1 ], [ 971.1, 3643.7 ], [ 970.5, 3640.6 ], [ 965.7, 3633.8 ], [ 964.5, 3632.8 ], [ 956.3, 3630.5 ], [ 954.2, 3629.4 ], [ 952.7, 3627.1 ], [ 952.4, 3620.8 ], [ 951.6, 3617.6 ], [ 950.5, 3614.4 ], [ 950.3, 3611.4 ], [ 951.3, 3608.9 ], [ 954.1, 3606.9 ], [ 956.5, 3606.3 ], [ 961.4, 3605.6 ], [ 963.3, 3604.6 ], [ 965.2, 3601.4 ], [ 965.4, 3594.9 ], [ 966.8, 3591.4 ], [ 971.6, 3588.8 ], [ 981.3, 3591.6 ], [ 985.6, 3587.9 ], [ 983.0, 3589.0 ], [ 979.6, 3589.5 ], [ 976.5, 3588.9 ], [ 974.6, 3586.5 ], [ 969.1, 3587.4 ], [ 966.5, 3588.6 ], [ 964.9, 3591.6 ], [ 963.9, 3600.8 ], [ 962.9, 3602.4 ], [ 958.5, 3601.5 ], [ 955.9, 3596.3 ], [ 953.9, 3585.4 ], [ 952.1, 3580.1 ], [ 949.3, 3575.7 ], [ 923.7, 3547.7 ], [ 920.8, 3545.3 ], [ 918.1, 3543.9 ], [ 916.2, 3542.5 ], [ 912.1, 3537.3 ], [ 909.8, 3535.6 ], [ 907.7, 3533.9 ], [ 906.2, 3530.0 ], [ 906.1, 3525.9 ], [ 907.4, 3524.2 ], [ 909.1, 3523.3 ], [ 914.5, 3518.0 ], [ 916.4, 3515.6 ], [ 908.9, 3521.1 ], [ 905.1, 3522.7 ], [ 901.3, 3521.8 ], [ 901.1, 3522.8 ], [ 902.9, 3527.4 ], [ 903.7, 3530.4 ], [ 903.6, 3532.0 ], [ 901.9, 3531.9 ], [ 892.3, 3524.3 ], [ 888.7, 3522.1 ], [ 884.2, 3519.5 ], [ 880.8, 3520.2 ], [ 884.1, 3521.4 ], [ 885.6, 3522.6 ], [ 856.1, 3516.6 ], [ 854.1, 3517.0 ], [ 851.3, 3518.6 ], [ 849.0, 3518.4 ], [ 847.1, 3517.0 ], [ 845.4, 3515.5 ], [ 845.6, 3516.3 ], [ 845.7, 3517.0 ], [ 846.0, 3517.6 ], [ 846.6, 3518.0 ], [ 846.5, 3519.0 ], [ 845.3, 3519.9 ], [ 843.6, 3517.9 ], [ 841.2, 3516.6 ], [ 838.4, 3515.8 ], [ 835.8, 3515.5 ], [ 832.9, 3515.9 ], [ 827.4, 3518.2 ], [ 825.2, 3518.4 ], [ 817.2, 3521.3 ], [ 816.0, 3522.4 ], [ 795.0, 3530.5 ], [ 790.3, 3533.2 ], [ 788.5, 3532.7 ], [ 786.8, 3531.4 ], [ 784.4, 3530.3 ], [ 776.9, 3528.4 ], [ 775.1, 3527.1 ], [ 773.6, 3528.6 ], [ 772.4, 3528.1 ], [ 771.0, 3526.8 ], [ 770.0, 3525.9 ], [ 770.8, 3528.0 ], [ 771.0, 3529.1 ], [ 770.9, 3530.4 ], [ 769.0, 3525.8 ], [ 765.4, 3521.1 ], [ 757.8, 3514.2 ], [ 753.1, 3511.9 ], [ 749.7, 3509.3 ], [ 745.6, 3508.4 ], [ 735.6, 3507.5 ], [ 731.7, 3505.0 ], [ 727.5, 3502.3 ], [ 723.6, 3503.0 ], [ 718.1, 3502.4 ], [ 713.3, 3499.1 ], [ 713.0, 3499.3 ], [ 707.4, 3494.2 ], [ 702.5, 3492.0 ], [ 696.7, 3491.0 ], [ 694.8, 3491.1 ], [ 693.0, 3491.8 ], [ 688.3, 3494.9 ], [ 680.9, 3493.1 ], [ 679.4, 3493.1 ], [ 675.8, 3494.3 ], [ 674.1, 3494.6 ], [ 672.2, 3494.3 ], [ 669.2, 3494.3 ], [ 666.1, 3496.0 ], [ 663.9, 3494.5 ], [ 661.2, 3496.1 ], [ 660.1, 3496.6 ], [ 658.7, 3496.7 ], [ 655.9, 3498.2 ], [ 654.5, 3498.3 ], [ 652.8, 3497.2 ], [ 651.8, 3495.5 ], [ 650.7, 3494.4 ], [ 648.7, 3494.7 ], [ 650.5, 3490.7 ], [ 651.6, 3488.8 ], [ 652.4, 3488.0 ], [ 658.7, 3481.8 ], [ 661.4, 3478.2 ], [ 663.8, 3475.0 ], [ 663.7, 3470.3 ], [ 666.4, 3468.8 ], [ 669.8, 3466.6 ], [ 673.0, 3460.4 ], [ 672.6, 3457.5 ], [ 672.2, 3454.9 ], [ 675.0, 3451.6 ], [ 679.2, 3448.7 ], [ 680.7, 3445.2 ], [ 683.9, 3440.7 ], [ 686.8, 3434.4 ], [ 688.4, 3430.5 ], [ 690.3, 3423.7 ], [ 690.4, 3420.0 ], [ 689.7, 3417.3 ], [ 688.5, 3415.0 ], [ 688.7, 3413.0 ], [ 691.8, 3406.8 ], [ 693.3, 3402.8 ], [ 695.2, 3399.3 ], [ 697.0, 3398.9 ], [ 700.5, 3399.2 ], [ 702.0, 3395.7 ], [ 702.1, 3395.1 ], [ 700.7, 3395.9 ], [ 697.9, 3395.9 ], [ 695.0, 3395.2 ], [ 694.6, 3392.3 ], [ 697.2, 3384.9 ], [ 700.4, 3377.2 ], [ 701.3, 3372.2 ], [ 701.4, 3368.4 ], [ 700.4, 3364.2 ], [ 696.6, 3362.4 ], [ 692.4, 3358.1 ], [ 693.3, 3357.0 ], [ 694.2, 3356.7 ], [ 695.3, 3356.5 ], [ 696.4, 3355.8 ], [ 705.6, 3344.1 ], [ 710.2, 3333.9 ], [ 714.7, 3326.6 ], [ 716.1, 3318.4 ], [ 717.3, 3308.7 ], [ 718.0, 3300.1 ], [ 716.3, 3293.3 ], [ 714.0, 3289.4 ], [ 711.3, 3284.1 ], [ 707.8, 3279.4 ], [ 704.8, 3277.3 ], [ 707.0, 3275.9 ], [ 709.4, 3277.7 ], [ 712.9, 3282.6 ], [ 717.9, 3285.8 ], [ 720.1, 3287.9 ], [ 719.9, 3289.9 ], [ 724.8, 3291.0 ], [ 736.0, 3297.2 ], [ 742.3, 3296.7 ], [ 738.8, 3295.6 ], [ 735.9, 3294.2 ], [ 728.1, 3287.9 ], [ 727.4, 3286.4 ], [ 727.2, 3284.2 ], [ 727.4, 3282.0 ], [ 728.0, 3280.1 ], [ 729.0, 3278.9 ], [ 730.1, 3278.4 ], [ 730.4, 3277.3 ], [ 728.9, 3276.3 ], [ 728.1, 3274.2 ], [ 728.2, 3272.0 ], [ 729.4, 3270.5 ], [ 727.6, 3269.8 ], [ 724.2, 3273.9 ], [ 721.7, 3274.1 ], [ 721.5, 3275.0 ], [ 724.0, 3276.1 ], [ 724.7, 3278.6 ], [ 724.2, 3281.0 ], [ 723.0, 3281.9 ], [ 720.2, 3281.0 ], [ 718.0, 3279.8 ], [ 714.3, 3276.5 ], [ 710.2, 3273.7 ], [ 704.1, 3273.4 ], [ 697.4, 3278.1 ], [ 698.2, 3279.1 ], [ 690.9, 3280.2 ], [ 679.1, 3278.7 ], [ 676.5, 3279.0 ], [ 674.3, 3279.9 ], [ 672.0, 3279.8 ], [ 669.2, 3278.1 ], [ 668.6, 3278.0 ], [ 668.4, 3277.0 ], [ 668.7, 3275.9 ], [ 669.3, 3275.1 ], [ 669.8, 3274.8 ], [ 671.0, 3273.7 ], [ 675.3, 3271.1 ], [ 677.1, 3266.6 ], [ 678.8, 3259.5 ], [ 677.5, 3251.8 ], [ 675.3, 3245.2 ], [ 674.6, 3240.3 ], [ 677.0, 3239.6 ], [ 682.7, 3240.4 ], [ 687.8, 3241.2 ], [ 689.9, 3243.3 ], [ 690.7, 3245.5 ], [ 691.4, 3245.7 ], [ 691.4, 3242.4 ], [ 693.4, 3241.9 ], [ 697.3, 3241.9 ], [ 699.1, 3242.1 ], [ 699.3, 3241.2 ], [ 701.6, 3239.5 ], [ 703.9, 3238.1 ], [ 707.9, 3236.4 ], [ 712.9, 3233.8 ], [ 713.5, 3233.6 ], [ 714.3, 3233.2 ], [ 714.8, 3233.1 ], [ 715.1, 3232.2 ], [ 714.3, 3229.9 ], [ 713.7, 3226.6 ], [ 713.7, 3223.3 ], [ 715.0, 3221.2 ], [ 712.3, 3220.7 ], [ 711.6, 3218.0 ], [ 711.7, 3214.2 ], [ 711.5, 3210.4 ], [ 718.9, 3201.0 ], [ 723.0, 3197.1 ], [ 727.8, 3195.0 ], [ 730.3, 3195.0 ], [ 735.4, 3195.9 ], [ 737.8, 3195.5 ], [ 742.8, 3193.4 ], [ 745.1, 3191.9 ], [ 746.7, 3190.0 ], [ 743.0, 3191.5 ], [ 736.9, 3194.1 ], [ 726.6, 3192.6 ], [ 724.7, 3193.5 ], [ 721.5, 3197.2 ], [ 714.0, 3203.9 ], [ 704.5, 3215.2 ], [ 699.9, 3218.5 ], [ 698.2, 3220.2 ], [ 696.9, 3222.4 ], [ 696.5, 3225.4 ], [ 695.6, 3230.4 ], [ 695.3, 3234.1 ], [ 692.8, 3237.2 ], [ 686.4, 3237.6 ], [ 679.4, 3237.0 ], [ 672.0, 3234.3 ], [ 669.4, 3235.4 ], [ 666.7, 3237.4 ], [ 662.8, 3233.3 ], [ 658.1, 3229.8 ], [ 655.4, 3228.6 ], [ 650.2, 3228.0 ], [ 648.0, 3226.6 ], [ 648.8, 3223.6 ], [ 650.2, 3221.3 ], [ 650.2, 3214.3 ], [ 651.0, 3211.1 ], [ 652.0, 3209.9 ], [ 653.8, 3208.5 ], [ 657.3, 3206.3 ], [ 664.0, 3195.2 ], [ 665.8, 3186.0 ], [ 665.8, 3180.0 ], [ 667.8, 3177.0 ], [ 669.2, 3173.1 ], [ 675.7, 3166.0 ], [ 678.1, 3162.3 ], [ 681.8, 3157.5 ], [ 683.6, 3151.9 ], [ 685.4, 3147.3 ], [ 685.6, 3139.5 ], [ 684.9, 3136.2 ], [ 681.8, 3130.7 ], [ 681.3, 3129.0 ], [ 682.7, 3128.9 ], [ 687.5, 3131.8 ], [ 697.4, 3128.3 ], [ 700.0, 3127.0 ], [ 702.5, 3127.4 ], [ 703.5, 3129.5 ], [ 704.6, 3130.2 ], [ 706.3, 3129.1 ], [ 705.9, 3126.9 ], [ 704.4, 3124.6 ], [ 707.0, 3122.0 ], [ 710.3, 3119.6 ], [ 711.7, 3118.2 ], [ 714.1, 3117.4 ], [ 718.0, 3116.1 ], [ 720.3, 3113.7 ], [ 722.0, 3111.6 ], [ 725.4, 3108.0 ], [ 726.3, 3105.5 ], [ 726.7, 3102.5 ], [ 729.1, 3098.9 ], [ 731.1, 3093.4 ], [ 745.9, 3071.3 ], [ 770.1, 3032.6 ], [ 772.3, 3030.9 ], [ 773.2, 3033.2 ], [ 774.9, 3034.6 ], [ 779.5, 3036.0 ], [ 779.7, 3034.9 ], [ 778.3, 3032.6 ], [ 776.8, 3030.9 ], [ 775.0, 3029.6 ], [ 769.9, 3027.6 ], [ 768.2, 3025.8 ], [ 767.6, 3023.3 ], [ 768.1, 3020.1 ], [ 770.6, 3016.2 ], [ 775.7, 3010.1 ], [ 790.2, 2982.1 ], [ 794.0, 2973.1 ], [ 797.8, 2966.8 ], [ 801.2, 2958.4 ], [ 801.7, 2958.0 ], [ 802.4, 2957.8 ], [ 801.8, 2961.0 ], [ 801.4, 2962.0 ], [ 804.6, 2958.7 ], [ 806.6, 2957.8 ], [ 807.9, 2959.2 ], [ 808.6, 2959.3 ], [ 808.9, 2958.4 ], [ 808.7, 2958.0 ], [ 808.4, 2957.0 ], [ 808.4, 2955.9 ], [ 808.9, 2955.1 ], [ 810.1, 2954.8 ], [ 810.7, 2955.4 ], [ 810.9, 2956.3 ], [ 811.4, 2956.9 ], [ 812.6, 2956.7 ], [ 813.8, 2955.8 ], [ 815.8, 2953.6 ], [ 814.2, 2952.1 ], [ 813.6, 2950.1 ], [ 814.3, 2948.5 ], [ 816.6, 2948.3 ], [ 819.3, 2948.7 ], [ 821.5, 2948.5 ], [ 823.6, 2947.6 ], [ 825.8, 2946.4 ], [ 823.8, 2946.0 ], [ 820.6, 2946.8 ], [ 818.1, 2946.7 ], [ 817.6, 2946.8 ], [ 817.0, 2946.7 ], [ 814.6, 2944.8 ], [ 814.0, 2943.4 ], [ 814.1, 2939.0 ], [ 819.8, 2934.0 ], [ 819.5, 2930.6 ], [ 818.7, 2933.0 ], [ 817.5, 2934.8 ], [ 816.6, 2935.2 ], [ 816.4, 2933.1 ], [ 814.1, 2935.7 ], [ 812.0, 2939.3 ], [ 810.3, 2943.3 ], [ 809.1, 2947.0 ], [ 808.0, 2949.3 ], [ 806.0, 2952.5 ], [ 803.7, 2955.3 ], [ 801.9, 2956.6 ], [ 824.7, 2908.2 ], [ 825.9, 2902.6 ], [ 826.9, 2892.2 ], [ 828.3, 2887.0 ], [ 830.7, 2885.4 ], [ 831.0, 2884.5 ], [ 827.0, 2882.4 ], [ 825.7, 2877.7 ], [ 825.4, 2872.1 ], [ 824.3, 2867.3 ], [ 825.3, 2865.5 ], [ 825.4, 2863.7 ], [ 825.2, 2861.9 ], [ 825.1, 2859.9 ], [ 826.2, 2855.3 ], [ 826.0, 2853.7 ], [ 825.3, 2853.1 ], [ 825.2, 2851.4 ], [ 825.2, 2849.8 ], [ 824.2, 2846.6 ], [ 824.1, 2844.3 ], [ 824.5, 2842.4 ], [ 825.3, 2838.1 ], [ 827.7, 2833.3 ], [ 827.2, 2829.6 ], [ 827.7, 2826.4 ], [ 827.7, 2824.2 ], [ 828.0, 2821.6 ], [ 827.6, 2816.6 ], [ 827.9, 2813.1 ], [ 827.8, 2810.5 ], [ 828.3, 2807.7 ], [ 828.0, 2804.7 ], [ 828.6, 2801.2 ], [ 829.4, 2799.6 ], [ 832.2, 2799.3 ], [ 839.3, 2799.9 ], [ 841.5, 2799.4 ], [ 843.6, 2798.6 ], [ 845.5, 2797.4 ], [ 832.2, 2798.0 ], [ 829.5, 2797.7 ], [ 828.1, 2797.2 ], [ 826.4, 2795.4 ], [ 825.4, 2789.9 ], [ 826.4, 2785.6 ], [ 828.9, 2779.1 ], [ 829.2, 2774.6 ], [ 830.0, 2773.1 ], [ 831.1, 2771.9 ], [ 840.6, 2767.3 ], [ 845.4, 2763.9 ], [ 848.1, 2758.7 ], [ 846.3, 2760.9 ], [ 844.0, 2762.8 ], [ 841.6, 2764.0 ], [ 839.1, 2764.0 ], [ 837.0, 2764.6 ], [ 834.7, 2766.4 ], [ 832.5, 2767.5 ], [ 830.8, 2766.4 ], [ 831.6, 2764.4 ], [ 836.3, 2734.5 ], [ 837.3, 2732.0 ], [ 838.7, 2731.3 ], [ 843.2, 2732.3 ], [ 845.4, 2732.2 ], [ 846.5, 2731.1 ], [ 846.3, 2729.8 ], [ 844.4, 2728.2 ], [ 844.2, 2727.1 ], [ 844.8, 2726.7 ], [ 848.1, 2725.9 ], [ 848.5, 2725.4 ], [ 849.1, 2724.0 ], [ 850.1, 2722.8 ], [ 851.4, 2722.4 ], [ 852.0, 2722.1 ], [ 854.7, 2720.0 ], [ 861.6, 2717.0 ], [ 863.2, 2716.7 ], [ 863.8, 2716.5 ], [ 868.1, 2714.1 ], [ 870.3, 2713.8 ], [ 872.9, 2712.8 ], [ 873.8, 2712.2 ], [ 874.5, 2711.0 ], [ 875.6, 2706.4 ], [ 875.7, 2705.4 ], [ 875.3, 2705.2 ], [ 874.3, 2705.2 ], [ 872.3, 2706.4 ], [ 870.4, 2708.9 ], [ 868.2, 2711.2 ], [ 865.2, 2711.7 ], [ 862.8, 2711.7 ], [ 856.1, 2712.9 ], [ 854.6, 2713.9 ], [ 853.3, 2713.9 ], [ 847.6, 2712.0 ], [ 845.3, 2712.1 ], [ 846.2, 2710.4 ], [ 848.1, 2707.3 ], [ 848.6, 2705.3 ], [ 849.3, 2705.4 ], [ 850.3, 2708.2 ], [ 851.2, 2707.2 ], [ 852.4, 2702.4 ], [ 852.5, 2701.1 ], [ 852.4, 2700.4 ], [ 852.9, 2700.1 ], [ 854.6, 2700.2 ], [ 858.3, 2702.1 ], [ 859.0, 2701.9 ], [ 860.3, 2700.1 ], [ 865.6, 2696.2 ], [ 867.9, 2695.0 ], [ 872.1, 2693.5 ], [ 874.1, 2692.3 ], [ 875.4, 2690.3 ], [ 874.3, 2690.6 ], [ 873.4, 2690.3 ], [ 872.4, 2689.6 ], [ 871.4, 2689.4 ], [ 871.0, 2689.5 ], [ 870.7, 2689.7 ], [ 867.9, 2690.6 ], [ 864.6, 2692.1 ], [ 862.9, 2692.6 ], [ 860.3, 2692.6 ], [ 856.7, 2692.0 ], [ 853.2, 2690.7 ], [ 851.0, 2688.3 ], [ 850.5, 2686.4 ], [ 850.6, 2683.4 ], [ 850.2, 2681.6 ], [ 848.9, 2680.4 ], [ 845.3, 2678.8 ], [ 844.6, 2678.0 ], [ 845.8, 2676.7 ], [ 848.1, 2675.9 ], [ 850.6, 2675.6 ], [ 852.4, 2675.6 ], [ 853.6, 2676.4 ], [ 854.2, 2677.9 ], [ 853.8, 2679.3 ], [ 852.2, 2679.9 ], [ 853.0, 2680.8 ], [ 854.4, 2681.9 ], [ 855.9, 2682.5 ], [ 857.2, 2682.4 ], [ 858.0, 2680.9 ], [ 858.1, 2679.1 ], [ 858.5, 2677.5 ], [ 860.2, 2676.6 ], [ 860.0, 2671.1 ], [ 860.5, 2668.4 ], [ 861.4, 2666.3 ], [ 862.9, 2664.8 ], [ 864.5, 2663.9 ], [ 866.1, 2663.9 ], [ 867.9, 2662.4 ], [ 874.2, 2654.2 ], [ 875.8, 2651.0 ], [ 875.1, 2650.8 ], [ 873.8, 2653.1 ], [ 872.2, 2655.1 ], [ 870.3, 2656.5 ], [ 868.2, 2656.7 ], [ 866.3, 2655.3 ], [ 865.4, 2653.1 ], [ 864.8, 2650.5 ], [ 863.6, 2648.8 ], [ 861.2, 2651.6 ], [ 860.5, 2653.4 ], [ 861.3, 2654.9 ], [ 858.1, 2657.8 ], [ 856.6, 2658.3 ], [ 855.3, 2656.6 ], [ 856.3, 2655.2 ], [ 854.5, 2655.6 ], [ 850.2, 2657.5 ], [ 851.3, 2659.8 ], [ 849.8, 2660.5 ], [ 845.5, 2660.7 ], [ 845.0, 2661.4 ], [ 843.3, 2664.5 ], [ 842.3, 2664.7 ], [ 841.3, 2665.3 ], [ 839.2, 2666.7 ], [ 838.0, 2664.5 ], [ 838.4, 2661.6 ], [ 838.5, 2659.0 ], [ 836.3, 2657.2 ], [ 835.0, 2655.2 ], [ 836.5, 2651.7 ], [ 839.0, 2648.3 ], [ 840.9, 2646.4 ], [ 841.3, 2644.5 ], [ 842.1, 2642.4 ], [ 843.5, 2639.6 ], [ 845.2, 2638.1 ], [ 846.0, 2637.2 ], [ 847.1, 2636.3 ], [ 848.5, 2636.2 ], [ 848.9, 2636.0 ], [ 852.5, 2635.0 ], [ 856.3, 2631.7 ], [ 858.3, 2630.6 ], [ 861.1, 2630.6 ], [ 862.1, 2629.8 ], [ 863.4, 2627.6 ], [ 863.7, 2625.1 ], [ 861.7, 2623.3 ], [ 860.4, 2626.6 ], [ 858.2, 2628.3 ], [ 855.4, 2628.7 ], [ 852.4, 2628.4 ], [ 847.0, 2626.1 ], [ 844.6, 2626.0 ], [ 844.4, 2628.6 ], [ 841.2, 2630.7 ], [ 839.6, 2631.0 ], [ 837.6, 2630.1 ], [ 836.5, 2628.4 ], [ 836.2, 2626.3 ], [ 836.2, 2623.7 ], [ 835.8, 2620.8 ], [ 837.2, 2621.2 ], [ 838.3, 2620.9 ], [ 839.4, 2620.0 ], [ 840.4, 2618.7 ], [ 839.9, 2616.7 ], [ 838.6, 2615.3 ], [ 836.8, 2613.9 ], [ 836.9, 2612.7 ], [ 836.8, 2610.5 ], [ 836.9, 2609.6 ], [ 837.3, 2609.1 ], [ 838.6, 2608.2 ], [ 839.1, 2607.3 ], [ 839.6, 2606.0 ], [ 839.7, 2605.0 ], [ 839.1, 2604.3 ], [ 837.2, 2603.6 ], [ 836.4, 2602.7 ], [ 835.3, 2599.5 ], [ 834.1, 2598.5 ], [ 833.9, 2599.4 ], [ 834.2, 2601.2 ], [ 833.3, 2601.9 ], [ 832.2, 2601.9 ], [ 831.7, 2601.6 ], [ 831.7, 2599.5 ], [ 830.7, 2599.0 ], [ 829.2, 2599.5 ], [ 828.1, 2600.2 ], [ 826.9, 2601.3 ], [ 825.1, 2604.0 ], [ 824.0, 2605.1 ], [ 823.6, 2604.7 ], [ 823.4, 2600.9 ], [ 822.6, 2599.7 ], [ 822.8, 2598.8 ], [ 823.9, 2597.6 ], [ 827.7, 2591.8 ], [ 828.0, 2590.9 ], [ 828.6, 2589.8 ], [ 829.2, 2588.7 ], [ 829.8, 2588.0 ], [ 830.6, 2586.8 ], [ 830.1, 2585.6 ], [ 828.8, 2584.0 ], [ 828.8, 2580.2 ], [ 830.0, 2579.6 ], [ 831.4, 2579.9 ], [ 832.5, 2578.8 ], [ 833.8, 2576.2 ], [ 835.4, 2575.3 ], [ 836.9, 2574.7 ], [ 837.8, 2573.0 ], [ 839.1, 2574.9 ], [ 840.4, 2575.7 ], [ 841.9, 2575.6 ], [ 843.9, 2574.6 ], [ 844.6, 2574.0 ], [ 845.1, 2573.3 ], [ 845.7, 2572.7 ], [ 846.9, 2572.2 ], [ 847.9, 2571.9 ], [ 848.8, 2571.9 ], [ 850.8, 2572.2 ], [ 851.1, 2571.1 ], [ 849.0, 2571.5 ], [ 846.4, 2571.4 ], [ 844.7, 2570.8 ], [ 845.1, 2569.5 ], [ 841.2, 2570.4 ], [ 839.7, 2569.8 ], [ 839.3, 2566.9 ], [ 845.7, 2563.2 ], [ 849.7, 2562.2 ], [ 853.4, 2565.1 ], [ 855.3, 2565.6 ], [ 857.3, 2565.7 ], [ 858.9, 2565.5 ], [ 860.5, 2564.6 ], [ 862.1, 2564.1 ], [ 863.8, 2562.3 ], [ 864.9, 2560.3 ], [ 865.7, 2560.5 ], [ 867.2, 2562.8 ], [ 870.2, 2563.4 ], [ 873.4, 2563.0 ], [ 875.6, 2562.0 ], [ 873.3, 2561.6 ], [ 872.2, 2560.4 ], [ 871.4, 2556.6 ], [ 870.9, 2556.5 ], [ 869.7, 2555.4 ], [ 869.0, 2554.3 ], [ 869.9, 2554.0 ], [ 871.0, 2554.2 ], [ 875.9, 2553.4 ], [ 881.3, 2551.4 ], [ 885.0, 2551.4 ], [ 886.0, 2550.5 ], [ 887.1, 2550.0 ], [ 888.4, 2550.0 ], [ 889.6, 2551.2 ], [ 892.2, 2555.6 ], [ 893.9, 2556.8 ], [ 895.8, 2557.7 ], [ 899.6, 2560.2 ], [ 901.6, 2561.0 ], [ 904.9, 2560.6 ], [ 909.3, 2559.4 ], [ 913.7, 2559.2 ], [ 917.0, 2561.8 ], [ 923.4, 2560.5 ], [ 924.5, 2559.8 ], [ 925.2, 2558.5 ], [ 926.4, 2557.6 ], [ 927.7, 2557.1 ], [ 930.0, 2557.1 ], [ 930.6, 2556.6 ], [ 931.1, 2556.0 ], [ 931.8, 2555.6 ], [ 938.2, 2555.6 ], [ 938.1, 2557.6 ], [ 938.7, 2559.3 ], [ 940.6, 2562.1 ], [ 942.4, 2560.8 ], [ 943.1, 2559.5 ], [ 943.7, 2555.8 ], [ 945.2, 2554.2 ], [ 947.3, 2555.1 ], [ 950.0, 2557.9 ], [ 951.4, 2558.9 ], [ 951.8, 2560.4 ], [ 951.8, 2562.2 ], [ 952.1, 2564.0 ], [ 954.1, 2567.2 ], [ 954.8, 2568.9 ], [ 955.1, 2571.4 ], [ 956.5, 2569.2 ], [ 957.0, 2566.8 ], [ 957.2, 2562.0 ], [ 957.8, 2559.7 ], [ 958.7, 2558.5 ], [ 960.1, 2557.7 ], [ 962.5, 2556.8 ], [ 960.6, 2555.2 ], [ 958.6, 2554.5 ], [ 954.9, 2553.8 ], [ 953.1, 2552.7 ], [ 951.2, 2549.2 ], [ 949.5, 2548.0 ], [ 952.0, 2546.9 ], [ 963.3, 2548.2 ], [ 964.1, 2548.1 ], [ 965.1, 2547.6 ], [ 965.8, 2546.7 ], [ 965.9, 2545.6 ], [ 965.4, 2545.3 ], [ 962.6, 2545.8 ], [ 955.7, 2545.3 ], [ 956.2, 2544.9 ], [ 956.6, 2544.7 ], [ 957.4, 2544.5 ], [ 957.1, 2544.1 ], [ 956.2, 2543.1 ], [ 954.4, 2544.8 ], [ 952.1, 2545.2 ], [ 947.2, 2544.2 ], [ 948.6, 2542.1 ], [ 949.7, 2539.0 ], [ 950.8, 2536.9 ], [ 951.9, 2537.7 ], [ 953.8, 2536.0 ], [ 953.1, 2535.0 ], [ 952.6, 2533.6 ], [ 952.4, 2531.9 ], [ 952.8, 2530.3 ], [ 953.2, 2530.4 ], [ 955.0, 2531.2 ], [ 955.9, 2531.1 ], [ 958.3, 2532.1 ], [ 961.9, 2531.2 ], [ 980.5, 2523.0 ], [ 980.5, 2524.7 ], [ 981.2, 2525.8 ], [ 982.4, 2526.3 ], [ 983.8, 2526.0 ], [ 982.7, 2525.8 ], [ 982.3, 2525.6 ], [ 982.6, 2524.7 ], [ 983.1, 2524.5 ], [ 983.7, 2524.1 ], [ 984.3, 2523.9 ], [ 982.6, 2521.7 ], [ 982.7, 2520.0 ], [ 983.6, 2518.5 ], [ 984.4, 2516.9 ], [ 985.3, 2515.7 ], [ 987.0, 2515.7 ], [ 990.7, 2516.7 ], [ 994.1, 2516.6 ], [ 997.6, 2515.5 ], [ 1000.9, 2513.6 ], [ 1003.7, 2511.2 ], [ 1006.6, 2512.4 ], [ 1007.4, 2514.9 ], [ 1007.6, 2517.7 ], [ 1008.8, 2520.1 ], [ 1008.6, 2521.1 ], [ 1008.0, 2520.6 ], [ 1007.0, 2520.0 ], [ 1006.5, 2519.6 ], [ 1005.4, 2520.7 ], [ 1004.6, 2521.9 ], [ 1004.3, 2523.2 ], [ 1004.6, 2524.5 ], [ 1003.3, 2525.1 ], [ 1003.0, 2524.8 ], [ 1002.4, 2523.9 ], [ 1001.5, 2524.4 ], [ 1001.2, 2524.6 ], [ 1000.6, 2524.7 ], [ 1000.4, 2525.7 ], [ 1005.8, 2527.3 ], [ 1007.0, 2526.5 ], [ 1005.8, 2522.7 ], [ 1007.2, 2522.1 ], [ 1008.6, 2522.3 ], [ 1011.0, 2524.0 ], [ 1010.9, 2523.4 ], [ 1010.9, 2522.2 ], [ 1010.8, 2521.6 ], [ 1012.7, 2520.3 ], [ 1015.0, 2519.1 ], [ 1017.5, 2518.3 ], [ 1022.1, 2518.3 ], [ 1024.8, 2517.2 ], [ 1027.1, 2515.5 ], [ 1028.4, 2513.4 ], [ 1028.9, 2513.0 ], [ 1029.5, 2513.6 ], [ 1030.0, 2515.0 ], [ 1030.0, 2516.6 ], [ 1029.3, 2517.4 ], [ 1026.1, 2519.9 ], [ 1025.6, 2522.1 ], [ 1025.9, 2522.8 ], [ 1026.8, 2522.8 ], [ 1027.9, 2522.6 ], [ 1028.1, 2522.2 ], [ 1028.2, 2521.5 ], [ 1028.6, 2520.8 ], [ 1029.5, 2520.7 ], [ 1030.2, 2520.8 ], [ 1032.3, 2520.3 ], [ 1032.2, 2522.5 ], [ 1033.7, 2528.4 ], [ 1032.8, 2530.7 ], [ 1033.9, 2530.5 ], [ 1035.7, 2528.9 ], [ 1037.1, 2527.0 ], [ 1038.3, 2527.8 ], [ 1039.4, 2527.3 ], [ 1040.7, 2526.3 ], [ 1042.4, 2526.1 ], [ 1046.6, 2527.6 ], [ 1047.8, 2528.4 ], [ 1055.6, 2535.7 ], [ 1059.7, 2538.4 ], [ 1063.8, 2552.4 ], [ 1068.4, 2556.2 ], [ 1067.9, 2556.7 ], [ 1067.6, 2557.1 ], [ 1067.2, 2557.5 ], [ 1066.4, 2557.7 ], [ 1066.2, 2558.9 ], [ 1067.5, 2559.9 ], [ 1068.5, 2559.7 ], [ 1069.5, 2559.1 ], [ 1070.9, 2558.8 ], [ 1072.5, 2559.2 ], [ 1074.6, 2560.5 ], [ 1078.6, 2562.1 ], [ 1085.3, 2563.4 ], [ 1087.4, 2562.7 ], [ 1089.1, 2564.2 ], [ 1090.9, 2565.0 ], [ 1092.0, 2566.2 ], [ 1091.5, 2569.2 ], [ 1090.4, 2570.7 ], [ 1088.9, 2572.2 ], [ 1087.8, 2574.2 ], [ 1088.3, 2577.1 ], [ 1088.3, 2577.1 ], [ 1088.9, 2577.2 ], [ 1090.1, 2574.9 ], [ 1091.0, 2572.5 ], [ 1092.1, 2570.6 ], [ 1093.8, 2569.8 ], [ 1095.5, 2566.5 ], [ 1102.1, 2566.5 ], [ 1112.9, 2568.6 ], [ 1114.5, 2569.5 ], [ 1121.1, 2570.5 ], [ 1125.4, 2572.8 ], [ 1128.1, 2573.8 ], [ 1134.8, 2571.9 ], [ 1140.3, 2573.8 ], [ 1145.5, 2577.1 ], [ 1149.0, 2580.1 ], [ 1150.3, 2579.6 ], [ 1151.7, 2579.5 ], [ 1154.4, 2580.2 ], [ 1154.4, 2579.4 ], [ 1154.5, 2577.7 ], [ 1154.4, 2576.9 ], [ 1155.8, 2577.6 ], [ 1158.1, 2579.7 ], [ 1159.6, 2580.3 ], [ 1165.5, 2580.5 ], [ 1171.1, 2581.7 ], [ 1172.8, 2581.8 ], [ 1175.9, 2581.1 ], [ 1178.7, 2581.0 ], [ 1179.5, 2580.3 ], [ 1180.5, 2579.7 ], [ 1182.0, 2579.8 ], [ 1185.0, 2583.2 ], [ 1186.3, 2584.0 ], [ 1194.6, 2586.8 ], [ 1196.5, 2586.3 ], [ 1198.1, 2587.5 ], [ 1199.9, 2587.1 ], [ 1201.8, 2586.2 ], [ 1203.7, 2585.8 ], [ 1216.4, 2588.5 ], [ 1217.2, 2587.3 ], [ 1216.7, 2586.0 ], [ 1216.5, 2584.7 ], [ 1218.2, 2583.4 ], [ 1218.1, 2582.9 ], [ 1218.0, 2581.7 ], [ 1217.9, 2581.2 ], [ 1221.4, 2582.0 ], [ 1222.8, 2581.5 ], [ 1223.7, 2579.8 ], [ 1224.7, 2578.5 ], [ 1226.4, 2579.0 ], [ 1229.6, 2581.6 ], [ 1231.6, 2584.1 ], [ 1236.2, 2592.6 ], [ 1237.6, 2596.2 ], [ 1238.3, 2596.4 ], [ 1239.3, 2594.4 ], [ 1240.0, 2595.2 ], [ 1240.8, 2598.1 ], [ 1246.3, 2600.2 ], [ 1268.6, 2604.0 ], [ 1271.8, 2605.6 ], [ 1271.7, 2607.8 ], [ 1269.9, 2609.9 ], [ 1267.6, 2611.3 ], [ 1268.2, 2612.5 ], [ 1269.4, 2612.0 ], [ 1271.9, 2611.7 ], [ 1273.1, 2611.4 ], [ 1274.1, 2610.6 ], [ 1274.6, 2609.6 ], [ 1275.4, 2609.0 ], [ 1277.1, 2609.0 ], [ 1281.6, 2610.4 ], [ 1283.2, 2611.4 ], [ 1290.2, 2618.4 ], [ 1293.6, 2620.5 ], [ 1303.1, 2622.9 ], [ 1305.6, 2624.2 ], [ 1306.4, 2626.4 ], [ 1307.8, 2625.8 ], [ 1315.1, 2629.7 ], [ 1316.1, 2629.6 ], [ 1317.9, 2628.5 ], [ 1319.2, 2628.5 ], [ 1320.4, 2629.1 ], [ 1322.6, 2631.0 ], [ 1330.1, 2634.2 ], [ 1338.3, 2640.3 ], [ 1340.4, 2641.4 ], [ 1364.6, 2648.5 ], [ 1365.1, 2648.6 ], [ 1367.5, 2652.0 ], [ 1370.2, 2650.2 ], [ 1373.4, 2650.2 ], [ 1376.3, 2651.7 ], [ 1378.1, 2654.1 ], [ 1378.8, 2654.2 ], [ 1380.3, 2652.6 ], [ 1381.5, 2652.2 ], [ 1386.5, 2653.8 ], [ 1400.5, 2655.0 ], [ 1404.0, 2653.2 ], [ 1411.4, 2652.4 ], [ 1414.1, 2652.5 ], [ 1419.0, 2653.4 ], [ 1419.8, 2653.1 ], [ 1420.0, 2652.4 ], [ 1420.3, 2651.7 ], [ 1421.2, 2651.6 ], [ 1422.0, 2652.0 ], [ 1424.3, 2654.4 ], [ 1425.0, 2653.8 ], [ 1425.5, 2653.7 ], [ 1426.1, 2653.8 ], [ 1426.8, 2653.8 ], [ 1426.3, 2653.4 ], [ 1425.5, 2652.4 ], [ 1425.6, 2651.4 ], [ 1430.0, 2649.3 ], [ 1432.0, 2648.9 ], [ 1433.7, 2649.7 ], [ 1435.3, 2649.1 ], [ 1435.6, 2649.4 ], [ 1436.0, 2650.2 ], [ 1439.6, 2648.8 ], [ 1443.0, 2648.7 ], [ 1446.2, 2649.9 ], [ 1448.9, 2652.6 ], [ 1443.7, 2653.9 ], [ 1441.5, 2654.8 ], [ 1439.7, 2656.2 ], [ 1440.6, 2657.8 ], [ 1441.0, 2658.3 ], [ 1441.6, 2658.8 ], [ 1441.2, 2658.9 ], [ 1440.9, 2658.8 ], [ 1440.7, 2658.9 ], [ 1440.6, 2659.6 ], [ 1441.8, 2659.9 ], [ 1442.8, 2659.9 ], [ 1444.6, 2659.4 ], [ 1445.5, 2658.8 ], [ 1447.4, 2656.9 ], [ 1447.9, 2656.6 ], [ 1448.8, 2657.1 ], [ 1449.6, 2658.8 ], [ 1450.5, 2659.3 ], [ 1451.1, 2658.8 ], [ 1451.1, 2657.4 ], [ 1450.7, 2655.8 ], [ 1450.1, 2654.9 ], [ 1450.2, 2654.0 ], [ 1451.7, 2654.5 ], [ 1452.3, 2654.8 ], [ 1453.0, 2655.5 ], [ 1453.3, 2654.8 ], [ 1453.5, 2654.8 ], [ 1454.0, 2654.7 ], [ 1453.4, 2653.4 ], [ 1454.7, 2653.1 ], [ 1458.0, 2653.5 ], [ 1459.4, 2652.9 ], [ 1460.7, 2652.0 ], [ 1462.0, 2651.6 ], [ 1470.9, 2650.5 ], [ 1473.7, 2651.2 ], [ 1473.0, 2653.8 ], [ 1474.9, 2654.3 ], [ 1476.2, 2655.7 ], [ 1477.2, 2657.2 ], [ 1478.1, 2658.0 ], [ 1485.5, 2660.7 ], [ 1486.0, 2661.3 ], [ 1486.2, 2662.2 ], [ 1486.2, 2663.1 ], [ 1485.8, 2664.4 ], [ 1485.3, 2664.6 ], [ 1484.6, 2664.3 ], [ 1483.7, 2664.3 ], [ 1483.3, 2663.9 ], [ 1482.4, 2663.0 ], [ 1481.4, 2662.5 ], [ 1480.8, 2663.2 ], [ 1480.2, 2664.0 ], [ 1479.2, 2664.7 ], [ 1477.3, 2665.4 ], [ 1479.4, 2666.2 ], [ 1480.4, 2668.2 ], [ 1481.3, 2669.0 ], [ 1483.3, 2666.5 ], [ 1484.2, 2668.5 ], [ 1485.7, 2668.9 ], [ 1489.2, 2668.6 ], [ 1490.8, 2669.2 ], [ 1495.7, 2672.0 ], [ 1502.4, 2674.1 ], [ 1507.1, 2676.9 ], [ 1508.5, 2677.5 ], [ 1509.6, 2678.3 ], [ 1511.6, 2681.7 ], [ 1514.4, 2683.2 ], [ 1516.4, 2684.2 ], [ 1518.5, 2684.9 ], [ 1521.4, 2683.4 ], [ 1524.5, 2686.2 ], [ 1529.3, 2692.0 ], [ 1529.4, 2690.8 ], [ 1528.7, 2686.9 ], [ 1528.7, 2685.0 ], [ 1528.2, 2683.7 ], [ 1528.3, 2683.1 ], [ 1529.0, 2682.5 ], [ 1530.5, 2682.3 ], [ 1532.1, 2680.9 ], [ 1537.4, 2678.8 ], [ 1539.2, 2678.6 ], [ 1539.4, 2677.5 ], [ 1538.7, 2677.4 ], [ 1538.8, 2676.4 ], [ 1540.9, 2675.6 ], [ 1543.7, 2675.8 ], [ 1549.3, 2677.1 ], [ 1554.6, 2677.4 ], [ 1557.1, 2676.9 ], [ 1559.1, 2676.5 ], [ 1560.5, 2677.1 ], [ 1562.5, 2679.3 ], [ 1564.4, 2681.8 ], [ 1565.1, 2683.6 ], [ 1565.8, 2687.7 ], [ 1565.7, 2691.0 ], [ 1566.2, 2690.5 ], [ 1567.5, 2687.8 ], [ 1567.7, 2687.1 ], [ 1567.8, 2686.2 ], [ 1568.1, 2685.3 ], [ 1568.7, 2684.8 ], [ 1570.1, 2684.8 ], [ 1571.3, 2685.4 ], [ 1572.5, 2686.1 ], [ 1575.9, 2687.3 ], [ 1581.9, 2691.2 ], [ 1586.5, 2693.0 ], [ 1588.8, 2694.4 ], [ 1590.4, 2698.0 ], [ 1600.4, 2705.0 ], [ 1604.7, 2707.1 ], [ 1609.4, 2708.4 ], [ 1614.3, 2708.6 ], [ 1618.2, 2708.2 ], [ 1619.5, 2708.3 ], [ 1620.1, 2708.9 ], [ 1620.7, 2710.1 ], [ 1621.5, 2711.3 ], [ 1622.8, 2712.0 ], [ 1623.1, 2711.9 ], [ 1623.5, 2711.6 ], [ 1624.1, 2711.3 ], [ 1624.9, 2711.3 ], [ 1625.4, 2711.7 ], [ 1625.5, 2712.5 ], [ 1625.8, 2713.2 ], [ 1626.5, 2713.7 ], [ 1630.1, 2711.7 ], [ 1631.6, 2711.4 ], [ 1633.9, 2711.4 ], [ 1642.3, 2709.8 ], [ 1645.1, 2708.6 ], [ 1646.4, 2708.2 ], [ 1648.1, 2708.6 ], [ 1649.2, 2709.8 ], [ 1649.8, 2711.5 ], [ 1650.6, 2712.3 ], [ 1652.3, 2711.5 ], [ 1651.8, 2710.9 ], [ 1651.0, 2709.7 ], [ 1650.3, 2708.9 ], [ 1655.1, 2707.6 ], [ 1659.9, 2704.5 ], [ 1664.2, 2702.9 ], [ 1666.2, 2704.9 ], [ 1666.3, 2705.0 ], [ 1667.8, 2706.5 ], [ 1668.8, 2705.5 ], [ 1671.0, 2704.9 ], [ 1681.1, 2704.9 ], [ 1684.2, 2701.6 ], [ 1686.9, 2700.7 ], [ 1689.2, 2699.5 ], [ 1690.4, 2698.3 ], [ 1693.5, 2693.9 ], [ 1694.2, 2692.3 ], [ 1695.4, 2691.2 ], [ 1700.6, 2686.2 ], [ 1701.7, 2684.6 ], [ 1705.6, 2680.5 ], [ 1707.1, 2675.8 ], [ 1711.0, 2667.5 ], [ 1719.2, 2643.2 ], [ 1723.0, 2634.9 ], [ 1729.8, 2615.6 ], [ 1743.1, 2573.5 ], [ 1749.2, 2552.5 ], [ 1751.3, 2543.1 ], [ 1751.4, 2540.8 ], [ 1751.0, 2536.3 ], [ 1751.3, 2535.0 ], [ 1754.8, 2531.3 ], [ 1755.4, 2530.4 ], [ 1756.0, 2528.6 ], [ 1758.9, 2521.8 ], [ 1761.5, 2519.5 ], [ 1764.2, 2519.8 ], [ 1770.7, 2522.5 ], [ 1774.6, 2522.4 ], [ 1777.0, 2521.2 ], [ 1777.4, 2518.9 ], [ 1775.1, 2515.6 ], [ 1776.6, 2515.9 ], [ 1775.8, 2513.5 ], [ 1768.7, 2504.5 ], [ 1767.6, 2503.8 ], [ 1767.1, 2503.5 ], [ 1766.7, 2502.9 ], [ 1766.3, 2502.5 ], [ 1765.5, 2502.5 ], [ 1765.0, 2502.9 ], [ 1764.7, 2503.5 ], [ 1764.4, 2504.1 ], [ 1764.1, 2504.3 ], [ 1763.2, 2505.6 ], [ 1757.2, 2512.4 ], [ 1755.0, 2518.9 ], [ 1753.5, 2522.5 ], [ 1752.6, 2524.1 ], [ 1770.1, 2449.6 ], [ 1778.0, 2426.1 ], [ 1784.6, 2394.1 ], [ 1785.6, 2391.9 ], [ 1790.3, 2385.0 ], [ 1792.2, 2382.9 ], [ 1794.0, 2382.5 ], [ 1795.1, 2383.2 ], [ 1795.2, 2384.0 ], [ 1795.0, 2385.1 ], [ 1794.7, 2386.8 ], [ 1794.3, 2387.3 ], [ 1794.0, 2388.1 ], [ 1793.9, 2388.9 ], [ 1794.1, 2389.7 ], [ 1795.0, 2391.7 ], [ 1795.7, 2393.1 ], [ 1802.1, 2399.8 ], [ 1806.3, 2403.0 ], [ 1807.9, 2403.8 ], [ 1818.9, 2420.2 ], [ 1821.3, 2425.2 ], [ 1821.9, 2430.0 ], [ 1821.8, 2433.1 ], [ 1822.4, 2439.0 ], [ 1822.5, 2453.5 ], [ 1822.7, 2455.3 ], [ 1825.1, 2464.7 ], [ 1828.2, 2470.1 ], [ 1831.8, 2474.7 ], [ 1835.0, 2477.3 ], [ 1835.8, 2478.5 ], [ 1836.4, 2480.5 ], [ 1836.4, 2482.0 ], [ 1835.7, 2484.4 ], [ 1835.4, 2487.6 ], [ 1835.5, 2490.8 ], [ 1836.1, 2493.5 ], [ 1837.4, 2494.8 ], [ 1837.2, 2492.6 ], [ 1837.4, 2488.2 ], [ 1837.0, 2486.2 ], [ 1838.6, 2482.2 ], [ 1837.8, 2478.7 ], [ 1835.7, 2475.9 ], [ 1833.4, 2474.0 ], [ 1836.7, 2474.6 ], [ 1839.4, 2475.6 ], [ 1841.8, 2477.2 ], [ 1844.0, 2479.6 ], [ 1841.9, 2474.4 ], [ 1837.8, 2471.7 ], [ 1833.3, 2469.5 ], [ 1829.9, 2465.9 ], [ 1828.4, 2461.6 ], [ 1827.7, 2456.6 ], [ 1827.7, 2426.7 ], [ 1827.1, 2420.5 ], [ 1824.8, 2410.4 ], [ 1823.2, 2405.8 ], [ 1821.4, 2401.6 ], [ 1817.2, 2395.1 ], [ 1803.5, 2381.8 ], [ 1803.3, 2381.1 ], [ 1803.2, 2378.1 ], [ 1802.6, 2377.4 ], [ 1799.3, 2375.5 ], [ 1794.4, 2368.9 ], [ 1791.3, 2367.1 ], [ 1789.4, 2366.4 ], [ 1787.8, 2365.0 ], [ 1786.5, 2363.3 ], [ 1785.4, 2361.3 ], [ 1783.6, 2359.5 ], [ 1779.8, 2359.8 ], [ 1778.0, 2358.7 ], [ 1781.3, 2348.3 ], [ 1781.6, 2346.4 ], [ 1789.0, 2345.3 ], [ 1791.1, 2345.7 ], [ 1796.8, 2354.8 ], [ 1797.9, 2355.7 ], [ 1799.0, 2357.1 ], [ 1806.0, 2361.8 ], [ 1804.0, 2358.7 ], [ 1795.5, 2349.5 ], [ 1793.2, 2345.7 ], [ 1792.8, 2344.3 ], [ 1792.9, 2342.5 ], [ 1792.7, 2340.1 ], [ 1792.4, 2337.8 ], [ 1791.7, 2336.0 ], [ 1793.0, 2335.6 ], [ 1793.8, 2334.8 ], [ 1794.5, 2334.0 ], [ 1795.1, 2333.4 ], [ 1796.5, 2332.5 ], [ 1798.3, 2331.7 ], [ 1799.3, 2331.7 ], [ 1800.1, 2332.0 ], [ 1800.8, 2331.8 ], [ 1801.5, 2330.1 ], [ 1801.6, 2328.4 ], [ 1801.2, 2326.8 ], [ 1800.7, 2325.3 ], [ 1800.1, 2324.4 ], [ 1800.8, 2324.0 ], [ 1802.0, 2323.0 ], [ 1802.6, 2322.6 ], [ 1801.0, 2321.2 ], [ 1800.1, 2319.0 ], [ 1799.4, 2313.7 ], [ 1801.4, 2315.6 ], [ 1803.1, 2316.0 ], [ 1804.7, 2314.9 ], [ 1806.3, 2312.5 ], [ 1806.4, 2311.6 ], [ 1806.1, 2310.8 ], [ 1805.6, 2310.0 ], [ 1805.0, 2309.4 ], [ 1803.0, 2308.3 ], [ 1802.8, 2307.0 ], [ 1803.0, 2305.4 ], [ 1802.5, 2303.2 ], [ 1802.7, 2301.8 ], [ 1802.7, 2301.2 ], [ 1802.3, 2300.9 ], [ 1801.0, 2300.2 ], [ 1800.7, 2299.9 ], [ 1800.1, 2299.1 ], [ 1799.6, 2298.5 ], [ 1799.7, 2297.9 ], [ 1801.1, 2296.8 ], [ 1798.9, 2294.5 ], [ 1798.1, 2294.2 ], [ 1797.7, 2293.8 ], [ 1797.9, 2293.1 ], [ 1798.1, 2292.4 ], [ 1798.1, 2292.0 ], [ 1797.5, 2291.8 ], [ 1795.9, 2291.6 ], [ 1794.8, 2291.1 ], [ 1793.9, 2291.0 ], [ 1793.0, 2290.7 ], [ 1792.1, 2289.5 ], [ 1792.2, 2288.2 ], [ 1793.1, 2286.8 ], [ 1794.3, 2285.7 ], [ 1795.4, 2285.1 ], [ 1795.3, 2282.1 ], [ 1796.7, 2280.3 ], [ 1804.7, 2276.8 ], [ 1805.8, 2275.0 ], [ 1805.9, 2273.8 ], [ 1805.6, 2272.4 ], [ 1805.7, 2270.2 ], [ 1803.8, 2266.6 ], [ 1799.1, 2265.5 ], [ 1794.9, 2267.3 ], [ 1794.3, 2272.2 ], [ 1791.5, 2270.9 ], [ 1789.9, 2268.1 ], [ 1788.4, 2264.9 ], [ 1786.8, 2264.2 ], [ 1785.7, 2263.8 ], [ 1782.8, 2261.4 ], [ 1780.7, 2258.9 ], [ 1779.4, 2258.1 ], [ 1773.5, 2259.0 ], [ 1770.8, 2258.5 ], [ 1770.1, 2255.0 ], [ 1770.1, 2251.1 ], [ 1768.8, 2248.0 ], [ 1766.7, 2245.9 ], [ 1763.8, 2244.9 ], [ 1756.8, 2243.5 ], [ 1754.1, 2242.1 ], [ 1755.3, 2240.4 ], [ 1753.9, 2238.4 ], [ 1748.4, 2236.5 ], [ 1745.3, 2232.9 ], [ 1742.5, 2231.6 ], [ 1741.3, 2230.5 ], [ 1740.7, 2229.2 ], [ 1740.0, 2225.6 ], [ 1739.3, 2223.8 ], [ 1739.0, 2225.7 ], [ 1739.2, 2228.3 ], [ 1739.2, 2229.7 ], [ 1738.6, 2230.3 ], [ 1737.7, 2229.6 ], [ 1736.9, 2228.0 ], [ 1736.3, 2216.4 ], [ 1737.2, 2213.8 ], [ 1735.6, 2212.8 ], [ 1735.1, 2211.0 ], [ 1734.9, 2208.9 ], [ 1734.5, 2207.0 ], [ 1733.2, 2204.9 ], [ 1731.8, 2203.2 ], [ 1730.8, 2201.5 ], [ 1730.4, 2197.5 ], [ 1729.1, 2196.1 ], [ 1727.5, 2195.2 ], [ 1725.8, 2194.8 ], [ 1725.0, 2193.7 ], [ 1722.9, 2186.8 ], [ 1718.0, 2179.7 ], [ 1715.2, 2176.9 ], [ 1712.6, 2175.5 ], [ 1711.6, 2174.3 ], [ 1711.2, 2171.8 ], [ 1711.2, 2168.8 ], [ 1711.5, 2166.1 ], [ 1712.3, 2162.9 ], [ 1713.3, 2161.4 ], [ 1716.2, 2159.9 ], [ 1716.0, 2157.6 ], [ 1717.8, 2156.3 ], [ 1722.2, 2154.5 ], [ 1723.8, 2152.4 ], [ 1726.4, 2147.1 ], [ 1728.1, 2144.6 ], [ 1730.1, 2143.5 ], [ 1730.4, 2140.9 ], [ 1729.6, 2138.0 ], [ 1728.8, 2136.1 ], [ 1727.4, 2134.2 ], [ 1721.7, 2129.6 ], [ 1710.1, 2125.5 ], [ 1706.7, 2122.9 ], [ 1708.2, 2122.2 ], [ 1709.5, 2121.3 ], [ 1710.9, 2120.6 ], [ 1714.3, 2120.7 ], [ 1715.2, 2120.3 ], [ 1715.7, 2119.1 ], [ 1716.4, 2116.9 ], [ 1716.8, 2114.8 ], [ 1716.1, 2112.2 ], [ 1716.1, 2109.9 ], [ 1716.5, 2108.2 ], [ 1717.3, 2106.3 ], [ 1718.2, 2104.6 ], [ 1719.3, 2103.4 ], [ 1722.0, 2102.8 ], [ 1731.7, 2103.3 ], [ 1732.5, 2102.9 ], [ 1733.3, 2102.7 ], [ 1734.1, 2102.7 ], [ 1734.7, 2103.8 ], [ 1735.4, 2104.7 ], [ 1740.5, 2107.0 ], [ 1742.1, 2107.2 ], [ 1741.5, 2106.0 ], [ 1742.7, 2106.2 ], [ 1743.8, 2106.8 ], [ 1744.7, 2107.6 ], [ 1745.5, 2108.7 ], [ 1743.3, 2108.4 ], [ 1743.2, 2109.5 ], [ 1746.9, 2113.3 ], [ 1751.1, 2114.9 ], [ 1752.1, 2115.8 ], [ 1754.0, 2118.6 ], [ 1756.2, 2120.1 ], [ 1761.8, 2121.2 ], [ 1759.9, 2119.4 ], [ 1755.8, 2117.9 ], [ 1754.2, 2116.1 ], [ 1751.6, 2111.9 ], [ 1748.4, 2108.2 ], [ 1745.2, 2105.5 ], [ 1743.2, 2104.4 ], [ 1740.8, 2103.8 ], [ 1740.0, 2103.3 ], [ 1738.7, 2101.5 ], [ 1735.0, 2099.7 ], [ 1720.5, 2098.4 ], [ 1717.0, 2099.8 ], [ 1716.0, 2100.8 ], [ 1715.5, 2101.8 ], [ 1714.8, 2102.6 ], [ 1713.5, 2103.5 ], [ 1710.3, 2103.8 ], [ 1707.5, 2105.9 ], [ 1705.4, 2106.3 ], [ 1703.3, 2106.0 ], [ 1701.6, 2104.9 ], [ 1700.3, 2103.2 ], [ 1698.2, 2099.8 ], [ 1696.7, 2098.6 ], [ 1695.0, 2098.1 ], [ 1694.1, 2098.0 ], [ 1693.3, 2098.0 ], [ 1692.3, 2098.6 ], [ 1691.8, 2099.5 ], [ 1691.5, 2100.5 ], [ 1691.3, 2100.9 ], [ 1688.3, 2100.3 ], [ 1679.4, 2093.5 ], [ 1679.6, 2092.4 ], [ 1681.9, 2093.2 ], [ 1686.0, 2096.1 ], [ 1688.4, 2096.1 ], [ 1690.5, 2094.3 ], [ 1689.9, 2092.1 ], [ 1688.2, 2089.7 ], [ 1687.0, 2087.3 ], [ 1686.1, 2087.5 ], [ 1685.8, 2087.7 ], [ 1685.4, 2088.0 ], [ 1685.7, 2089.2 ], [ 1685.7, 2089.8 ], [ 1684.9, 2091.2 ], [ 1684.1, 2091.1 ], [ 1684.7, 2086.6 ], [ 1683.9, 2084.1 ], [ 1680.0, 2080.5 ], [ 1689.1, 2077.0 ], [ 1690.2, 2077.2 ], [ 1691.1, 2077.9 ], [ 1692.8, 2078.5 ], [ 1692.5, 2079.3 ], [ 1692.4, 2079.3 ], [ 1691.9, 2079.5 ], [ 1692.5, 2080.6 ], [ 1693.7, 2079.6 ], [ 1697.5, 2078.2 ], [ 1698.0, 2077.3 ], [ 1696.5, 2076.7 ], [ 1694.0, 2076.2 ], [ 1692.4, 2075.2 ], [ 1693.7, 2073.2 ], [ 1692.2, 2071.8 ], [ 1690.1, 2071.2 ], [ 1688.9, 2070.1 ], [ 1690.2, 2067.4 ], [ 1689.1, 2065.1 ], [ 1690.4, 2064.3 ], [ 1696.9, 2065.0 ], [ 1700.9, 2064.6 ], [ 1703.0, 2065.1 ], [ 1701.4, 2064.4 ], [ 1698.5, 2064.4 ], [ 1696.6, 2064.1 ], [ 1689.3, 2059.6 ], [ 1687.7, 2059.1 ], [ 1686.3, 2059.0 ], [ 1682.8, 2059.5 ], [ 1678.9, 2058.9 ], [ 1677.9, 2059.0 ], [ 1677.2, 2059.5 ], [ 1676.6, 2059.5 ], [ 1675.7, 2058.3 ], [ 1677.3, 2058.3 ], [ 1679.3, 2057.5 ], [ 1681.1, 2056.0 ], [ 1682.2, 2054.1 ], [ 1680.4, 2055.4 ], [ 1678.9, 2055.4 ], [ 1677.4, 2055.0 ], [ 1675.6, 2055.1 ], [ 1676.4, 2055.4 ], [ 1677.0, 2055.8 ], [ 1677.3, 2056.5 ], [ 1677.3, 2057.5 ], [ 1674.7, 2057.1 ], [ 1673.6, 2056.6 ], [ 1672.6, 2055.6 ], [ 1671.8, 2059.3 ], [ 1670.3, 2059.8 ], [ 1667.0, 2058.0 ], [ 1665.3, 2057.8 ], [ 1659.6, 2058.7 ], [ 1657.6, 2058.6 ], [ 1656.1, 2058.1 ], [ 1654.8, 2057.2 ], [ 1653.7, 2055.7 ], [ 1653.6, 2055.0 ], [ 1652.5, 2051.8 ], [ 1652.1, 2051.5 ], [ 1651.8, 2050.6 ], [ 1650.9, 2050.0 ], [ 1649.8, 2049.6 ], [ 1649.5, 2049.4 ], [ 1649.7, 2049.2 ], [ 1649.8, 2048.4 ], [ 1648.1, 2047.4 ], [ 1650.1, 2046.5 ], [ 1652.9, 2047.0 ], [ 1653.9, 2050.3 ], [ 1654.6, 2050.4 ], [ 1655.3, 2049.7 ], [ 1655.9, 2049.5 ], [ 1656.6, 2049.9 ], [ 1657.4, 2050.9 ], [ 1657.7, 2050.0 ], [ 1658.6, 2047.8 ], [ 1659.9, 2050.0 ], [ 1662.4, 2051.3 ], [ 1665.2, 2051.6 ], [ 1667.6, 2050.5 ], [ 1667.1, 2049.3 ], [ 1672.0, 2044.4 ], [ 1673.0, 2041.6 ], [ 1671.2, 2038.2 ], [ 1671.0, 2039.2 ], [ 1671.8, 2040.4 ], [ 1671.8, 2041.4 ], [ 1671.0, 2042.0 ], [ 1669.7, 2042.2 ], [ 1671.0, 2043.5 ], [ 1670.4, 2044.1 ], [ 1669.9, 2044.4 ], [ 1668.7, 2044.2 ], [ 1668.3, 2043.3 ], [ 1663.7, 2039.1 ], [ 1665.8, 2039.8 ], [ 1667.8, 2040.8 ], [ 1666.8, 2038.9 ], [ 1665.8, 2037.9 ], [ 1662.7, 2036.7 ], [ 1663.9, 2037.9 ], [ 1661.6, 2038.6 ], [ 1656.2, 2038.2 ], [ 1655.0, 2039.1 ], [ 1653.8, 2040.8 ], [ 1651.6, 2041.3 ], [ 1648.0, 2041.6 ], [ 1648.2, 2040.6 ], [ 1648.9, 2040.8 ], [ 1649.1, 2039.6 ], [ 1647.7, 2039.6 ], [ 1647.4, 2039.8 ], [ 1646.8, 2040.4 ], [ 1646.1, 2040.3 ], [ 1646.0, 2038.3 ], [ 1646.2, 2036.8 ], [ 1646.7, 2035.6 ], [ 1647.7, 2035.1 ], [ 1646.2, 2034.8 ], [ 1645.3, 2033.8 ], [ 1644.9, 2032.2 ], [ 1644.9, 2030.3 ], [ 1644.2, 2030.2 ], [ 1644.1, 2031.4 ], [ 1644.2, 2033.4 ], [ 1644.2, 2034.5 ], [ 1643.6, 2038.1 ], [ 1643.7, 2039.7 ], [ 1644.3, 2041.6 ], [ 1645.2, 2043.3 ], [ 1646.1, 2044.6 ], [ 1645.7, 2045.6 ], [ 1645.4, 2046.0 ], [ 1645.0, 2046.5 ], [ 1644.8, 2045.9 ], [ 1644.0, 2044.2 ], [ 1643.1, 2044.6 ], [ 1642.3, 2043.5 ], [ 1641.5, 2041.7 ], [ 1640.3, 2040.2 ], [ 1640.6, 2042.3 ], [ 1639.8, 2043.2 ], [ 1639.0, 2042.6 ], [ 1638.8, 2040.5 ], [ 1638.9, 2038.1 ], [ 1638.2, 2038.2 ], [ 1637.5, 2039.9 ], [ 1637.8, 2042.0 ], [ 1636.3, 2041.6 ], [ 1635.8, 2041.3 ], [ 1635.2, 2040.5 ], [ 1631.7, 2041.7 ], [ 1630.0, 2041.5 ], [ 1628.7, 2040.4 ], [ 1629.5, 2040.1 ], [ 1630.2, 2039.6 ], [ 1629.4, 2038.5 ], [ 1628.3, 2037.5 ], [ 1627.2, 2037.3 ], [ 1626.0, 2038.8 ], [ 1626.4, 2039.1 ], [ 1626.8, 2039.7 ], [ 1627.2, 2040.1 ], [ 1625.2, 2045.1 ], [ 1625.1, 2049.5 ], [ 1626.1, 2053.4 ], [ 1628.0, 2056.5 ], [ 1626.6, 2056.1 ], [ 1624.5, 2055.2 ], [ 1623.8, 2055.7 ], [ 1623.1, 2055.6 ], [ 1622.6, 2051.0 ], [ 1622.7, 2049.6 ], [ 1623.2, 2047.9 ], [ 1624.6, 2045.5 ], [ 1625.2, 2043.5 ], [ 1625.6, 2039.9 ], [ 1625.3, 2037.1 ], [ 1624.5, 2034.9 ], [ 1623.4, 2033.0 ], [ 1622.5, 2032.2 ], [ 1621.4, 2031.5 ], [ 1620.6, 2030.7 ], [ 1620.3, 2029.7 ], [ 1620.9, 2027.7 ], [ 1622.9, 2023.7 ], [ 1631.2, 2021.5 ], [ 1631.0, 2020.6 ], [ 1630.9, 2019.7 ], [ 1631.0, 2018.6 ], [ 1631.3, 2017.1 ], [ 1630.7, 2017.3 ], [ 1629.4, 2017.6 ], [ 1628.9, 2017.8 ], [ 1629.4, 2014.6 ], [ 1629.6, 2013.6 ], [ 1629.0, 2013.5 ], [ 1627.9, 2014.9 ], [ 1626.9, 2014.5 ], [ 1625.6, 2013.5 ], [ 1623.9, 2013.5 ], [ 1625.3, 2014.3 ], [ 1626.0, 2015.6 ], [ 1626.4, 2017.4 ], [ 1626.5, 2019.6 ], [ 1626.0, 2019.6 ], [ 1625.8, 2019.7 ], [ 1625.8, 2019.9 ], [ 1625.5, 2020.5 ], [ 1624.5, 2019.4 ], [ 1623.7, 2019.8 ], [ 1622.7, 2020.6 ], [ 1621.2, 2020.8 ], [ 1621.5, 2021.3 ], [ 1622.3, 2023.1 ], [ 1620.7, 2023.5 ], [ 1620.0, 2024.9 ], [ 1619.4, 2026.2 ], [ 1618.3, 2026.7 ], [ 1617.7, 2025.9 ], [ 1615.2, 2021.8 ], [ 1612.7, 2020.6 ], [ 1608.4, 2018.5 ], [ 1605.7, 2017.9 ], [ 1607.7, 2017.5 ], [ 1609.5, 2018.0 ], [ 1613.3, 2020.3 ], [ 1613.4, 2019.3 ], [ 1612.0, 2018.1 ], [ 1610.3, 2017.1 ], [ 1606.1, 2015.8 ], [ 1606.3, 2014.7 ], [ 1607.2, 2014.8 ], [ 1607.7, 2014.5 ], [ 1607.9, 2013.8 ], [ 1608.2, 2012.4 ], [ 1608.6, 2011.8 ], [ 1610.3, 2012.4 ], [ 1611.0, 2012.3 ], [ 1612.9, 2009.2 ], [ 1614.2, 2007.6 ], [ 1615.7, 2006.7 ], [ 1615.9, 2005.6 ], [ 1613.2, 2007.8 ], [ 1609.9, 2010.0 ], [ 1606.5, 2011.3 ], [ 1604.2, 2011.4 ], [ 1604.9, 2012.0 ], [ 1605.4, 2012.8 ], [ 1605.8, 2013.6 ], [ 1605.6, 2014.6 ], [ 1596.9, 2015.2 ], [ 1595.5, 2014.4 ], [ 1595.2, 2013.5 ], [ 1592.8, 2009.0 ], [ 1591.9, 2005.6 ], [ 1591.0, 2004.1 ], [ 1590.7, 2003.3 ], [ 1590.5, 2002.1 ], [ 1589.2, 2002.9 ], [ 1587.6, 2002.5 ], [ 1584.1, 2000.9 ], [ 1581.4, 2000.6 ], [ 1580.6, 2000.3 ], [ 1579.9, 1999.6 ], [ 1579.0, 1998.1 ], [ 1578.6, 1997.7 ], [ 1574.6, 1997.2 ], [ 1572.8, 1996.1 ], [ 1572.3, 1993.9 ], [ 1571.5, 1993.3 ], [ 1565.6, 1995.3 ], [ 1564.4, 1993.6 ], [ 1562.2, 1993.2 ], [ 1559.9, 1993.2 ], [ 1558.0, 1992.7 ], [ 1558.0, 1992.2 ], [ 1556.7, 1988.1 ], [ 1556.2, 1987.2 ], [ 1555.5, 1986.5 ], [ 1555.3, 1985.5 ], [ 1556.1, 1983.8 ], [ 1555.2, 1983.6 ], [ 1554.6, 1983.2 ], [ 1553.5, 1982.1 ], [ 1553.5, 1980.4 ], [ 1552.0, 1977.8 ], [ 1549.6, 1975.5 ], [ 1547.0, 1974.4 ], [ 1547.3, 1977.7 ], [ 1546.2, 1979.9 ], [ 1543.4, 1982.0 ], [ 1541.5, 1981.0 ], [ 1542.5, 1981.3 ], [ 1543.3, 1981.2 ], [ 1544.0, 1980.6 ], [ 1544.6, 1979.3 ], [ 1543.3, 1979.6 ], [ 1542.3, 1979.4 ], [ 1541.5, 1979.6 ], [ 1540.7, 1980.8 ], [ 1538.3, 1977.9 ], [ 1537.0, 1977.1 ], [ 1535.4, 1976.6 ], [ 1534.3, 1975.6 ], [ 1533.3, 1973.6 ], [ 1532.8, 1971.0 ], [ 1532.9, 1968.5 ], [ 1531.5, 1970.1 ], [ 1531.7, 1972.5 ], [ 1532.7, 1974.8 ], [ 1533.7, 1976.3 ], [ 1533.5, 1977.2 ], [ 1532.2, 1977.0 ], [ 1531.1, 1977.2 ], [ 1530.1, 1977.7 ], [ 1528.9, 1978.5 ], [ 1527.6, 1974.8 ], [ 1526.1, 1974.9 ], [ 1525.4, 1976.7 ], [ 1526.7, 1978.1 ], [ 1526.3, 1978.6 ], [ 1525.9, 1979.0 ], [ 1525.7, 1980.0 ], [ 1528.5, 1980.5 ], [ 1528.3, 1981.7 ], [ 1524.4, 1984.2 ], [ 1522.6, 1984.9 ], [ 1520.0, 1985.1 ], [ 1505.1, 1981.4 ], [ 1505.4, 1980.3 ], [ 1505.6, 1978.1 ], [ 1505.9, 1977.3 ], [ 1506.7, 1977.0 ], [ 1507.6, 1977.2 ], [ 1508.5, 1977.2 ], [ 1509.1, 1976.2 ], [ 1509.3, 1973.4 ], [ 1508.5, 1969.2 ], [ 1508.3, 1964.9 ], [ 1507.3, 1961.8 ], [ 1503.7, 1954.5 ], [ 1496.0, 1945.6 ], [ 1495.1, 1944.8 ], [ 1493.6, 1945.4 ], [ 1492.1, 1946.7 ], [ 1490.6, 1947.1 ], [ 1488.1, 1943.5 ], [ 1486.4, 1942.9 ], [ 1483.0, 1942.4 ], [ 1475.8, 1938.7 ], [ 1476.6, 1938.3 ], [ 1477.3, 1937.4 ], [ 1477.9, 1936.6 ], [ 1478.7, 1935.6 ], [ 1478.9, 1935.0 ], [ 1479.1, 1934.5 ], [ 1479.6, 1934.0 ], [ 1479.9, 1934.1 ], [ 1480.5, 1935.2 ], [ 1481.1, 1935.5 ], [ 1515.1, 1934.7 ], [ 1520.6, 1937.6 ], [ 1522.2, 1937.3 ], [ 1522.9, 1936.3 ], [ 1524.7, 1932.1 ], [ 1524.6, 1930.3 ], [ 1523.5, 1928.2 ], [ 1523.4, 1927.1 ], [ 1523.5, 1923.6 ], [ 1522.4, 1921.9 ], [ 1518.3, 1920.1 ], [ 1517.6, 1919.5 ], [ 1517.1, 1918.6 ], [ 1516.8, 1917.6 ], [ 1516.8, 1916.6 ], [ 1514.1, 1917.0 ], [ 1509.3, 1912.5 ], [ 1506.3, 1912.9 ], [ 1504.4, 1915.3 ], [ 1502.3, 1918.5 ], [ 1499.9, 1921.0 ], [ 1497.1, 1921.4 ], [ 1498.6, 1918.3 ], [ 1499.3, 1917.4 ], [ 1498.5, 1915.4 ], [ 1498.2, 1914.0 ], [ 1498.1, 1912.8 ], [ 1499.0, 1911.1 ], [ 1499.9, 1910.6 ], [ 1500.4, 1910.1 ], [ 1500.0, 1908.4 ], [ 1498.8, 1907.8 ], [ 1492.8, 1906.4 ], [ 1493.4, 1904.8 ], [ 1493.4, 1903.3 ], [ 1494.7, 1902.9 ], [ 1495.5, 1903.1 ], [ 1496.3, 1903.6 ], [ 1497.3, 1904.0 ], [ 1498.7, 1903.8 ], [ 1499.1, 1902.9 ], [ 1499.1, 1901.7 ], [ 1499.0, 1901.1 ], [ 1501.7, 1896.8 ], [ 1503.2, 1895.8 ], [ 1504.8, 1896.9 ], [ 1502.3, 1902.3 ], [ 1504.9, 1904.2 ], [ 1514.0, 1905.3 ], [ 1514.9, 1906.0 ], [ 1515.5, 1906.8 ], [ 1516.1, 1907.6 ], [ 1517.4, 1908.0 ], [ 1518.6, 1908.2 ], [ 1523.7, 1907.7 ], [ 1530.5, 1908.6 ], [ 1529.8, 1909.1 ], [ 1529.1, 1909.3 ], [ 1527.6, 1909.0 ], [ 1529.5, 1910.2 ], [ 1538.1, 1910.1 ], [ 1538.4, 1908.9 ], [ 1535.1, 1908.5 ], [ 1534.1, 1907.7 ], [ 1534.0, 1905.8 ], [ 1532.8, 1906.9 ], [ 1531.4, 1907.0 ], [ 1530.2, 1906.2 ], [ 1529.9, 1904.6 ], [ 1529.3, 1904.6 ], [ 1524.9, 1904.1 ], [ 1526.0, 1902.8 ], [ 1526.5, 1902.6 ], [ 1527.4, 1902.4 ], [ 1527.6, 1901.8 ], [ 1528.2, 1901.2 ], [ 1529.3, 1900.7 ], [ 1531.7, 1898.9 ], [ 1530.0, 1898.6 ], [ 1527.4, 1899.8 ], [ 1525.7, 1900.0 ], [ 1525.9, 1898.9 ], [ 1526.6, 1899.1 ], [ 1526.8, 1898.0 ], [ 1526.1, 1897.8 ], [ 1525.6, 1898.5 ], [ 1524.9, 1899.1 ], [ 1524.4, 1899.7 ], [ 1523.0, 1898.8 ], [ 1519.4, 1900.4 ], [ 1517.0, 1900.3 ], [ 1517.4, 1899.8 ], [ 1517.5, 1899.8 ], [ 1518.0, 1899.5 ], [ 1517.4, 1898.3 ], [ 1516.4, 1899.0 ], [ 1515.1, 1899.4 ], [ 1513.7, 1899.5 ], [ 1512.3, 1899.4 ], [ 1512.5, 1898.4 ], [ 1519.6, 1892.6 ], [ 1520.9, 1891.9 ], [ 1531.6, 1888.0 ], [ 1529.7, 1888.2 ], [ 1526.2, 1889.4 ], [ 1524.1, 1889.8 ], [ 1517.0, 1889.5 ], [ 1513.7, 1890.3 ], [ 1506.5, 1893.0 ], [ 1501.3, 1893.3 ], [ 1498.0, 1894.2 ], [ 1496.0, 1894.1 ], [ 1494.3, 1893.3 ], [ 1491.1, 1891.2 ], [ 1489.2, 1890.4 ], [ 1488.8, 1890.9 ], [ 1488.5, 1892.0 ], [ 1488.2, 1893.0 ], [ 1487.2, 1893.4 ], [ 1482.1, 1892.3 ], [ 1480.9, 1891.5 ], [ 1480.3, 1889.7 ], [ 1480.3, 1886.4 ], [ 1482.2, 1886.6 ], [ 1482.4, 1884.7 ], [ 1481.5, 1880.2 ], [ 1481.9, 1877.3 ], [ 1483.0, 1874.6 ], [ 1484.6, 1872.7 ], [ 1486.6, 1872.5 ], [ 1486.8, 1871.6 ], [ 1484.6, 1869.2 ], [ 1486.5, 1865.0 ], [ 1489.9, 1860.8 ], [ 1492.2, 1858.5 ], [ 1493.1, 1859.4 ], [ 1494.1, 1860.1 ], [ 1493.6, 1858.8 ], [ 1495.4, 1858.0 ], [ 1497.4, 1857.8 ], [ 1500.6, 1858.1 ], [ 1502.4, 1859.0 ], [ 1505.4, 1861.6 ], [ 1506.7, 1861.5 ], [ 1505.0, 1857.8 ], [ 1504.7, 1855.6 ], [ 1506.2, 1854.9 ], [ 1510.6, 1857.0 ], [ 1512.5, 1857.3 ], [ 1509.9, 1855.6 ], [ 1510.4, 1855.1 ], [ 1510.7, 1854.6 ], [ 1510.5, 1854.1 ], [ 1509.8, 1853.3 ], [ 1509.9, 1852.4 ], [ 1517.8, 1854.0 ], [ 1520.1, 1854.0 ], [ 1523.7, 1853.1 ], [ 1526.1, 1853.5 ], [ 1524.9, 1852.3 ], [ 1524.3, 1852.0 ], [ 1524.5, 1850.9 ], [ 1527.5, 1851.0 ], [ 1530.6, 1849.9 ], [ 1533.5, 1849.3 ], [ 1536.1, 1850.0 ], [ 1537.5, 1852.5 ], [ 1536.1, 1855.7 ], [ 1538.5, 1855.9 ], [ 1541.9, 1854.7 ], [ 1543.0, 1854.6 ], [ 1544.2, 1855.0 ], [ 1546.3, 1856.4 ], [ 1547.6, 1856.6 ], [ 1547.9, 1855.5 ], [ 1546.0, 1854.6 ], [ 1546.8, 1853.1 ], [ 1548.9, 1851.7 ], [ 1550.8, 1850.8 ], [ 1552.9, 1850.4 ], [ 1555.3, 1850.4 ], [ 1557.6, 1851.0 ], [ 1559.2, 1852.4 ], [ 1559.9, 1851.6 ], [ 1560.5, 1851.8 ], [ 1560.8, 1852.6 ], [ 1561.0, 1853.8 ], [ 1561.7, 1853.9 ], [ 1562.5, 1853.3 ], [ 1563.0, 1852.5 ], [ 1563.3, 1851.3 ], [ 1563.2, 1849.9 ], [ 1564.6, 1849.9 ], [ 1565.9, 1849.6 ], [ 1568.3, 1848.7 ], [ 1572.1, 1848.3 ], [ 1572.6, 1848.9 ], [ 1572.1, 1850.3 ], [ 1571.5, 1851.4 ], [ 1571.5, 1852.2 ], [ 1572.6, 1852.9 ], [ 1572.4, 1853.8 ], [ 1571.7, 1853.7 ], [ 1571.5, 1854.8 ], [ 1572.4, 1855.7 ], [ 1572.8, 1856.9 ], [ 1572.7, 1858.5 ], [ 1571.8, 1860.2 ], [ 1575.2, 1857.9 ], [ 1576.8, 1857.4 ], [ 1578.7, 1858.3 ], [ 1577.5, 1859.0 ], [ 1577.1, 1859.1 ], [ 1576.9, 1860.1 ], [ 1577.8, 1861.9 ], [ 1580.4, 1864.4 ], [ 1581.4, 1866.4 ], [ 1582.3, 1865.5 ], [ 1581.8, 1864.3 ], [ 1582.7, 1863.4 ], [ 1582.4, 1862.4 ], [ 1582.3, 1861.1 ], [ 1582.3, 1857.9 ], [ 1583.0, 1858.0 ], [ 1583.1, 1858.9 ], [ 1583.3, 1859.5 ], [ 1584.0, 1860.4 ], [ 1584.2, 1857.7 ], [ 1585.1, 1854.9 ], [ 1586.2, 1853.3 ], [ 1587.2, 1854.5 ], [ 1587.8, 1853.9 ], [ 1588.1, 1853.2 ], [ 1588.4, 1852.4 ], [ 1588.5, 1851.4 ], [ 1589.5, 1853.5 ], [ 1591.2, 1854.4 ], [ 1595.9, 1855.1 ], [ 1597.0, 1855.7 ], [ 1598.9, 1858.3 ], [ 1599.9, 1859.1 ], [ 1601.2, 1859.3 ], [ 1605.0, 1859.0 ], [ 1604.4, 1861.6 ], [ 1606.8, 1862.8 ], [ 1609.7, 1863.4 ], [ 1611.3, 1862.9 ], [ 1610.9, 1859.1 ], [ 1610.9, 1856.7 ], [ 1611.5, 1855.8 ], [ 1616.9, 1855.8 ], [ 1615.7, 1854.6 ], [ 1613.0, 1849.6 ], [ 1613.0, 1847.0 ], [ 1614.3, 1845.9 ], [ 1617.4, 1845.1 ], [ 1620.3, 1841.6 ], [ 1621.1, 1840.4 ], [ 1621.7, 1840.5 ], [ 1622.5, 1841.5 ], [ 1625.6, 1842.2 ], [ 1628.7, 1844.9 ], [ 1630.1, 1845.3 ], [ 1629.4, 1845.7 ], [ 1629.1, 1846.0 ], [ 1628.8, 1846.5 ], [ 1628.4, 1847.1 ], [ 1630.7, 1847.8 ], [ 1631.9, 1847.9 ], [ 1632.9, 1847.5 ], [ 1634.2, 1846.4 ], [ 1634.9, 1846.0 ], [ 1644.0, 1844.4 ], [ 1645.3, 1843.7 ], [ 1646.0, 1843.8 ], [ 1646.9, 1844.3 ], [ 1650.5, 1841.1 ], [ 1652.1, 1841.7 ], [ 1652.3, 1844.0 ], [ 1651.7, 1847.0 ], [ 1650.5, 1849.6 ], [ 1649.0, 1850.9 ], [ 1648.9, 1851.6 ], [ 1649.0, 1852.1 ], [ 1649.3, 1853.1 ], [ 1650.0, 1851.3 ], [ 1651.1, 1850.0 ], [ 1654.8, 1846.8 ], [ 1657.6, 1845.1 ], [ 1658.7, 1844.1 ], [ 1659.7, 1844.8 ], [ 1661.9, 1842.8 ], [ 1663.3, 1842.7 ], [ 1664.3, 1843.7 ], [ 1664.8, 1845.2 ], [ 1664.6, 1846.8 ], [ 1663.6, 1848.2 ], [ 1663.5, 1849.2 ], [ 1664.6, 1850.5 ], [ 1663.7, 1851.6 ], [ 1661.7, 1855.4 ], [ 1660.8, 1856.5 ], [ 1658.1, 1859.0 ], [ 1657.9, 1860.1 ], [ 1658.7, 1860.2 ], [ 1663.2, 1853.9 ], [ 1665.7, 1851.4 ], [ 1667.3, 1852.1 ], [ 1668.4, 1851.4 ], [ 1669.5, 1851.3 ], [ 1670.5, 1851.8 ], [ 1671.4, 1852.8 ], [ 1670.4, 1853.7 ], [ 1670.8, 1853.9 ], [ 1671.0, 1854.0 ], [ 1671.1, 1854.2 ], [ 1671.0, 1854.9 ], [ 1670.0, 1855.0 ], [ 1669.1, 1855.3 ], [ 1667.2, 1856.4 ], [ 1667.0, 1857.3 ], [ 1668.2, 1858.7 ], [ 1670.6, 1860.2 ], [ 1675.6, 1861.3 ], [ 1677.5, 1862.4 ], [ 1677.1, 1863.7 ], [ 1677.0, 1864.6 ], [ 1676.9, 1865.6 ], [ 1675.8, 1866.3 ], [ 1675.4, 1866.4 ], [ 1675.2, 1867.4 ], [ 1676.5, 1868.6 ], [ 1678.0, 1870.5 ], [ 1679.3, 1872.6 ], [ 1679.7, 1874.2 ], [ 1685.3, 1881.1 ], [ 1685.5, 1885.8 ], [ 1685.7, 1887.1 ], [ 1685.7, 1887.9 ], [ 1685.3, 1888.6 ], [ 1684.9, 1889.3 ], [ 1685.1, 1890.3 ], [ 1685.5, 1890.9 ], [ 1686.7, 1891.8 ], [ 1688.8, 1894.1 ], [ 1694.1, 1897.9 ], [ 1693.6, 1899.2 ], [ 1693.0, 1900.2 ], [ 1692.3, 1901.0 ], [ 1691.4, 1901.6 ], [ 1692.5, 1901.9 ], [ 1693.4, 1902.6 ], [ 1694.1, 1903.6 ], [ 1694.8, 1904.9 ], [ 1696.0, 1906.3 ], [ 1696.5, 1905.0 ], [ 1696.8, 1902.7 ], [ 1697.4, 1901.7 ], [ 1701.4, 1902.6 ], [ 1703.2, 1902.1 ], [ 1705.5, 1900.3 ], [ 1708.5, 1897.0 ], [ 1709.4, 1896.1 ], [ 1710.6, 1895.5 ], [ 1712.5, 1895.2 ], [ 1720.1, 1892.1 ], [ 1721.7, 1890.7 ], [ 1721.9, 1889.7 ], [ 1721.1, 1889.5 ], [ 1719.3, 1888.2 ], [ 1724.0, 1887.6 ], [ 1726.1, 1888.3 ], [ 1726.7, 1890.5 ], [ 1729.5, 1889.9 ], [ 1732.9, 1888.4 ], [ 1735.9, 1886.3 ], [ 1737.8, 1883.7 ], [ 1737.8, 1885.6 ], [ 1738.4, 1886.8 ], [ 1739.3, 1887.4 ], [ 1740.7, 1887.4 ], [ 1740.5, 1888.6 ], [ 1739.7, 1889.1 ], [ 1739.1, 1889.8 ], [ 1738.6, 1890.6 ], [ 1737.9, 1891.4 ], [ 1734.6, 1894.0 ], [ 1736.2, 1895.8 ], [ 1738.2, 1894.8 ], [ 1740.7, 1893.0 ], [ 1743.1, 1892.2 ], [ 1743.5, 1893.1 ], [ 1743.4, 1896.8 ], [ 1743.7, 1897.7 ], [ 1744.7, 1898.4 ], [ 1745.2, 1899.9 ], [ 1745.2, 1901.7 ], [ 1745.2, 1903.3 ], [ 1746.4, 1902.9 ], [ 1747.3, 1901.8 ], [ 1747.9, 1900.3 ], [ 1748.2, 1898.5 ], [ 1748.2, 1900.8 ], [ 1748.5, 1902.8 ], [ 1749.2, 1903.8 ], [ 1750.9, 1903.2 ], [ 1751.0, 1902.1 ], [ 1750.7, 1901.9 ], [ 1749.9, 1901.0 ], [ 1751.3, 1899.4 ], [ 1752.6, 1898.7 ], [ 1753.8, 1899.1 ], [ 1754.9, 1900.6 ], [ 1754.3, 1899.6 ], [ 1754.0, 1898.4 ], [ 1753.5, 1896.1 ], [ 1758.3, 1895.3 ], [ 1763.2, 1895.6 ], [ 1763.3, 1896.3 ], [ 1764.8, 1900.6 ], [ 1764.7, 1902.3 ], [ 1765.0, 1903.9 ], [ 1765.7, 1905.2 ], [ 1766.9, 1905.8 ], [ 1766.2, 1907.3 ], [ 1765.8, 1907.8 ], [ 1767.7, 1912.2 ], [ 1768.0, 1914.4 ], [ 1767.1, 1917.7 ], [ 1768.3, 1916.7 ], [ 1771.7, 1915.2 ], [ 1769.2, 1912.8 ], [ 1770.0, 1911.6 ], [ 1768.9, 1908.7 ], [ 1768.9, 1906.2 ], [ 1769.6, 1906.3 ], [ 1769.9, 1907.0 ], [ 1770.3, 1907.6 ], [ 1771.4, 1908.7 ], [ 1770.9, 1906.8 ], [ 1770.1, 1905.7 ], [ 1769.1, 1905.2 ], [ 1768.0, 1905.0 ], [ 1767.2, 1903.9 ], [ 1766.1, 1899.1 ], [ 1765.4, 1897.0 ], [ 1765.9, 1895.8 ], [ 1766.9, 1894.6 ], [ 1768.2, 1893.7 ], [ 1769.9, 1893.5 ], [ 1770.3, 1893.0 ], [ 1770.5, 1892.0 ], [ 1770.8, 1890.9 ], [ 1771.8, 1890.6 ], [ 1775.6, 1891.2 ], [ 1775.1, 1889.9 ], [ 1785.7, 1889.5 ], [ 1785.3, 1890.2 ], [ 1785.2, 1890.8 ], [ 1785.4, 1891.7 ], [ 1786.0, 1892.9 ], [ 1782.8, 1896.6 ], [ 1782.3, 1900.2 ], [ 1784.2, 1903.2 ], [ 1788.2, 1905.0 ], [ 1795.6, 1906.3 ], [ 1803.8, 1906.4 ], [ 1809.1, 1904.5 ], [ 1809.7, 1904.4 ], [ 1810.8, 1904.4 ], [ 1818.6, 1906.7 ], [ 1829.8, 1905.9 ], [ 1833.3, 1907.9 ], [ 1832.1, 1905.0 ], [ 1830.0, 1903.5 ], [ 1826.2, 1902.5 ], [ 1826.2, 1902.9 ], [ 1825.6, 1903.4 ], [ 1825.0, 1903.6 ], [ 1824.8, 1902.8 ], [ 1824.9, 1901.8 ], [ 1824.7, 1900.9 ], [ 1824.2, 1900.2 ], [ 1820.9, 1898.6 ], [ 1819.8, 1897.6 ], [ 1819.4, 1896.6 ], [ 1819.1, 1892.8 ], [ 1815.8, 1888.9 ], [ 1815.6, 1885.1 ], [ 1816.2, 1880.9 ], [ 1816.3, 1877.2 ], [ 1815.5, 1874.6 ], [ 1813.1, 1873.6 ], [ 1813.3, 1872.5 ], [ 1814.8, 1872.0 ], [ 1816.1, 1870.8 ], [ 1817.0, 1869.1 ], [ 1819.0, 1861.9 ], [ 1819.9, 1860.5 ], [ 1820.6, 1861.9 ], [ 1821.4, 1860.3 ], [ 1821.7, 1858.9 ], [ 1821.3, 1858.0 ], [ 1820.2, 1857.5 ], [ 1819.9, 1856.5 ], [ 1822.3, 1847.8 ], [ 1823.3, 1845.7 ], [ 1824.8, 1845.1 ], [ 1827.1, 1846.7 ], [ 1827.2, 1845.7 ], [ 1825.4, 1844.5 ], [ 1823.2, 1844.2 ], [ 1821.1, 1844.9 ], [ 1820.0, 1847.2 ], [ 1819.6, 1847.8 ], [ 1819.0, 1846.7 ], [ 1818.5, 1845.1 ], [ 1818.4, 1843.8 ], [ 1819.1, 1840.1 ], [ 1819.5, 1838.5 ], [ 1820.2, 1837.0 ], [ 1818.8, 1836.5 ], [ 1818.5, 1835.3 ], [ 1818.9, 1833.6 ], [ 1819.6, 1831.7 ], [ 1820.7, 1829.8 ], [ 1821.5, 1829.0 ], [ 1823.7, 1828.0 ], [ 1822.6, 1826.8 ], [ 1822.3, 1827.0 ], [ 1821.7, 1827.6 ], [ 1821.2, 1825.1 ], [ 1821.0, 1822.1 ], [ 1821.0, 1819.0 ], [ 1821.3, 1816.2 ], [ 1822.3, 1814.9 ], [ 1824.1, 1815.1 ], [ 1827.6, 1816.7 ], [ 1827.7, 1815.7 ], [ 1825.7, 1814.8 ], [ 1823.3, 1813.1 ], [ 1821.2, 1812.7 ], [ 1820.0, 1815.5 ], [ 1818.7, 1813.4 ], [ 1817.9, 1807.4 ], [ 1816.7, 1805.4 ], [ 1817.5, 1804.8 ], [ 1817.8, 1804.7 ], [ 1818.2, 1804.5 ], [ 1815.7, 1801.8 ], [ 1814.8, 1799.9 ], [ 1814.4, 1797.3 ], [ 1816.4, 1797.7 ], [ 1816.6, 1796.7 ], [ 1815.8, 1793.4 ], [ 1815.1, 1793.3 ], [ 1813.8, 1795.8 ], [ 1812.2, 1794.3 ], [ 1810.3, 1791.5 ], [ 1808.5, 1790.0 ], [ 1809.0, 1789.0 ], [ 1809.2, 1788.5 ], [ 1809.6, 1788.0 ], [ 1808.2, 1788.1 ], [ 1806.8, 1788.5 ], [ 1805.6, 1788.4 ], [ 1804.8, 1787.2 ], [ 1804.8, 1785.2 ], [ 1806.0, 1780.0 ], [ 1806.3, 1777.8 ], [ 1806.2, 1776.7 ], [ 1805.9, 1775.7 ], [ 1804.9, 1772.8 ], [ 1804.9, 1772.0 ], [ 1804.9, 1771.2 ], [ 1804.8, 1770.0 ], [ 1804.1, 1768.2 ], [ 1802.0, 1764.6 ], [ 1801.6, 1763.6 ], [ 1802.6, 1761.6 ], [ 1805.8, 1759.4 ], [ 1806.7, 1758.0 ], [ 1807.9, 1753.3 ], [ 1808.3, 1750.7 ], [ 1807.9, 1748.4 ], [ 1807.4, 1746.6 ], [ 1807.0, 1745.0 ], [ 1806.3, 1743.8 ], [ 1803.3, 1742.7 ], [ 1799.2, 1740.1 ], [ 1800.6, 1736.6 ], [ 1800.8, 1734.3 ], [ 1801.4, 1733.2 ], [ 1804.1, 1733.3 ], [ 1805.0, 1733.8 ], [ 1806.7, 1735.6 ], [ 1807.8, 1736.1 ], [ 1810.6, 1736.1 ], [ 1811.5, 1736.7 ], [ 1811.9, 1737.4 ], [ 1812.0, 1739.3 ], [ 1812.3, 1740.1 ], [ 1812.7, 1740.3 ], [ 1813.9, 1740.3 ], [ 1814.3, 1740.4 ], [ 1816.4, 1741.5 ], [ 1822.8, 1743.6 ], [ 1829.8, 1747.3 ], [ 1831.4, 1747.5 ], [ 1831.4, 1747.8 ], [ 1831.3, 1748.6 ], [ 1831.4, 1749.4 ], [ 1832.1, 1749.8 ], [ 1833.0, 1749.6 ], [ 1834.6, 1748.3 ], [ 1835.8, 1748.2 ], [ 1836.9, 1748.6 ], [ 1838.8, 1749.7 ], [ 1840.0, 1749.9 ], [ 1841.8, 1749.4 ], [ 1843.6, 1748.2 ], [ 1846.7, 1745.1 ], [ 1848.3, 1744.2 ], [ 1853.0, 1743.5 ], [ 1854.9, 1743.6 ], [ 1866.4, 1747.6 ], [ 1867.2, 1748.2 ], [ 1867.4, 1749.4 ], [ 1867.5, 1752.0 ], [ 1869.0, 1757.0 ], [ 1869.0, 1759.7 ], [ 1866.2, 1761.1 ], [ 1865.5, 1762.5 ], [ 1865.1, 1763.9 ], [ 1864.6, 1764.5 ], [ 1862.4, 1764.2 ], [ 1861.5, 1764.4 ], [ 1860.7, 1765.0 ], [ 1859.7, 1768.6 ], [ 1860.5, 1771.8 ], [ 1861.8, 1774.8 ], [ 1862.6, 1779.2 ], [ 1868.7, 1790.0 ], [ 1869.3, 1792.5 ], [ 1869.2, 1795.9 ], [ 1868.7, 1797.5 ], [ 1868.1, 1798.7 ], [ 1867.5, 1799.4 ], [ 1867.3, 1799.8 ], [ 1867.3, 1801.4 ], [ 1868.2, 1801.4 ], [ 1869.4, 1800.9 ], [ 1870.5, 1800.9 ], [ 1871.4, 1802.0 ], [ 1872.0, 1803.2 ], [ 1873.0, 1804.0 ], [ 1875.0, 1803.7 ], [ 1875.2, 1802.7 ], [ 1874.4, 1801.0 ], [ 1875.4, 1799.0 ], [ 1877.4, 1797.4 ], [ 1879.2, 1796.9 ], [ 1892.3, 1799.6 ], [ 1903.4, 1805.9 ], [ 1920.3, 1809.4 ], [ 1924.4, 1811.4 ], [ 1926.9, 1811.9 ], [ 1930.8, 1810.5 ], [ 1933.1, 1811.4 ], [ 1937.2, 1813.9 ], [ 1944.0, 1814.9 ], [ 1945.7, 1815.9 ], [ 1948.4, 1818.3 ], [ 1953.3, 1820.2 ], [ 1961.8, 1827.2 ], [ 1964.7, 1825.3 ], [ 1981.3, 1823.7 ], [ 1986.2, 1822.1 ], [ 1989.3, 1820.0 ], [ 1991.7, 1819.7 ], [ 1992.6, 1819.1 ], [ 1995.5, 1815.7 ], [ 2002.8, 1811.7 ], [ 2015.6, 1810.6 ], [ 2028.4, 1809.4 ], [ 2033.3, 1807.6 ], [ 2035.5, 1806.2 ], [ 2037.4, 1804.1 ], [ 2029.8, 1807.6 ], [ 2021.4, 1807.7 ], [ 2013.2, 1805.5 ], [ 2006.4, 1802.1 ], [ 2004.4, 1801.8 ], [ 2002.7, 1801.5 ], [ 2000.5, 1800.4 ], [ 1998.6, 1798.9 ], [ 1998.0, 1797.3 ], [ 1997.8, 1796.4 ], [ 1996.5, 1795.2 ], [ 1996.4, 1793.9 ], [ 1996.7, 1792.2 ], [ 1997.2, 1791.1 ], [ 2003.5, 1782.4 ], [ 2009.3, 1769.4 ], [ 2011.0, 1767.8 ], [ 2016.5, 1764.5 ], [ 2017.6, 1764.6 ], [ 2018.7, 1763.8 ], [ 2032.5, 1759.5 ], [ 2033.7, 1758.2 ], [ 2047.0, 1752.3 ], [ 2050.6, 1751.7 ], [ 2054.8, 1749.6 ], [ 2062.9, 1747.7 ], [ 2071.5, 1748.9 ], [ 2113.8, 1740.7 ], [ 2116.5, 1739.1 ], [ 2119.0, 1738.6 ], [ 2123.4, 1734.6 ], [ 2137.5, 1725.8 ], [ 2143.5, 1719.9 ], [ 2144.8, 1719.1 ], [ 2145.8, 1717.9 ], [ 2148.9, 1710.0 ], [ 2152.8, 1705.8 ], [ 2156.2, 1705.7 ], [ 2165.5, 1711.7 ], [ 2166.4, 1711.7 ], [ 2167.4, 1710.9 ], [ 2167.5, 1709.9 ], [ 2166.4, 1709.8 ], [ 2165.8, 1709.5 ], [ 2165.4, 1708.8 ], [ 2164.9, 1707.6 ], [ 2167.0, 1707.8 ], [ 2167.1, 1706.7 ], [ 2165.2, 1706.4 ], [ 2163.3, 1705.5 ], [ 2161.9, 1704.1 ], [ 2161.4, 1702.3 ], [ 2160.7, 1700.2 ], [ 2156.7, 1697.7 ], [ 2155.9, 1696.3 ], [ 2156.7, 1691.4 ], [ 2158.2, 1685.5 ], [ 2160.7, 1681.6 ], [ 2162.9, 1682.3 ], [ 2164.3, 1682.8 ], [ 2164.4, 1681.9 ], [ 2159.5, 1677.0 ], [ 2159.6, 1675.9 ], [ 2162.0, 1670.9 ], [ 2162.9, 1663.7 ], [ 2164.1, 1657.5 ], [ 2167.5, 1655.5 ], [ 2165.3, 1651.1 ], [ 2165.0, 1648.9 ], [ 2165.4, 1641.7 ], [ 2165.1, 1635.0 ], [ 2165.4, 1631.8 ], [ 2166.2, 1629.1 ], [ 2169.0, 1623.3 ], [ 2170.4, 1621.1 ], [ 2171.2, 1618.3 ], [ 2171.0, 1614.7 ], [ 2170.1, 1608.8 ], [ 2170.1, 1606.6 ], [ 2170.2, 1605.8 ], [ 2172.8, 1604.2 ], [ 2173.6, 1604.0 ], [ 2175.7, 1604.0 ], [ 2177.6, 1603.5 ], [ 2179.4, 1602.0 ], [ 2182.7, 1598.4 ], [ 2186.0, 1596.0 ], [ 2205.5, 1589.9 ], [ 2207.2, 1590.5 ], [ 2210.7, 1588.9 ], [ 2226.5, 1588.6 ], [ 2243.7, 1584.9 ], [ 2244.8, 1584.5 ], [ 2245.6, 1584.4 ], [ 2251.3, 1585.7 ], [ 2259.5, 1584.5 ], [ 2263.6, 1583.0 ], [ 2265.1, 1582.2 ], [ 2265.2, 1582.1 ], [ 2267.3, 1580.9 ], [ 2271.1, 1580.1 ], [ 2285.2, 1571.4 ], [ 2306.5, 1561.5 ], [ 2327.1, 1550.6 ], [ 2349.4, 1545.6 ], [ 2349.4, 1545.6 ], [ 2365.4, 1541.9 ], [ 2367.0, 1540.9 ], [ 2368.5, 1540.8 ], [ 2374.2, 1545.3 ], [ 2383.4, 1548.8 ], [ 2386.3, 1551.9 ], [ 2388.2, 1552.9 ], [ 2392.1, 1553.3 ], [ 2395.7, 1554.6 ], [ 2398.1, 1554.5 ], [ 2407.8, 1551.2 ], [ 2409.3, 1549.8 ], [ 2410.0, 1546.8 ], [ 2411.1, 1545.5 ], [ 2413.1, 1545.7 ], [ 2415.3, 1546.8 ], [ 2416.6, 1547.8 ], [ 2417.2, 1548.8 ], [ 2418.1, 1551.3 ], [ 2418.9, 1552.3 ], [ 2419.9, 1552.8 ], [ 2422.2, 1553.3 ], [ 2423.1, 1554.1 ], [ 2423.7, 1554.4 ], [ 2427.0, 1555.0 ], [ 2428.9, 1552.6 ], [ 2429.5, 1552.1 ], [ 2431.4, 1552.5 ], [ 2433.4, 1553.9 ], [ 2433.5, 1553.9 ], [ 2435.2, 1555.8 ], [ 2435.8, 1557.4 ], [ 2436.3, 1560.2 ], [ 2437.7, 1562.3 ], [ 2439.4, 1564.0 ], [ 2440.4, 1565.6 ], [ 2440.7, 1566.6 ], [ 2440.8, 1567.5 ], [ 2440.4, 1568.6 ], [ 2439.7, 1569.6 ], [ 2439.5, 1569.9 ], [ 2440.6, 1569.5 ], [ 2441.5, 1568.7 ], [ 2443.1, 1565.8 ], [ 2440.0, 1564.1 ], [ 2439.3, 1563.5 ], [ 2439.0, 1562.1 ], [ 2439.3, 1558.7 ], [ 2439.2, 1557.1 ], [ 2438.5, 1555.8 ], [ 2437.3, 1554.0 ], [ 2436.9, 1553.4 ], [ 2436.3, 1551.6 ], [ 2436.2, 1549.7 ], [ 2436.3, 1548.1 ], [ 2436.2, 1546.9 ], [ 2435.3, 1546.1 ], [ 2434.1, 1547.5 ], [ 2431.9, 1547.9 ], [ 2423.3, 1547.0 ], [ 2421.3, 1546.2 ], [ 2419.5, 1544.8 ], [ 2414.5, 1539.8 ], [ 2413.0, 1539.0 ], [ 2409.0, 1538.2 ], [ 2407.6, 1539.0 ], [ 2404.3, 1544.2 ], [ 2403.1, 1545.7 ], [ 2401.5, 1546.3 ], [ 2398.0, 1546.4 ], [ 2396.7, 1547.1 ], [ 2395.7, 1547.2 ], [ 2394.7, 1546.6 ], [ 2392.3, 1543.6 ], [ 2386.7, 1540.2 ], [ 2383.3, 1536.3 ], [ 2381.8, 1536.0 ], [ 2377.7, 1537.1 ], [ 2375.5, 1537.1 ], [ 2370.1, 1535.3 ], [ 2368.5, 1534.2 ], [ 2367.2, 1531.9 ], [ 2366.2, 1529.3 ], [ 2365.2, 1527.5 ], [ 2362.2, 1524.4 ], [ 2361.3, 1522.6 ], [ 2361.2, 1520.1 ], [ 2362.3, 1518.8 ], [ 2372.7, 1513.6 ], [ 2398.7, 1513.0 ], [ 2400.8, 1513.5 ], [ 2402.2, 1514.4 ], [ 2403.6, 1516.0 ], [ 2404.9, 1518.0 ], [ 2405.6, 1520.3 ], [ 2404.5, 1520.7 ], [ 2402.8, 1521.6 ], [ 2402.1, 1522.2 ], [ 2402.0, 1523.1 ], [ 2411.1, 1524.9 ], [ 2415.6, 1527.1 ], [ 2419.3, 1530.9 ], [ 2420.4, 1533.4 ], [ 2421.9, 1538.9 ], [ 2423.1, 1541.0 ], [ 2425.4, 1541.8 ], [ 2430.5, 1541.5 ], [ 2432.3, 1542.7 ], [ 2434.2, 1542.2 ], [ 2437.4, 1542.6 ], [ 2438.4, 1542.4 ], [ 2440.3, 1542.0 ], [ 2441.9, 1538.6 ], [ 2441.4, 1535.2 ], [ 2439.6, 1532.6 ], [ 2437.0, 1530.8 ], [ 2436.1, 1530.5 ], [ 2432.7, 1529.6 ], [ 2428.9, 1527.6 ], [ 2427.4, 1527.3 ], [ 2424.4, 1527.4 ], [ 2422.9, 1527.1 ], [ 2420.7, 1525.5 ], [ 2413.7, 1517.7 ], [ 2419.0, 1515.7 ], [ 2421.6, 1515.2 ], [ 2430.2, 1516.3 ], [ 2432.6, 1517.3 ], [ 2434.7, 1519.4 ], [ 2434.8, 1519.5 ], [ 2434.6, 1516.5 ], [ 2433.4, 1515.2 ], [ 2433.1, 1515.2 ], [ 2429.3, 1514.7 ], [ 2428.3, 1514.3 ], [ 2427.4, 1513.5 ], [ 2426.7, 1512.5 ], [ 2426.3, 1511.1 ], [ 2426.2, 1509.4 ], [ 2426.3, 1507.6 ], [ 2426.7, 1506.3 ], [ 2428.0, 1505.0 ], [ 2429.8, 1504.5 ], [ 2433.0, 1504.5 ], [ 2432.1, 1503.3 ], [ 2429.8, 1501.4 ], [ 2423.3, 1498.8 ], [ 2422.1, 1496.7 ], [ 2421.9, 1491.5 ], [ 2420.6, 1488.2 ], [ 2418.4, 1485.9 ], [ 2415.9, 1483.8 ], [ 2414.0, 1485.0 ], [ 2411.5, 1485.5 ], [ 2409.0, 1485.3 ], [ 2407.1, 1485.7 ], [ 2406.7, 1486.3 ], [ 2406.0, 1486.4 ], [ 2405.1, 1486.3 ], [ 2404.6, 1481.9 ], [ 2407.5, 1480.3 ], [ 2413.7, 1478.9 ], [ 2414.6, 1477.9 ], [ 2416.5, 1477.9 ], [ 2419.6, 1478.9 ], [ 2422.1, 1480.5 ], [ 2422.5, 1480.7 ], [ 2423.2, 1480.6 ], [ 2424.3, 1480.3 ], [ 2425.5, 1479.4 ], [ 2424.9, 1477.9 ], [ 2422.7, 1474.3 ], [ 2422.1, 1473.8 ], [ 2421.6, 1473.1 ], [ 2421.5, 1472.1 ], [ 2421.8, 1470.9 ], [ 2422.3, 1470.1 ], [ 2422.8, 1469.5 ], [ 2423.1, 1469.0 ], [ 2422.9, 1466.6 ], [ 2421.6, 1460.4 ], [ 2420.8, 1457.8 ], [ 2421.4, 1456.6 ], [ 2422.2, 1455.7 ], [ 2426.5, 1457.0 ], [ 2430.2, 1456.7 ], [ 2433.7, 1454.9 ], [ 2448.5, 1439.4 ], [ 2461.5, 1423.2 ], [ 2472.4, 1406.5 ], [ 2479.4, 1390.1 ], [ 2480.5, 1385.8 ], [ 2480.6, 1384.7 ], [ 2482.7, 1380.9 ], [ 2489.0, 1351.2 ], [ 2491.2, 1343.7 ], [ 2491.6, 1341.3 ], [ 2492.9, 1336.6 ], [ 2497.6, 1326.6 ], [ 2498.8, 1321.6 ], [ 2499.2, 1318.7 ], [ 2499.8, 1315.1 ], [ 2500.7, 1312.0 ], [ 2501.9, 1310.7 ], [ 2507.6, 1312.0 ], [ 2508.6, 1311.2 ], [ 2509.2, 1312.4 ], [ 2507.4, 1317.0 ], [ 2509.4, 1320.0 ], [ 2513.2, 1321.4 ], [ 2516.8, 1321.4 ], [ 2519.1, 1320.3 ], [ 2523.3, 1317.2 ], [ 2525.2, 1316.6 ], [ 2529.0, 1316.3 ], [ 2532.8, 1315.0 ], [ 2552.6, 1299.4 ], [ 2554.1, 1297.9 ], [ 2555.9, 1296.5 ], [ 2560.3, 1295.8 ], [ 2562.3, 1294.7 ], [ 2564.4, 1291.0 ], [ 2567.6, 1280.6 ], [ 2569.8, 1276.0 ], [ 2573.3, 1272.4 ], [ 2575.4, 1270.7 ], [ 2578.9, 1269.5 ], [ 2580.6, 1267.8 ], [ 2582.2, 1265.8 ], [ 2584.0, 1264.1 ], [ 2585.9, 1263.6 ], [ 2590.3, 1263.1 ], [ 2593.7, 1260.5 ], [ 2608.9, 1255.4 ], [ 2612.4, 1253.2 ], [ 2614.5, 1253.1 ], [ 2620.9, 1250.3 ], [ 2629.8, 1250.3 ], [ 2639.9, 1250.5 ], [ 2648.0, 1250.7 ], [ 2648.9, 1251.1 ], [ 2650.5, 1252.6 ], [ 2651.4, 1253.0 ], [ 2652.2, 1252.8 ], [ 2654.6, 1251.0 ], [ 2668.6, 1247.7 ], [ 2690.5, 1245.3 ], [ 2699.5, 1247.3 ], [ 2701.4, 1248.2 ], [ 2702.9, 1250.0 ], [ 2705.5, 1262.8 ], [ 2706.0, 1263.1 ], [ 2708.1, 1264.8 ], [ 2708.3, 1265.2 ], [ 2708.7, 1265.5 ], [ 2709.1, 1266.3 ], [ 2709.8, 1267.0 ], [ 2712.6, 1268.1 ], [ 2716.2, 1270.4 ], [ 2717.9, 1269.9 ], [ 2718.7, 1270.8 ], [ 2719.8, 1271.2 ], [ 2720.9, 1270.9 ], [ 2721.7, 1270.0 ], [ 2722.3, 1270.1 ], [ 2722.3, 1271.1 ], [ 2721.5, 1271.7 ], [ 2721.1, 1272.2 ], [ 2721.1, 1272.9 ], [ 2721.5, 1274.2 ], [ 2721.6, 1276.7 ], [ 2724.4, 1278.4 ], [ 2731.0, 1280.4 ], [ 2732.0, 1280.5 ], [ 2733.0, 1280.0 ], [ 2734.1, 1278.9 ], [ 2734.9, 1277.8 ], [ 2735.8, 1276.2 ], [ 2736.2, 1274.3 ], [ 2735.6, 1272.6 ], [ 2738.1, 1269.2 ], [ 2739.3, 1268.6 ], [ 2741.5, 1268.6 ], [ 2743.5, 1269.2 ], [ 2746.6, 1271.4 ], [ 2748.3, 1272.1 ], [ 2746.2, 1268.8 ], [ 2742.6, 1267.3 ], [ 2721.5, 1265.7 ], [ 2718.2, 1263.9 ], [ 2717.0, 1259.5 ], [ 2717.5, 1248.1 ], [ 2718.0, 1245.5 ], [ 2720.0, 1240.8 ], [ 2720.5, 1238.6 ], [ 2721.3, 1237.2 ], [ 2723.1, 1237.3 ], [ 2726.8, 1238.2 ], [ 2727.3, 1237.0 ], [ 2728.2, 1236.6 ], [ 2728.9, 1235.1 ], [ 2728.9, 1233.1 ], [ 2728.1, 1232.0 ], [ 2725.4, 1230.5 ], [ 2724.3, 1229.2 ], [ 2724.2, 1227.2 ], [ 2725.6, 1225.5 ], [ 2728.6, 1223.6 ], [ 2732.1, 1220.0 ], [ 2733.9, 1218.8 ], [ 2737.5, 1215.4 ], [ 2744.8, 1212.8 ], [ 2759.0, 1211.7 ], [ 2760.0, 1212.5 ], [ 2760.9, 1213.8 ], [ 2763.1, 1214.4 ], [ 2776.7, 1212.1 ], [ 2804.4, 1209.0 ], [ 2811.7, 1211.4 ], [ 2811.6, 1212.5 ], [ 2810.9, 1216.9 ], [ 2813.3, 1222.5 ], [ 2817.0, 1227.5 ], [ 2820.0, 1229.8 ], [ 2820.0, 1230.7 ], [ 2819.2, 1232.7 ], [ 2820.6, 1233.4 ], [ 2822.6, 1234.0 ], [ 2823.6, 1235.7 ], [ 2823.2, 1238.4 ], [ 2822.3, 1239.8 ], [ 2820.3, 1241.3 ], [ 2818.6, 1242.1 ], [ 2815.0, 1242.3 ], [ 2813.3, 1243.3 ], [ 2814.9, 1248.5 ], [ 2815.7, 1250.5 ], [ 2816.9, 1251.9 ], [ 2818.1, 1251.3 ], [ 2819.1, 1250.9 ], [ 2820.7, 1251.0 ], [ 2821.7, 1251.6 ], [ 2823.4, 1253.7 ], [ 2824.1, 1254.2 ], [ 2824.8, 1254.9 ], [ 2825.5, 1256.3 ], [ 2826.5, 1257.8 ], [ 2827.8, 1258.5 ], [ 2829.3, 1258.5 ], [ 2830.5, 1258.3 ], [ 2831.5, 1257.7 ], [ 2832.7, 1256.6 ], [ 2834.7, 1253.4 ], [ 2836.9, 1248.1 ], [ 2837.5, 1242.8 ], [ 2834.9, 1239.6 ], [ 2831.2, 1240.5 ], [ 2829.3, 1240.1 ], [ 2829.5, 1237.9 ], [ 2830.4, 1235.4 ], [ 2831.2, 1230.1 ], [ 2832.0, 1227.9 ], [ 2833.3, 1226.7 ], [ 2834.9, 1226.1 ], [ 2838.7, 1226.0 ], [ 2840.4, 1226.8 ], [ 2841.8, 1228.8 ], [ 2842.8, 1230.9 ], [ 2843.9, 1232.4 ], [ 2847.6, 1234.4 ], [ 2855.4, 1236.2 ], [ 2859.0, 1238.0 ], [ 2858.9, 1239.1 ], [ 2856.7, 1241.0 ], [ 2854.6, 1243.4 ], [ 2853.1, 1246.7 ], [ 2852.4, 1251.2 ], [ 2852.3, 1259.9 ], [ 2852.8, 1263.7 ], [ 2854.0, 1266.6 ], [ 2854.3, 1262.8 ], [ 2853.5, 1253.1 ], [ 2853.7, 1248.5 ], [ 2855.2, 1245.2 ], [ 2857.3, 1243.7 ], [ 2859.3, 1241.9 ], [ 2860.2, 1237.5 ], [ 2859.8, 1236.7 ], [ 2857.6, 1230.6 ], [ 2856.9, 1229.7 ], [ 2855.9, 1227.6 ], [ 2855.2, 1225.3 ], [ 2854.6, 1222.3 ], [ 2853.4, 1218.7 ], [ 2853.1, 1216.2 ], [ 2853.4, 1213.6 ], [ 2854.0, 1211.3 ], [ 2857.6, 1202.8 ], [ 2860.2, 1193.5 ], [ 2861.9, 1189.4 ], [ 2863.2, 1187.4 ], [ 2865.1, 1185.8 ], [ 2867.1, 1184.6 ], [ 2869.2, 1184.1 ], [ 2871.1, 1184.3 ], [ 2872.2, 1184.8 ], [ 2874.4, 1187.4 ], [ 2877.6, 1190.2 ], [ 2881.0, 1192.1 ], [ 2888.1, 1194.0 ], [ 2892.1, 1193.9 ], [ 2898.7, 1192.4 ], [ 2902.4, 1192.7 ], [ 2904.1, 1190.7 ], [ 2911.4, 1189.0 ], [ 2918.7, 1189.2 ], [ 2920.2, 1188.1 ], [ 2921.5, 1189.0 ], [ 2923.0, 1189.3 ], [ 2926.1, 1189.2 ], [ 2926.9, 1189.7 ], [ 2928.9, 1192.4 ], [ 2937.6, 1208.3 ], [ 2941.3, 1212.7 ], [ 2943.9, 1214.8 ], [ 2945.1, 1216.4 ], [ 2946.3, 1221.1 ], [ 2952.6, 1230.5 ], [ 2954.0, 1231.8 ], [ 2955.7, 1232.6 ], [ 2957.9, 1232.8 ], [ 2959.0, 1233.4 ], [ 2964.5, 1237.2 ], [ 2970.7, 1238.6 ], [ 2975.8, 1239.8 ], [ 2977.0, 1239.3 ], [ 2975.8, 1237.3 ], [ 2972.4, 1235.2 ], [ 2964.1, 1234.2 ], [ 2960.8, 1232.9 ], [ 2954.1, 1228.5 ], [ 2951.1, 1225.1 ], [ 2950.1, 1220.1 ], [ 2949.8, 1215.9 ], [ 2949.5, 1213.2 ], [ 2948.6, 1212.4 ], [ 2944.3, 1209.9 ], [ 2942.9, 1209.4 ], [ 2940.7, 1207.3 ], [ 2938.6, 1202.7 ], [ 2937.2, 1197.7 ], [ 2937.1, 1194.6 ], [ 2933.7, 1193.2 ], [ 2928.0, 1188.2 ], [ 2924.6, 1186.0 ], [ 2921.2, 1185.2 ], [ 2909.6, 1184.8 ], [ 2906.1, 1183.1 ], [ 2903.8, 1182.4 ], [ 2902.7, 1183.1 ], [ 2901.7, 1184.7 ], [ 2899.6, 1183.9 ], [ 2896.4, 1181.4 ], [ 2893.4, 1177.6 ], [ 2886.1, 1162.1 ], [ 2889.7, 1160.6 ], [ 2891.4, 1160.5 ], [ 2893.6, 1161.1 ], [ 2897.1, 1163.6 ], [ 2899.1, 1164.3 ], [ 2901.1, 1163.3 ], [ 2901.8, 1161.7 ], [ 2902.6, 1158.6 ], [ 2903.1, 1155.3 ], [ 2903.1, 1152.9 ], [ 2902.1, 1151.3 ], [ 2900.4, 1149.8 ], [ 2899.2, 1148.2 ], [ 2899.5, 1146.4 ], [ 2899.5, 1145.4 ], [ 2897.3, 1144.7 ], [ 2894.1, 1145.3 ], [ 2891.1, 1146.7 ], [ 2889.5, 1148.5 ], [ 2888.8, 1148.5 ], [ 2886.4, 1144.1 ], [ 2884.9, 1140.6 ], [ 2884.6, 1139.8 ], [ 2885.4, 1136.7 ], [ 2886.9, 1134.1 ], [ 2887.8, 1131.7 ], [ 2887.2, 1129.3 ], [ 2887.3, 1128.2 ], [ 2888.4, 1127.4 ], [ 2892.2, 1126.4 ], [ 2893.8, 1126.2 ], [ 2894.8, 1125.5 ], [ 2896.2, 1123.6 ], [ 2897.7, 1121.1 ], [ 2898.6, 1118.8 ], [ 2896.5, 1119.2 ], [ 2893.1, 1122.1 ], [ 2891.1, 1122.9 ], [ 2891.3, 1122.4 ], [ 2891.6, 1121.3 ], [ 2891.8, 1120.8 ], [ 2889.0, 1121.1 ], [ 2884.3, 1122.5 ], [ 2881.5, 1122.8 ], [ 2878.2, 1122.2 ], [ 2876.8, 1122.7 ], [ 2873.8, 1125.6 ], [ 2872.7, 1125.9 ], [ 2870.3, 1125.0 ], [ 2867.8, 1122.6 ], [ 2866.0, 1119.1 ], [ 2865.8, 1115.1 ], [ 2867.1, 1113.5 ], [ 2869.6, 1112.4 ], [ 2872.4, 1111.9 ], [ 2874.5, 1112.1 ], [ 2874.5, 1111.0 ], [ 2872.9, 1110.6 ], [ 2871.7, 1109.4 ], [ 2870.5, 1109.0 ], [ 2869.0, 1110.9 ], [ 2868.3, 1109.2 ], [ 2868.6, 1107.5 ], [ 2869.4, 1105.9 ], [ 2870.4, 1104.6 ], [ 2872.3, 1105.5 ], [ 2879.6, 1103.6 ], [ 2889.6, 1103.8 ], [ 2891.9, 1103.2 ], [ 2893.8, 1102.0 ], [ 2897.7, 1098.7 ], [ 2901.2, 1097.0 ], [ 2902.7, 1095.9 ], [ 2903.3, 1093.4 ], [ 2903.4, 1089.7 ], [ 2901.1, 1086.1 ], [ 2893.9, 1078.0 ], [ 2892.9, 1076.4 ], [ 2892.5, 1074.7 ], [ 2891.7, 1074.0 ], [ 2889.8, 1074.0 ], [ 2887.9, 1074.5 ], [ 2886.9, 1075.2 ], [ 2886.3, 1074.0 ], [ 2889.4, 1072.0 ], [ 2886.4, 1063.5 ], [ 2885.3, 1061.3 ], [ 2882.7, 1059.7 ], [ 2878.0, 1055.3 ], [ 2875.0, 1053.8 ], [ 2875.0, 1052.7 ], [ 2875.5, 1049.9 ], [ 2874.4, 1046.7 ], [ 2872.7, 1043.6 ], [ 2871.6, 1040.9 ], [ 2871.2, 1036.8 ], [ 2871.6, 1033.3 ], [ 2872.9, 1028.8 ], [ 2873.7, 1026.2 ], [ 2873.0, 1025.1 ], [ 2874.3, 1020.8 ], [ 2873.6, 1016.9 ], [ 2872.3, 1013.1 ], [ 2871.5, 1009.1 ], [ 2872.0, 1004.1 ], [ 2873.1, 1000.0 ], [ 2874.4, 996.2 ], [ 2875.5, 992.2 ], [ 2866.1, 990.3 ], [ 2865.0, 990.4 ], [ 2864.7, 991.7 ], [ 2864.3, 997.7 ], [ 2863.8, 998.4 ], [ 2862.9, 998.6 ], [ 2861.7, 999.8 ], [ 2860.5, 1001.6 ], [ 2859.1, 1002.3 ], [ 2857.7, 1002.0 ], [ 2856.5, 1000.3 ], [ 2855.6, 996.4 ], [ 2855.8, 992.7 ], [ 2856.4, 989.0 ], [ 2856.9, 984.9 ], [ 2858.6, 981.9 ], [ 2862.3, 981.5 ], [ 2866.0, 982.6 ], [ 2867.8, 984.6 ], [ 2866.6, 984.9 ], [ 2865.6, 985.7 ], [ 2864.1, 987.7 ], [ 2864.3, 989.5 ], [ 2869.6, 990.3 ], [ 2874.4, 991.6 ], [ 2876.2, 990.9 ], [ 2876.0, 988.0 ], [ 2874.5, 982.7 ], [ 2873.5, 976.0 ], [ 2873.0, 969.4 ], [ 2873.2, 967.6 ], [ 2874.0, 965.4 ], [ 2874.2, 964.1 ], [ 2874.1, 962.1 ], [ 2873.2, 958.2 ], [ 2872.5, 951.2 ], [ 2871.9, 947.9 ], [ 2870.7, 944.9 ], [ 2868.5, 943.1 ], [ 2865.4, 942.3 ], [ 2859.5, 942.0 ], [ 2855.3, 940.6 ], [ 2851.8, 937.1 ], [ 2844.1, 925.0 ], [ 2844.2, 923.9 ], [ 2846.1, 923.6 ], [ 2846.1, 922.7 ], [ 2844.4, 921.9 ], [ 2842.4, 921.7 ], [ 2840.5, 922.2 ], [ 2838.9, 923.5 ], [ 2837.8, 925.6 ], [ 2838.1, 927.1 ], [ 2840.6, 929.9 ], [ 2839.8, 930.1 ], [ 2839.2, 930.5 ], [ 2838.1, 932.0 ], [ 2840.1, 932.4 ], [ 2842.5, 934.0 ], [ 2844.4, 936.4 ], [ 2845.2, 939.1 ], [ 2844.0, 939.5 ], [ 2833.7, 930.5 ], [ 2831.6, 929.2 ], [ 2826.5, 928.1 ], [ 2825.2, 926.7 ], [ 2825.1, 924.4 ], [ 2830.4, 911.3 ], [ 2832.2, 905.4 ], [ 2833.5, 899.0 ], [ 2833.8, 892.8 ], [ 2830.4, 862.3 ], [ 2830.1, 860.7 ], [ 2829.8, 860.4 ], [ 2829.8, 859.6 ], [ 2829.9, 858.9 ], [ 2830.1, 858.6 ], [ 2830.6, 858.8 ], [ 2830.9, 859.2 ], [ 2831.0, 859.6 ], [ 2831.2, 859.8 ], [ 2831.8, 860.6 ], [ 2833.6, 872.5 ], [ 2835.1, 876.6 ], [ 2835.3, 878.4 ], [ 2835.0, 879.8 ], [ 2834.1, 881.9 ], [ 2833.9, 883.7 ], [ 2834.1, 885.8 ], [ 2834.9, 886.2 ], [ 2838.8, 884.1 ], [ 2843.1, 880.9 ], [ 2845.1, 880.3 ], [ 2848.5, 877.7 ], [ 2852.1, 874.1 ], [ 2852.6, 871.6 ], [ 2852.1, 868.9 ], [ 2851.0, 866.3 ], [ 2849.6, 863.9 ], [ 2846.5, 859.6 ], [ 2846.6, 854.8 ], [ 2845.8, 849.2 ], [ 2843.6, 845.6 ], [ 2840.7, 843.3 ], [ 2834.1, 840.1 ], [ 2832.3, 839.8 ], [ 2831.4, 841.1 ], [ 2831.4, 847.7 ], [ 2831.1, 850.9 ], [ 2830.5, 854.4 ], [ 2830.7, 856.9 ], [ 2830.5, 857.9 ], [ 2829.2, 857.5 ], [ 2828.9, 856.7 ], [ 2828.6, 855.0 ], [ 2828.3, 853.2 ], [ 2828.2, 841.9 ], [ 2828.6, 838.5 ], [ 2830.9, 828.8 ], [ 2831.3, 825.2 ], [ 2831.7, 771.6 ], [ 2832.2, 769.0 ], [ 2832.9, 766.4 ], [ 2837.0, 753.1 ], [ 2838.9, 749.0 ], [ 2840.2, 747.1 ], [ 2840.7, 747.5 ], [ 2841.0, 748.8 ], [ 2841.8, 749.6 ], [ 2841.7, 750.7 ], [ 2839.6, 755.7 ], [ 2838.9, 757.1 ], [ 2838.9, 758.1 ], [ 2839.4, 758.7 ], [ 2840.0, 758.9 ], [ 2841.5, 759.1 ], [ 2841.8, 759.8 ], [ 2842.1, 761.3 ], [ 2842.5, 762.8 ], [ 2843.2, 763.5 ], [ 2846.7, 764.2 ], [ 2847.6, 764.9 ], [ 2846.4, 765.6 ], [ 2846.6, 767.0 ], [ 2846.4, 769.5 ], [ 2846.8, 771.0 ], [ 2847.6, 771.6 ], [ 2848.3, 771.2 ], [ 2848.5, 770.2 ], [ 2848.0, 768.9 ], [ 2848.1, 767.8 ], [ 2850.8, 767.0 ], [ 2854.9, 767.0 ], [ 2858.7, 767.9 ], [ 2860.3, 769.7 ], [ 2861.1, 770.0 ], [ 2865.3, 773.5 ], [ 2866.5, 773.0 ], [ 2867.6, 771.7 ], [ 2868.6, 770.0 ], [ 2869.2, 768.3 ], [ 2869.8, 768.3 ], [ 2872.2, 775.6 ], [ 2872.3, 776.8 ], [ 2871.9, 777.5 ], [ 2872.0, 778.9 ], [ 2872.6, 780.4 ], [ 2873.9, 781.5 ], [ 2875.6, 783.8 ], [ 2876.5, 784.4 ], [ 2878.0, 784.4 ], [ 2883.3, 783.4 ], [ 2883.8, 783.1 ], [ 2884.3, 782.3 ], [ 2884.6, 781.1 ], [ 2884.8, 779.7 ], [ 2884.8, 777.4 ], [ 2885.0, 775.9 ], [ 2885.5, 772.7 ], [ 2885.9, 771.9 ], [ 2886.4, 771.5 ], [ 2886.6, 771.0 ], [ 2886.2, 769.7 ], [ 2883.5, 767.5 ], [ 2882.7, 767.4 ], [ 2882.1, 767.0 ], [ 2881.7, 766.2 ], [ 2881.6, 764.9 ], [ 2881.2, 763.5 ], [ 2879.8, 762.7 ], [ 2879.8, 761.1 ], [ 2881.0, 760.1 ], [ 2884.9, 759.9 ], [ 2890.6, 750.6 ], [ 2891.9, 749.9 ], [ 2895.4, 748.9 ], [ 2900.1, 748.7 ], [ 2900.3, 748.4 ], [ 2898.3, 747.6 ], [ 2894.5, 747.4 ], [ 2893.7, 746.5 ], [ 2894.5, 743.8 ], [ 2895.8, 741.4 ], [ 2896.8, 740.1 ], [ 2899.6, 738.1 ], [ 2903.7, 734.2 ], [ 2905.2, 733.9 ], [ 2906.2, 734.1 ], [ 2907.7, 734.9 ], [ 2908.7, 735.1 ], [ 2909.7, 734.8 ], [ 2910.2, 734.2 ], [ 2910.6, 733.4 ], [ 2911.3, 732.9 ], [ 2912.8, 732.8 ], [ 2914.8, 733.5 ], [ 2916.4, 734.8 ], [ 2917.1, 736.7 ], [ 2917.6, 740.3 ], [ 2918.7, 742.5 ], [ 2920.1, 744.0 ], [ 2921.1, 745.8 ], [ 2922.2, 749.1 ], [ 2919.8, 749.6 ], [ 2917.3, 753.6 ], [ 2915.1, 754.2 ], [ 2915.1, 755.3 ], [ 2915.4, 756.7 ], [ 2914.5, 758.1 ], [ 2912.1, 760.5 ], [ 2911.3, 762.6 ], [ 2911.2, 764.6 ], [ 2911.4, 769.5 ], [ 2912.1, 771.0 ], [ 2913.5, 770.8 ], [ 2914.9, 769.2 ], [ 2916.1, 764.1 ], [ 2917.4, 763.8 ], [ 2918.9, 764.1 ], [ 2920.3, 763.8 ], [ 2919.8, 762.3 ], [ 2919.1, 761.8 ], [ 2918.3, 762.0 ], [ 2917.4, 762.6 ], [ 2918.0, 761.0 ], [ 2918.7, 759.8 ], [ 2919.3, 758.4 ], [ 2919.8, 756.3 ], [ 2920.4, 756.3 ], [ 2919.8, 759.8 ], [ 2922.0, 760.4 ], [ 2925.1, 759.9 ], [ 2927.0, 760.2 ], [ 2928.2, 761.0 ], [ 2929.5, 760.7 ], [ 2930.6, 760.8 ], [ 2931.4, 762.8 ], [ 2931.1, 764.3 ], [ 2929.1, 767.2 ], [ 2928.3, 769.2 ], [ 2929.3, 769.6 ], [ 2929.4, 770.3 ], [ 2929.5, 771.2 ], [ 2930.1, 772.4 ], [ 2930.9, 773.2 ], [ 2933.0, 774.5 ], [ 2933.4, 775.2 ], [ 2933.6, 776.0 ], [ 2933.9, 776.7 ], [ 2934.7, 776.8 ], [ 2936.0, 774.2 ], [ 2936.5, 773.4 ], [ 2937.7, 774.6 ], [ 2938.8, 773.3 ], [ 2938.8, 771.4 ], [ 2936.9, 770.3 ], [ 2934.2, 771.9 ], [ 2934.0, 772.4 ], [ 2933.6, 772.5 ], [ 2932.7, 772.4 ], [ 2932.0, 772.0 ], [ 2932.0, 771.1 ], [ 2932.2, 770.4 ], [ 2932.5, 770.3 ], [ 2932.7, 764.6 ], [ 2934.1, 759.6 ], [ 2934.9, 755.2 ], [ 2934.9, 755.2 ], [ 2933.2, 751.2 ], [ 2932.4, 750.2 ], [ 2932.0, 749.9 ], [ 2930.3, 750.1 ], [ 2926.8, 751.7 ], [ 2926.0, 752.9 ], [ 2924.1, 754.0 ], [ 2922.3, 754.1 ], [ 2921.6, 752.1 ], [ 2922.6, 750.3 ], [ 2926.5, 747.9 ], [ 2927.4, 745.3 ], [ 2927.9, 743.2 ], [ 2927.8, 742.1 ], [ 2925.7, 741.3 ], [ 2924.8, 740.5 ], [ 2924.1, 739.5 ], [ 2923.5, 738.4 ], [ 2923.1, 737.4 ], [ 2922.6, 735.8 ], [ 2922.3, 734.0 ], [ 2922.4, 732.1 ], [ 2922.9, 731.5 ], [ 2924.8, 728.5 ], [ 2925.1, 727.8 ], [ 2925.5, 727.0 ], [ 2925.4, 725.2 ], [ 2925.1, 723.4 ], [ 2924.5, 722.6 ], [ 2923.5, 722.4 ], [ 2922.8, 721.8 ], [ 2921.4, 720.3 ], [ 2923.1, 716.5 ], [ 2924.7, 713.4 ], [ 2926.4, 711.0 ], [ 2929.1, 708.3 ], [ 2929.7, 707.9 ], [ 2930.3, 707.7 ], [ 2931.1, 707.7 ], [ 2931.5, 707.2 ], [ 2932.0, 705.0 ], [ 2932.3, 704.5 ], [ 2944.9, 700.4 ], [ 2947.7, 700.5 ], [ 2957.5, 704.7 ], [ 2957.5, 705.9 ], [ 2956.4, 706.6 ], [ 2956.3, 707.5 ], [ 2957.0, 708.4 ], [ 2958.1, 709.0 ], [ 2959.3, 708.9 ], [ 2960.1, 708.1 ], [ 2963.2, 703.2 ], [ 2964.6, 700.5 ], [ 2966.2, 698.2 ], [ 2969.5, 697.0 ], [ 2972.3, 695.3 ], [ 2976.3, 696.3 ], [ 2985.4, 695.3 ], [ 2980.4, 690.6 ], [ 2977.8, 689.7 ], [ 2976.1, 688.2 ], [ 2975.2, 687.9 ], [ 2974.5, 688.3 ], [ 2971.6, 692.3 ], [ 2969.9, 694.0 ], [ 2968.1, 694.8 ], [ 2966.6, 693.6 ], [ 2965.0, 692.0 ], [ 2963.4, 692.5 ], [ 2960.5, 695.2 ], [ 2957.0, 696.6 ], [ 2949.7, 696.7 ], [ 2930.3, 703.5 ], [ 2928.6, 703.7 ], [ 2927.0, 702.9 ], [ 2917.7, 694.8 ], [ 2918.2, 696.9 ], [ 2917.5, 697.9 ], [ 2914.7, 699.0 ], [ 2912.6, 700.6 ], [ 2911.5, 701.1 ], [ 2910.1, 701.1 ], [ 2910.6, 700.1 ], [ 2909.1, 699.1 ], [ 2907.6, 699.4 ], [ 2906.2, 700.6 ], [ 2904.8, 702.1 ], [ 2903.4, 702.0 ], [ 2901.6, 703.7 ], [ 2900.1, 705.5 ], [ 2899.5, 705.8 ], [ 2898.8, 703.7 ], [ 2897.1, 702.9 ], [ 2895.2, 703.0 ], [ 2893.7, 704.0 ], [ 2895.0, 705.4 ], [ 2891.8, 708.2 ], [ 2887.6, 710.3 ], [ 2884.6, 709.4 ], [ 2882.6, 709.8 ], [ 2880.6, 710.7 ], [ 2879.7, 711.8 ], [ 2879.2, 714.8 ], [ 2878.0, 716.6 ], [ 2876.6, 717.9 ], [ 2875.5, 719.6 ], [ 2874.9, 724.0 ], [ 2874.8, 724.4 ], [ 2874.6, 725.7 ], [ 2874.2, 726.5 ], [ 2873.6, 727.1 ], [ 2870.9, 731.2 ], [ 2868.9, 731.4 ], [ 2868.0, 731.8 ], [ 2867.6, 732.7 ], [ 2867.0, 733.3 ], [ 2865.6, 733.8 ], [ 2864.1, 734.8 ], [ 2863.5, 736.9 ], [ 2864.1, 742.1 ], [ 2863.9, 744.6 ], [ 2862.6, 746.0 ], [ 2862.6, 746.9 ], [ 2866.0, 746.7 ], [ 2866.8, 747.0 ], [ 2867.4, 748.9 ], [ 2866.8, 750.2 ], [ 2865.7, 751.0 ], [ 2864.6, 751.2 ], [ 2863.6, 750.9 ], [ 2861.6, 749.4 ], [ 2860.5, 749.0 ], [ 2859.5, 749.3 ], [ 2857.8, 750.6 ], [ 2856.7, 751.0 ], [ 2856.7, 752.2 ], [ 2860.8, 751.1 ], [ 2862.0, 751.5 ], [ 2863.7, 753.0 ], [ 2864.6, 753.3 ], [ 2870.6, 750.8 ], [ 2871.9, 751.3 ], [ 2872.1, 752.5 ], [ 2871.8, 755.4 ], [ 2871.8, 756.7 ], [ 2873.0, 758.8 ], [ 2873.6, 760.3 ], [ 2872.2, 762.5 ], [ 2871.3, 763.6 ], [ 2870.2, 764.1 ], [ 2869.0, 764.3 ], [ 2868.2, 764.7 ], [ 2868.2, 765.4 ], [ 2869.3, 766.1 ], [ 2867.6, 766.1 ], [ 2865.2, 763.9 ], [ 2863.2, 761.0 ], [ 2862.3, 759.1 ], [ 2861.6, 756.8 ], [ 2859.7, 754.9 ], [ 2857.4, 753.6 ], [ 2855.2, 753.1 ], [ 2853.7, 752.3 ], [ 2851.9, 750.3 ], [ 2850.3, 747.8 ], [ 2849.2, 745.7 ], [ 2848.4, 740.1 ], [ 2847.9, 739.2 ], [ 2846.8, 738.8 ], [ 2844.4, 737.1 ], [ 2843.0, 737.0 ], [ 2844.1, 742.7 ], [ 2844.4, 746.1 ], [ 2844.2, 748.1 ], [ 2842.9, 748.3 ], [ 2842.3, 745.1 ], [ 2842.3, 737.9 ], [ 2843.5, 731.6 ], [ 2845.5, 726.8 ], [ 2861.3, 702.3 ], [ 2866.0, 697.7 ], [ 2873.2, 686.7 ], [ 2875.9, 684.2 ], [ 2878.9, 684.3 ], [ 2885.9, 687.0 ], [ 2889.9, 687.3 ], [ 2897.5, 685.6 ], [ 2900.9, 684.0 ], [ 2905.1, 679.5 ], [ 2906.6, 678.8 ], [ 2927.6, 682.2 ], [ 2935.3, 681.3 ], [ 2942.9, 678.6 ], [ 2950.2, 673.7 ], [ 2956.6, 666.7 ], [ 2974.8, 633.3 ], [ 2978.0, 628.5 ], [ 2983.7, 622.1 ], [ 2986.6, 616.6 ], [ 2987.7, 615.8 ], [ 2989.7, 612.9 ], [ 2993.7, 612.1 ], [ 3001.4, 612.6 ], [ 3008.9, 611.3 ], [ 3015.7, 608.3 ], [ 3021.6, 603.9 ], [ 3031.7, 593.3 ], [ 3037.2, 589.1 ], [ 3039.4, 588.2 ], [ 3041.9, 587.9 ], [ 3044.3, 588.5 ], [ 3046.3, 590.1 ], [ 3041.8, 591.9 ], [ 3037.5, 596.1 ], [ 3030.8, 606.7 ], [ 3028.3, 616.0 ], [ 3030.7, 622.9 ], [ 3035.0, 629.3 ], [ 3038.2, 636.8 ], [ 3035.8, 643.7 ], [ 3035.9, 651.7 ], [ 3037.8, 667.6 ], [ 3036.4, 669.9 ], [ 3032.1, 673.1 ], [ 3030.1, 675.6 ], [ 3027.2, 681.9 ], [ 3025.8, 686.1 ], [ 3024.9, 692.8 ], [ 3022.8, 700.2 ], [ 3021.8, 702.7 ], [ 3021.1, 703.8 ], [ 3020.4, 704.4 ], [ 3019.5, 704.7 ], [ 3015.5, 704.6 ], [ 3014.3, 705.0 ], [ 3012.8, 705.4 ], [ 3005.7, 700.7 ], [ 3000.4, 695.0 ], [ 2996.9, 693.6 ], [ 2994.1, 690.7 ], [ 2992.0, 690.0 ], [ 2990.3, 691.0 ], [ 2987.9, 694.9 ], [ 2986.3, 695.3 ], [ 2987.9, 695.5 ], [ 2989.6, 693.2 ], [ 2991.1, 692.1 ], [ 2992.6, 691.4 ], [ 2994.4, 692.1 ], [ 3002.7, 700.9 ], [ 3005.5, 702.3 ], [ 3008.7, 705.3 ], [ 3010.6, 705.9 ], [ 3017.4, 706.1 ], [ 3019.0, 707.0 ], [ 3016.7, 709.9 ], [ 3016.1, 711.2 ], [ 3015.8, 713.2 ], [ 3015.3, 717.5 ], [ 3015.0, 718.6 ], [ 3015.6, 721.1 ], [ 3016.6, 729.0 ], [ 3017.0, 735.2 ], [ 3017.6, 738.5 ], [ 3019.7, 745.1 ], [ 3020.5, 746.1 ], [ 3021.3, 747.0 ], [ 3021.5, 748.0 ], [ 3020.3, 749.4 ], [ 3019.6, 749.4 ], [ 3017.6, 748.5 ], [ 3016.6, 748.3 ], [ 3012.7, 748.3 ], [ 3011.4, 748.9 ], [ 3009.9, 750.4 ], [ 3008.4, 748.9 ], [ 3006.8, 747.7 ], [ 3005.0, 747.3 ], [ 3002.8, 748.3 ], [ 3000.9, 749.8 ], [ 3000.1, 750.1 ], [ 2998.7, 750.4 ], [ 2997.4, 751.1 ], [ 2994.8, 753.2 ], [ 2991.7, 754.3 ], [ 2987.8, 757.3 ], [ 2975.9, 759.0 ], [ 2975.9, 760.0 ], [ 2979.8, 760.7 ], [ 2992.6, 756.8 ], [ 2995.4, 755.0 ], [ 2996.7, 754.6 ], [ 2997.0, 754.3 ], [ 2997.0, 753.6 ], [ 2997.2, 752.9 ], [ 2997.8, 752.5 ], [ 2998.5, 752.7 ], [ 2999.7, 753.5 ], [ 3000.2, 753.7 ], [ 3001.1, 753.5 ], [ 3002.2, 752.8 ], [ 3003.0, 752.0 ], [ 3003.4, 750.9 ], [ 3004.0, 748.9 ], [ 3005.3, 748.5 ], [ 3008.1, 749.4 ], [ 3007.9, 750.0 ], [ 3007.5, 751.5 ], [ 3008.9, 751.7 ], [ 3013.1, 752.5 ], [ 3016.7, 752.3 ], [ 3018.9, 750.9 ], [ 3021.0, 750.1 ], [ 3022.6, 753.5 ], [ 3023.0, 758.6 ], [ 3021.6, 763.0 ], [ 3015.8, 767.5 ], [ 3011.6, 772.3 ], [ 3010.8, 772.7 ], [ 3010.2, 777.7 ], [ 3009.9, 779.1 ], [ 3010.6, 780.9 ], [ 3010.2, 783.1 ], [ 3009.2, 785.2 ], [ 3008.2, 786.4 ], [ 3010.8, 786.3 ], [ 3011.8, 785.5 ], [ 3011.7, 779.6 ], [ 3012.0, 775.3 ], [ 3012.8, 773.3 ], [ 3016.4, 770.5 ], [ 3019.2, 766.7 ], [ 3020.7, 765.7 ], [ 3022.5, 766.8 ], [ 3022.8, 767.8 ], [ 3023.3, 771.1 ], [ 3023.4, 772.1 ], [ 3023.7, 772.6 ], [ 3026.3, 774.7 ], [ 3032.7, 778.4 ], [ 3039.7, 779.1 ], [ 3060.0, 775.7 ], [ 3062.9, 776.0 ], [ 3065.7, 777.6 ], [ 3067.0, 779.0 ], [ 3069.8, 783.8 ], [ 3075.2, 789.2 ], [ 3075.2, 790.1 ], [ 3073.3, 792.1 ], [ 3072.3, 795.7 ], [ 3071.9, 799.8 ], [ 3071.9, 803.5 ], [ 3071.0, 806.9 ], [ 3063.2, 818.3 ], [ 3059.2, 821.1 ], [ 3057.7, 823.3 ], [ 3057.2, 825.3 ], [ 3057.5, 830.1 ], [ 3056.4, 834.9 ], [ 3053.6, 835.5 ], [ 3050.6, 833.3 ], [ 3048.5, 829.7 ], [ 3050.8, 829.3 ], [ 3051.7, 828.5 ], [ 3052.1, 826.5 ], [ 3051.8, 824.4 ], [ 3051.0, 823.8 ], [ 3049.8, 823.6 ], [ 3048.8, 822.8 ], [ 3046.7, 822.1 ], [ 3044.6, 824.7 ], [ 3042.7, 828.1 ], [ 3039.9, 831.3 ], [ 3040.6, 834.9 ], [ 3041.7, 838.9 ], [ 3042.1, 841.5 ], [ 3041.3, 842.6 ], [ 3039.9, 843.2 ], [ 3038.5, 843.4 ], [ 3037.4, 843.0 ], [ 3036.5, 841.8 ], [ 3035.6, 838.8 ], [ 3035.0, 837.3 ], [ 3035.7, 836.6 ], [ 3037.1, 835.5 ], [ 3037.9, 835.2 ], [ 3037.3, 833.4 ], [ 3036.5, 832.6 ], [ 3032.9, 831.6 ], [ 3032.1, 831.7 ], [ 3030.2, 833.0 ], [ 3027.8, 833.5 ], [ 3026.3, 832.3 ], [ 3025.0, 830.1 ], [ 3023.1, 827.8 ], [ 3025.0, 827.6 ], [ 3027.9, 825.2 ], [ 3029.5, 824.6 ], [ 3030.8, 825.5 ], [ 3032.3, 827.1 ], [ 3033.7, 827.7 ], [ 3034.9, 825.5 ], [ 3033.4, 823.0 ], [ 3033.5, 821.1 ], [ 3036.0, 816.0 ], [ 3034.8, 816.0 ], [ 3033.6, 815.5 ], [ 3032.4, 814.6 ], [ 3031.6, 813.4 ], [ 3030.6, 812.8 ], [ 3028.4, 813.8 ], [ 3027.2, 812.9 ], [ 3026.9, 814.9 ], [ 3026.4, 816.2 ], [ 3025.7, 816.9 ], [ 3024.5, 817.1 ], [ 3023.8, 817.9 ], [ 3021.6, 823.0 ], [ 3019.5, 825.7 ], [ 3014.8, 829.6 ], [ 3012.7, 832.6 ], [ 3011.5, 836.2 ], [ 3012.1, 838.5 ], [ 3013.5, 840.6 ], [ 3014.9, 843.7 ], [ 3015.5, 847.7 ], [ 3015.1, 850.6 ], [ 3014.1, 853.3 ], [ 3012.5, 856.4 ], [ 3014.6, 855.4 ], [ 3016.1, 855.2 ], [ 3016.6, 856.3 ], [ 3014.4, 861.2 ], [ 3014.2, 863.2 ], [ 3014.3, 867.1 ], [ 3014.3, 869.8 ], [ 3014.2, 871.0 ], [ 3013.8, 872.3 ], [ 3011.7, 875.0 ], [ 3011.4, 876.1 ], [ 3011.0, 876.1 ], [ 3010.0, 876.7 ], [ 3009.0, 877.7 ], [ 3008.4, 878.6 ], [ 3008.9, 879.0 ], [ 3009.5, 880.5 ], [ 3009.8, 882.2 ], [ 3009.1, 883.3 ], [ 3008.8, 884.1 ], [ 3008.4, 884.8 ], [ 3007.5, 885.2 ], [ 3006.5, 884.9 ], [ 3005.6, 884.1 ], [ 3004.3, 882.0 ], [ 3003.9, 881.0 ], [ 3003.6, 879.8 ], [ 3003.3, 878.7 ], [ 3002.4, 877.7 ], [ 3001.3, 877.3 ], [ 2992.9, 877.7 ], [ 2991.7, 878.1 ], [ 2991.0, 879.0 ], [ 2990.5, 880.1 ], [ 2989.9, 880.9 ], [ 2987.6, 881.8 ], [ 2983.0, 881.5 ], [ 2980.9, 882.0 ], [ 2983.1, 884.4 ], [ 2995.6, 887.2 ], [ 2996.5, 887.9 ], [ 2996.1, 889.5 ], [ 2994.7, 892.7 ], [ 2994.0, 895.4 ], [ 2994.2, 896.6 ], [ 2995.4, 896.9 ], [ 2997.7, 896.8 ], [ 2997.7, 897.9 ], [ 2994.1, 899.9 ], [ 2993.1, 901.7 ], [ 2994.1, 904.2 ], [ 2993.7, 904.5 ], [ 2992.9, 905.4 ], [ 2990.9, 904.1 ], [ 2981.3, 906.9 ], [ 2976.9, 909.2 ], [ 2974.3, 909.5 ], [ 2968.9, 907.3 ], [ 2965.8, 904.6 ], [ 2965.0, 904.1 ], [ 2956.0, 904.0 ], [ 2953.9, 903.0 ], [ 2953.7, 903.6 ], [ 2953.5, 904.0 ], [ 2953.4, 904.5 ], [ 2953.3, 905.2 ], [ 2955.2, 906.1 ], [ 2961.4, 906.2 ], [ 2962.6, 906.9 ], [ 2967.1, 911.6 ], [ 2968.0, 913.5 ], [ 2968.6, 915.2 ], [ 2969.5, 916.4 ], [ 2971.3, 916.8 ], [ 2979.6, 916.9 ], [ 2978.2, 918.6 ], [ 2973.6, 922.2 ], [ 2971.2, 925.4 ], [ 2970.0, 926.2 ], [ 2968.0, 926.4 ], [ 2967.2, 927.1 ], [ 2967.1, 928.5 ], [ 2967.0, 930.0 ], [ 2966.7, 930.7 ], [ 2961.2, 932.0 ], [ 2959.2, 933.5 ], [ 2957.9, 933.8 ], [ 2956.9, 933.5 ], [ 2954.9, 932.7 ], [ 2953.8, 932.7 ], [ 2954.0, 933.3 ], [ 2954.4, 933.8 ], [ 2953.1, 935.6 ], [ 2949.8, 936.6 ], [ 2948.3, 938.0 ], [ 2949.9, 938.9 ], [ 2951.5, 938.9 ], [ 2955.8, 937.7 ], [ 2956.7, 937.3 ], [ 2957.5, 937.0 ], [ 2962.6, 939.8 ], [ 2962.9, 941.6 ], [ 2962.5, 943.7 ], [ 2961.5, 945.5 ], [ 2960.3, 946.3 ], [ 2957.4, 946.9 ], [ 2956.1, 947.6 ], [ 2956.5, 949.3 ], [ 2957.6, 951.7 ], [ 2957.9, 952.9 ], [ 2957.6, 954.6 ], [ 2957.1, 956.0 ], [ 2957.2, 957.1 ], [ 2959.0, 958.3 ], [ 2960.1, 959.3 ], [ 2961.1, 960.7 ], [ 2961.4, 962.3 ], [ 2960.2, 963.5 ], [ 2960.2, 964.6 ], [ 2961.1, 965.7 ], [ 2964.3, 971.3 ], [ 2965.4, 971.8 ], [ 2966.5, 972.8 ], [ 2966.8, 975.3 ], [ 2966.5, 977.1 ], [ 2965.9, 978.2 ], [ 2965.3, 979.6 ], [ 2965.0, 982.1 ], [ 2964.5, 983.2 ], [ 2963.4, 984.0 ], [ 2962.0, 984.5 ], [ 2960.7, 984.6 ], [ 2955.5, 983.6 ], [ 2954.3, 984.0 ], [ 2953.6, 984.8 ], [ 2953.0, 985.8 ], [ 2952.2, 986.8 ], [ 2950.1, 988.1 ], [ 2948.8, 988.7 ], [ 2947.6, 988.9 ], [ 2946.9, 989.5 ], [ 2946.9, 990.9 ], [ 2947.6, 992.0 ], [ 2949.2, 992.0 ], [ 2949.1, 993.1 ], [ 2946.5, 993.0 ], [ 2945.3, 993.3 ], [ 2944.2, 994.2 ], [ 2945.1, 994.9 ], [ 2946.2, 995.2 ], [ 2948.8, 995.2 ], [ 2950.0, 995.8 ], [ 2951.2, 997.2 ], [ 2953.3, 1000.5 ], [ 2951.0, 1003.5 ], [ 2949.5, 1005.0 ], [ 2947.8, 1005.9 ], [ 2943.8, 1006.7 ], [ 2942.1, 1007.9 ], [ 2942.9, 1010.1 ], [ 2944.0, 1010.1 ], [ 2949.0, 1008.1 ], [ 2951.3, 1008.3 ], [ 2952.1, 1008.1 ], [ 2952.7, 1007.6 ], [ 2953.4, 1006.9 ], [ 2954.1, 1006.2 ], [ 2955.1, 1005.9 ], [ 2957.0, 1006.7 ], [ 2960.6, 1010.7 ], [ 2962.4, 1012.3 ], [ 2967.3, 1013.6 ], [ 2968.5, 1014.5 ], [ 2969.2, 1016.8 ], [ 2971.1, 1028.5 ], [ 2971.3, 1029.2 ], [ 2971.2, 1029.7 ], [ 2970.3, 1030.4 ], [ 2969.0, 1030.4 ], [ 2967.7, 1029.7 ], [ 2966.7, 1029.5 ], [ 2966.0, 1031.4 ], [ 2967.1, 1031.8 ], [ 2968.2, 1032.5 ], [ 2969.0, 1033.4 ], [ 2969.6, 1034.5 ], [ 2970.0, 1035.8 ], [ 2970.1, 1037.6 ], [ 2969.8, 1039.2 ], [ 2968.4, 1039.9 ], [ 2967.4, 1039.2 ], [ 2966.1, 1036.3 ], [ 2965.4, 1035.7 ], [ 2961.6, 1035.9 ], [ 2960.5, 1035.6 ], [ 2958.8, 1034.6 ], [ 2958.9, 1034.0 ], [ 2959.7, 1033.4 ], [ 2959.8, 1032.5 ], [ 2958.3, 1030.1 ], [ 2957.7, 1028.8 ], [ 2958.3, 1028.1 ], [ 2960.7, 1027.2 ], [ 2960.2, 1025.4 ], [ 2958.1, 1024.2 ], [ 2955.6, 1024.9 ], [ 2955.1, 1025.9 ], [ 2953.9, 1029.0 ], [ 2952.9, 1030.7 ], [ 2952.3, 1031.9 ], [ 2951.9, 1032.4 ], [ 2951.2, 1032.6 ], [ 2949.8, 1032.4 ], [ 2949.2, 1032.9 ], [ 2947.6, 1034.7 ], [ 2943.9, 1037.9 ], [ 2942.7, 1039.8 ], [ 2942.0, 1043.0 ], [ 2942.1, 1043.0 ], [ 2943.4, 1043.0 ], [ 2948.7, 1040.4 ], [ 2950.5, 1038.3 ], [ 2952.6, 1037.4 ], [ 2953.8, 1035.4 ], [ 2954.9, 1034.5 ], [ 2955.2, 1040.0 ], [ 2959.5, 1041.7 ], [ 2965.0, 1042.0 ], [ 2968.7, 1043.6 ], [ 2970.3, 1044.8 ], [ 2972.6, 1045.9 ], [ 2974.7, 1047.4 ], [ 2975.6, 1050.1 ], [ 2976.7, 1051.5 ], [ 2979.0, 1051.1 ], [ 2983.1, 1049.5 ], [ 2982.8, 1046.3 ], [ 2984.9, 1046.2 ], [ 2987.8, 1048.0 ], [ 2989.8, 1050.6 ], [ 2991.0, 1055.9 ], [ 2991.6, 1057.1 ], [ 2992.4, 1058.3 ], [ 2994.1, 1060.1 ], [ 2993.0, 1061.0 ], [ 2991.8, 1060.8 ], [ 2990.7, 1060.3 ], [ 2989.8, 1060.1 ], [ 2989.9, 1060.4 ], [ 2987.6, 1062.2 ], [ 2987.4, 1062.2 ], [ 2986.8, 1062.6 ], [ 2986.4, 1062.6 ], [ 2986.2, 1062.9 ], [ 2986.1, 1064.3 ], [ 2987.5, 1064.4 ], [ 2989.8, 1063.7 ], [ 2992.1, 1063.6 ], [ 2993.5, 1065.4 ], [ 2994.5, 1064.6 ], [ 2995.5, 1064.5 ], [ 2996.0, 1065.4 ], [ 2995.3, 1067.6 ], [ 2995.8, 1069.8 ], [ 2995.8, 1072.8 ], [ 2995.3, 1079.2 ], [ 2994.9, 1082.0 ], [ 2994.3, 1084.2 ], [ 2993.4, 1085.9 ], [ 2992.3, 1087.6 ], [ 2989.4, 1090.3 ], [ 2985.7, 1092.3 ], [ 2981.8, 1093.6 ], [ 2978.0, 1094.0 ], [ 2978.0, 1095.1 ], [ 2981.9, 1097.1 ], [ 3003.7, 1091.9 ], [ 3005.4, 1092.5 ], [ 3010.9, 1097.3 ], [ 3009.1, 1099.1 ], [ 3009.1, 1100.8 ], [ 3009.8, 1102.7 ], [ 3010.3, 1105.1 ], [ 3009.7, 1107.2 ], [ 3008.5, 1109.1 ], [ 3006.8, 1110.5 ], [ 3005.3, 1111.0 ], [ 3005.5, 1111.4 ], [ 3005.8, 1111.6 ], [ 3005.9, 1112.1 ], [ 3005.3, 1113.1 ], [ 3006.3, 1114.2 ], [ 3006.5, 1115.5 ], [ 3006.2, 1116.9 ], [ 3005.3, 1118.4 ], [ 3007.3, 1117.7 ], [ 3008.8, 1115.8 ], [ 3010.9, 1111.0 ], [ 3012.1, 1105.9 ], [ 3012.7, 1104.6 ], [ 3013.6, 1104.0 ], [ 3017.0, 1103.6 ], [ 3018.3, 1102.9 ], [ 3018.9, 1102.0 ], [ 3019.3, 1101.1 ], [ 3020.2, 1100.3 ], [ 3021.2, 1100.0 ], [ 3025.0, 1100.3 ], [ 3027.0, 1101.3 ], [ 3032.5, 1105.6 ], [ 3046.8, 1111.9 ], [ 3055.0, 1119.4 ], [ 3058.7, 1120.3 ], [ 3062.8, 1119.5 ], [ 3065.9, 1117.6 ], [ 3071.0, 1112.7 ], [ 3073.9, 1110.7 ], [ 3077.0, 1109.4 ], [ 3084.5, 1108.3 ], [ 3084.6, 1109.3 ], [ 3082.9, 1109.4 ], [ 3080.7, 1109.5 ], [ 3082.3, 1110.2 ], [ 3083.8, 1109.6 ], [ 3086.0, 1111.1 ], [ 3092.2, 1107.1 ], [ 3095.1, 1108.1 ], [ 3091.8, 1111.9 ], [ 3090.9, 1113.5 ], [ 3090.3, 1113.0 ], [ 3088.9, 1112.4 ], [ 3089.9, 1114.9 ], [ 3090.9, 1121.1 ], [ 3091.6, 1124.0 ], [ 3091.0, 1126.0 ], [ 3091.1, 1128.6 ], [ 3091.8, 1133.1 ], [ 3091.4, 1135.7 ], [ 3090.6, 1137.1 ], [ 3089.7, 1138.1 ], [ 3089.3, 1139.5 ], [ 3078.9, 1146.5 ], [ 3075.3, 1151.2 ], [ 3073.7, 1152.3 ], [ 3070.0, 1153.6 ], [ 3069.3, 1153.6 ], [ 3068.6, 1154.3 ], [ 3068.0, 1153.8 ], [ 3067.3, 1153.2 ], [ 3066.5, 1153.1 ], [ 3065.8, 1153.6 ], [ 3065.4, 1154.0 ], [ 3062.0, 1159.5 ], [ 3061.0, 1160.5 ], [ 3061.1, 1161.5 ], [ 3062.3, 1164.5 ], [ 3063.6, 1166.7 ], [ 3065.4, 1168.2 ], [ 3067.9, 1168.9 ], [ 3071.4, 1168.5 ], [ 3072.3, 1168.9 ], [ 3073.0, 1170.5 ], [ 3073.1, 1172.3 ], [ 3073.5, 1173.7 ], [ 3074.8, 1174.1 ], [ 3075.2, 1174.1 ], [ 3076.3, 1174.2 ], [ 3076.7, 1174.1 ], [ 3077.9, 1173.2 ], [ 3080.5, 1170.3 ], [ 3082.0, 1169.7 ], [ 3083.7, 1169.3 ], [ 3088.5, 1166.6 ], [ 3099.6, 1165.0 ], [ 3100.4, 1165.3 ], [ 3101.1, 1166.2 ], [ 3101.7, 1168.3 ], [ 3102.4, 1169.4 ], [ 3105.6, 1170.2 ], [ 3106.1, 1171.0 ], [ 3105.8, 1174.5 ], [ 3106.0, 1176.2 ], [ 3107.2, 1176.8 ], [ 3109.9, 1176.9 ], [ 3110.6, 1176.7 ], [ 3114.3, 1173.5 ], [ 3115.0, 1174.0 ], [ 3116.0, 1176.1 ], [ 3116.5, 1176.6 ], [ 3120.3, 1176.6 ], [ 3120.4, 1177.0 ], [ 3124.0, 1181.4 ], [ 3124.7, 1181.9 ], [ 3125.7, 1181.8 ], [ 3125.8, 1180.2 ], [ 3126.7, 1177.7 ], [ 3127.3, 1174.6 ], [ 3126.9, 1172.1 ], [ 3127.5, 1171.0 ], [ 3128.4, 1170.2 ], [ 3129.2, 1170.0 ], [ 3129.0, 1169.4 ], [ 3128.7, 1167.6 ], [ 3128.5, 1166.9 ], [ 3131.6, 1163.7 ], [ 3131.6, 1162.5 ], [ 3130.9, 1162.5 ], [ 3130.9, 1161.6 ], [ 3133.3, 1162.5 ], [ 3134.0, 1162.4 ], [ 3135.9, 1161.0 ], [ 3137.4, 1156.9 ], [ 3138.6, 1156.0 ], [ 3139.3, 1155.7 ], [ 3139.9, 1155.0 ], [ 3140.4, 1154.0 ], [ 3140.7, 1152.9 ], [ 3140.8, 1152.1 ], [ 3140.1, 1151.6 ], [ 3140.1, 1150.8 ], [ 3140.3, 1150.0 ], [ 3140.7, 1149.5 ], [ 3141.0, 1149.0 ], [ 3143.2, 1144.9 ], [ 3146.0, 1142.8 ], [ 3149.6, 1142.2 ], [ 3157.2, 1143.4 ], [ 3178.7, 1138.2 ], [ 3182.0, 1135.9 ], [ 3182.6, 1140.3 ], [ 3182.4, 1144.6 ], [ 3182.7, 1148.3 ], [ 3184.9, 1150.7 ], [ 3184.0, 1148.8 ], [ 3183.4, 1144.8 ], [ 3182.9, 1143.3 ], [ 3183.8, 1141.5 ], [ 3186.4, 1139.9 ], [ 3187.1, 1137.8 ], [ 3186.1, 1137.8 ], [ 3185.1, 1138.0 ], [ 3184.2, 1138.4 ], [ 3183.3, 1139.0 ], [ 3184.0, 1137.5 ], [ 3186.9, 1133.4 ], [ 3188.7, 1131.7 ], [ 3190.8, 1128.0 ], [ 3192.0, 1127.1 ], [ 3193.2, 1126.7 ], [ 3199.9, 1122.8 ], [ 3203.2, 1119.8 ], [ 3204.5, 1118.2 ], [ 3207.6, 1111.7 ], [ 3212.8, 1103.7 ], [ 3213.3, 1102.2 ], [ 3216.8, 1095.5 ], [ 3218.1, 1091.4 ], [ 3219.1, 1090.1 ], [ 3220.9, 1089.1 ], [ 3220.9, 1090.0 ], [ 3220.3, 1090.0 ], [ 3222.3, 1093.1 ], [ 3226.3, 1094.5 ], [ 3246.8, 1093.8 ], [ 3250.2, 1095.3 ], [ 3252.3, 1094.0 ], [ 3254.9, 1094.5 ], [ 3256.1, 1096.2 ], [ 3254.0, 1098.4 ], [ 3251.7, 1099.0 ], [ 3242.0, 1098.5 ], [ 3238.1, 1097.2 ], [ 3235.7, 1097.0 ], [ 3235.0, 1097.3 ], [ 3234.1, 1098.8 ], [ 3233.6, 1099.2 ], [ 3231.7, 1099.2 ], [ 3229.4, 1098.9 ], [ 3228.5, 1099.4 ], [ 3228.1, 1101.5 ], [ 3227.5, 1100.4 ], [ 3227.0, 1100.7 ], [ 3226.2, 1101.4 ], [ 3225.6, 1101.6 ], [ 3225.9, 1102.9 ], [ 3226.2, 1103.5 ], [ 3226.8, 1103.6 ], [ 3227.6, 1103.7 ], [ 3227.3, 1103.8 ], [ 3227.0, 1103.8 ], [ 3226.9, 1104.0 ], [ 3226.9, 1104.7 ], [ 3225.2, 1103.8 ], [ 3223.2, 1104.1 ], [ 3221.6, 1105.2 ], [ 3220.9, 1107.0 ], [ 3219.4, 1105.2 ], [ 3217.5, 1104.4 ], [ 3214.3, 1104.2 ], [ 3212.8, 1104.9 ], [ 3211.7, 1106.8 ], [ 3211.1, 1109.2 ], [ 3211.7, 1111.6 ], [ 3210.4, 1111.4 ], [ 3209.9, 1111.2 ], [ 3209.2, 1110.6 ], [ 3208.6, 1111.7 ], [ 3209.3, 1113.5 ], [ 3208.9, 1115.4 ], [ 3207.8, 1116.7 ], [ 3206.4, 1117.1 ], [ 3207.1, 1119.2 ], [ 3207.9, 1120.9 ], [ 3208.1, 1122.2 ], [ 3207.1, 1123.5 ], [ 3211.2, 1126.1 ], [ 3213.4, 1126.6 ], [ 3215.3, 1125.3 ], [ 3213.9, 1125.4 ], [ 3212.8, 1124.9 ], [ 3210.9, 1123.3 ], [ 3211.4, 1121.5 ], [ 3212.2, 1120.1 ], [ 3214.4, 1117.8 ], [ 3214.9, 1117.5 ], [ 3215.9, 1117.1 ], [ 3216.3, 1116.8 ], [ 3216.6, 1116.0 ], [ 3216.6, 1114.1 ], [ 3216.7, 1113.4 ], [ 3218.2, 1112.1 ], [ 3224.0, 1109.0 ], [ 3222.7, 1108.2 ], [ 3222.2, 1108.0 ], [ 3222.1, 1107.0 ], [ 3223.8, 1106.3 ], [ 3224.4, 1106.3 ], [ 3225.2, 1106.9 ], [ 3225.1, 1105.8 ], [ 3226.9, 1107.3 ], [ 3229.5, 1106.5 ], [ 3234.4, 1103.5 ], [ 3234.1, 1103.0 ], [ 3233.8, 1101.8 ], [ 3233.7, 1101.3 ], [ 3234.6, 1100.6 ], [ 3235.6, 1100.1 ], [ 3236.7, 1099.9 ], [ 3237.9, 1100.0 ], [ 3237.9, 1101.1 ], [ 3236.6, 1101.5 ], [ 3235.7, 1102.8 ], [ 3235.2, 1104.6 ], [ 3235.1, 1106.5 ], [ 3236.1, 1104.5 ], [ 3236.5, 1103.5 ], [ 3236.8, 1102.2 ], [ 3237.6, 1103.7 ], [ 3238.6, 1105.0 ], [ 3239.7, 1105.4 ], [ 3240.6, 1104.2 ], [ 3241.7, 1105.1 ], [ 3242.7, 1105.0 ], [ 3243.5, 1104.3 ], [ 3244.3, 1103.1 ], [ 3244.6, 1104.3 ], [ 3245.0, 1105.4 ], [ 3245.7, 1106.4 ], [ 3247.3, 1108.3 ], [ 3247.6, 1108.5 ], [ 3247.9, 1108.4 ], [ 3248.8, 1108.1 ], [ 3250.6, 1108.2 ], [ 3251.5, 1107.9 ], [ 3252.5, 1106.9 ], [ 3253.2, 1105.6 ], [ 3254.0, 1103.1 ], [ 3254.8, 1101.5 ], [ 3257.0, 1099.1 ], [ 3260.5, 1096.7 ], [ 3264.0, 1095.2 ], [ 3266.3, 1095.8 ], [ 3265.2, 1096.9 ], [ 3265.2, 1098.8 ], [ 3266.0, 1100.7 ], [ 3267.1, 1102.2 ], [ 3271.1, 1104.0 ], [ 3272.3, 1105.0 ], [ 3270.7, 1108.2 ], [ 3271.1, 1110.5 ], [ 3273.9, 1114.6 ], [ 3274.2, 1116.3 ], [ 3274.3, 1117.9 ], [ 3274.6, 1119.2 ], [ 3275.7, 1119.7 ], [ 3279.7, 1119.5 ], [ 3279.7, 1120.7 ], [ 3278.9, 1120.7 ], [ 3278.3, 1121.0 ], [ 3277.3, 1121.7 ], [ 3280.3, 1121.3 ], [ 3285.1, 1123.8 ], [ 3288.3, 1124.4 ], [ 3290.7, 1125.6 ], [ 3294.0, 1131.6 ], [ 3296.5, 1133.7 ], [ 3295.2, 1134.7 ], [ 3294.1, 1135.9 ], [ 3296.4, 1135.8 ], [ 3299.7, 1133.9 ], [ 3301.5, 1134.5 ], [ 3300.9, 1136.3 ], [ 3300.5, 1137.1 ], [ 3299.8, 1137.8 ], [ 3300.9, 1138.4 ], [ 3301.6, 1138.0 ], [ 3302.1, 1137.4 ], [ 3303.0, 1137.6 ], [ 3303.5, 1138.4 ], [ 3305.0, 1141.8 ], [ 3306.3, 1144.1 ], [ 3307.7, 1145.9 ], [ 3309.4, 1146.9 ], [ 3311.6, 1146.8 ], [ 3311.5, 1145.8 ], [ 3310.7, 1145.1 ], [ 3309.6, 1143.4 ], [ 3308.8, 1142.7 ], [ 3308.8, 1141.7 ], [ 3319.9, 1138.9 ], [ 3322.5, 1137.5 ], [ 3327.0, 1134.1 ], [ 3329.5, 1133.1 ], [ 3330.0, 1133.9 ], [ 3329.8, 1134.6 ], [ 3329.3, 1135.1 ], [ 3328.4, 1135.4 ], [ 3328.4, 1136.4 ], [ 3331.3, 1137.6 ], [ 3338.8, 1143.3 ], [ 3338.9, 1144.4 ], [ 3337.7, 1146.7 ], [ 3337.1, 1149.7 ], [ 3336.1, 1152.5 ], [ 3333.7, 1154.2 ], [ 3334.9, 1155.0 ], [ 3337.7, 1158.2 ], [ 3338.7, 1159.7 ], [ 3339.3, 1160.1 ], [ 3341.9, 1161.1 ], [ 3342.6, 1161.5 ], [ 3343.0, 1162.5 ], [ 3343.4, 1163.6 ], [ 3343.7, 1164.3 ], [ 3343.8, 1164.9 ], [ 3343.7, 1165.6 ], [ 3343.7, 1166.2 ], [ 3344.1, 1166.4 ], [ 3345.4, 1166.2 ], [ 3345.7, 1166.3 ], [ 3346.2, 1166.7 ], [ 3346.8, 1167.0 ], [ 3347.4, 1167.2 ], [ 3347.9, 1167.3 ], [ 3349.1, 1167.8 ], [ 3349.3, 1169.3 ], [ 3348.8, 1171.1 ], [ 3347.9, 1172.6 ], [ 3341.6, 1178.3 ], [ 3340.8, 1180.4 ], [ 3341.7, 1182.2 ], [ 3343.5, 1183.0 ], [ 3345.2, 1183.3 ], [ 3346.0, 1183.8 ], [ 3346.7, 1185.4 ], [ 3348.1, 1187.3 ], [ 3349.6, 1188.6 ], [ 3350.6, 1188.3 ], [ 3357.7, 1193.6 ], [ 3360.7, 1194.1 ], [ 3362.3, 1195.9 ], [ 3362.7, 1196.2 ], [ 3364.9, 1195.9 ], [ 3365.6, 1196.0 ], [ 3368.0, 1197.3 ], [ 3369.1, 1197.7 ], [ 3376.5, 1197.8 ], [ 3379.0, 1196.9 ], [ 3380.0, 1194.7 ], [ 3380.7, 1194.2 ], [ 3382.1, 1194.4 ], [ 3383.5, 1195.6 ], [ 3383.9, 1198.1 ], [ 3383.3, 1199.3 ], [ 3379.2, 1202.6 ], [ 3380.4, 1203.2 ], [ 3381.8, 1203.6 ], [ 3383.2, 1203.7 ], [ 3384.0, 1203.6 ], [ 3384.8, 1203.4 ], [ 3386.4, 1202.6 ], [ 3387.6, 1201.4 ], [ 3387.6, 1200.1 ], [ 3386.0, 1199.1 ], [ 3386.8, 1198.5 ], [ 3387.1, 1198.0 ], [ 3386.8, 1197.5 ], [ 3385.8, 1197.0 ], [ 3386.3, 1195.8 ], [ 3387.2, 1196.6 ], [ 3388.5, 1197.1 ], [ 3389.7, 1197.9 ], [ 3391.0, 1200.8 ], [ 3392.3, 1201.7 ], [ 3394.9, 1202.8 ], [ 3396.9, 1204.7 ], [ 3397.9, 1205.5 ], [ 3402.0, 1205.9 ], [ 3407.1, 1207.4 ], [ 3408.9, 1208.6 ], [ 3410.4, 1210.5 ], [ 3413.8, 1216.1 ], [ 3414.9, 1217.4 ], [ 3415.4, 1216.9 ], [ 3415.3, 1214.5 ], [ 3415.6, 1213.0 ], [ 3416.4, 1212.0 ], [ 3417.6, 1210.9 ], [ 3417.4, 1210.3 ], [ 3417.4, 1209.7 ], [ 3417.4, 1208.8 ], [ 3416.4, 1208.6 ], [ 3414.0, 1208.5 ], [ 3413.0, 1208.0 ], [ 3409.7, 1201.4 ], [ 3410.1, 1197.9 ], [ 3411.9, 1191.1 ], [ 3413.0, 1191.9 ], [ 3413.9, 1191.6 ], [ 3414.8, 1191.0 ], [ 3416.2, 1190.8 ], [ 3415.3, 1186.9 ], [ 3415.5, 1183.8 ], [ 3415.9, 1181.0 ], [ 3416.1, 1178.1 ], [ 3415.4, 1178.1 ], [ 3415.3, 1180.0 ], [ 3414.7, 1181.3 ], [ 3412.6, 1183.6 ], [ 3413.3, 1184.6 ], [ 3412.5, 1184.3 ], [ 3411.8, 1184.0 ], [ 3411.2, 1183.4 ], [ 3410.7, 1182.7 ], [ 3411.1, 1182.2 ], [ 3411.9, 1181.0 ], [ 3412.4, 1180.4 ], [ 3411.0, 1177.9 ], [ 3408.8, 1176.8 ], [ 3398.6, 1176.4 ], [ 3397.0, 1174.9 ], [ 3398.0, 1171.8 ], [ 3397.7, 1171.5 ], [ 3397.6, 1171.5 ], [ 3397.6, 1171.3 ], [ 3397.4, 1170.8 ], [ 3396.6, 1172.4 ], [ 3395.9, 1172.6 ], [ 3395.1, 1172.3 ], [ 3394.0, 1172.0 ], [ 3393.2, 1172.4 ], [ 3392.6, 1173.2 ], [ 3392.1, 1174.2 ], [ 3391.3, 1175.3 ], [ 3394.1, 1175.7 ], [ 3395.6, 1176.2 ], [ 3396.5, 1177.2 ], [ 3396.4, 1179.1 ], [ 3395.5, 1180.5 ], [ 3394.4, 1181.1 ], [ 3393.5, 1180.5 ], [ 3391.1, 1182.3 ], [ 3389.9, 1182.8 ], [ 3388.6, 1183.0 ], [ 3388.7, 1184.0 ], [ 3390.0, 1184.4 ], [ 3389.9, 1184.8 ], [ 3388.8, 1185.1 ], [ 3387.9, 1185.0 ], [ 3386.4, 1184.3 ], [ 3385.3, 1184.2 ], [ 3383.7, 1183.3 ], [ 3379.0, 1177.2 ], [ 3376.8, 1176.3 ], [ 3376.5, 1176.4 ], [ 3366.3, 1178.1 ], [ 3364.2, 1178.0 ], [ 3362.6, 1177.0 ], [ 3360.6, 1179.5 ], [ 3358.0, 1181.2 ], [ 3352.9, 1182.9 ], [ 3347.1, 1183.3 ], [ 3343.8, 1182.5 ], [ 3342.0, 1180.3 ], [ 3343.2, 1179.8 ], [ 3345.0, 1178.2 ], [ 3347.9, 1177.4 ], [ 3351.0, 1175.4 ], [ 3351.8, 1174.5 ], [ 3352.2, 1170.0 ], [ 3348.5, 1163.7 ], [ 3348.5, 1159.7 ], [ 3353.1, 1159.8 ], [ 3354.8, 1160.4 ], [ 3354.2, 1161.5 ], [ 3354.5, 1162.4 ], [ 3353.9, 1165.5 ], [ 3353.9, 1167.9 ], [ 3355.2, 1165.3 ], [ 3356.3, 1164.6 ], [ 3360.0, 1164.4 ], [ 3359.6, 1164.8 ], [ 3359.2, 1165.2 ], [ 3359.0, 1165.8 ], [ 3358.9, 1166.7 ], [ 3362.1, 1167.5 ], [ 3361.2, 1165.5 ], [ 3362.2, 1161.6 ], [ 3361.8, 1157.5 ], [ 3360.4, 1155.0 ], [ 3358.3, 1156.0 ], [ 3357.4, 1153.5 ], [ 3356.3, 1151.5 ], [ 3355.0, 1150.0 ], [ 3353.5, 1148.9 ], [ 3351.7, 1148.5 ], [ 3349.9, 1149.0 ], [ 3349.0, 1150.3 ], [ 3349.9, 1152.2 ], [ 3350.0, 1153.3 ], [ 3349.2, 1153.8 ], [ 3348.5, 1154.8 ], [ 3347.9, 1156.0 ], [ 3347.7, 1157.2 ], [ 3347.1, 1157.5 ], [ 3344.0, 1158.9 ], [ 3344.1, 1156.8 ], [ 3344.7, 1155.5 ], [ 3345.4, 1154.6 ], [ 3345.6, 1153.5 ], [ 3345.0, 1151.7 ], [ 3344.3, 1151.5 ], [ 3343.6, 1152.1 ], [ 3340.7, 1153.6 ], [ 3339.5, 1155.4 ], [ 3338.3, 1156.8 ], [ 3336.4, 1156.2 ], [ 3337.0, 1153.1 ], [ 3339.2, 1147.9 ], [ 3339.5, 1143.8 ], [ 3338.5, 1141.5 ], [ 3334.6, 1137.8 ], [ 3333.4, 1136.1 ], [ 3334.2, 1134.3 ], [ 3335.5, 1132.8 ], [ 3337.1, 1132.0 ], [ 3338.9, 1132.6 ], [ 3339.7, 1134.1 ], [ 3341.9, 1139.0 ], [ 3343.0, 1141.0 ], [ 3345.6, 1143.3 ], [ 3351.8, 1146.5 ], [ 3355.3, 1147.6 ], [ 3358.1, 1149.2 ], [ 3375.2, 1165.9 ], [ 3376.8, 1167.0 ], [ 3376.8, 1167.0 ], [ 3378.4, 1167.6 ], [ 3379.4, 1168.4 ], [ 3382.3, 1169.3 ], [ 3391.4, 1169.5 ], [ 3394.9, 1168.5 ], [ 3398.4, 1166.4 ], [ 3404.6, 1161.2 ], [ 3428.0, 1148.9 ], [ 3448.3, 1142.1 ], [ 3472.8, 1129.6 ], [ 3488.8, 1124.0 ], [ 3506.3, 1117.8 ], [ 3523.2, 1108.4 ], [ 3537.6, 1105.4 ], [ 3547.3, 1101.2 ], [ 3546.2, 1102.5 ], [ 3541.9, 1104.9 ], [ 3544.0, 1106.1 ], [ 3551.8, 1104.0 ], [ 3551.8, 1103.1 ], [ 3551.1, 1103.1 ], [ 3551.0, 1102.0 ], [ 3555.3, 1101.6 ], [ 3555.2, 1100.9 ], [ 3555.1, 1100.7 ], [ 3555.0, 1100.8 ], [ 3554.6, 1100.6 ], [ 3554.6, 1098.1 ], [ 3552.5, 1098.2 ], [ 3547.7, 1100.1 ], [ 3550.7, 1098.3 ], [ 3554.2, 1095.6 ], [ 3559.2, 1088.5 ], [ 3558.3, 1090.9 ], [ 3556.5, 1093.2 ], [ 3555.8, 1094.4 ], [ 3556.6, 1094.1 ], [ 3558.2, 1093.6 ], [ 3559.6, 1092.9 ], [ 3560.7, 1091.3 ], [ 3563.7, 1089.5 ], [ 3564.7, 1088.0 ], [ 3563.5, 1085.9 ], [ 3561.7, 1086.0 ], [ 3561.0, 1087.0 ], [ 3559.8, 1088.5 ], [ 3563.0, 1081.6 ], [ 3572.2, 1067.2 ], [ 3572.3, 1068.2 ], [ 3571.9, 1069.7 ], [ 3572.9, 1070.0 ], [ 3574.3, 1069.3 ], [ 3575.3, 1067.9 ], [ 3575.7, 1065.8 ], [ 3575.1, 1065.2 ], [ 3574.0, 1065.8 ], [ 3572.8, 1067.2 ], [ 3574.3, 1063.3 ], [ 3577.1, 1059.9 ], [ 3582.9, 1055.5 ], [ 3601.3, 1051.0 ], [ 3608.3, 1047.4 ], [ 3612.0, 1046.4 ], [ 3615.3, 1044.9 ], [ 3622.9, 1034.7 ], [ 3648.5, 1019.3 ], [ 3681.5, 1009.4 ], [ 3696.0, 1002.6 ], [ 3719.5, 997.8 ], [ 3734.1, 996.1 ], [ 3736.2, 996.6 ], [ 3739.7, 999.1 ], [ 3741.0, 999.5 ], [ 3742.9, 999.8 ], [ 3775.4, 1014.3 ], [ 3781.9, 1020.8 ], [ 3783.0, 1022.4 ], [ 3784.2, 1024.7 ], [ 3784.6, 1026.8 ], [ 3783.1, 1027.7 ], [ 3782.6, 1027.3 ], [ 3782.0, 1026.2 ], [ 3781.4, 1025.1 ], [ 3779.6, 1024.2 ], [ 3778.2, 1021.4 ], [ 3776.5, 1019.7 ], [ 3771.3, 1013.1 ], [ 3770.5, 1012.8 ], [ 3767.3, 1012.5 ], [ 3766.4, 1012.3 ], [ 3765.4, 1010.9 ], [ 3762.8, 1010.4 ], [ 3757.0, 1007.3 ], [ 3751.5, 1005.4 ], [ 3750.5, 1004.3 ], [ 3747.4, 1002.4 ], [ 3746.6, 1002.2 ], [ 3745.5, 1002.8 ], [ 3745.1, 1003.6 ], [ 3744.3, 1008.2 ], [ 3744.3, 1009.2 ], [ 3744.5, 1011.5 ], [ 3745.1, 1012.0 ], [ 3747.3, 1012.7 ], [ 3747.9, 1013.2 ], [ 3749.2, 1015.0 ], [ 3750.8, 1017.7 ], [ 3750.9, 1018.8 ], [ 3750.7, 1019.9 ], [ 3750.8, 1020.9 ], [ 3752.0, 1021.9 ], [ 3751.8, 1024.9 ], [ 3753.0, 1026.1 ], [ 3754.7, 1025.5 ], [ 3755.9, 1023.5 ], [ 3755.7, 1026.1 ], [ 3756.7, 1028.0 ], [ 3758.0, 1029.6 ], [ 3761.1, 1036.3 ], [ 3762.0, 1037.7 ], [ 3762.0, 1041.3 ], [ 3762.8, 1047.4 ], [ 3764.1, 1053.1 ], [ 3765.7, 1055.5 ], [ 3767.2, 1055.8 ], [ 3770.1, 1057.6 ], [ 3771.6, 1057.9 ], [ 3772.8, 1057.9 ], [ 3774.4, 1058.2 ], [ 3775.8, 1058.8 ], [ 3776.5, 1060.1 ], [ 3778.2, 1062.1 ], [ 3794.0, 1065.1 ], [ 3797.3, 1064.9 ], [ 3799.9, 1063.0 ], [ 3800.8, 1063.7 ], [ 3801.9, 1064.2 ], [ 3804.5, 1064.6 ] ] } },
{ "type": "Feature", "properties": { "scalerank": 5, "featurecla": "Coastline" }, "geometry": { "type": "LineString", "coordinates": [ [ 2419.6, 1503.4 ], [ 2418.7, 1502.5 ], [ 2418.2, 1501.6 ], [ 2417.8, 1500.8 ], [ 2414.5, 1496.1 ], [ 2413.1, 1494.7 ], [ 2411.0, 1494.1 ], [ 2401.9, 1493.1 ], [ 2400.7, 1492.3 ], [ 2399.1, 1492.0 ], [ 2398.7, 1492.1 ], [ 2390.5, 1492.6 ], [ 2386.9, 1494.5 ], [ 2386.2, 1499.5 ], [ 2387.3, 1501.5 ], [ 2389.2, 1502.2 ], [ 2393.5, 1502.3 ], [ 2394.1, 1501.9 ], [ 2396.7, 1499.2 ], [ 2398.0, 1499.4 ], [ 2398.7, 1500.2 ], [ 2399.3, 1501.1 ], [ 2399.9, 1501.7 ], [ 2403.5, 1503.6 ], [ 2404.9, 1504.9 ], [ 2405.3, 1506.9 ], [ 2406.1, 1509.1 ], [ 2408.0, 1510.7 ], [ 2411.5, 1512.3 ], [ 2413.2, 1512.6 ], [ 2420.7, 1511.7 ], [ 2422.4, 1511.2 ], [ 2424.1, 1510.2 ], [ 2425.2, 1508.8 ], [ 2425.2, 1506.3 ], [ 2423.5, 1504.8 ], [ 2419.6, 1503.4 ] ] } },
{ "type": "Feature", "properties": { "scalerank": 5, "featurecla": "Coastline" }, "geometry": { "type": "LineString", "coordinates": [ [ 2517.2, 1289.5 ], [ 2518.9, 1288.4 ], [ 2519.1, 1286.0 ], [ 2518.3, 1283.2 ], [ 2517.2, 1280.9 ], [ 2517.7, 1280.3 ], [ 2517.9, 1279.5 ], [ 2517.7, 1278.7 ], [ 2517.4, 1277.8 ], [ 2514.5, 1277.4 ], [ 2511.9, 1281.1 ], [ 2509.4, 1285.5 ], [ 2504.7, 1289.0 ], [ 2502.1, 1292.6 ], [ 2500.0, 1297.0 ], [ 2499.1, 1301.0 ], [ 2500.6, 1305.1 ], [ 2503.7, 1306.7 ], [ 2506.9, 1306.0 ], [ 2509.3, 1302.0 ], [ 2514.0, 1298.7 ], [ 2516.9, 1294.9 ], [ 2518.2, 1292.6 ], [ 2519.0, 1290.6 ], [ 2517.1, 1290.5 ], [ 2517.2, 1289.5 ] ] } },
{ "type": "Feature", "properties": { "scalerank": 5, "featurecla": "Coastline" }, "geometry": { "type": "LineString", "coordinates": [ [ 2517.1, 1272.5 ], [ 2519.9, 1274.0 ], [ 2522.4, 1272.0 ], [ 2524.7, 1269.2 ], [ 2532.5, 1262.5 ], [ 2535.3, 1261.7 ], [ 2536.5, 1261.1 ], [ 2538.9, 1261.3 ], [ 2539.0, 1260.2 ], [ 2534.4, 1259.2 ], [ 2527.8, 1262.5 ], [ 2521.4, 1267.7 ], [ 2517.1, 1272.5 ] ] } },
{ "type": "Feature", "properties": { "scalerank": 6, "featurecla": "Coastline" }, "geometry": { "type": "LineString", "coordinates": [ [ 4082.9, 476.9 ], [ 4081.0, 475.8 ], [ 4079.7, 475.9 ], [ 4079.6, 476.9 ], [ 4079.6, 478.1 ], [ 4079.8, 479.5 ], [ 4081.1, 480.7 ], [ 4083.0, 481.5 ], [ 4084.5, 481.0 ], [ 4084.5, 478.9 ], [ 4083.9, 477.6 ], [ 4082.9, 476.9 ] ] } },
{ "type": "Feature", "properties": { "scalerank": 3, "featurecla": "Coastline" }, "geometry": { "type": "LineString", "coordinates": [ [ 4059.9, 372.1 ], [ 4056.4, 371.9 ], [ 4052.9, 370.8 ], [ 4051.5, 369.9 ], [ 4050.7, 369.1 ], [ 4048.9, 366.1 ], [ 4046.9, 364.1 ], [ 4042.1, 362.9 ], [ 4037.9, 360.9 ], [ 4034.0, 360.3 ], [ 4032.1, 359.5 ], [ 4030.2, 359.4 ], [ 4026.2, 361.2 ], [ 4023.1, 360.3 ], [ 4021.7, 361.8 ], [ 4019.7, 365.6 ], [ 4018.2, 366.7 ], [ 4016.7, 366.5 ], [ 4015.2, 365.8 ], [ 4013.5, 365.6 ], [ 4013.0, 366.0 ], [ 4011.9, 367.7 ], [ 4011.2, 368.2 ], [ 4010.5, 367.9 ], [ 4009.4, 366.7 ], [ 4008.8, 366.4 ], [ 4007.8, 365.8 ], [ 4005.7, 362.5 ], [ 4004.6, 361.8 ], [ 4002.2, 363.0 ], [ 3996.3, 369.8 ], [ 3985.3, 373.1 ], [ 3983.0, 375.9 ], [ 3983.2, 379.0 ], [ 3983.9, 383.2 ], [ 3983.7, 386.4 ], [ 3981.2, 386.4 ], [ 3979.9, 385.7 ], [ 3979.4, 384.8 ], [ 3979.0, 383.0 ], [ 3978.8, 382.4 ], [ 3978.3, 381.5 ], [ 3977.9, 380.7 ], [ 3977.6, 380.4 ], [ 3976.2, 380.8 ], [ 3975.7, 381.3 ], [ 3975.6, 382.5 ], [ 3975.1, 384.8 ], [ 3974.2, 386.2 ], [ 3971.9, 388.0 ], [ 3971.1, 389.2 ], [ 3970.6, 391.0 ], [ 3970.5, 392.8 ], [ 3970.7, 396.9 ], [ 3971.6, 399.1 ], [ 3971.8, 400.4 ], [ 3971.2, 401.1 ], [ 3970.7, 401.1 ], [ 3970.2, 401.0 ], [ 3969.8, 400.6 ], [ 3969.5, 399.7 ], [ 3969.0, 397.7 ], [ 3968.2, 396.2 ], [ 3963.6, 390.3 ], [ 3961.2, 388.6 ], [ 3958.8, 388.2 ], [ 3955.7, 388.6 ], [ 3955.2, 390.0 ], [ 3955.3, 390.8 ], [ 3955.2, 391.4 ], [ 3954.1, 392.1 ], [ 3952.8, 392.3 ], [ 3948.2, 391.0 ], [ 3950.9, 393.6 ], [ 3953.6, 395.4 ], [ 3954.9, 396.6 ], [ 3957.3, 399.6 ], [ 3959.4, 401.5 ], [ 3964.2, 407.8 ], [ 3965.7, 411.0 ], [ 3966.8, 412.6 ], [ 3965.0, 412.3 ], [ 3963.3, 413.1 ], [ 3962.5, 414.9 ], [ 3963.7, 417.4 ], [ 3962.4, 418.9 ], [ 3960.9, 417.9 ], [ 3959.2, 416.1 ], [ 3957.6, 415.3 ], [ 3956.0, 416.3 ], [ 3956.9, 418.1 ], [ 3958.7, 420.3 ], [ 3960.0, 422.4 ], [ 3955.6, 421.9 ], [ 3954.7, 422.8 ], [ 3955.0, 424.1 ], [ 3955.9, 425.8 ], [ 3957.7, 428.2 ], [ 3960.3, 429.9 ], [ 3963.1, 430.3 ], [ 3968.3, 429.5 ], [ 3970.5, 430.8 ], [ 3974.7, 437.6 ], [ 3976.5, 438.9 ], [ 3982.3, 438.9 ], [ 3985.6, 439.7 ], [ 3987.8, 441.4 ], [ 3985.6, 446.6 ], [ 3985.4, 448.2 ], [ 3985.5, 451.5 ], [ 3985.2, 452.6 ], [ 3984.3, 453.2 ], [ 3983.3, 452.9 ], [ 3982.1, 452.4 ], [ 3980.9, 452.3 ], [ 3980.1, 453.0 ], [ 3979.6, 454.5 ], [ 3978.8, 458.0 ], [ 3976.6, 463.2 ], [ 3976.4, 464.7 ], [ 3976.1, 468.1 ], [ 3975.7, 469.2 ], [ 3975.1, 469.6 ], [ 3972.9, 469.7 ], [ 3972.9, 470.4 ], [ 3973.1, 471.1 ], [ 3973.3, 471.6 ], [ 3973.6, 471.9 ], [ 3974.8, 472.2 ], [ 3975.8, 473.3 ], [ 3976.4, 474.9 ], [ 3976.4, 476.7 ], [ 3979.1, 479.6 ], [ 3981.7, 479.1 ], [ 3991.3, 466.6 ], [ 3992.0, 464.9 ], [ 3991.1, 461.5 ], [ 3990.9, 460.0 ], [ 3991.5, 458.5 ], [ 3992.2, 457.1 ], [ 3992.6, 455.6 ], [ 3993.7, 449.0 ], [ 3993.8, 445.5 ], [ 3993.5, 442.1 ], [ 3992.6, 436.4 ], [ 3992.7, 435.6 ], [ 3993.2, 435.0 ], [ 3994.0, 433.2 ], [ 3995.9, 430.7 ], [ 3998.1, 428.8 ], [ 3998.7, 428.5 ], [ 4000.0, 427.4 ], [ 4000.5, 426.8 ], [ 4001.3, 426.5 ], [ 4002.4, 426.9 ], [ 4003.4, 427.1 ], [ 4004.1, 426.1 ], [ 4004.8, 424.9 ], [ 4005.9, 423.6 ], [ 4007.2, 422.7 ], [ 4008.3, 422.6 ], [ 4008.4, 423.0 ], [ 4009.3, 425.2 ], [ 4009.4, 425.8 ], [ 4010.0, 425.6 ], [ 4010.2, 425.3 ], [ 4010.4, 424.9 ], [ 4010.9, 424.3 ], [ 4011.1, 421.6 ], [ 4011.6, 420.5 ], [ 4012.9, 421.2 ], [ 4014.1, 422.7 ], [ 4014.5, 422.9 ], [ 4014.9, 422.2 ], [ 4015.9, 420.7 ], [ 4017.1, 419.8 ], [ 4018.6, 419.5 ], [ 4020.1, 419.6 ], [ 4021.5, 420.2 ], [ 4023.3, 423.5 ], [ 4027.5, 422.1 ], [ 4029.7, 419.1 ], [ 4025.5, 417.4 ], [ 4026.1, 415.3 ], [ 4027.7, 414.5 ], [ 4031.4, 414.2 ], [ 4033.2, 413.5 ], [ 4034.1, 412.5 ], [ 4035.9, 409.1 ], [ 4037.1, 407.9 ], [ 4038.3, 407.3 ], [ 4039.4, 406.4 ], [ 4043.4, 398.0 ], [ 4041.2, 396.4 ], [ 4041.6, 395.0 ], [ 4043.4, 394.6 ], [ 4047.5, 396.8 ], [ 4048.9, 395.2 ], [ 4050.2, 392.8 ], [ 4051.7, 391.0 ], [ 4051.4, 390.2 ], [ 4051.0, 389.4 ], [ 4050.7, 388.4 ], [ 4050.5, 387.5 ], [ 4050.5, 385.7 ], [ 4051.1, 385.3 ], [ 4051.9, 385.5 ], [ 4052.4, 385.5 ], [ 4053.4, 384.2 ], [ 4053.9, 383.5 ], [ 4054.3, 382.4 ], [ 4054.4, 381.5 ], [ 4054.4, 379.2 ], [ 4054.4, 378.6 ], [ 4054.8, 377.7 ], [ 4054.8, 377.4 ], [ 4056.1, 377.1 ], [ 4056.9, 377.4 ], [ 4057.6, 378.3 ], [ 4058.2, 379.3 ], [ 4058.6, 380.0 ], [ 4060.5, 381.3 ], [ 4062.2, 381.9 ], [ 4065.7, 381.8 ], [ 4064.9, 380.4 ], [ 4064.0, 379.7 ], [ 4063.0, 379.5 ], [ 4061.9, 379.4 ], [ 4063.5, 377.6 ], [ 4069.3, 380.2 ], [ 4069.5, 377.9 ], [ 4067.9, 375.7 ], [ 4065.0, 373.8 ], [ 4062.0, 372.5 ], [ 4059.9, 372.1 ] ] } },
{ "type": "Feature", "properties": { "scalerank": 5, "featurecla": "Coastline" }, "geometry": { "type": "LineString", "coordinates": [ [ 3511.5, 2552.6 ], [ 3513.5, 2552.2 ], [ 3515.1, 2551.5 ], [ 3515.5, 2550.5 ], [ 3513.9, 2549.2 ], [ 3513.9, 2548.3 ], [ 3515.3, 2547.0 ], [ 3516.6, 2547.9 ], [ 3518.0, 2548.1 ], [ 3519.3, 2547.7 ], [ 3520.5, 2546.7 ], [ 3521.2, 2546.7 ], [ 3519.3, 2542.5 ], [ 3512.4, 2536.9 ], [ 3512.2, 2532.5 ], [ 3507.3, 2532.7 ], [ 3505.3, 2532.2 ], [ 3503.8, 2530.8 ], [ 3502.9, 2527.6 ], [ 3503.9, 2522.1 ], [ 3503.1, 2519.3 ], [ 3500.8, 2520.2 ], [ 3497.4, 2520.1 ], [ 3495.7, 2519.1 ], [ 3498.4, 2517.5 ], [ 3496.8, 2514.1 ], [ 3495.0, 2511.3 ], [ 3494.5, 2510.9 ], [ 3494.0, 2510.2 ], [ 3493.6, 2509.3 ], [ 3493.3, 2508.2 ], [ 3493.7, 2508.1 ], [ 3494.8, 2508.1 ], [ 3491.2, 2506.4 ], [ 3489.6, 2506.7 ], [ 3488.1, 2508.5 ], [ 3489.2, 2508.7 ], [ 3489.8, 2509.6 ], [ 3490.0, 2510.9 ], [ 3489.9, 2512.6 ], [ 3488.7, 2514.0 ], [ 3488.7, 2515.2 ], [ 3489.1, 2516.3 ], [ 3489.5, 2517.5 ], [ 3489.3, 2518.8 ], [ 3488.8, 2520.1 ], [ 3487.5, 2522.3 ], [ 3488.6, 2524.4 ], [ 3486.9, 2525.4 ], [ 3482.8, 2525.7 ], [ 3481.8, 2526.4 ], [ 3481.7, 2527.9 ], [ 3481.9, 2529.3 ], [ 3481.5, 2530.0 ], [ 3480.2, 2530.1 ], [ 3479.2, 2530.4 ], [ 3478.3, 2531.0 ], [ 3477.5, 2532.4 ], [ 3479.1, 2534.9 ], [ 3481.6, 2537.5 ], [ 3484.5, 2539.6 ], [ 3487.3, 2540.3 ], [ 3496.2, 2541.2 ], [ 3499.1, 2540.8 ], [ 3497.5, 2539.7 ], [ 3497.4, 2538.7 ], [ 3499.3, 2537.5 ], [ 3500.0, 2538.8 ], [ 3500.0, 2544.3 ], [ 3500.3, 2546.7 ], [ 3500.8, 2547.8 ], [ 3504.1, 2548.9 ], [ 3509.6, 2552.2 ], [ 3511.5, 2552.6 ] ] } },
{ "type": "Feature", "properties": { "scalerank": 6, "featurecla": "Coastline" }, "geometry": { "type": "LineString", "coordinates": [ [ 3248.9, 2493.6 ], [ 3246.4, 2498.8 ], [ 3245.7, 2501.6 ], [ 3245.9, 2502.6 ], [ 3251.5, 2490.9 ], [ 3254.6, 2490.8 ], [ 3256.1, 2491.1 ], [ 3257.5, 2491.8 ], [ 3254.8, 2489.5 ], [ 3252.8, 2489.2 ], [ 3251.0, 2490.6 ], [ 3248.9, 2493.6 ] ] } },
{ "type": "Feature", "properties": { "scalerank": 0, "featurecla": "Coastline" }, "geometry": { "type": "LineString", "coordinates": [ [ 3246.3, 2485.5 ], [ 3244.9, 2487.9 ], [ 3245.4, 2490.0 ], [ 3247.2, 2490.3 ], [ 3248.8, 2489.2 ], [ 3249.9, 2488.5 ], [ 3250.0, 2486.8 ], [ 3248.1, 2485.4 ], [ 3246.3, 2485.5 ] ] } },
{ "type": "Feature", "properties": { "scalerank": 5, "featurecla": "Coastline" }, "geometry": { "type": "LineString", "coordinates": [ [ 3326.5, 1099.4 ], [ 3324.6, 1098.2 ], [ 3320.2, 1097.3 ], [ 3318.3, 1096.5 ], [ 3317.3, 1095.1 ], [ 3316.2, 1092.9 ], [ 3315.3, 1090.2 ], [ 3314.8, 1087.6 ], [ 3315.5, 1085.3 ], [ 3317.4, 1083.3 ], [ 3321.3, 1080.4 ], [ 3323.4, 1076.6 ], [ 3322.6, 1072.6 ], [ 3319.8, 1069.7 ], [ 3315.7, 1069.1 ], [ 3304.2, 1071.9 ], [ 3300.4, 1070.8 ], [ 3298.8, 1069.6 ], [ 3297.5, 1067.9 ], [ 3296.7, 1065.8 ], [ 3296.3, 1063.0 ], [ 3296.9, 1060.8 ], [ 3298.4, 1059.3 ], [ 3300.2, 1058.1 ], [ 3301.6, 1057.0 ], [ 3301.5, 1056.0 ], [ 3299.1, 1054.8 ], [ 3296.6, 1055.0 ], [ 3284.4, 1059.1 ], [ 3283.4, 1060.0 ], [ 3282.5, 1061.0 ], [ 3282.0, 1062.1 ], [ 3282.1, 1063.9 ], [ 3282.7, 1064.0 ], [ 3283.9, 1063.1 ], [ 3287.9, 1061.8 ], [ 3288.2, 1062.5 ], [ 3288.1, 1063.9 ], [ 3287.7, 1065.4 ], [ 3287.5, 1066.1 ], [ 3286.3, 1067.3 ], [ 3285.2, 1070.0 ], [ 3284.7, 1072.8 ], [ 3285.1, 1074.7 ], [ 3287.0, 1075.2 ], [ 3288.5, 1073.9 ], [ 3290.0, 1072.1 ], [ 3292.0, 1070.8 ], [ 3293.4, 1068.7 ], [ 3294.0, 1067.9 ], [ 3295.2, 1066.8 ], [ 3295.4, 1067.5 ], [ 3296.5, 1068.9 ], [ 3297.2, 1070.0 ], [ 3297.6, 1071.0 ], [ 3298.1, 1071.7 ], [ 3299.5, 1072.0 ], [ 3300.4, 1072.4 ], [ 3301.1, 1073.5 ], [ 3301.6, 1074.6 ], [ 3302.1, 1075.0 ], [ 3305.2, 1075.0 ], [ 3306.2, 1074.8 ], [ 3306.8, 1074.3 ], [ 3307.3, 1073.4 ], [ 3308.0, 1072.7 ], [ 3309.1, 1072.6 ], [ 3309.2, 1073.5 ], [ 3308.5, 1073.7 ], [ 3308.1, 1074.0 ], [ 3307.8, 1074.4 ], [ 3307.3, 1074.8 ], [ 3307.4, 1075.8 ], [ 3308.1, 1076.7 ], [ 3308.7, 1077.8 ], [ 3309.5, 1079.9 ], [ 3309.5, 1081.0 ], [ 3309.0, 1081.5 ], [ 3308.6, 1082.2 ], [ 3307.8, 1084.3 ], [ 3308.5, 1085.4 ], [ 3303.9, 1085.7 ], [ 3301.6, 1085.0 ], [ 3299.7, 1082.5 ], [ 3300.2, 1080.2 ], [ 3299.0, 1078.1 ], [ 3297.3, 1076.2 ], [ 3296.2, 1074.2 ], [ 3295.1, 1075.4 ], [ 3295.1, 1076.4 ], [ 3295.9, 1076.6 ], [ 3296.8, 1077.3 ], [ 3297.6, 1077.5 ], [ 3297.1, 1079.2 ], [ 3296.3, 1080.2 ], [ 3295.3, 1080.6 ], [ 3294.0, 1080.6 ], [ 3294.7, 1078.3 ], [ 3295.2, 1077.6 ], [ 3294.7, 1076.9 ], [ 3294.3, 1076.5 ], [ 3293.8, 1076.5 ], [ 3293.2, 1076.5 ], [ 3294.0, 1075.6 ], [ 3294.6, 1074.2 ], [ 3295.4, 1071.0 ], [ 3293.9, 1071.7 ], [ 3292.3, 1073.0 ], [ 3290.7, 1074.8 ], [ 3289.5, 1076.7 ], [ 3290.4, 1079.0 ], [ 3290.1, 1080.8 ], [ 3289.5, 1081.4 ], [ 3289.0, 1080.3 ], [ 3288.5, 1078.3 ], [ 3287.4, 1077.6 ], [ 3286.3, 1077.2 ], [ 3285.8, 1076.3 ], [ 3284.3, 1076.0 ], [ 3277.4, 1077.4 ], [ 3275.4, 1078.5 ], [ 3276.2, 1078.4 ], [ 3276.8, 1078.7 ], [ 3277.2, 1079.5 ], [ 3277.4, 1080.9 ], [ 3277.6, 1082.1 ], [ 3278.0, 1082.4 ], [ 3278.5, 1082.5 ], [ 3278.7, 1083.0 ], [ 3279.4, 1083.6 ], [ 3281.0, 1083.4 ], [ 3283.6, 1082.2 ], [ 3283.8, 1083.3 ], [ 3283.6, 1083.8 ], [ 3283.4, 1084.1 ], [ 3283.1, 1084.5 ], [ 3283.8, 1085.8 ], [ 3285.0, 1086.5 ], [ 3287.5, 1087.3 ], [ 3287.0, 1088.1 ], [ 3286.4, 1088.4 ], [ 3286.3, 1088.5 ], [ 3286.4, 1089.5 ], [ 3284.5, 1089.9 ], [ 3281.9, 1091.5 ], [ 3279.5, 1092.2 ], [ 3278.8, 1093.1 ], [ 3277.4, 1096.4 ], [ 3281.4, 1095.1 ], [ 3282.3, 1095.5 ], [ 3282.9, 1096.3 ], [ 3283.6, 1097.0 ], [ 3284.9, 1097.1 ], [ 3284.9, 1098.0 ], [ 3284.6, 1099.7 ], [ 3285.1, 1101.2 ], [ 3286.2, 1102.2 ], [ 3287.6, 1102.2 ], [ 3285.0, 1104.2 ], [ 3283.8, 1104.5 ], [ 3282.7, 1103.5 ], [ 3282.1, 1104.6 ], [ 3279.3, 1102.9 ], [ 3277.0, 1104.1 ], [ 3275.4, 1106.9 ], [ 3274.3, 1110.2 ], [ 3280.1, 1114.3 ], [ 3280.1, 1115.3 ], [ 3278.7, 1114.8 ], [ 3277.5, 1115.3 ], [ 3277.0, 1116.3 ], [ 3277.7, 1117.5 ], [ 3278.6, 1117.4 ], [ 3281.3, 1115.9 ], [ 3282.6, 1116.2 ], [ 3282.2, 1118.2 ], [ 3283.3, 1119.5 ], [ 3284.9, 1120.2 ], [ 3286.2, 1120.4 ], [ 3286.8, 1120.8 ], [ 3287.7, 1121.7 ], [ 3288.6, 1122.3 ], [ 3289.4, 1121.8 ], [ 3290.1, 1121.2 ], [ 3291.0, 1121.0 ], [ 3292.8, 1121.1 ], [ 3292.6, 1120.5 ], [ 3292.2, 1120.1 ], [ 3292.7, 1119.3 ], [ 3293.3, 1118.7 ], [ 3294.5, 1117.8 ], [ 3293.7, 1120.2 ], [ 3293.3, 1122.1 ], [ 3292.6, 1122.9 ], [ 3295.9, 1124.9 ], [ 3298.9, 1125.8 ], [ 3301.5, 1126.0 ], [ 3302.9, 1125.3 ], [ 3303.0, 1123.6 ], [ 3302.1, 1120.1 ], [ 3301.5, 1119.9 ], [ 3297.2, 1120.9 ], [ 3297.4, 1121.0 ], [ 3297.6, 1121.0 ], [ 3297.8, 1121.2 ], [ 3297.8, 1122.0 ], [ 3296.7, 1123.1 ], [ 3296.8, 1118.9 ], [ 3298.7, 1117.8 ], [ 3300.9, 1117.2 ], [ 3301.9, 1114.8 ], [ 3302.8, 1113.2 ], [ 3307.4, 1108.7 ], [ 3309.0, 1107.6 ], [ 3317.9, 1106.1 ], [ 3319.0, 1106.6 ], [ 3319.7, 1107.6 ], [ 3320.5, 1107.9 ], [ 3321.6, 1106.4 ], [ 3322.5, 1105.8 ], [ 3323.7, 1105.6 ], [ 3326.2, 1105.7 ], [ 3326.2, 1106.7 ], [ 3324.6, 1107.5 ], [ 3319.8, 1111.3 ], [ 3321.5, 1110.0 ], [ 3323.6, 1109.2 ], [ 3328.2, 1108.7 ], [ 3327.6, 1110.5 ], [ 3326.2, 1111.6 ], [ 3323.0, 1113.3 ], [ 3323.0, 1114.3 ], [ 3324.1, 1114.8 ], [ 3325.6, 1114.7 ], [ 3327.0, 1114.1 ], [ 3327.8, 1113.0 ], [ 3328.5, 1113.0 ], [ 3328.9, 1114.6 ], [ 3328.6, 1115.7 ], [ 3327.8, 1116.2 ], [ 3326.7, 1116.2 ], [ 3328.7, 1116.8 ], [ 3329.7, 1116.9 ], [ 3329.9, 1115.9 ], [ 3329.8, 1113.4 ], [ 3330.0, 1110.9 ], [ 3330.8, 1108.8 ], [ 3331.9, 1107.3 ], [ 3333.1, 1106.4 ], [ 3330.8, 1105.6 ], [ 3329.1, 1103.7 ], [ 3326.5, 1099.4 ] ] } },
{ "type": "Feature", "properties": { "scalerank": 6, "featurecla": "Coastline" }, "geometry": { "type": "LineString", "coordinates": [ [ 3275.0, 1069.9 ], [ 3275.2, 1073.1 ], [ 3275.7, 1073.1 ], [ 3275.6, 1070.9 ], [ 3276.0, 1071.0 ], [ 3276.3, 1071.3 ], [ 3276.3, 1071.4 ], [ 3276.3, 1069.7 ], [ 3275.7, 1068.8 ], [ 3274.6, 1068.7 ], [ 3273.4, 1068.8 ], [ 3272.0, 1069.3 ], [ 3271.3, 1070.4 ], [ 3270.9, 1074.3 ], [ 3268.5, 1084.6 ], [ 3268.4, 1088.2 ], [ 3268.5, 1090.3 ], [ 3269.1, 1090.3 ], [ 3269.1, 1087.0 ], [ 3269.2, 1085.4 ], [ 3269.5, 1083.9 ], [ 3270.0, 1082.7 ], [ 3271.2, 1081.5 ], [ 3271.8, 1080.6 ], [ 3272.5, 1077.4 ], [ 3272.5, 1074.4 ], [ 3272.9, 1071.8 ], [ 3275.0, 1069.9 ] ] } },
{ "type": "Feature", "properties": { "scalerank": 3, "featurecla": "Coastline" }, "geometry": { "type": "LineString", "coordinates": [ [ 3449.2, 976.9 ], [ 3447.3, 975.2 ], [ 3443.1, 974.0 ], [ 3436.4, 970.0 ], [ 3435.2, 969.3 ], [ 3434.2, 968.2 ], [ 3432.5, 965.2 ], [ 3430.8, 964.9 ], [ 3428.4, 965.6 ], [ 3424.9, 963.1 ], [ 3421.4, 961.0 ], [ 3419.3, 959.1 ], [ 3418.0, 957.8 ], [ 3414.1, 952.9 ], [ 3412.8, 952.1 ], [ 3412.1, 953.8 ], [ 3411.7, 956.5 ], [ 3411.1, 958.8 ], [ 3409.6, 962.0 ], [ 3409.0, 963.8 ], [ 3408.8, 965.3 ], [ 3409.1, 974.8 ], [ 3409.1, 981.3 ], [ 3408.2, 984.7 ], [ 3409.7, 986.5 ], [ 3417.3, 991.9 ], [ 3424.3, 993.4 ], [ 3430.7, 996.8 ], [ 3435.7, 998.4 ], [ 3439.4, 998.4 ], [ 3443.8, 999.3 ], [ 3445.0, 998.0 ], [ 3445.8, 996.6 ], [ 3447.1, 994.9 ], [ 3446.7, 993.1 ], [ 3446.7, 992.1 ], [ 3446.2, 990.9 ], [ 3446.7, 989.3 ], [ 3448.3, 986.0 ], [ 3449.1, 984.1 ], [ 3449.3, 982.8 ], [ 3449.0, 981.3 ], [ 3448.1, 979.1 ], [ 3448.5, 978.7 ], [ 3448.7, 978.3 ], [ 3448.8, 977.7 ], [ 3449.2, 976.9 ] ] } },
{ "type": "Feature", "properties": { "scalerank": 6, "featurecla": "Coastline" }, "geometry": { "type": "LineString", "coordinates": [ [ 3485.8, 821.5 ], [ 3484.8, 821.4 ], [ 3483.9, 821.5 ], [ 3483.2, 821.1 ], [ 3482.6, 820.6 ], [ 3481.5, 821.4 ], [ 3480.6, 823.7 ], [ 3481.5, 825.9 ], [ 3484.5, 828.0 ], [ 3484.8, 828.1 ], [ 3485.6, 828.0 ], [ 3486.1, 827.6 ], [ 3486.1, 827.0 ], [ 3486.0, 825.7 ], [ 3485.5, 824.0 ], [ 3485.6, 823.2 ], [ 3486.7, 822.9 ], [ 3487.7, 821.9 ], [ 3487.7, 821.0 ], [ 3486.9, 821.4 ], [ 3485.8, 821.5 ] ] } },
{ "type": "Feature", "properties": { "scalerank": 5, "featurecla": "Coastline" }, "geometry": { "type": "LineString", "coordinates": [ [ 3589.1, 625.2 ], [ 3588.8, 624.3 ], [ 3588.5, 623.5 ], [ 3588.1, 622.8 ], [ 3587.6, 622.2 ], [ 3587.3, 621.7 ], [ 3587.1, 621.3 ], [ 3586.9, 620.9 ], [ 3586.8, 620.2 ], [ 3586.2, 620.3 ], [ 3585.9, 621.6 ], [ 3585.2, 622.2 ], [ 3584.4, 622.0 ], [ 3583.5, 619.8 ], [ 3582.6, 619.8 ], [ 3581.1, 620.8 ], [ 3579.9, 622.2 ], [ 3577.7, 626.6 ], [ 3576.1, 628.8 ], [ 3576.0, 631.5 ], [ 3576.7, 640.2 ], [ 3576.3, 641.6 ], [ 3575.4, 643.2 ], [ 3573.7, 644.2 ], [ 3573.0, 645.0 ], [ 3572.8, 646.6 ], [ 3572.5, 658.1 ], [ 3569.8, 667.6 ], [ 3566.2, 676.5 ], [ 3563.4, 686.4 ], [ 3562.5, 692.4 ], [ 3561.5, 694.4 ], [ 3559.2, 695.3 ], [ 3556.7, 695.7 ], [ 3554.9, 696.5 ], [ 3553.6, 698.2 ], [ 3542.8, 735.7 ], [ 3542.5, 738.9 ], [ 3542.4, 740.2 ], [ 3540.7, 743.9 ], [ 3539.7, 748.9 ], [ 3539.6, 750.4 ], [ 3540.1, 763.7 ], [ 3540.9, 766.6 ], [ 3542.1, 769.5 ], [ 3542.9, 772.2 ], [ 3542.4, 774.7 ], [ 3543.2, 781.2 ], [ 3543.5, 785.0 ], [ 3543.1, 788.4 ], [ 3544.6, 792.5 ], [ 3544.8, 794.0 ], [ 3544.9, 797.6 ], [ 3545.2, 798.9 ], [ 3546.7, 800.6 ], [ 3548.6, 800.3 ], [ 3550.4, 798.8 ], [ 3551.8, 796.7 ], [ 3555.2, 786.1 ], [ 3555.6, 783.5 ], [ 3555.7, 782.0 ], [ 3556.7, 779.7 ], [ 3556.9, 778.1 ], [ 3556.4, 774.6 ], [ 3556.4, 773.4 ], [ 3556.7, 770.5 ], [ 3557.2, 767.1 ], [ 3558.1, 763.8 ], [ 3559.1, 760.9 ], [ 3559.4, 759.4 ], [ 3559.5, 757.6 ], [ 3559.4, 755.0 ], [ 3559.5, 754.2 ], [ 3560.1, 752.5 ], [ 3560.3, 751.7 ], [ 3560.2, 750.9 ], [ 3559.6, 750.5 ], [ 3559.5, 749.6 ], [ 3559.6, 746.2 ], [ 3560.0, 744.8 ], [ 3561.1, 744.2 ], [ 3561.7, 743.6 ], [ 3562.5, 742.3 ], [ 3563.0, 740.7 ], [ 3563.2, 739.3 ], [ 3563.1, 735.7 ], [ 3563.6, 732.6 ], [ 3567.0, 716.3 ], [ 3567.1, 713.2 ], [ 3567.0, 711.6 ], [ 3567.1, 710.1 ], [ 3567.3, 708.6 ], [ 3567.7, 707.3 ], [ 3568.2, 706.4 ], [ 3571.8, 703.7 ], [ 3572.0, 703.7 ], [ 3572.7, 700.8 ], [ 3573.3, 692.5 ], [ 3574.0, 690.8 ], [ 3575.1, 689.3 ], [ 3574.9, 686.3 ], [ 3574.1, 683.2 ], [ 3573.3, 681.3 ], [ 3575.2, 676.8 ], [ 3576.3, 675.0 ], [ 3577.8, 673.3 ], [ 3576.9, 673.0 ], [ 3576.0, 672.5 ], [ 3575.2, 671.7 ], [ 3574.6, 670.4 ], [ 3576.3, 669.0 ], [ 3578.1, 667.9 ], [ 3579.4, 666.0 ], [ 3579.5, 661.9 ], [ 3579.8, 659.6 ], [ 3582.6, 652.5 ], [ 3582.8, 651.1 ], [ 3582.9, 648.7 ], [ 3583.2, 647.3 ], [ 3583.5, 647.0 ], [ 3584.6, 646.3 ], [ 3584.9, 646.0 ], [ 3584.9, 645.4 ], [ 3584.7, 644.0 ], [ 3585.7, 640.0 ], [ 3585.3, 637.7 ], [ 3582.9, 633.4 ], [ 3585.2, 627.8 ], [ 3586.8, 625.8 ], [ 3589.1, 625.2 ] ] } },
{ "type": "Feature", "properties": { "scalerank": 3, "featurecla": "Coastline" }, "geometry": { "type": "LineString", "coordinates": [ [ 3737.5, 522.9 ], [ 3736.1, 522.4 ], [ 3735.0, 521.1 ], [ 3734.2, 519.4 ], [ 3733.6, 518.0 ], [ 3734.1, 517.0 ], [ 3732.9, 516.5 ], [ 3731.3, 516.8 ], [ 3729.8, 517.6 ], [ 3728.7, 518.6 ], [ 3729.0, 520.7 ], [ 3727.0, 521.0 ], [ 3725.2, 519.8 ], [ 3726.1, 516.9 ], [ 3726.0, 516.0 ], [ 3721.0, 517.6 ], [ 3720.0, 518.2 ], [ 3720.2, 519.2 ], [ 3721.1, 520.3 ], [ 3721.6, 521.2 ], [ 3721.3, 524.0 ], [ 3720.1, 525.7 ], [ 3719.0, 527.8 ], [ 3718.9, 531.8 ], [ 3717.1, 529.8 ], [ 3716.4, 528.7 ], [ 3716.0, 527.2 ], [ 3715.8, 526.8 ], [ 3715.4, 526.5 ], [ 3714.9, 526.1 ], [ 3714.6, 525.2 ], [ 3714.7, 524.6 ], [ 3714.9, 524.0 ], [ 3715.0, 523.4 ], [ 3714.9, 522.6 ], [ 3713.5, 519.9 ], [ 3712.1, 518.2 ], [ 3710.5, 517.6 ], [ 3708.6, 518.1 ], [ 3706.9, 519.5 ], [ 3705.5, 521.6 ], [ 3704.4, 524.1 ], [ 3703.5, 527.1 ], [ 3703.2, 528.7 ], [ 3703.1, 530.9 ], [ 3702.7, 532.1 ], [ 3701.7, 533.0 ], [ 3700.4, 532.8 ], [ 3699.0, 532.3 ], [ 3697.8, 532.2 ], [ 3693.9, 534.7 ], [ 3691.4, 538.6 ], [ 3682.5, 560.1 ], [ 3670.7, 576.2 ], [ 3668.5, 581.1 ], [ 3667.9, 586.9 ], [ 3668.4, 590.5 ], [ 3669.5, 593.9 ], [ 3670.7, 596.9 ], [ 3671.8, 598.8 ], [ 3672.2, 599.7 ], [ 3672.3, 601.7 ], [ 3672.6, 602.5 ], [ 3673.6, 603.8 ], [ 3673.9, 604.4 ], [ 3674.7, 605.1 ], [ 3675.5, 605.6 ], [ 3675.9, 606.5 ], [ 3675.0, 608.6 ], [ 3675.7, 610.8 ], [ 3675.6, 614.0 ], [ 3674.9, 616.9 ], [ 3672.1, 619.8 ], [ 3671.2, 622.9 ], [ 3671.4, 625.8 ], [ 3677.0, 629.7 ], [ 3680.7, 642.6 ], [ 3684.4, 643.9 ], [ 3684.2, 644.7 ], [ 3683.9, 646.2 ], [ 3683.7, 647.1 ], [ 3684.9, 647.9 ], [ 3684.9, 649.9 ], [ 3684.2, 652.0 ], [ 3683.3, 653.5 ], [ 3683.4, 654.6 ], [ 3685.4, 655.2 ], [ 3687.0, 653.5 ], [ 3688.6, 651.1 ], [ 3690.4, 649.6 ], [ 3689.9, 651.4 ], [ 3689.7, 655.7 ], [ 3689.3, 657.7 ], [ 3688.2, 659.0 ], [ 3685.2, 660.5 ], [ 3684.3, 662.0 ], [ 3684.9, 663.9 ], [ 3685.2, 665.5 ], [ 3685.1, 666.8 ], [ 3680.8, 677.3 ], [ 3683.6, 678.5 ], [ 3686.4, 677.7 ], [ 3693.9, 672.7 ], [ 3694.9, 671.6 ], [ 3695.3, 668.3 ], [ 3696.1, 666.9 ], [ 3698.0, 664.7 ], [ 3696.7, 663.7 ], [ 3696.6, 662.7 ], [ 3701.3, 662.1 ], [ 3698.1, 661.3 ], [ 3696.7, 660.4 ], [ 3695.5, 658.6 ], [ 3695.1, 650.6 ], [ 3696.2, 648.4 ], [ 3701.7, 644.5 ], [ 3703.5, 642.6 ], [ 3697.7, 643.3 ], [ 3699.2, 640.7 ], [ 3701.0, 638.7 ], [ 3710.7, 631.6 ], [ 3712.5, 630.9 ], [ 3712.4, 629.9 ], [ 3711.3, 630.1 ], [ 3711.1, 628.9 ], [ 3713.2, 627.2 ], [ 3720.4, 624.6 ], [ 3720.2, 624.1 ], [ 3723.0, 622.2 ], [ 3722.1, 617.4 ], [ 3721.3, 617.0 ], [ 3719.6, 617.6 ], [ 3718.9, 617.3 ], [ 3718.0, 614.4 ], [ 3718.8, 612.2 ], [ 3721.6, 609.0 ], [ 3723.2, 605.8 ], [ 3725.2, 603.0 ], [ 3727.6, 600.9 ], [ 3730.3, 599.8 ], [ 3730.8, 599.4 ], [ 3731.6, 597.9 ], [ 3732.0, 597.5 ], [ 3732.5, 597.6 ], [ 3733.5, 598.2 ], [ 3733.8, 598.3 ], [ 3736.4, 598.0 ], [ 3737.6, 597.0 ], [ 3737.7, 595.2 ], [ 3737.1, 593.1 ], [ 3736.4, 591.6 ], [ 3735.7, 590.5 ], [ 3735.3, 590.1 ], [ 3733.8, 589.3 ], [ 3732.7, 588.8 ], [ 3732.3, 589.5 ], [ 3732.3, 590.5 ], [ 3732.0, 591.1 ], [ 3728.6, 590.8 ], [ 3725.2, 589.8 ], [ 3725.6, 587.4 ], [ 3725.9, 586.5 ], [ 3724.5, 586.9 ], [ 3723.4, 586.4 ], [ 3722.8, 585.0 ], [ 3723.1, 582.5 ], [ 3721.7, 581.1 ], [ 3722.0, 579.0 ], [ 3722.9, 576.7 ], [ 3723.3, 574.5 ], [ 3723.0, 572.1 ], [ 3723.1, 569.9 ], [ 3723.3, 567.7 ], [ 3723.8, 565.3 ], [ 3720.2, 564.6 ], [ 3719.6, 564.2 ], [ 3719.6, 562.7 ], [ 3719.9, 561.5 ], [ 3720.1, 560.5 ], [ 3720.3, 558.9 ], [ 3721.3, 554.9 ], [ 3721.8, 549.5 ], [ 3721.5, 548.1 ], [ 3721.0, 546.8 ], [ 3721.0, 545.8 ], [ 3722.1, 545.2 ], [ 3723.0, 545.5 ], [ 3724.9, 546.7 ], [ 3726.0, 546.9 ], [ 3729.0, 546.4 ], [ 3732.1, 545.1 ], [ 3731.2, 543.5 ], [ 3730.9, 541.7 ], [ 3731.2, 540.1 ], [ 3731.8, 538.8 ], [ 3731.7, 536.9 ], [ 3732.4, 536.5 ], [ 3733.5, 537.2 ], [ 3734.6, 538.4 ], [ 3734.3, 532.7 ], [ 3736.3, 530.2 ], [ 3742.0, 528.9 ], [ 3741.3, 527.5 ], [ 3738.4, 523.6 ], [ 3737.5, 522.9 ] ] } },
{ "type": "Feature", "properties": { "scalerank": 5, "featurecla": "Coastline" }, "geometry": { "type": "LineString", "coordinates": [ [ 3754.2, 503.7 ], [ 3751.7, 505.0 ], [ 3750.5, 504.7 ], [ 3749.8, 502.2 ], [ 3748.6, 503.4 ], [ 3747.1, 503.4 ], [ 3745.8, 503.1 ], [ 3745.1, 503.3 ], [ 3744.0, 504.7 ], [ 3741.3, 504.9 ], [ 3740.0, 505.6 ], [ 3739.2, 506.9 ], [ 3738.8, 508.5 ], [ 3738.6, 510.0 ], [ 3738.3, 511.6 ], [ 3736.8, 514.1 ], [ 3736.4, 515.3 ], [ 3736.4, 517.2 ], [ 3740.0, 522.5 ], [ 3741.3, 523.7 ], [ 3742.5, 524.6 ], [ 3743.9, 525.1 ], [ 3745.2, 525.2 ], [ 3745.2, 524.3 ], [ 3747.0, 519.7 ], [ 3747.1, 518.3 ], [ 3746.7, 517.3 ], [ 3746.0, 516.4 ], [ 3744.8, 515.6 ], [ 3746.2, 512.7 ], [ 3749.6, 510.8 ], [ 3751.0, 508.9 ], [ 3752.7, 507.7 ], [ 3756.8, 508.5 ], [ 3757.7, 506.4 ], [ 3758.4, 506.4 ], [ 3759.0, 506.2 ], [ 3759.5, 505.8 ], [ 3759.9, 505.0 ], [ 3758.3, 503.8 ], [ 3756.9, 503.4 ], [ 3754.2, 503.7 ] ] } },
{ "type": "Feature", "properties": { "scalerank": 5, "featurecla": "Coastline" }, "geometry": { "type": "LineString", "coordinates": [ [ 2569.7, 1243.5 ], [ 2568.1, 1244.6 ], [ 2555.5, 1246.3 ], [ 2553.4, 1246.1 ], [ 2551.7, 1247.5 ], [ 2546.6, 1248.9 ], [ 2545.4, 1251.5 ], [ 2546.4, 1253.9 ], [ 2549.0, 1254.2 ], [ 2562.2, 1249.4 ], [ 2565.5, 1248.7 ], [ 2569.7, 1247.2 ], [ 2573.6, 1247.1 ], [ 2574.9, 1246.5 ], [ 2574.7, 1246.0 ], [ 2574.6, 1244.8 ], [ 2574.4, 1244.3 ], [ 2579.8, 1244.4 ], [ 2582.5, 1243.7 ], [ 2584.8, 1240.8 ], [ 2571.0, 1242.6 ], [ 2569.7, 1243.5 ] ] } },
{ "type": "Feature", "properties": { "scalerank": 5, "featurecla": "Coastline" }, "geometry": { "type": "LineString", "coordinates": [ [ 2593.1, 1239.1 ], [ 2591.8, 1238.4 ], [ 2590.1, 1239.6 ], [ 2589.4, 1241.9 ], [ 2590.9, 1244.3 ], [ 2593.2, 1245.0 ], [ 2597.8, 1243.2 ], [ 2600.2, 1242.7 ], [ 2609.7, 1243.2 ], [ 2618.9, 1241.6 ], [ 2615.3, 1239.5 ], [ 2593.1, 1239.1 ] ] } },
{ "type": "Feature", "properties": { "scalerank": 5, "featurecla": "Coastline" }, "geometry": { "type": "LineString", "coordinates": [ [ 2643.0, 1235.5 ], [ 2640.6, 1236.0 ], [ 2637.0, 1237.4 ], [ 2634.6, 1239.3 ], [ 2635.5, 1241.5 ], [ 2634.9, 1242.2 ], [ 2634.9, 1242.7 ], [ 2635.4, 1243.7 ], [ 2637.3, 1241.4 ], [ 2653.4, 1237.1 ], [ 2654.7, 1237.2 ], [ 2654.7, 1236.1 ], [ 2652.2, 1235.2 ], [ 2643.0, 1235.5 ] ] } },
{ "type": "Feature", "properties": { "scalerank": 6, "featurecla": "Coastline" }, "geometry": { "type": "LineString", "coordinates": [ [ 2664.6, 1229.2 ], [ 2664.7, 1230.3 ], [ 2666.2, 1231.4 ], [ 2669.5, 1232.6 ], [ 2669.7, 1232.1 ], [ 2670.0, 1231.7 ], [ 2670.4, 1231.5 ], [ 2670.8, 1231.5 ], [ 2665.8, 1229.1 ], [ 2664.6, 1229.2 ] ] } },
{ "type": "Feature", "properties": { "scalerank": 5, "featurecla": "Coastline" }, "geometry": { "type": "LineString", "coordinates": [ [ 2697.7, 1223.4 ], [ 2696.6, 1220.9 ], [ 2693.2, 1221.0 ], [ 2686.1, 1222.8 ], [ 2685.0, 1223.6 ], [ 2685.2, 1225.4 ], [ 2686.4, 1227.3 ], [ 2688.0, 1228.2 ], [ 2688.6, 1228.1 ], [ 2690.0, 1227.4 ], [ 2690.9, 1227.3 ], [ 2691.7, 1227.6 ], [ 2692.8, 1229.1 ], [ 2693.6, 1229.6 ], [ 2693.1, 1228.1 ], [ 2692.4, 1227.2 ], [ 2691.6, 1226.6 ], [ 2690.6, 1226.1 ], [ 2690.7, 1225.2 ], [ 2692.4, 1224.8 ], [ 2695.7, 1223.6 ], [ 2697.7, 1223.4 ] ] } },
{ "type": "Feature", "properties": { "scalerank": 6, "featurecla": "Coastline" }, "geometry": { "type": "LineString", "coordinates": [ [ 2705.2, 1213.1 ], [ 2724.7, 1211.7 ], [ 2721.2, 1210.5 ], [ 2708.6, 1211.6 ], [ 2705.2, 1213.1 ] ] } },
{ "type": "Feature", "properties": { "scalerank": 6, "featurecla": "Coastline" }, "geometry": { "type": "LineString", "coordinates": [ [ 2819.9, 1209.6 ], [ 2819.8, 1210.6 ], [ 2820.8, 1210.0 ], [ 2821.4, 1210.1 ], [ 2821.9, 1210.5 ], [ 2822.7, 1210.7 ], [ 2823.1, 1210.4 ], [ 2824.6, 1209.0 ], [ 2825.5, 1208.7 ], [ 2826.9, 1208.7 ], [ 2824.9, 1207.2 ], [ 2822.9, 1206.9 ], [ 2821.1, 1207.6 ], [ 2819.9, 1209.6 ] ] } },
{ "type": "Feature", "properties": { "scalerank": 6, "featurecla": "Coastline" }, "geometry": { "type": "LineString", "coordinates": [ [ 2729.2, 1208.6 ], [ 2732.9, 1209.8 ], [ 2744.1, 1208.7 ], [ 2748.5, 1207.2 ], [ 2748.7, 1207.2 ], [ 2748.9, 1207.0 ], [ 2748.9, 1206.3 ], [ 2738.5, 1205.7 ], [ 2733.5, 1206.3 ], [ 2729.2, 1208.6 ] ] } },
{ "type": "Feature", "properties": { "scalerank": 6, "featurecla": "Coastline" }, "geometry": { "type": "LineString", "coordinates": [ [ 2750.7, 1206.4 ], [ 2752.1, 1206.3 ], [ 2755.7, 1207.6 ], [ 2756.4, 1207.4 ], [ 2756.8, 1207.2 ], [ 2757.1, 1206.6 ], [ 2755.9, 1205.6 ], [ 2754.2, 1205.1 ], [ 2752.3, 1205.3 ], [ 2750.7, 1206.4 ] ] } },
{ "type": "Feature", "properties": { "scalerank": 6, "featurecla": "Coastline" }, "geometry": { "type": "LineString", "coordinates": [ [ 2764.8, 1201.6 ], [ 2762.0, 1201.6 ], [ 2760.8, 1202.2 ], [ 2760.3, 1204.0 ], [ 2760.5, 1206.1 ], [ 2761.3, 1206.9 ], [ 2764.0, 1206.8 ], [ 2764.4, 1204.1 ], [ 2767.5, 1203.5 ], [ 2774.2, 1203.9 ], [ 2774.4, 1203.8 ], [ 2774.6, 1203.8 ], [ 2774.8, 1203.6 ], [ 2774.8, 1203.0 ], [ 2772.9, 1201.8 ], [ 2764.8, 1201.6 ] ] } },
{ "type": "Feature", "properties": { "scalerank": 6, "featurecla": "Coastline" }, "geometry": { "type": "LineString", "coordinates": [ [ 2777.9, 1202.0 ], [ 2778.6, 1202.7 ], [ 2779.4, 1202.7 ], [ 2780.2, 1202.1 ], [ 2781.1, 1201.0 ], [ 2783.3, 1202.5 ], [ 2785.9, 1202.4 ], [ 2788.5, 1201.4 ], [ 2790.6, 1200.2 ], [ 2791.9, 1200.2 ], [ 2792.0, 1199.2 ], [ 2784.2, 1198.4 ], [ 2780.3, 1199.2 ], [ 2777.9, 1202.0 ] ] } },
{ "type": "Feature", "properties": { "scalerank": 6, "featurecla": "Coastline" }, "geometry": { "type": "LineString", "coordinates": [ [ 2797.5, 1200.4 ], [ 2797.7, 1198.5 ], [ 2799.3, 1198.5 ], [ 2803.2, 1199.5 ], [ 2804.2, 1199.4 ], [ 2805.0, 1199.6 ], [ 2802.6, 1198.0 ], [ 2801.3, 1197.6 ], [ 2799.8, 1197.4 ], [ 2797.9, 1197.5 ], [ 2796.2, 1198.1 ], [ 2795.8, 1199.1 ], [ 2797.5, 1200.4 ] ] } },
{ "type": "Feature", "properties": { "scalerank": 6, "featurecla": "Coastline" }, "geometry": { "type": "LineString", "coordinates": [ [ 3118.0, 1170.3 ], [ 3119.4, 1171.5 ], [ 3120.9, 1172.3 ], [ 3122.4, 1172.4 ], [ 3123.7, 1171.2 ], [ 3123.2, 1169.1 ], [ 3123.7, 1167.8 ], [ 3124.5, 1167.8 ], [ 3124.9, 1169.6 ], [ 3124.3, 1172.3 ], [ 3124.4, 1173.3 ], [ 3125.6, 1173.3 ], [ 3126.5, 1171.8 ], [ 3129.0, 1163.7 ], [ 3126.3, 1162.5 ], [ 3122.5, 1163.8 ], [ 3119.3, 1166.7 ], [ 3118.0, 1170.3 ] ] } },
{ "type": "Feature", "properties": { "scalerank": 6, "featurecla": "Coastline" }, "geometry": { "type": "LineString", "coordinates": [ [ 3131.6, 1155.6 ], [ 3132.2, 1158.4 ], [ 3132.7, 1158.3 ], [ 3133.9, 1155.8 ], [ 3138.0, 1151.9 ], [ 3139.5, 1149.6 ], [ 3138.2, 1150.9 ], [ 3132.1, 1154.0 ], [ 3131.6, 1155.2 ], [ 3131.6, 1155.6 ] ] } },
{ "type": "Feature", "properties": { "scalerank": 6, "featurecla": "Coastline" }, "geometry": { "type": "LineString", "coordinates": [ [ 2802.1, 1138.0 ], [ 2801.7, 1138.3 ], [ 2801.6, 1137.7 ], [ 2801.2, 1137.5 ], [ 2800.9, 1136.8 ], [ 2800.5, 1136.3 ], [ 2800.0, 1135.8 ], [ 2801.3, 1135.7 ], [ 2801.9, 1136.4 ], [ 2802.1, 1138.0 ] ] } },
{ "type": "Feature", "properties": { "scalerank": 6, "featurecla": "Coastline" }, "geometry": { "type": "LineString", "coordinates": [ [ 2802.9, 1136.1 ], [ 2803.4, 1137.0 ], [ 2804.8, 1136.6 ], [ 2804.5, 1135.7 ], [ 2802.9, 1136.1 ] ] } },
{ "type": "Feature", "properties": { "scalerank": 5, "featurecla": "Coastline" }, "geometry": { "type": "LineString", "coordinates": [ [ 3105.7, 1093.6 ], [ 3104.2, 1091.0 ], [ 3103.5, 1090.1 ], [ 3101.2, 1088.1 ], [ 3093.4, 1084.9 ], [ 3089.1, 1085.7 ], [ 3085.6, 1089.2 ], [ 3083.2, 1095.5 ], [ 3083.5, 1097.6 ], [ 3084.5, 1097.0 ], [ 3085.0, 1097.0 ], [ 3085.3, 1097.6 ], [ 3085.6, 1098.7 ], [ 3086.3, 1098.7 ], [ 3087.0, 1097.8 ], [ 3087.9, 1097.5 ], [ 3090.3, 1097.5 ], [ 3091.6, 1098.0 ], [ 3092.0, 1099.2 ], [ 3091.9, 1102.3 ], [ 3093.0, 1103.6 ], [ 3095.3, 1104.0 ], [ 3099.0, 1103.7 ], [ 3098.6, 1103.4 ], [ 3098.1, 1102.8 ], [ 3099.8, 1101.8 ], [ 3111.2, 1103.5 ], [ 3105.7, 1093.6 ] ] } },
{ "type": "Feature", "properties": { "scalerank": 6, "featurecla": "Coastline" }, "geometry": { "type": "LineString", "coordinates": [ [ 2899.1, 1086.9 ], [ 2895.1, 1085.8 ], [ 2891.6, 1086.0 ], [ 2888.4, 1087.4 ], [ 2885.5, 1090.1 ], [ 2886.2, 1090.8 ], [ 2886.6, 1091.8 ], [ 2886.4, 1092.6 ], [ 2885.4, 1093.1 ], [ 2886.4, 1094.9 ], [ 2888.2, 1095.6 ], [ 2892.2, 1095.4 ], [ 2894.3, 1094.3 ], [ 2895.6, 1092.6 ], [ 2896.8, 1090.7 ], [ 2898.5, 1089.1 ], [ 2898.4, 1088.3 ], [ 2898.4, 1087.6 ], [ 2898.6, 1087.1 ], [ 2899.1, 1086.9 ] ] } },
{ "type": "Feature", "properties": { "scalerank": 6, "featurecla": "Coastline" }, "geometry": { "type": "LineString", "coordinates": [ [ 2869.5, 1083.5 ], [ 2868.9, 1083.9 ], [ 2868.2, 1084.2 ], [ 2866.6, 1085.4 ], [ 2866.0, 1087.9 ], [ 2866.8, 1090.2 ], [ 2868.0, 1091.2 ], [ 2870.0, 1091.3 ], [ 2872.6, 1089.9 ], [ 2874.7, 1086.6 ], [ 2875.5, 1082.8 ], [ 2875.4, 1081.1 ], [ 2869.5, 1083.5 ] ] } },
{ "type": "Feature", "properties": { "scalerank": 6, "featurecla": "Coastline" }, "geometry": { "type": "LineString", "coordinates": [ [ 2842.9, 1059.5 ], [ 2843.8, 1058.4 ], [ 2844.8, 1057.4 ], [ 2845.1, 1057.2 ], [ 2845.3, 1057.2 ], [ 2845.5, 1057.1 ], [ 2845.5, 1056.3 ], [ 2843.5, 1057.0 ], [ 2841.8, 1058.7 ], [ 2839.1, 1063.6 ], [ 2840.8, 1066.1 ], [ 2842.5, 1069.2 ], [ 2844.5, 1071.2 ], [ 2847.6, 1070.1 ], [ 2848.9, 1069.1 ], [ 2847.2, 1068.1 ], [ 2842.9, 1059.5 ] ] } },
{ "type": "Feature", "properties": { "scalerank": 5, "featurecla": "Coastline" }, "geometry": { "type": "LineString", "coordinates": [ [ 2857.9, 1050.2 ], [ 2854.9, 1050.4 ], [ 2852.4, 1051.3 ], [ 2850.4, 1053.2 ], [ 2848.5, 1056.4 ], [ 2853.7, 1059.8 ], [ 2856.6, 1060.7 ], [ 2858.9, 1059.9 ], [ 2859.7, 1060.5 ], [ 2861.0, 1061.1 ], [ 2862.6, 1061.3 ], [ 2863.8, 1060.9 ], [ 2864.6, 1059.9 ], [ 2865.6, 1057.0 ], [ 2866.4, 1055.7 ], [ 2866.4, 1054.7 ], [ 2864.9, 1051.9 ], [ 2862.9, 1050.6 ], [ 2857.9, 1050.2 ] ] } },
{ "type": "Feature", "properties": { "scalerank": 5, "featurecla": "Coastline" }, "geometry": { "type": "LineString", "coordinates": [ [ 3157.8, 1053.2 ], [ 3158.7, 1051.4 ], [ 3158.7, 1050.5 ], [ 3158.3, 1049.4 ], [ 3158.0, 1046.9 ], [ 3157.0, 1045.4 ], [ 3152.4, 1041.8 ], [ 3151.0, 1039.1 ], [ 3151.4, 1038.8 ], [ 3152.3, 1038.0 ], [ 3150.8, 1037.6 ], [ 3149.4, 1036.5 ], [ 3147.2, 1033.9 ], [ 3146.6, 1031.6 ], [ 3139.6, 1025.6 ], [ 3139.4, 1027.3 ], [ 3139.3, 1029.3 ], [ 3139.6, 1031.2 ], [ 3140.4, 1032.9 ], [ 3139.5, 1033.0 ], [ 3137.4, 1034.1 ], [ 3134.9, 1034.1 ], [ 3133.0, 1035.9 ], [ 3133.1, 1037.2 ], [ 3134.2, 1038.9 ], [ 3135.1, 1041.5 ], [ 3119.0, 1032.8 ], [ 3116.9, 1032.4 ], [ 3114.7, 1031.1 ], [ 3111.9, 1025.3 ], [ 3110.3, 1024.0 ], [ 3108.7, 1023.3 ], [ 3104.4, 1019.9 ], [ 3102.2, 1018.9 ], [ 3089.5, 1021.8 ], [ 3088.2, 1021.2 ], [ 3084.6, 1025.7 ], [ 3083.4, 1028.2 ], [ 3083.4, 1030.8 ], [ 3084.0, 1031.9 ], [ 3088.9, 1037.7 ], [ 3090.1, 1038.7 ], [ 3091.5, 1039.2 ], [ 3089.9, 1042.4 ], [ 3087.4, 1042.7 ], [ 3084.7, 1042.3 ], [ 3082.4, 1043.6 ], [ 3081.9, 1046.3 ], [ 3082.8, 1048.6 ], [ 3084.8, 1050.3 ], [ 3089.6, 1051.3 ], [ 3094.5, 1053.5 ], [ 3098.9, 1054.4 ], [ 3108.9, 1060.6 ], [ 3114.5, 1065.3 ], [ 3122.9, 1070.1 ], [ 3124.9, 1070.4 ], [ 3128.3, 1067.2 ], [ 3132.5, 1065.0 ], [ 3137.0, 1063.9 ], [ 3151.1, 1066.6 ], [ 3155.0, 1065.2 ], [ 3157.8, 1061.9 ], [ 3158.1, 1058.5 ], [ 3154.5, 1057.0 ], [ 3155.2, 1055.4 ], [ 3155.9, 1054.8 ], [ 3156.8, 1054.4 ], [ 3157.8, 1053.2 ] ] } },
{ "type": "Feature", "properties": { "scalerank": 5, "featurecla": "Coastline" }, "geometry": { "type": "LineString", "coordinates": [ [ 3032.7, 1029.2 ], [ 3033.9, 1031.9 ], [ 3033.6, 1033.2 ], [ 3032.4, 1033.5 ], [ 3030.5, 1033.5 ], [ 3029.5, 1032.6 ], [ 3028.4, 1027.9 ], [ 3027.2, 1026.1 ], [ 3027.8, 1028.7 ], [ 3027.4, 1030.0 ], [ 3026.3, 1030.3 ], [ 3025.0, 1030.3 ], [ 3023.7, 1029.8 ], [ 3022.6, 1028.4 ], [ 3020.5, 1025.0 ], [ 3018.2, 1023.0 ], [ 3010.6, 1018.8 ], [ 3009.3, 1017.3 ], [ 3009.9, 1019.7 ], [ 3011.3, 1023.2 ], [ 3026.8, 1040.0 ], [ 3028.8, 1040.9 ], [ 3029.9, 1040.4 ], [ 3031.8, 1038.3 ], [ 3038.8, 1036.6 ], [ 3037.9, 1036.2 ], [ 3037.0, 1035.6 ], [ 3037.1, 1033.1 ], [ 3035.8, 1031.7 ], [ 3034.1, 1030.7 ], [ 3032.7, 1029.2 ] ] } },
{ "type": "Feature", "properties": { "scalerank": 5, "featurecla": "Coastline" }, "geometry": { "type": "LineString", "coordinates": [ [ 2846.3, 1020.2 ], [ 2845.6, 1017.3 ], [ 2846.6, 1014.3 ], [ 2848.3, 1011.8 ], [ 2852.0, 1009.8 ], [ 2852.8, 1007.7 ], [ 2852.1, 1005.8 ], [ 2849.7, 1005.5 ], [ 2850.4, 1004.7 ], [ 2855.8, 1004.6 ], [ 2851.6, 1002.2 ], [ 2847.8, 1006.8 ], [ 2840.6, 1025.6 ], [ 2839.7, 1028.9 ], [ 2838.2, 1045.6 ], [ 2838.2, 1049.7 ], [ 2838.8, 1051.9 ], [ 2839.3, 1051.5 ], [ 2839.8, 1049.4 ], [ 2840.1, 1046.6 ], [ 2840.0, 1038.1 ], [ 2840.3, 1037.5 ], [ 2840.5, 1034.5 ], [ 2840.8, 1033.3 ], [ 2841.2, 1032.9 ], [ 2844.0, 1031.1 ], [ 2844.6, 1030.9 ], [ 2845.4, 1030.9 ], [ 2846.2, 1031.3 ], [ 2846.9, 1032.6 ], [ 2847.5, 1032.9 ], [ 2853.7, 1033.1 ], [ 2855.0, 1032.7 ], [ 2857.5, 1030.8 ], [ 2858.9, 1030.1 ], [ 2870.1, 1030.9 ], [ 2872.4, 1029.2 ], [ 2852.9, 1029.8 ], [ 2848.6, 1028.6 ], [ 2845.6, 1025.7 ], [ 2846.3, 1020.2 ] ] } },
{ "type": "Feature", "properties": { "scalerank": 5, "featurecla": "Coastline" }, "geometry": { "type": "LineString", "coordinates": [ [ 3068.5, 1006.6 ], [ 3063.5, 1014.0 ], [ 3061.4, 1015.6 ], [ 3056.5, 1021.4 ], [ 3054.6, 1024.2 ], [ 3053.4, 1027.9 ], [ 3054.2, 1028.6 ], [ 3055.0, 1028.8 ], [ 3055.7, 1028.6 ], [ 3056.5, 1027.9 ], [ 3056.9, 1029.6 ], [ 3057.2, 1031.2 ], [ 3054.9, 1032.0 ], [ 3054.4, 1031.7 ], [ 3053.6, 1030.9 ], [ 3053.1, 1031.7 ], [ 3052.3, 1034.3 ], [ 3050.9, 1036.6 ], [ 3049.8, 1037.9 ], [ 3048.4, 1038.5 ], [ 3046.2, 1038.7 ], [ 3049.0, 1040.9 ], [ 3050.2, 1042.3 ], [ 3051.2, 1044.0 ], [ 3053.6, 1053.1 ], [ 3054.7, 1054.5 ], [ 3056.8, 1054.4 ], [ 3058.0, 1053.8 ], [ 3058.9, 1051.9 ], [ 3067.2, 1023.1 ], [ 3071.7, 1013.8 ], [ 3073.3, 1008.7 ], [ 3077.3, 989.5 ], [ 3075.3, 988.6 ], [ 3072.0, 994.6 ], [ 3069.1, 1002.3 ], [ 3068.5, 1006.6 ] ] } },
{ "type": "Feature", "properties": { "scalerank": 5, "featurecla": "Coastline" }, "geometry": { "type": "LineString", "coordinates": [ [ 2993.5, 1017.7 ], [ 2991.3, 1014.2 ], [ 2989.0, 1011.5 ], [ 2986.2, 1009.8 ], [ 2982.2, 1009.2 ], [ 2979.4, 1007.6 ], [ 2974.1, 1001.3 ], [ 2970.4, 1000.6 ], [ 2967.3, 1001.1 ], [ 2959.4, 1004.8 ], [ 2959.4, 1005.9 ], [ 2960.9, 1006.8 ], [ 2962.4, 1006.6 ], [ 2963.9, 1006.0 ], [ 2965.5, 1006.0 ], [ 2965.0, 1007.2 ], [ 2963.3, 1008.4 ], [ 2963.0, 1009.1 ], [ 2963.5, 1010.5 ], [ 2964.4, 1010.9 ], [ 2965.5, 1011.1 ], [ 2966.4, 1011.8 ], [ 2967.6, 1011.9 ], [ 2974.6, 1011.3 ], [ 2974.6, 1012.3 ], [ 2973.5, 1013.8 ], [ 2974.1, 1015.1 ], [ 2977.8, 1017.7 ], [ 2978.4, 1018.5 ], [ 2977.9, 1018.8 ], [ 2977.6, 1019.2 ], [ 2977.9, 1020.3 ], [ 2978.5, 1021.3 ], [ 2978.9, 1021.9 ], [ 2977.1, 1022.3 ], [ 2975.0, 1020.5 ], [ 2972.9, 1018.0 ], [ 2970.9, 1016.7 ], [ 2970.9, 1017.6 ], [ 2971.5, 1017.6 ], [ 2971.2, 1022.6 ], [ 2972.9, 1026.7 ], [ 2975.9, 1029.2 ], [ 2979.4, 1029.4 ], [ 2980.3, 1028.9 ], [ 2981.6, 1027.6 ], [ 2982.5, 1027.2 ], [ 2983.4, 1027.3 ], [ 2987.4, 1028.8 ], [ 2991.7, 1032.5 ], [ 2991.7, 1033.6 ], [ 2989.2, 1032.4 ], [ 2986.4, 1030.5 ], [ 2983.6, 1029.2 ], [ 2981.2, 1030.4 ], [ 2981.2, 1031.5 ], [ 2982.7, 1032.5 ], [ 2986.9, 1033.8 ], [ 2988.3, 1035.1 ], [ 2989.6, 1035.6 ], [ 2991.4, 1034.6 ], [ 2993.1, 1033.2 ], [ 2994.4, 1032.5 ], [ 2997.0, 1032.6 ], [ 2998.2, 1032.3 ], [ 2998.3, 1030.8 ], [ 2994.8, 1020.1 ], [ 2993.5, 1017.7 ] ] } },
{ "type": "Feature", "properties": { "scalerank": 6, "featurecla": "Coastline" }, "geometry": { "type": "LineString", "coordinates": [ [ 3207.5, 1005.6 ], [ 3200.2, 1005.4 ], [ 3197.2, 1004.1 ], [ 3195.1, 1000.7 ], [ 3193.5, 1000.8 ], [ 3192.6, 1001.3 ], [ 3192.3, 1002.4 ], [ 3192.8, 1004.0 ], [ 3193.6, 1005.0 ], [ 3196.6, 1007.0 ], [ 3196.6, 1008.1 ], [ 3195.9, 1008.6 ], [ 3195.5, 1009.6 ], [ 3195.6, 1010.8 ], [ 3196.1, 1012.3 ], [ 3195.1, 1013.1 ], [ 3192.2, 1014.4 ], [ 3191.3, 1014.6 ], [ 3190.0, 1014.1 ], [ 3187.8, 1012.7 ], [ 3186.3, 1012.6 ], [ 3187.0, 1014.7 ], [ 3186.4, 1015.9 ], [ 3185.3, 1015.2 ], [ 3184.1, 1015.8 ], [ 3182.2, 1018.1 ], [ 3182.7, 1018.5 ], [ 3183.6, 1019.7 ], [ 3184.1, 1020.2 ], [ 3183.1, 1020.8 ], [ 3182.3, 1021.6 ], [ 3182.0, 1022.9 ], [ 3182.4, 1024.5 ], [ 3181.2, 1024.5 ], [ 3181.2, 1025.5 ], [ 3187.0, 1028.1 ], [ 3189.6, 1028.5 ], [ 3191.2, 1027.4 ], [ 3195.8, 1020.8 ], [ 3198.7, 1018.2 ], [ 3201.7, 1016.6 ], [ 3204.9, 1016.1 ], [ 3215.6, 1018.0 ], [ 3217.6, 1017.9 ], [ 3219.1, 1017.4 ], [ 3219.9, 1016.5 ], [ 3220.0, 1014.8 ], [ 3218.4, 1009.5 ], [ 3215.3, 1006.9 ], [ 3207.5, 1005.6 ] ] } },
{ "type": "Feature", "properties": { "scalerank": 3, "featurecla": "Coastline" }, "geometry": { "type": "LineString", "coordinates": [ [ 3051.7, 1003.6 ], [ 3055.2, 1003.9 ], [ 3056.3, 1003.6 ], [ 3057.7, 1002.4 ], [ 3058.5, 1000.9 ], [ 3059.0, 999.1 ], [ 3059.9, 997.2 ], [ 3062.0, 994.3 ], [ 3062.3, 993.4 ], [ 3062.4, 990.3 ], [ 3062.6, 989.2 ], [ 3063.9, 986.0 ], [ 3064.5, 983.4 ], [ 3064.7, 980.3 ], [ 3064.5, 977.0 ], [ 3063.7, 974.7 ], [ 3061.3, 971.0 ], [ 3060.8, 969.1 ], [ 3061.4, 966.3 ], [ 3062.9, 965.9 ], [ 3064.5, 966.9 ], [ 3065.6, 968.5 ], [ 3066.2, 968.5 ], [ 3065.7, 966.0 ], [ 3063.4, 959.3 ], [ 3062.8, 958.0 ], [ 3053.9, 945.4 ], [ 3052.6, 944.3 ], [ 3046.7, 942.9 ], [ 3044.9, 942.5 ], [ 3044.3, 944.1 ], [ 3044.4, 944.6 ], [ 3044.8, 945.4 ], [ 3043.5, 946.2 ], [ 3042.1, 946.2 ], [ 3041.3, 945.2 ], [ 3041.7, 943.2 ], [ 3042.8, 942.3 ], [ 3044.3, 941.9 ], [ 3050.3, 942.5 ], [ 3054.4, 940.6 ], [ 3057.0, 939.0 ], [ 3057.8, 938.1 ], [ 3057.9, 936.8 ], [ 3057.4, 934.7 ], [ 3055.5, 932.9 ], [ 3055.3, 932.5 ], [ 3054.8, 932.0 ], [ 3054.6, 930.8 ], [ 3054.5, 929.4 ], [ 3054.3, 928.4 ], [ 3050.1, 921.5 ], [ 3047.5, 918.7 ], [ 3045.8, 918.8 ], [ 3045.8, 919.8 ], [ 3046.4, 923.6 ], [ 3046.4, 926.3 ], [ 3045.1, 924.9 ], [ 3044.6, 924.2 ], [ 3045.2, 926.8 ], [ 3046.1, 929.5 ], [ 3046.4, 931.9 ], [ 3045.3, 933.7 ], [ 3044.8, 933.0 ], [ 3043.6, 931.8 ], [ 3042.5, 931.3 ], [ 3042.3, 932.6 ], [ 3042.7, 933.4 ], [ 3043.4, 934.1 ], [ 3044.2, 934.6 ], [ 3045.0, 934.8 ], [ 3045.4, 935.3 ], [ 3045.9, 936.3 ], [ 3046.0, 937.4 ], [ 3045.7, 937.9 ], [ 3042.3, 939.0 ], [ 3036.7, 942.0 ], [ 3035.7, 941.7 ], [ 3034.0, 945.2 ], [ 3030.9, 945.3 ], [ 3029.4, 942.7 ], [ 3032.7, 938.0 ], [ 3033.6, 937.6 ], [ 3034.5, 937.5 ], [ 3035.2, 937.1 ], [ 3035.7, 935.9 ], [ 3035.5, 934.9 ], [ 3034.2, 933.9 ], [ 3033.8, 933.2 ], [ 3034.2, 931.4 ], [ 3035.2, 930.6 ], [ 3036.6, 930.6 ], [ 3038.1, 931.1 ], [ 3035.4, 929.3 ], [ 3033.9, 928.8 ], [ 3032.3, 928.6 ], [ 3031.5, 928.1 ], [ 3030.7, 927.1 ], [ 3029.6, 925.2 ], [ 3028.2, 923.5 ], [ 3022.1, 919.4 ], [ 3019.4, 918.1 ], [ 3018.2, 918.5 ], [ 3018.5, 921.6 ], [ 3018.2, 922.8 ], [ 3017.0, 923.3 ], [ 3017.0, 922.8 ], [ 3016.4, 920.6 ], [ 3016.3, 920.1 ], [ 3015.6, 919.9 ], [ 3013.3, 920.1 ], [ 3011.1, 920.9 ], [ 3007.3, 923.7 ], [ 2995.9, 927.5 ], [ 2987.2, 933.5 ], [ 2982.6, 935.1 ], [ 2978.4, 932.8 ], [ 2977.6, 931.1 ], [ 2977.6, 929.8 ], [ 2977.3, 929.0 ], [ 2975.7, 928.7 ], [ 2971.0, 929.6 ], [ 2967.7, 933.8 ], [ 2966.5, 934.5 ], [ 2965.5, 934.8 ], [ 2964.7, 935.5 ], [ 2964.0, 937.1 ], [ 2967.3, 937.8 ], [ 2975.9, 945.6 ], [ 2973.6, 946.2 ], [ 2971.2, 944.6 ], [ 2968.7, 942.4 ], [ 2966.4, 941.3 ], [ 2966.4, 942.3 ], [ 2969.3, 946.0 ], [ 2970.6, 946.5 ], [ 2974.1, 947.0 ], [ 2975.7, 948.0 ], [ 2976.6, 949.8 ], [ 2974.3, 950.0 ], [ 2973.6, 949.8 ], [ 2978.4, 951.9 ], [ 2977.5, 953.7 ], [ 2976.0, 954.2 ], [ 2974.4, 954.4 ], [ 2972.9, 955.0 ], [ 2975.0, 957.8 ], [ 2976.3, 958.9 ], [ 2977.4, 959.3 ], [ 2980.0, 959.1 ], [ 2981.4, 959.2 ], [ 2982.3, 959.9 ], [ 2982.0, 965.2 ], [ 2982.2, 966.1 ], [ 2983.0, 968.8 ], [ 2983.2, 970.5 ], [ 2983.0, 971.4 ], [ 2982.2, 972.7 ], [ 2982.0, 973.7 ], [ 2982.2, 974.6 ], [ 2983.0, 976.0 ], [ 2983.2, 976.9 ], [ 2983.6, 977.6 ], [ 2984.6, 978.5 ], [ 2985.7, 979.2 ], [ 2989.3, 980.1 ], [ 2990.7, 980.9 ], [ 2990.8, 982.2 ], [ 2990.2, 983.6 ], [ 2990.0, 985.3 ], [ 2990.2, 986.9 ], [ 2991.5, 990.4 ], [ 2991.6, 991.7 ], [ 2991.3, 992.3 ], [ 2991.1, 992.2 ], [ 2991.1, 993.0 ], [ 2991.0, 993.7 ], [ 2991.2, 994.1 ], [ 2994.3, 994.6 ], [ 2994.7, 994.4 ], [ 2995.1, 991.8 ], [ 2992.0, 987.1 ], [ 2991.7, 984.7 ], [ 2992.8, 983.3 ], [ 2993.9, 983.8 ], [ 2996.0, 985.9 ], [ 2997.4, 986.0 ], [ 2998.5, 985.7 ], [ 2999.5, 985.1 ], [ 3000.8, 984.7 ], [ 3002.5, 985.4 ], [ 3003.7, 987.4 ], [ 3004.8, 990.0 ], [ 3006.3, 992.2 ], [ 3005.1, 994.4 ], [ 2998.3, 999.6 ], [ 2999.9, 1000.4 ], [ 3003.2, 999.5 ], [ 3005.1, 999.6 ], [ 3006.5, 1000.4 ], [ 3008.6, 1002.9 ], [ 3010.0, 1003.9 ], [ 3010.0, 1000.5 ], [ 3010.7, 999.3 ], [ 3013.3, 999.6 ], [ 3020.3, 1004.0 ], [ 3021.4, 1004.1 ], [ 3023.7, 1003.8 ], [ 3024.7, 1004.1 ], [ 3025.5, 1004.6 ], [ 3026.2, 1005.3 ], [ 3027.0, 1005.9 ], [ 3029.0, 1006.5 ], [ 3034.9, 1006.9 ], [ 3038.5, 1008.9 ], [ 3040.4, 1009.1 ], [ 3042.0, 1007.5 ], [ 3043.1, 1005.9 ], [ 3044.6, 1004.8 ], [ 3046.2, 1004.0 ], [ 3047.7, 1003.7 ], [ 3051.7, 1003.6 ] ] } },
{ "type": "Feature", "properties": { "scalerank": 1, "featurecla": "Coastline" }, "geometry": { "type": "LineString", "coordinates": [ [ 3174.6, 1027.9 ], [ 3173.1, 1027.1 ], [ 3170.1, 1024.4 ], [ 3169.3, 1023.8 ], [ 3169.1, 1023.2 ], [ 3167.7, 1020.4 ], [ 3167.0, 1019.5 ], [ 3164.8, 1020.6 ], [ 3164.0, 1020.7 ], [ 3164.5, 1022.2 ], [ 3164.7, 1022.7 ], [ 3163.6, 1023.7 ], [ 3162.2, 1023.5 ], [ 3161.0, 1022.6 ], [ 3160.3, 1020.8 ], [ 3160.5, 1018.6 ], [ 3161.3, 1017.1 ], [ 3161.9, 1015.3 ], [ 3161.4, 1012.4 ], [ 3162.1, 1012.2 ], [ 3162.4, 1011.8 ], [ 3162.6, 1011.5 ], [ 3163.1, 1011.2 ], [ 3162.8, 1011.0 ], [ 3162.6, 1011.0 ], [ 3162.5, 1010.9 ], [ 3162.5, 1010.1 ], [ 3165.5, 1010.6 ], [ 3170.5, 1015.0 ], [ 3173.6, 1016.3 ], [ 3175.6, 1015.8 ], [ 3178.6, 1013.4 ], [ 3179.9, 1012.8 ], [ 3182.0, 1012.6 ], [ 3183.8, 1011.9 ], [ 3184.9, 1010.3 ], [ 3185.0, 1007.4 ], [ 3181.4, 1000.1 ], [ 3180.7, 999.7 ], [ 3181.6, 998.9 ], [ 3183.4, 997.8 ], [ 3184.1, 997.2 ], [ 3184.8, 996.9 ], [ 3185.3, 996.2 ], [ 3185.8, 994.7 ], [ 3184.9, 991.1 ], [ 3181.5, 990.0 ], [ 3174.0, 989.6 ], [ 3171.4, 987.7 ], [ 3170.9, 987.1 ], [ 3171.1, 985.5 ], [ 3171.6, 984.9 ], [ 3172.2, 984.6 ], [ 3173.0, 983.8 ], [ 3174.7, 982.5 ], [ 3176.5, 983.1 ], [ 3177.6, 985.1 ], [ 3177.0, 988.5 ], [ 3177.9, 989.2 ], [ 3178.7, 989.3 ], [ 3179.4, 988.7 ], [ 3180.0, 987.3 ], [ 3179.4, 984.7 ], [ 3180.4, 981.5 ], [ 3182.1, 978.9 ], [ 3184.4, 977.3 ], [ 3185.7, 975.8 ], [ 3204.1, 970.8 ], [ 3208.6, 967.4 ], [ 3209.1, 966.9 ], [ 3210.3, 965.2 ], [ 3208.9, 961.1 ], [ 3208.5, 958.9 ], [ 3208.2, 956.2 ], [ 3207.3, 954.0 ], [ 3205.2, 951.6 ], [ 3201.3, 948.5 ], [ 3199.8, 947.9 ], [ 3194.3, 947.7 ], [ 3192.8, 947.2 ], [ 3188.4, 943.5 ], [ 3185.8, 935.5 ], [ 3189.9, 926.3 ], [ 3189.9, 926.2 ], [ 3195.3, 920.2 ], [ 3197.0, 918.4 ], [ 3203.2, 914.5 ], [ 3204.9, 914.5 ], [ 3206.1, 915.2 ], [ 3207.2, 916.0 ], [ 3208.6, 916.4 ], [ 3210.5, 915.7 ], [ 3211.3, 913.8 ], [ 3211.8, 911.9 ], [ 3215.0, 909.5 ], [ 3218.3, 902.6 ], [ 3220.1, 900.1 ], [ 3219.2, 898.5 ], [ 3218.8, 897.7 ], [ 3218.7, 897.0 ], [ 3218.8, 895.9 ], [ 3219.2, 893.2 ], [ 3219.1, 890.0 ], [ 3219.2, 887.9 ], [ 3219.6, 886.4 ], [ 3218.4, 884.5 ], [ 3217.1, 881.5 ], [ 3216.0, 878.2 ], [ 3215.5, 875.3 ], [ 3214.9, 873.3 ], [ 3213.6, 870.9 ], [ 3211.1, 867.5 ], [ 3211.0, 866.4 ], [ 3212.1, 864.5 ], [ 3214.2, 858.3 ], [ 3215.4, 855.7 ], [ 3218.8, 850.7 ], [ 3219.8, 848.2 ], [ 3215.2, 844.6 ], [ 3212.6, 843.5 ], [ 3209.5, 840.9 ], [ 3207.8, 840.1 ], [ 3201.6, 840.3 ], [ 3194.0, 836.2 ], [ 3186.8, 836.1 ], [ 3180.0, 840.2 ], [ 3167.1, 851.9 ], [ 3159.0, 857.2 ], [ 3154.6, 861.2 ], [ 3153.2, 865.1 ], [ 3154.7, 866.4 ], [ 3157.2, 865.9 ], [ 3163.8, 863.0 ], [ 3165.6, 862.8 ], [ 3167.2, 863.6 ], [ 3168.7, 865.7 ], [ 3171.0, 873.9 ], [ 3171.3, 876.1 ], [ 3171.5, 881.6 ], [ 3175.6, 898.4 ], [ 3175.5, 901.8 ], [ 3173.6, 906.8 ], [ 3172.9, 910.1 ], [ 3169.9, 908.9 ], [ 3168.6, 907.9 ], [ 3168.0, 906.5 ], [ 3168.3, 906.1 ], [ 3171.1, 906.9 ], [ 3170.3, 905.0 ], [ 3169.0, 903.7 ], [ 3167.6, 903.3 ], [ 3166.2, 903.9 ], [ 3166.0, 906.4 ], [ 3164.0, 908.6 ], [ 3161.5, 909.8 ], [ 3159.8, 909.5 ], [ 3160.8, 907.3 ], [ 3163.8, 904.2 ], [ 3164.4, 902.4 ], [ 3165.0, 899.8 ], [ 3166.5, 899.6 ], [ 3169.7, 900.7 ], [ 3171.8, 897.3 ], [ 3171.4, 891.3 ], [ 3169.7, 885.0 ], [ 3167.9, 880.5 ], [ 3167.2, 879.3 ], [ 3166.8, 878.9 ], [ 3166.4, 878.2 ], [ 3166.0, 876.2 ], [ 3166.1, 875.0 ], [ 3166.4, 873.3 ], [ 3166.4, 871.7 ], [ 3165.5, 871.1 ], [ 3163.9, 870.3 ], [ 3160.7, 867.1 ], [ 3159.2, 867.0 ], [ 3158.6, 870.0 ], [ 3160.8, 874.5 ], [ 3162.7, 879.5 ], [ 3161.4, 883.9 ], [ 3159.9, 884.8 ], [ 3156.8, 885.8 ], [ 3155.6, 887.2 ], [ 3154.2, 890.7 ], [ 3153.6, 893.0 ], [ 3153.4, 894.7 ], [ 3153.6, 895.3 ], [ 3154.5, 897.3 ], [ 3154.7, 898.4 ], [ 3154.6, 898.5 ], [ 3154.4, 898.7 ], [ 3151.0, 906.8 ], [ 3149.9, 908.3 ], [ 3148.3, 909.8 ], [ 3149.0, 907.2 ], [ 3149.5, 906.2 ], [ 3149.5, 905.4 ], [ 3148.8, 903.4 ], [ 3146.6, 900.3 ], [ 3145.1, 898.9 ], [ 3144.5, 899.7 ], [ 3143.7, 900.1 ], [ 3139.8, 900.5 ], [ 3138.5, 900.3 ], [ 3137.4, 899.1 ], [ 3138.0, 898.1 ], [ 3139.5, 897.4 ], [ 3146.5, 896.0 ], [ 3146.6, 894.8 ], [ 3145.8, 892.4 ], [ 3144.8, 889.8 ], [ 3144.2, 888.6 ], [ 3142.6, 888.5 ], [ 3141.1, 889.3 ], [ 3139.7, 890.4 ], [ 3138.6, 891.0 ], [ 3134.3, 891.5 ], [ 3132.8, 891.1 ], [ 3132.8, 890.0 ], [ 3134.4, 889.9 ], [ 3135.4, 889.0 ], [ 3137.0, 886.7 ], [ 3138.3, 886.2 ], [ 3141.0, 886.8 ], [ 3142.3, 886.6 ], [ 3143.5, 883.5 ], [ 3141.7, 879.3 ], [ 3137.2, 871.8 ], [ 3138.0, 870.4 ], [ 3139.1, 869.8 ], [ 3141.9, 869.6 ], [ 3141.6, 871.1 ], [ 3141.4, 871.7 ], [ 3142.9, 872.4 ], [ 3144.3, 872.2 ], [ 3144.8, 871.1 ], [ 3143.7, 869.5 ], [ 3144.4, 867.7 ], [ 3146.8, 864.6 ], [ 3147.2, 863.1 ], [ 3146.1, 861.8 ], [ 3144.4, 862.2 ], [ 3141.2, 864.2 ], [ 3135.2, 866.2 ], [ 3131.5, 866.5 ], [ 3129.9, 865.0 ], [ 3116.5, 863.2 ], [ 3114.2, 863.8 ], [ 3103.0, 858.7 ], [ 3103.8, 861.4 ], [ 3105.8, 863.1 ], [ 3112.8, 865.6 ], [ 3118.4, 865.9 ], [ 3120.9, 866.9 ], [ 3123.9, 871.9 ], [ 3123.6, 878.0 ], [ 3121.3, 882.3 ], [ 3118.3, 881.7 ], [ 3116.4, 883.9 ], [ 3114.4, 884.8 ], [ 3112.3, 884.5 ], [ 3110.0, 883.0 ], [ 3110.6, 884.3 ], [ 3112.2, 886.5 ], [ 3112.5, 887.7 ], [ 3112.4, 888.7 ], [ 3112.1, 890.8 ], [ 3112.0, 892.0 ], [ 3111.6, 894.3 ], [ 3110.6, 895.8 ], [ 3109.3, 896.6 ], [ 3106.3, 897.3 ], [ 3103.4, 899.5 ], [ 3102.0, 900.1 ], [ 3098.8, 900.2 ], [ 3097.3, 899.8 ], [ 3096.5, 899.0 ], [ 3095.3, 900.2 ], [ 3099.0, 903.3 ], [ 3096.8, 904.6 ], [ 3094.3, 903.9 ], [ 3092.0, 901.8 ], [ 3090.5, 899.1 ], [ 3091.3, 898.4 ], [ 3092.2, 898.0 ], [ 3093.1, 898.0 ], [ 3094.1, 898.1 ], [ 3094.1, 897.0 ], [ 3091.1, 897.6 ], [ 3085.6, 899.8 ], [ 3082.8, 900.4 ], [ 3069.0, 898.4 ], [ 3069.0, 899.4 ], [ 3070.4, 900.2 ], [ 3075.0, 900.5 ], [ 3076.4, 901.2 ], [ 3077.2, 902.1 ], [ 3077.7, 903.3 ], [ 3078.6, 904.8 ], [ 3080.7, 906.1 ], [ 3086.2, 908.4 ], [ 3087.7, 911.0 ], [ 3073.9, 910.0 ], [ 3073.9, 911.2 ], [ 3083.5, 913.6 ], [ 3087.8, 916.1 ], [ 3091.8, 921.0 ], [ 3093.0, 923.9 ], [ 3093.3, 926.8 ], [ 3092.4, 929.1 ], [ 3090.1, 930.0 ], [ 3089.0, 930.1 ], [ 3088.1, 930.5 ], [ 3087.6, 931.7 ], [ 3087.5, 933.7 ], [ 3087.9, 934.6 ], [ 3088.9, 934.3 ], [ 3090.5, 933.1 ], [ 3092.3, 933.4 ], [ 3093.7, 934.1 ], [ 3094.8, 935.4 ], [ 3096.0, 937.3 ], [ 3097.8, 942.8 ], [ 3098.6, 946.2 ], [ 3098.3, 947.8 ], [ 3099.4, 948.6 ], [ 3099.5, 950.5 ], [ 3098.7, 952.3 ], [ 3096.8, 953.2 ], [ 3095.8, 953.4 ], [ 3094.7, 954.0 ], [ 3093.7, 954.9 ], [ 3093.0, 955.9 ], [ 3092.1, 956.6 ], [ 3090.8, 956.7 ], [ 3088.4, 956.5 ], [ 3088.5, 957.6 ], [ 3089.8, 961.1 ], [ 3090.3, 961.8 ], [ 3091.7, 961.7 ], [ 3092.3, 960.7 ], [ 3092.7, 959.4 ], [ 3093.3, 958.5 ], [ 3094.2, 958.4 ], [ 3095.6, 958.4 ], [ 3096.8, 958.8 ], [ 3097.5, 959.5 ], [ 3097.4, 961.1 ], [ 3096.4, 961.7 ], [ 3095.1, 961.8 ], [ 3094.3, 962.2 ], [ 3095.1, 963.6 ], [ 3100.1, 968.0 ], [ 3101.7, 969.0 ], [ 3102.3, 969.8 ], [ 3102.1, 973.6 ], [ 3102.4, 974.4 ], [ 3104.4, 974.3 ], [ 3105.4, 973.9 ], [ 3106.3, 973.2 ], [ 3105.8, 975.4 ], [ 3104.7, 976.4 ], [ 3103.4, 976.3 ], [ 3102.1, 975.4 ], [ 3102.8, 979.7 ], [ 3104.2, 981.8 ], [ 3106.4, 982.6 ], [ 3109.5, 982.7 ], [ 3107.6, 981.6 ], [ 3107.6, 980.6 ], [ 3113.7, 980.5 ], [ 3115.0, 980.0 ], [ 3117.4, 978.6 ], [ 3118.5, 978.3 ], [ 3124.7, 980.9 ], [ 3125.9, 980.2 ], [ 3127.5, 981.2 ], [ 3134.2, 982.7 ], [ 3137.5, 984.1 ], [ 3138.7, 984.2 ], [ 3139.9, 983.0 ], [ 3141.2, 981.3 ], [ 3142.6, 979.9 ], [ 3144.6, 979.8 ], [ 3146.0, 981.0 ], [ 3146.2, 982.8 ], [ 3145.5, 984.6 ], [ 3144.2, 986.1 ], [ 3145.8, 988.1 ], [ 3150.8, 987.6 ], [ 3152.8, 989.1 ], [ 3153.0, 990.4 ], [ 3152.5, 991.0 ], [ 3144.9, 992.6 ], [ 3147.3, 996.4 ], [ 3152.9, 1000.4 ], [ 3155.0, 1004.0 ], [ 3150.3, 1003.0 ], [ 3140.8, 998.9 ], [ 3136.0, 998.0 ], [ 3137.3, 999.7 ], [ 3138.8, 1001.0 ], [ 3140.5, 1001.9 ], [ 3146.1, 1002.1 ], [ 3146.9, 1002.4 ], [ 3148.1, 1003.8 ], [ 3148.6, 1004.1 ], [ 3150.3, 1004.4 ], [ 3156.3, 1007.1 ], [ 3157.4, 1008.6 ], [ 3159.2, 1013.3 ], [ 3160.2, 1014.5 ], [ 3160.2, 1015.5 ], [ 3158.4, 1017.3 ], [ 3157.2, 1018.1 ], [ 3156.6, 1017.2 ], [ 3156.2, 1017.0 ], [ 3154.2, 1019.2 ], [ 3153.3, 1019.9 ], [ 3152.3, 1019.4 ], [ 3150.5, 1017.3 ], [ 3149.2, 1016.9 ], [ 3148.4, 1017.3 ], [ 3145.0, 1020.1 ], [ 3145.1, 1021.2 ], [ 3146.9, 1022.0 ], [ 3147.9, 1023.5 ], [ 3148.2, 1025.7 ], [ 3148.3, 1028.5 ], [ 3148.7, 1031.6 ], [ 3149.7, 1033.1 ], [ 3151.2, 1034.2 ], [ 3152.8, 1035.9 ], [ 3153.4, 1037.2 ], [ 3153.4, 1038.0 ], [ 3153.3, 1038.8 ], [ 3153.5, 1040.0 ], [ 3154.0, 1041.3 ], [ 3154.3, 1042.0 ], [ 3158.6, 1046.3 ], [ 3159.5, 1048.0 ], [ 3160.1, 1048.8 ], [ 3161.1, 1049.4 ], [ 3160.2, 1051.9 ], [ 3160.6, 1053.5 ], [ 3161.9, 1054.3 ], [ 3163.7, 1054.7 ], [ 3161.3, 1058.7 ], [ 3160.3, 1061.2 ], [ 3160.3, 1064.4 ], [ 3161.0, 1066.3 ], [ 3164.1, 1072.0 ], [ 3165.4, 1073.8 ], [ 3165.9, 1075.9 ], [ 3167.8, 1078.3 ], [ 3169.6, 1078.0 ], [ 3169.7, 1072.5 ], [ 3168.4, 1063.7 ], [ 3168.3, 1058.8 ], [ 3169.6, 1056.6 ], [ 3170.5, 1055.9 ], [ 3172.8, 1053.0 ], [ 3173.7, 1052.3 ], [ 3174.2, 1051.0 ], [ 3177.5, 1044.2 ], [ 3178.7, 1042.7 ], [ 3186.4, 1036.0 ], [ 3186.4, 1035.0 ], [ 3183.6, 1031.9 ], [ 3181.0, 1028.2 ], [ 3179.6, 1026.9 ], [ 3178.0, 1027.0 ], [ 3176.2, 1027.6 ], [ 3174.6, 1027.9 ] ] } },
{ "type": "Feature", "properties": { "scalerank": 6, "featurecla": "Coastline" }, "geometry": { "type": "LineString", "coordinates": [ [ 2858.0, 959.0 ], [ 2857.2, 957.7 ], [ 2856.7, 954.8 ], [ 2856.0, 953.1 ], [ 2855.8, 951.5 ], [ 2857.0, 948.1 ], [ 2857.1, 946.3 ], [ 2855.9, 945.0 ], [ 2854.1, 945.3 ], [ 2852.6, 944.4 ], [ 2852.4, 939.8 ], [ 2849.4, 940.6 ], [ 2848.4, 942.7 ], [ 2849.0, 946.1 ], [ 2851.6, 953.5 ], [ 2853.5, 957.3 ], [ 2855.8, 959.8 ], [ 2858.0, 959.0 ] ] } },
{ "type": "Feature", "properties": { "scalerank": 6, "featurecla": "Coastline" }, "geometry": { "type": "LineString", "coordinates": [ [ 3221.4, 903.2 ], [ 3221.2, 902.5 ], [ 3221.0, 902.1 ], [ 3220.6, 901.2 ], [ 3219.5, 902.8 ], [ 3218.2, 906.7 ], [ 3217.3, 908.6 ], [ 3216.4, 909.8 ], [ 3215.4, 910.8 ], [ 3214.3, 912.2 ], [ 3213.4, 914.2 ], [ 3213.5, 917.6 ], [ 3215.0, 921.8 ], [ 3216.9, 924.7 ], [ 3218.8, 924.1 ], [ 3219.7, 922.9 ], [ 3221.2, 921.6 ], [ 3222.8, 920.6 ], [ 3224.1, 920.1 ], [ 3227.0, 916.5 ], [ 3226.9, 915.8 ], [ 3221.4, 903.2 ] ] } },
{ "type": "Feature", "properties": { "scalerank": 5, "featurecla": "Coastline" }, "geometry": { "type": "LineString", "coordinates": [ [ 3041.2, 879.6 ], [ 3039.7, 880.9 ], [ 3038.5, 881.5 ], [ 3037.6, 882.8 ], [ 3037.1, 886.0 ], [ 3037.9, 891.7 ], [ 3040.3, 895.3 ], [ 3043.3, 896.1 ], [ 3046.1, 893.4 ], [ 3047.0, 890.7 ], [ 3046.8, 885.5 ], [ 3047.2, 882.7 ], [ 3049.5, 879.7 ], [ 3050.8, 877.4 ], [ 3050.5, 876.4 ], [ 3049.9, 877.3 ], [ 3049.2, 878.9 ], [ 3048.1, 879.6 ], [ 3046.6, 877.5 ], [ 3046.1, 875.9 ], [ 3046.0, 874.3 ], [ 3046.4, 872.6 ], [ 3047.1, 871.1 ], [ 3044.9, 870.5 ], [ 3042.9, 868.7 ], [ 3041.5, 866.1 ], [ 3040.8, 859.6 ], [ 3039.7, 859.2 ], [ 3038.4, 860.6 ], [ 3037.5, 862.6 ], [ 3037.3, 866.5 ], [ 3038.4, 868.1 ], [ 3040.2, 868.9 ], [ 3041.8, 870.0 ], [ 3043.0, 872.6 ], [ 3043.1, 875.2 ], [ 3042.4, 877.7 ], [ 3041.2, 879.6 ] ] } },
{ "type": "Feature", "properties": { "scalerank": 6, "featurecla": "Coastline" }, "geometry": { "type": "LineString", "coordinates": [ [ 3121.4, 750.1 ], [ 3122.5, 751.8 ], [ 3124.2, 752.7 ], [ 3125.9, 752.8 ], [ 3127.4, 752.2 ], [ 3128.3, 750.8 ], [ 3129.3, 749.1 ], [ 3130.4, 747.5 ], [ 3131.9, 746.7 ], [ 3132.4, 746.0 ], [ 3132.7, 745.8 ], [ 3133.0, 745.7 ], [ 3133.0, 744.6 ], [ 3129.4, 746.1 ], [ 3122.1, 747.0 ], [ 3121.2, 747.9 ], [ 3121.4, 750.1 ] ] } },
{ "type": "Feature", "properties": { "scalerank": 5, "featurecla": "Coastline" }, "geometry": { "type": "LineString", "coordinates": [ [ 2892.5, 743.2 ], [ 2893.6, 741.1 ], [ 2895.0, 737.6 ], [ 2896.1, 735.9 ], [ 2895.5, 735.3 ], [ 2894.9, 734.9 ], [ 2895.6, 734.9 ], [ 2896.2, 734.8 ], [ 2896.8, 734.5 ], [ 2897.3, 733.7 ], [ 2895.9, 733.1 ], [ 2895.1, 731.5 ], [ 2894.5, 726.3 ], [ 2894.3, 725.5 ], [ 2893.9, 724.8 ], [ 2893.7, 723.8 ], [ 2894.0, 722.2 ], [ 2894.3, 721.6 ], [ 2896.4, 720.0 ], [ 2897.0, 720.5 ], [ 2897.6, 721.2 ], [ 2898.1, 722.4 ], [ 2898.0, 724.2 ], [ 2898.7, 723.7 ], [ 2899.1, 723.0 ], [ 2899.8, 721.1 ], [ 2900.9, 716.1 ], [ 2901.1, 715.7 ], [ 2901.0, 714.4 ], [ 2900.1, 712.3 ], [ 2900.0, 711.6 ], [ 2900.3, 710.4 ], [ 2901.3, 708.5 ], [ 2901.8, 707.3 ], [ 2900.7, 706.9 ], [ 2899.7, 708.9 ], [ 2898.5, 710.6 ], [ 2896.5, 709.3 ], [ 2893.6, 715.2 ], [ 2891.9, 717.4 ], [ 2890.0, 716.7 ], [ 2887.5, 718.1 ], [ 2882.5, 718.8 ], [ 2880.1, 719.7 ], [ 2879.5, 719.7 ], [ 2878.7, 719.6 ], [ 2878.1, 719.7 ], [ 2877.8, 720.2 ], [ 2877.8, 722.7 ], [ 2878.0, 724.0 ], [ 2878.3, 723.9 ], [ 2877.5, 725.5 ], [ 2875.8, 727.8 ], [ 2875.3, 729.2 ], [ 2876.2, 729.9 ], [ 2877.2, 730.2 ], [ 2878.3, 730.3 ], [ 2879.3, 730.3 ], [ 2877.1, 733.0 ], [ 2871.1, 733.7 ], [ 2868.7, 735.4 ], [ 2868.9, 736.0 ], [ 2869.2, 737.5 ], [ 2869.3, 739.0 ], [ 2868.9, 739.7 ], [ 2868.1, 739.8 ], [ 2867.3, 740.3 ], [ 2866.7, 741.0 ], [ 2866.3, 741.7 ], [ 2865.9, 743.6 ], [ 2866.8, 743.7 ], [ 2869.5, 742.8 ], [ 2870.0, 742.9 ], [ 2872.0, 743.9 ], [ 2874.1, 746.2 ], [ 2875.0, 747.5 ], [ 2877.2, 752.6 ], [ 2878.0, 753.1 ], [ 2880.4, 751.8 ], [ 2887.2, 750.1 ], [ 2887.7, 747.4 ], [ 2891.3, 744.6 ], [ 2892.5, 743.2 ] ] } },
{ "type": "Feature", "properties": { "scalerank": 5, "featurecla": "Coastline" }, "geometry": { "type": "LineString", "coordinates": [ [ 3088.3, 652.2 ], [ 3084.9, 654.1 ], [ 3078.7, 654.1 ], [ 3077.2, 655.8 ], [ 3075.3, 656.4 ], [ 3071.9, 656.7 ], [ 3069.8, 658.6 ], [ 3067.1, 661.4 ], [ 3064.3, 662.0 ], [ 3064.3, 663.0 ], [ 3065.7, 664.5 ], [ 3067.2, 665.9 ], [ 3069.5, 667.1 ], [ 3072.5, 667.7 ], [ 3074.8, 671.8 ], [ 3076.5, 673.2 ], [ 3079.1, 672.5 ], [ 3080.4, 670.8 ], [ 3081.1, 668.7 ], [ 3082.2, 666.8 ], [ 3084.2, 664.6 ], [ 3084.4, 662.0 ], [ 3083.4, 659.8 ], [ 3082.0, 658.6 ], [ 3088.4, 657.0 ], [ 3090.4, 657.6 ], [ 3092.3, 658.0 ], [ 3092.9, 656.7 ], [ 3092.9, 655.0 ], [ 3092.3, 653.2 ], [ 3091.6, 652.4 ], [ 3090.6, 652.1 ], [ 3088.3, 652.2 ] ] } },
{ "type": "Feature", "properties": { "scalerank": 5, "featurecla": "Coastline" }, "geometry": { "type": "LineString", "coordinates": [ [ 3135.4, 538.9 ], [ 3133.6, 538.0 ], [ 3132.2, 538.8 ], [ 3130.8, 540.3 ], [ 3129.0, 541.0 ], [ 3121.4, 541.2 ], [ 3117.9, 540.5 ], [ 3116.3, 541.2 ], [ 3115.7, 544.0 ], [ 3116.4, 546.3 ], [ 3118.0, 546.8 ], [ 3119.9, 546.7 ], [ 3121.6, 547.6 ], [ 3120.5, 547.9 ], [ 3118.2, 547.5 ], [ 3117.3, 548.2 ], [ 3117.1, 549.5 ], [ 3117.4, 550.8 ], [ 3118.0, 552.2 ], [ 3118.3, 553.5 ], [ 3118.5, 555.4 ], [ 3119.0, 555.9 ], [ 3121.1, 556.1 ], [ 3121.6, 556.6 ], [ 3122.2, 557.5 ], [ 3122.9, 558.1 ], [ 3124.0, 558.1 ], [ 3124.8, 557.4 ], [ 3125.3, 556.1 ], [ 3126.0, 555.2 ], [ 3127.7, 555.6 ], [ 3128.6, 555.0 ], [ 3129.3, 553.7 ], [ 3129.9, 549.5 ], [ 3130.8, 547.1 ], [ 3132.0, 545.7 ], [ 3133.4, 546.2 ], [ 3133.0, 548.1 ], [ 3133.3, 549.1 ], [ 3134.1, 549.2 ], [ 3135.1, 548.3 ], [ 3135.4, 547.4 ], [ 3136.1, 543.1 ], [ 3135.7, 542.4 ], [ 3135.5, 541.5 ], [ 3135.4, 538.9 ] ] } },
{ "type": "Feature", "properties": { "scalerank": 5, "featurecla": "Coastline" }, "geometry": { "type": "LineString", "coordinates": [ [ 3140.3, 512.1 ], [ 3138.8, 509.7 ], [ 3137.1, 508.6 ], [ 3135.5, 507.2 ], [ 3134.6, 503.8 ], [ 3131.6, 502.9 ], [ 3130.2, 503.0 ], [ 3128.9, 504.0 ], [ 3129.2, 504.6 ], [ 3129.6, 506.1 ], [ 3128.7, 506.9 ], [ 3128.2, 508.2 ], [ 3128.1, 509.7 ], [ 3128.5, 511.4 ], [ 3127.3, 511.9 ], [ 3124.9, 511.4 ], [ 3123.5, 511.5 ], [ 3122.4, 512.2 ], [ 3120.4, 514.3 ], [ 3117.6, 515.4 ], [ 3109.6, 523.6 ], [ 3108.0, 526.0 ], [ 3107.9, 528.2 ], [ 3108.7, 529.6 ], [ 3111.3, 532.4 ], [ 3111.7, 533.4 ], [ 3112.3, 537.3 ], [ 3112.8, 537.3 ], [ 3112.7, 531.9 ], [ 3115.3, 534.5 ], [ 3116.2, 535.0 ], [ 3117.1, 535.0 ], [ 3117.3, 534.5 ], [ 3117.6, 533.4 ], [ 3118.4, 531.8 ], [ 3120.2, 530.0 ], [ 3122.6, 529.2 ], [ 3124.8, 529.8 ], [ 3126.3, 532.6 ], [ 3128.3, 531.4 ], [ 3132.8, 532.8 ], [ 3136.7, 529.6 ], [ 3138.8, 529.2 ], [ 3140.6, 528.3 ], [ 3141.3, 525.4 ], [ 3141.2, 518.5 ], [ 3141.0, 515.1 ], [ 3140.3, 512.1 ] ] } },
{ "type": "Feature", "properties": { "scalerank": 6, "featurecla": "Coastline" }, "geometry": { "type": "LineString", "coordinates": [ [ 3078.0, 382.1 ], [ 3077.9, 382.4 ], [ 3078.0, 382.8 ], [ 3076.2, 383.1 ], [ 3075.6, 382.9 ], [ 3075.6, 381.9 ], [ 3075.1, 380.6 ], [ 3074.0, 380.3 ], [ 3072.6, 381.1 ], [ 3071.8, 382.6 ], [ 3071.9, 384.8 ], [ 3071.8, 387.2 ], [ 3071.8, 389.3 ], [ 3072.6, 389.9 ], [ 3073.2, 389.9 ], [ 3073.4, 390.5 ], [ 3073.6, 391.1 ], [ 3074.0, 391.4 ], [ 3075.0, 391.2 ], [ 3076.2, 390.2 ], [ 3076.9, 388.8 ], [ 3076.5, 387.8 ], [ 3076.6, 387.2 ], [ 3077.6, 386.4 ], [ 3078.5, 385.3 ], [ 3079.0, 383.9 ], [ 3079.0, 382.4 ], [ 3078.4, 381.9 ], [ 3078.0, 382.1 ] ] } },
{ "type": "Feature", "properties": { "scalerank": 6, "featurecla": "Coastline" }, "geometry": { "type": "LineString", "coordinates": [ [ 3065.2, 376.5 ], [ 3064.1, 376.7 ], [ 3062.1, 378.1 ], [ 3060.9, 379.3 ], [ 3060.8, 378.8 ], [ 3061.1, 378.2 ], [ 3061.5, 377.7 ], [ 3061.8, 377.1 ], [ 3061.5, 376.6 ], [ 3060.8, 376.8 ], [ 3059.7, 377.6 ], [ 3059.0, 378.5 ], [ 3058.7, 379.2 ], [ 3059.5, 381.2 ], [ 3059.7, 382.2 ], [ 3060.1, 382.9 ], [ 3060.9, 383.1 ], [ 3062.0, 382.7 ], [ 3062.4, 382.9 ], [ 3062.6, 383.6 ], [ 3063.1, 383.4 ], [ 3064.9, 380.5 ], [ 3065.5, 379.0 ], [ 3065.4, 377.3 ], [ 3065.2, 376.5 ] ] } },
{ "type": "Feature", "properties": { "scalerank": 6, "featurecla": "Coastline" }, "geometry": { "type": "LineString", "coordinates": [ [ 2654.5, 366.7 ], [ 2652.6, 365.6 ], [ 2651.2, 365.3 ], [ 2649.3, 366.0 ], [ 2647.7, 365.6 ], [ 2645.3, 364.2 ], [ 2644.4, 364.0 ], [ 2643.5, 364.0 ], [ 2642.3, 363.4 ], [ 2641.1, 363.6 ], [ 2640.4, 364.4 ], [ 2639.6, 364.8 ], [ 2641.6, 366.3 ], [ 2646.6, 368.9 ], [ 2653.0, 373.7 ], [ 2655.0, 372.5 ], [ 2655.5, 369.3 ], [ 2655.4, 367.6 ], [ 2654.5, 366.7 ] ] } },
{ "type": "Feature", "properties": { "scalerank": 6, "featurecla": "Coastline" }, "geometry": { "type": "LineString", "coordinates": [ [ 3552.3, 475.6 ], [ 3550.5, 474.9 ], [ 3549.6, 475.9 ], [ 3550.1, 478.0 ], [ 3551.2, 480.2 ], [ 3551.9, 480.7 ], [ 3552.9, 480.5 ], [ 3553.7, 479.2 ], [ 3553.6, 477.2 ], [ 3553.3, 476.2 ], [ 3552.3, 475.6 ] ] } },
{ "type": "Feature", "properties": { "scalerank": 6, "featurecla": "Coastline" }, "geometry": { "type": "LineString", "coordinates": [ [ 3553.9, 470.9 ], [ 3552.2, 471.1 ], [ 3550.0, 469.5 ], [ 3548.6, 467.9 ], [ 3548.2, 466.8 ], [ 3548.7, 465.9 ], [ 3549.6, 465.9 ], [ 3549.7, 465.3 ], [ 3548.1, 464.0 ], [ 3549.0, 464.1 ], [ 3549.8, 463.6 ], [ 3550.6, 462.2 ], [ 3550.7, 461.3 ], [ 3550.3, 460.9 ], [ 3549.8, 460.7 ], [ 3548.7, 461.2 ], [ 3548.4, 461.0 ], [ 3547.9, 461.2 ], [ 3546.9, 461.9 ], [ 3546.2, 462.2 ], [ 3544.8, 463.2 ], [ 3544.5, 464.6 ], [ 3545.6, 465.8 ], [ 3546.1, 466.8 ], [ 3546.1, 467.8 ], [ 3546.5, 468.6 ], [ 3547.0, 469.3 ], [ 3547.6, 470.6 ], [ 3548.8, 472.3 ], [ 3550.4, 473.4 ], [ 3552.0, 473.7 ], [ 3553.4, 473.5 ], [ 3554.4, 472.9 ], [ 3555.1, 471.9 ], [ 3555.3, 471.4 ], [ 3555.6, 470.6 ], [ 3555.8, 470.5 ], [ 3556.1, 470.3 ], [ 3555.4, 470.0 ], [ 3553.9, 470.9 ] ] } },
{ "type": "Feature", "properties": { "scalerank": 6, "featurecla": "Coastline" }, "geometry": { "type": "LineString", "coordinates": [ [ 3750.8, 443.1 ], [ 3748.5, 441.6 ], [ 3743.7, 441.1 ], [ 3741.4, 440.0 ], [ 3738.6, 440.4 ], [ 3741.6, 446.3 ], [ 3744.8, 447.7 ], [ 3747.9, 446.2 ], [ 3750.8, 443.1 ] ] } },
{ "type": "Feature", "properties": { "scalerank": 6, "featurecla": "Coastline" }, "geometry": { "type": "LineString", "coordinates": [ [ 3657.8, 360.8 ], [ 3656.6, 361.5 ], [ 3656.2, 362.0 ], [ 3655.5, 362.3 ], [ 3654.4, 362.4 ], [ 3653.3, 362.8 ], [ 3650.7, 365.5 ], [ 3649.7, 367.1 ], [ 3648.7, 369.5 ], [ 3648.7, 370.9 ], [ 3649.2, 371.3 ], [ 3649.8, 371.7 ], [ 3650.6, 371.6 ], [ 3652.2, 370.0 ], [ 3654.9, 369.0 ], [ 3656.0, 368.1 ], [ 3658.2, 367.3 ], [ 3658.0, 366.7 ], [ 3656.7, 366.4 ], [ 3655.8, 365.4 ], [ 3656.0, 364.6 ], [ 3656.7, 364.6 ], [ 3657.3, 364.2 ], [ 3657.8, 363.6 ], [ 3659.4, 362.4 ], [ 3660.4, 360.8 ], [ 3660.5, 359.3 ], [ 3660.0, 358.9 ], [ 3657.8, 360.8 ] ] } },
{ "type": "Feature", "properties": { "scalerank": 6, "featurecla": "Coastline" }, "geometry": { "type": "LineString", "coordinates": [ [ 3608.5, 362.6 ], [ 3608.2, 360.3 ], [ 3607.5, 357.8 ], [ 3606.7, 355.7 ], [ 3605.9, 354.0 ], [ 3605.1, 353.2 ], [ 3604.7, 353.0 ], [ 3604.3, 352.9 ], [ 3604.0, 352.0 ], [ 3603.6, 350.9 ], [ 3602.8, 351.1 ], [ 3602.3, 352.7 ], [ 3603.0, 356.9 ], [ 3603.1, 358.5 ], [ 3603.4, 359.4 ], [ 3603.4, 360.7 ], [ 3602.8, 362.6 ], [ 3602.3, 365.2 ], [ 3602.4, 367.9 ], [ 3602.7, 369.0 ], [ 3603.3, 369.0 ], [ 3604.0, 370.2 ], [ 3604.2, 372.8 ], [ 3605.1, 374.6 ], [ 3605.8, 374.7 ], [ 3605.8, 373.9 ], [ 3608.4, 377.1 ], [ 3608.8, 376.8 ], [ 3607.9, 375.0 ], [ 3607.7, 373.9 ], [ 3608.2, 373.3 ], [ 3608.6, 372.7 ], [ 3608.7, 371.6 ], [ 3608.8, 370.1 ], [ 3608.9, 368.5 ], [ 3608.7, 367.0 ], [ 3608.3, 365.2 ], [ 3608.3, 364.0 ], [ 3608.5, 362.6 ] ] } },
{ "type": "Feature", "properties": { "scalerank": 6, "featurecla": "Coastline" }, "geometry": { "type": "LineString", "coordinates": [ [ 3647.3, 355.7 ], [ 3646.7, 355.4 ], [ 3646.2, 355.6 ], [ 3645.9, 356.0 ], [ 3645.7, 355.6 ], [ 3648.5, 354.0 ], [ 3648.4, 353.3 ], [ 3644.9, 353.3 ], [ 3643.1, 353.7 ], [ 3641.3, 354.7 ], [ 3639.5, 354.6 ], [ 3638.7, 355.5 ], [ 3638.1, 356.9 ], [ 3638.0, 357.9 ], [ 3638.2, 358.8 ], [ 3637.9, 359.4 ], [ 3637.0, 359.8 ], [ 3636.6, 360.8 ], [ 3636.4, 363.1 ], [ 3636.3, 363.6 ], [ 3636.4, 364.6 ], [ 3636.9, 364.8 ], [ 3638.0, 363.7 ], [ 3639.1, 362.1 ], [ 3639.6, 361.5 ], [ 3639.9, 361.4 ], [ 3641.6, 363.0 ], [ 3642.8, 363.3 ], [ 3643.8, 362.5 ], [ 3644.1, 361.2 ], [ 3643.8, 359.9 ], [ 3643.7, 358.5 ], [ 3643.2, 357.0 ], [ 3643.4, 356.9 ], [ 3644.4, 357.9 ], [ 3645.1, 357.9 ], [ 3645.5, 357.2 ], [ 3646.2, 357.5 ], [ 3646.9, 358.2 ], [ 3647.2, 357.6 ], [ 3647.3, 355.7 ] ] } },
{ "type": "Feature", "properties": { "scalerank": 5, "featurecla": "Coastline" }, "geometry": { "type": "LineString", "coordinates": [ [ 3668.4, 339.5 ], [ 3668.2, 338.3 ], [ 3667.5, 336.7 ], [ 3666.5, 336.7 ], [ 3665.4, 337.6 ], [ 3664.2, 339.0 ], [ 3662.9, 340.9 ], [ 3660.0, 343.5 ], [ 3659.8, 344.3 ], [ 3660.4, 344.7 ], [ 3660.4, 345.8 ], [ 3659.7, 346.8 ], [ 3659.0, 347.2 ], [ 3658.5, 347.1 ], [ 3658.5, 347.7 ], [ 3659.3, 348.8 ], [ 3659.7, 349.7 ], [ 3659.1, 350.1 ], [ 3658.5, 350.2 ], [ 3658.2, 350.8 ], [ 3658.6, 351.9 ], [ 3659.6, 353.3 ], [ 3660.6, 354.3 ], [ 3661.5, 354.5 ], [ 3662.3, 354.4 ], [ 3662.6, 353.8 ], [ 3663.0, 353.7 ], [ 3663.7, 354.0 ], [ 3664.3, 353.4 ], [ 3664.7, 352.5 ], [ 3665.0, 351.8 ], [ 3665.2, 351.1 ], [ 3665.2, 350.2 ], [ 3665.1, 349.2 ], [ 3665.3, 348.4 ], [ 3665.4, 347.4 ], [ 3666.8, 346.0 ], [ 3668.5, 341.8 ], [ 3668.8, 341.5 ], [ 3668.9, 340.7 ], [ 3668.7, 339.9 ], [ 3668.4, 339.5 ] ] } },
{ "type": "Feature", "properties": { "scalerank": 6, "featurecla": "Coastline" }, "geometry": { "type": "LineString", "coordinates": [ [ 3684.4, 320.2 ], [ 3683.5, 319.9 ], [ 3682.5, 320.5 ], [ 3681.6, 322.1 ], [ 3680.9, 323.9 ], [ 3680.6, 325.7 ], [ 3681.4, 326.0 ], [ 3686.4, 321.7 ], [ 3687.2, 320.5 ], [ 3686.7, 320.3 ], [ 3684.4, 320.2 ] ] } },
{ "type": "Feature", "properties": { "scalerank": 6, "featurecla": "Coastline" }, "geometry": { "type": "LineString", "coordinates": [ [ 3660.9, 315.4 ], [ 3664.0, 316.0 ], [ 3668.6, 319.1 ], [ 3671.1, 319.2 ], [ 3672.9, 316.1 ], [ 3669.3, 316.9 ], [ 3668.0, 316.0 ], [ 3667.4, 312.6 ], [ 3669.5, 314.1 ], [ 3671.2, 314.3 ], [ 3675.3, 313.6 ], [ 3667.7, 309.8 ], [ 3662.6, 308.9 ], [ 3653.4, 309.9 ], [ 3657.8, 311.4 ], [ 3659.2, 312.4 ], [ 3659.7, 313.1 ], [ 3660.6, 315.0 ], [ 3660.9, 315.4 ] ] } },
{ "type": "Feature", "properties": { "scalerank": 6, "featurecla": "Coastline" }, "geometry": { "type": "LineString", "coordinates": [ [ 3689.1, 306.2 ], [ 3688.5, 306.0 ], [ 3687.4, 306.0 ], [ 3686.0, 306.7 ], [ 3684.7, 308.3 ], [ 3683.8, 310.4 ], [ 3683.9, 311.9 ], [ 3684.7, 312.5 ], [ 3685.1, 312.3 ], [ 3685.6, 312.3 ], [ 3686.5, 312.6 ], [ 3687.4, 313.2 ], [ 3687.9, 313.3 ], [ 3688.2, 313.0 ], [ 3688.4, 312.7 ], [ 3688.3, 312.2 ], [ 3688.3, 311.8 ], [ 3689.1, 309.6 ], [ 3689.6, 308.8 ], [ 3690.2, 307.9 ], [ 3690.3, 307.0 ], [ 3689.6, 306.3 ], [ 3689.1, 306.2 ] ] } },
{ "type": "Feature", "properties": { "scalerank": 6, "featurecla": "Coastline" }, "geometry": { "type": "LineString", "coordinates": [ [ 1658.3, 663.7 ], [ 1656.5, 666.5 ], [ 1656.5, 669.0 ], [ 1657.8, 670.4 ], [ 1660.0, 669.6 ], [ 1659.9, 667.5 ], [ 1660.7, 666.3 ], [ 1661.7, 665.3 ], [ 1662.6, 663.6 ], [ 1661.4, 663.9 ], [ 1659.6, 663.1 ], [ 1658.3, 663.7 ] ] } },
{ "type": "Feature", "properties": { "scalerank": 6, "featurecla": "Coastline" }, "geometry": { "type": "LineString", "coordinates": [ [ 1667.9, 650.6 ], [ 1666.2, 652.0 ], [ 1665.5, 652.9 ], [ 1664.8, 654.2 ], [ 1667.0, 654.8 ], [ 1669.0, 654.4 ], [ 1670.9, 652.9 ], [ 1672.8, 650.6 ], [ 1671.8, 651.3 ], [ 1670.5, 651.3 ], [ 1667.9, 650.6 ] ] } },
{ "type": "Feature", "properties": { "scalerank": 5, "featurecla": "Coastline" }, "geometry": { "type": "LineString", "coordinates": [ [ 1657.7, 645.1 ], [ 1659.2, 645.7 ], [ 1659.8, 646.1 ], [ 1660.4, 646.8 ], [ 1661.5, 643.9 ], [ 1660.8, 643.1 ], [ 1659.5, 643.1 ], [ 1659.0, 642.6 ], [ 1659.0, 640.7 ], [ 1658.5, 638.7 ], [ 1657.6, 637.1 ], [ 1656.9, 636.1 ], [ 1656.3, 635.9 ], [ 1654.7, 635.9 ], [ 1654.0, 635.4 ], [ 1653.4, 634.6 ], [ 1652.2, 631.3 ], [ 1651.7, 630.7 ], [ 1651.0, 630.4 ], [ 1650.1, 630.3 ], [ 1648.6, 630.9 ], [ 1648.1, 630.2 ], [ 1647.7, 629.2 ], [ 1647.2, 628.5 ], [ 1638.9, 626.6 ], [ 1638.1, 626.1 ], [ 1638.0, 625.3 ], [ 1638.3, 624.3 ], [ 1638.3, 623.2 ], [ 1636.8, 614.2 ], [ 1635.5, 610.7 ], [ 1633.0, 609.9 ], [ 1633.3, 609.3 ], [ 1633.9, 607.7 ], [ 1634.2, 607.0 ], [ 1630.6, 604.9 ], [ 1629.6, 603.8 ], [ 1626.9, 603.5 ], [ 1623.4, 603.8 ], [ 1620.5, 605.1 ], [ 1619.6, 608.0 ], [ 1618.8, 608.5 ], [ 1618.1, 608.4 ], [ 1617.5, 607.6 ], [ 1617.0, 606.3 ], [ 1615.4, 607.2 ], [ 1613.9, 607.5 ], [ 1610.8, 607.1 ], [ 1610.9, 609.0 ], [ 1612.1, 611.3 ], [ 1612.5, 612.9 ], [ 1607.8, 615.0 ], [ 1608.7, 616.4 ], [ 1609.8, 617.8 ], [ 1611.2, 618.9 ], [ 1618.7, 622.1 ], [ 1620.1, 623.5 ], [ 1620.9, 624.9 ], [ 1621.3, 626.4 ], [ 1621.9, 629.8 ], [ 1622.5, 630.8 ], [ 1623.3, 630.7 ], [ 1624.2, 630.2 ], [ 1624.9, 629.9 ], [ 1626.8, 630.1 ], [ 1632.8, 628.5 ], [ 1633.3, 629.6 ], [ 1633.4, 630.9 ], [ 1633.0, 632.3 ], [ 1632.1, 633.8 ], [ 1631.0, 634.4 ], [ 1625.4, 635.6 ], [ 1622.5, 634.6 ], [ 1621.7, 634.7 ], [ 1620.7, 635.5 ], [ 1620.1, 636.5 ], [ 1619.6, 637.5 ], [ 1617.6, 640.4 ], [ 1616.8, 640.9 ], [ 1615.7, 641.0 ], [ 1614.6, 641.2 ], [ 1613.6, 642.1 ], [ 1612.8, 643.6 ], [ 1612.9, 645.3 ], [ 1614.1, 647.1 ], [ 1616.2, 647.7 ], [ 1620.5, 647.6 ], [ 1626.0, 646.0 ], [ 1627.8, 645.9 ], [ 1628.1, 646.8 ], [ 1626.1, 648.1 ], [ 1621.7, 650.0 ], [ 1615.7, 649.9 ], [ 1614.0, 650.9 ], [ 1612.5, 651.3 ], [ 1608.9, 649.6 ], [ 1607.2, 649.9 ], [ 1607.6, 650.3 ], [ 1607.8, 650.7 ], [ 1608.1, 651.0 ], [ 1608.7, 651.3 ], [ 1608.5, 652.4 ], [ 1606.7, 653.1 ], [ 1605.9, 651.5 ], [ 1605.3, 649.1 ], [ 1604.3, 647.2 ], [ 1602.7, 646.5 ], [ 1600.5, 646.4 ], [ 1598.4, 647.2 ], [ 1597.2, 649.2 ], [ 1597.0, 652.1 ], [ 1597.6, 654.7 ], [ 1598.8, 656.7 ], [ 1600.7, 658.7 ], [ 1602.3, 659.7 ], [ 1603.3, 660.0 ], [ 1604.3, 659.7 ], [ 1605.1, 658.8 ], [ 1605.7, 657.8 ], [ 1606.3, 657.4 ], [ 1614.1, 659.2 ], [ 1615.1, 659.0 ], [ 1617.4, 658.0 ], [ 1618.3, 657.9 ], [ 1619.2, 658.5 ], [ 1620.1, 659.5 ], [ 1621.1, 660.0 ], [ 1622.2, 659.4 ], [ 1624.0, 658.1 ], [ 1631.5, 656.2 ], [ 1634.5, 656.2 ], [ 1635.4, 655.9 ], [ 1636.2, 654.9 ], [ 1636.9, 653.9 ], [ 1637.4, 653.6 ], [ 1639.7, 653.3 ], [ 1640.7, 653.4 ], [ 1641.2, 654.4 ], [ 1640.8, 655.8 ], [ 1639.7, 656.9 ], [ 1638.5, 657.7 ], [ 1637.9, 658.0 ], [ 1640.2, 660.4 ], [ 1643.6, 660.4 ], [ 1652.2, 656.9 ], [ 1654.1, 655.4 ], [ 1655.0, 653.9 ], [ 1653.8, 652.9 ], [ 1650.6, 652.7 ], [ 1648.9, 653.0 ], [ 1647.4, 653.7 ], [ 1647.6, 652.6 ], [ 1650.9, 650.8 ], [ 1652.3, 649.2 ], [ 1652.5, 647.2 ], [ 1653.2, 647.2 ], [ 1653.7, 647.4 ], [ 1654.2, 647.9 ], [ 1654.5, 648.6 ], [ 1654.0, 650.2 ], [ 1655.1, 651.1 ], [ 1657.8, 651.6 ], [ 1659.1, 650.9 ], [ 1659.0, 648.7 ], [ 1658.2, 646.3 ], [ 1657.7, 645.1 ] ] } },
{ "type": "Feature", "properties": { "scalerank": 6, "featurecla": "Coastline" }, "geometry": { "type": "LineString", "coordinates": [ [ 1619.6, 630.9 ], [ 1619.2, 628.9 ], [ 1617.2, 626.3 ], [ 1616.3, 624.7 ], [ 1615.1, 624.5 ], [ 1613.9, 624.8 ], [ 1612.7, 625.6 ], [ 1611.5, 626.8 ], [ 1613.2, 629.3 ], [ 1615.2, 630.1 ], [ 1619.6, 630.9 ] ] } },
{ "type": "Feature", "properties": { "scalerank": 6, "featurecla": "Coastline" }, "geometry": { "type": "LineString", "coordinates": [ [ 1567.4, 607.7 ], [ 1565.4, 607.7 ], [ 1561.9, 609.0 ], [ 1559.8, 609.3 ], [ 1554.0, 608.8 ], [ 1551.9, 609.4 ], [ 1552.2, 612.1 ], [ 1552.0, 614.6 ], [ 1552.3, 616.5 ], [ 1556.9, 620.2 ], [ 1558.7, 620.6 ], [ 1558.9, 617.8 ], [ 1561.0, 615.5 ], [ 1563.0, 615.1 ], [ 1565.0, 615.2 ], [ 1567.0, 614.1 ], [ 1567.7, 611.7 ], [ 1572.9, 612.2 ], [ 1574.5, 610.6 ], [ 1574.1, 607.7 ], [ 1572.1, 607.1 ], [ 1567.4, 607.7 ] ] } },
{ "type": "Feature", "properties": { "scalerank": 5, "featurecla": "Coastline" }, "geometry": { "type": "LineString", "coordinates": [ [ 1602.3, 593.6 ], [ 1603.3, 592.2 ], [ 1602.6, 591.6 ], [ 1600.2, 591.4 ], [ 1598.7, 591.6 ], [ 1595.7, 593.2 ], [ 1593.6, 593.6 ], [ 1590.4, 595.0 ], [ 1589.2, 596.0 ], [ 1583.9, 601.3 ], [ 1581.2, 602.9 ], [ 1578.8, 602.8 ], [ 1579.0, 604.4 ], [ 1579.3, 606.4 ], [ 1579.8, 607.4 ], [ 1580.5, 605.9 ], [ 1581.3, 604.6 ], [ 1582.3, 604.9 ], [ 1584.0, 606.2 ], [ 1585.6, 606.1 ], [ 1590.7, 603.5 ], [ 1594.8, 600.1 ], [ 1595.9, 600.2 ], [ 1596.8, 600.0 ], [ 1597.6, 599.5 ], [ 1598.4, 598.7 ], [ 1599.3, 597.7 ], [ 1601.2, 594.9 ], [ 1602.3, 593.6 ] ] } },
{ "type": "Feature", "properties": { "scalerank": 5, "featurecla": "Coastline" }, "geometry": { "type": "LineString", "coordinates": [ [ 1627.2, 538.7 ], [ 1623.9, 538.4 ], [ 1620.8, 539.9 ], [ 1614.5, 544.4 ], [ 1615.9, 545.6 ], [ 1617.8, 549.0 ], [ 1618.9, 549.8 ], [ 1619.8, 550.9 ], [ 1620.3, 554.8 ], [ 1621.6, 556.0 ], [ 1624.8, 556.4 ], [ 1627.4, 555.6 ], [ 1629.7, 552.8 ], [ 1632.2, 547.6 ], [ 1630.0, 547.1 ], [ 1630.2, 546.0 ], [ 1632.1, 545.0 ], [ 1630.8, 542.5 ], [ 1627.2, 538.7 ] ] } },
{ "type": "Feature", "properties": { "scalerank": 6, "featurecla": "Coastline" }, "geometry": { "type": "LineString", "coordinates": [ [ 1603.9, 534.3 ], [ 1605.9, 535.3 ], [ 1608.5, 536.1 ], [ 1611.3, 536.2 ], [ 1613.7, 535.5 ], [ 1612.9, 534.5 ], [ 1611.1, 533.5 ], [ 1610.3, 532.5 ], [ 1608.7, 532.5 ], [ 1605.5, 533.5 ], [ 1603.9, 534.3 ] ] } },
{ "type": "Feature", "properties": { "scalerank": 5, "featurecla": "Coastline" }, "geometry": { "type": "LineString", "coordinates": [ [ 1538.0, 524.9 ], [ 1537.4, 524.0 ], [ 1535.1, 522.0 ], [ 1535.8, 521.5 ], [ 1537.6, 519.2 ], [ 1537.4, 518.7 ], [ 1537.1, 518.3 ], [ 1536.8, 518.0 ], [ 1536.2, 517.8 ], [ 1535.9, 516.8 ], [ 1535.7, 516.6 ], [ 1535.3, 516.5 ], [ 1533.6, 520.4 ], [ 1531.8, 521.3 ], [ 1529.7, 521.2 ], [ 1527.3, 522.2 ], [ 1527.9, 523.5 ], [ 1527.6, 525.3 ], [ 1526.8, 526.8 ], [ 1525.7, 527.2 ], [ 1524.1, 527.5 ], [ 1522.8, 528.7 ], [ 1522.4, 530.2 ], [ 1523.5, 531.1 ], [ 1528.6, 533.5 ], [ 1529.9, 533.6 ], [ 1531.3, 533.3 ], [ 1532.3, 532.5 ], [ 1532.2, 531.0 ], [ 1532.9, 530.8 ], [ 1533.6, 530.5 ], [ 1534.5, 529.9 ], [ 1535.4, 529.1 ], [ 1536.2, 528.8 ], [ 1538.6, 529.4 ], [ 1538.1, 528.5 ], [ 1538.0, 527.3 ], [ 1538.1, 526.0 ], [ 1538.0, 524.9 ] ] } },
{ "type": "Feature", "properties": { "scalerank": 6, "featurecla": "Coastline" }, "geometry": { "type": "LineString", "coordinates": [ [ 1665.3, 511.5 ], [ 1668.2, 511.0 ], [ 1668.5, 508.6 ], [ 1666.8, 505.9 ], [ 1664.2, 504.7 ], [ 1661.9, 505.4 ], [ 1661.9, 507.7 ], [ 1663.3, 510.1 ], [ 1665.3, 511.5 ] ] } },
{ "type": "Feature", "properties": { "scalerank": 5, "featurecla": "Coastline" }, "geometry": { "type": "LineString", "coordinates": [ [ 1618.2, 490.6 ], [ 1618.8, 489.0 ], [ 1618.6, 486.0 ], [ 1619.2, 484.3 ], [ 1620.2, 483.3 ], [ 1621.2, 483.1 ], [ 1622.3, 482.7 ], [ 1623.5, 480.9 ], [ 1624.0, 482.2 ], [ 1623.9, 483.6 ], [ 1623.5, 485.0 ], [ 1622.8, 486.2 ], [ 1624.0, 485.8 ], [ 1626.1, 484.1 ], [ 1627.4, 484.1 ], [ 1626.6, 485.6 ], [ 1626.5, 486.9 ], [ 1626.8, 487.9 ], [ 1627.5, 488.4 ], [ 1627.1, 489.0 ], [ 1626.8, 489.1 ], [ 1626.2, 489.2 ], [ 1627.5, 490.5 ], [ 1628.1, 490.8 ], [ 1627.8, 491.9 ], [ 1626.5, 492.6 ], [ 1627.5, 492.8 ], [ 1629.4, 492.5 ], [ 1630.4, 492.5 ], [ 1631.3, 492.9 ], [ 1631.7, 493.5 ], [ 1632.4, 495.0 ], [ 1636.5, 500.5 ], [ 1637.1, 502.8 ], [ 1635.0, 501.8 ], [ 1633.7, 499.8 ], [ 1632.7, 497.7 ], [ 1631.5, 496.0 ], [ 1629.8, 495.3 ], [ 1628.0, 495.6 ], [ 1623.6, 497.4 ], [ 1623.6, 498.6 ], [ 1623.8, 499.1 ], [ 1624.0, 499.6 ], [ 1624.3, 500.3 ], [ 1624.4, 501.0 ], [ 1624.5, 502.6 ], [ 1624.5, 503.1 ], [ 1627.1, 509.2 ], [ 1628.4, 509.9 ], [ 1632.2, 510.5 ], [ 1631.4, 511.6 ], [ 1630.6, 512.2 ], [ 1629.7, 512.6 ], [ 1628.7, 512.8 ], [ 1629.3, 515.9 ], [ 1630.2, 518.7 ], [ 1631.8, 518.0 ], [ 1633.3, 517.6 ], [ 1634.8, 517.5 ], [ 1636.4, 518.0 ], [ 1636.1, 518.9 ], [ 1632.9, 521.6 ], [ 1631.7, 522.2 ], [ 1631.5, 523.3 ], [ 1643.7, 523.0 ], [ 1645.4, 522.3 ], [ 1644.5, 520.8 ], [ 1644.7, 519.9 ], [ 1645.5, 520.2 ], [ 1646.1, 520.7 ], [ 1646.6, 521.5 ], [ 1647.0, 522.6 ], [ 1647.8, 522.0 ], [ 1648.4, 521.8 ], [ 1648.8, 522.1 ], [ 1649.2, 523.1 ], [ 1648.8, 525.4 ], [ 1648.4, 528.6 ], [ 1648.3, 531.4 ], [ 1649.0, 532.8 ], [ 1650.4, 532.4 ], [ 1651.5, 531.1 ], [ 1652.6, 529.5 ], [ 1653.9, 528.5 ], [ 1653.6, 527.3 ], [ 1654.6, 526.6 ], [ 1655.4, 525.7 ], [ 1656.8, 523.7 ], [ 1656.4, 521.1 ], [ 1656.3, 519.8 ], [ 1656.4, 518.1 ], [ 1657.2, 518.9 ], [ 1657.9, 520.4 ], [ 1659.1, 524.2 ], [ 1659.1, 525.1 ], [ 1658.8, 526.1 ], [ 1658.7, 527.1 ], [ 1659.1, 527.6 ], [ 1666.1, 529.0 ], [ 1668.6, 528.9 ], [ 1671.1, 528.1 ], [ 1670.9, 529.1 ], [ 1662.1, 531.4 ], [ 1660.9, 532.1 ], [ 1659.9, 532.9 ], [ 1657.8, 535.5 ], [ 1657.0, 536.1 ], [ 1656.6, 536.7 ], [ 1656.0, 538.0 ], [ 1655.6, 538.4 ], [ 1655.1, 538.6 ], [ 1654.8, 539.6 ], [ 1654.7, 541.0 ], [ 1651.7, 543.8 ], [ 1650.9, 546.4 ], [ 1651.2, 548.5 ], [ 1652.2, 549.3 ], [ 1656.8, 549.4 ], [ 1658.6, 548.7 ], [ 1660.2, 547.7 ], [ 1666.6, 541.9 ], [ 1667.5, 540.9 ], [ 1668.5, 540.3 ], [ 1670.5, 539.7 ], [ 1672.5, 538.7 ], [ 1673.8, 536.8 ], [ 1674.7, 533.5 ], [ 1675.5, 532.6 ], [ 1678.8, 533.0 ], [ 1680.2, 532.6 ], [ 1683.8, 530.8 ], [ 1686.0, 528.9 ], [ 1686.9, 527.8 ], [ 1687.5, 526.4 ], [ 1687.6, 524.6 ], [ 1687.8, 523.7 ], [ 1690.0, 520.2 ], [ 1683.9, 518.8 ], [ 1683.0, 516.6 ], [ 1680.6, 516.1 ], [ 1678.1, 516.4 ], [ 1675.2, 518.2 ], [ 1671.9, 517.3 ], [ 1671.3, 517.8 ], [ 1670.6, 518.7 ], [ 1669.7, 519.2 ], [ 1668.5, 518.8 ], [ 1668.2, 517.9 ], [ 1668.0, 516.3 ], [ 1667.5, 514.8 ], [ 1666.5, 513.9 ], [ 1664.3, 513.6 ], [ 1663.3, 513.3 ], [ 1662.7, 512.5 ], [ 1661.3, 510.2 ], [ 1659.6, 510.0 ], [ 1657.6, 510.5 ], [ 1655.3, 510.3 ], [ 1655.5, 509.2 ], [ 1657.8, 508.7 ], [ 1659.1, 507.6 ], [ 1659.0, 506.2 ], [ 1657.3, 505.3 ], [ 1650.1, 504.6 ], [ 1651.5, 503.8 ], [ 1654.6, 502.8 ], [ 1655.5, 501.6 ], [ 1655.3, 500.4 ], [ 1654.3, 499.0 ], [ 1653.5, 497.1 ], [ 1653.7, 494.5 ], [ 1654.4, 493.7 ], [ 1655.6, 492.7 ], [ 1656.3, 491.4 ], [ 1656.0, 489.7 ], [ 1654.9, 489.0 ], [ 1653.3, 489.1 ], [ 1651.8, 489.8 ], [ 1650.5, 490.6 ], [ 1651.6, 489.3 ], [ 1654.3, 487.7 ], [ 1655.0, 486.7 ], [ 1655.6, 484.7 ], [ 1657.2, 481.4 ], [ 1657.9, 479.2 ], [ 1658.3, 477.1 ], [ 1658.6, 472.4 ], [ 1660.3, 461.7 ], [ 1660.3, 460.4 ], [ 1659.8, 458.7 ], [ 1658.7, 456.3 ], [ 1655.9, 452.4 ], [ 1655.8, 451.6 ], [ 1654.6, 447.8 ], [ 1654.1, 446.5 ], [ 1652.6, 444.5 ], [ 1652.1, 443.4 ], [ 1651.8, 441.6 ], [ 1651.4, 442.1 ], [ 1651.1, 442.3 ], [ 1650.4, 442.4 ], [ 1649.5, 441.7 ], [ 1648.6, 442.6 ], [ 1647.7, 444.3 ], [ 1646.6, 446.0 ], [ 1645.9, 446.4 ], [ 1642.2, 447.8 ], [ 1641.6, 447.8 ], [ 1641.3, 448.3 ], [ 1640.9, 450.1 ], [ 1641.1, 451.2 ], [ 1641.5, 452.2 ], [ 1641.7, 453.5 ], [ 1640.8, 455.5 ], [ 1641.2, 456.3 ], [ 1641.9, 456.9 ], [ 1642.8, 457.3 ], [ 1643.8, 457.3 ], [ 1642.1, 460.2 ], [ 1640.6, 461.4 ], [ 1639.9, 462.9 ], [ 1640.5, 466.3 ], [ 1642.5, 470.3 ], [ 1643.2, 472.5 ], [ 1642.6, 474.6 ], [ 1642.8, 475.2 ], [ 1643.0, 476.3 ], [ 1643.3, 476.9 ], [ 1643.0, 477.9 ], [ 1638.9, 468.2 ], [ 1637.9, 467.4 ], [ 1636.3, 470.2 ], [ 1634.0, 472.0 ], [ 1633.2, 471.6 ], [ 1636.2, 467.5 ], [ 1634.8, 467.3 ], [ 1633.5, 467.6 ], [ 1632.4, 467.5 ], [ 1631.6, 465.9 ], [ 1631.0, 464.3 ], [ 1630.3, 463.3 ], [ 1627.1, 460.3 ], [ 1626.6, 459.7 ], [ 1626.1, 458.6 ], [ 1626.1, 457.6 ], [ 1626.3, 456.2 ], [ 1626.3, 454.9 ], [ 1624.8, 453.2 ], [ 1624.2, 451.6 ], [ 1623.4, 450.2 ], [ 1621.7, 449.8 ], [ 1621.4, 450.9 ], [ 1622.0, 452.5 ], [ 1621.3, 454.6 ], [ 1619.9, 456.6 ], [ 1618.5, 457.9 ], [ 1620.4, 458.9 ], [ 1622.4, 461.1 ], [ 1623.9, 464.0 ], [ 1624.0, 466.9 ], [ 1621.9, 465.2 ], [ 1620.5, 464.7 ], [ 1619.7, 465.3 ], [ 1619.4, 465.8 ], [ 1618.6, 465.9 ], [ 1618.2, 466.5 ], [ 1618.2, 467.1 ], [ 1618.7, 468.4 ], [ 1618.8, 468.9 ], [ 1618.9, 469.3 ], [ 1619.9, 471.4 ], [ 1619.5, 471.6 ], [ 1619.0, 472.0 ], [ 1618.6, 472.2 ], [ 1618.4, 473.1 ], [ 1618.4, 475.1 ], [ 1617.4, 474.6 ], [ 1616.2, 473.1 ], [ 1615.7, 472.0 ], [ 1615.5, 470.5 ], [ 1612.8, 463.1 ], [ 1612.2, 462.4 ], [ 1611.2, 462.6 ], [ 1609.7, 464.0 ], [ 1608.7, 465.7 ], [ 1608.4, 467.6 ], [ 1608.7, 469.4 ], [ 1609.5, 471.0 ], [ 1604.5, 469.8 ], [ 1604.5, 473.4 ], [ 1607.3, 476.8 ], [ 1607.0, 480.9 ], [ 1607.1, 483.2 ], [ 1608.2, 485.4 ], [ 1609.8, 487.1 ], [ 1616.6, 491.5 ], [ 1618.2, 490.6 ] ] } },
{ "type": "Feature", "properties": { "scalerank": 5, "featurecla": "Coastline" }, "geometry": { "type": "LineString", "coordinates": [ [ 1562.3, 480.4 ], [ 1561.1, 479.7 ], [ 1558.6, 479.1 ], [ 1557.6, 478.2 ], [ 1557.0, 476.1 ], [ 1556.8, 475.7 ], [ 1555.1, 474.3 ], [ 1554.5, 474.0 ], [ 1553.7, 473.9 ], [ 1553.2, 473.4 ], [ 1553.3, 472.1 ], [ 1553.3, 471.4 ], [ 1553.0, 470.5 ], [ 1552.7, 469.7 ], [ 1552.3, 469.1 ], [ 1554.4, 468.5 ], [ 1555.6, 470.6 ], [ 1556.6, 473.3 ], [ 1559.4, 476.2 ], [ 1560.5, 478.1 ], [ 1562.0, 479.3 ], [ 1564.6, 478.7 ], [ 1564.8, 477.7 ], [ 1563.1, 477.0 ], [ 1561.2, 473.9 ], [ 1559.5, 473.1 ], [ 1559.7, 472.0 ], [ 1561.1, 473.0 ], [ 1561.7, 473.1 ], [ 1562.6, 472.7 ], [ 1556.6, 465.8 ], [ 1555.8, 465.6 ], [ 1551.7, 466.6 ], [ 1549.8, 467.4 ], [ 1550.2, 474.7 ], [ 1550.0, 479.5 ], [ 1548.8, 481.5 ], [ 1547.7, 481.5 ], [ 1547.1, 482.3 ], [ 1546.5, 483.6 ], [ 1545.8, 485.1 ], [ 1544.0, 487.7 ], [ 1543.1, 488.6 ], [ 1541.7, 489.5 ], [ 1542.7, 490.1 ], [ 1543.4, 491.1 ], [ 1544.2, 493.4 ], [ 1544.0, 494.5 ], [ 1543.0, 496.1 ], [ 1542.7, 498.6 ], [ 1542.8, 507.1 ], [ 1543.1, 508.8 ], [ 1544.7, 512.3 ], [ 1547.7, 511.3 ], [ 1554.1, 514.4 ], [ 1556.5, 512.9 ], [ 1556.7, 511.9 ], [ 1555.1, 511.4 ], [ 1554.4, 509.9 ], [ 1553.9, 508.0 ], [ 1552.8, 506.5 ], [ 1551.6, 506.1 ], [ 1548.5, 505.7 ], [ 1547.2, 505.1 ], [ 1547.4, 504.1 ], [ 1550.6, 504.7 ], [ 1552.1, 505.4 ], [ 1553.3, 506.6 ], [ 1554.6, 505.1 ], [ 1555.6, 502.1 ], [ 1556.0, 498.8 ], [ 1555.9, 496.3 ], [ 1554.8, 494.5 ], [ 1550.0, 491.6 ], [ 1550.3, 490.7 ], [ 1556.1, 493.9 ], [ 1557.8, 493.5 ], [ 1558.7, 492.5 ], [ 1560.4, 489.6 ], [ 1561.2, 488.4 ], [ 1562.5, 487.4 ], [ 1563.5, 487.1 ], [ 1564.5, 486.5 ], [ 1565.5, 484.4 ], [ 1564.1, 484.2 ], [ 1563.4, 483.1 ], [ 1563.0, 481.7 ], [ 1562.3, 480.4 ] ] } },
{ "type": "Feature", "properties": { "scalerank": 6, "featurecla": "Coastline" }, "geometry": { "type": "LineString", "coordinates": [ [ 1658.9, 500.1 ], [ 1658.5, 500.7 ], [ 1658.2, 501.1 ], [ 1657.7, 502.1 ], [ 1658.9, 503.3 ], [ 1660.4, 503.1 ], [ 1661.9, 502.4 ], [ 1663.3, 502.2 ], [ 1665.0, 501.4 ], [ 1665.1, 498.8 ], [ 1664.6, 496.1 ], [ 1664.2, 494.8 ], [ 1665.2, 490.1 ], [ 1667.6, 485.2 ], [ 1670.0, 481.0 ], [ 1670.9, 478.8 ], [ 1670.7, 477.9 ], [ 1670.4, 477.2 ], [ 1669.9, 476.6 ], [ 1669.2, 476.3 ], [ 1669.8, 478.6 ], [ 1669.6, 479.7 ], [ 1668.2, 478.3 ], [ 1667.3, 478.2 ], [ 1666.2, 478.9 ], [ 1666.5, 480.7 ], [ 1666.7, 481.6 ], [ 1667.1, 482.4 ], [ 1666.9, 483.4 ], [ 1664.5, 483.2 ], [ 1662.9, 484.1 ], [ 1661.7, 486.5 ], [ 1658.7, 496.1 ], [ 1658.3, 498.6 ], [ 1658.9, 500.1 ] ] } },
{ "type": "Feature", "properties": { "scalerank": 6, "featurecla": "Coastline" }, "geometry": { "type": "LineString", "coordinates": [ [ 1672.8, 476.0 ], [ 1673.4, 473.6 ], [ 1675.8, 468.0 ], [ 1675.4, 467.1 ], [ 1674.8, 467.1 ], [ 1674.1, 467.6 ], [ 1673.4, 468.4 ], [ 1673.4, 469.0 ], [ 1673.4, 469.2 ], [ 1673.6, 469.7 ], [ 1672.3, 471.3 ], [ 1671.6, 473.3 ], [ 1671.7, 475.0 ], [ 1672.8, 476.0 ] ] } },
{ "type": "Feature", "properties": { "scalerank": 6, "featurecla": "Coastline" }, "geometry": { "type": "LineString", "coordinates": [ [ 1566.8, 456.3 ], [ 1565.8, 456.2 ], [ 1565.1, 455.9 ], [ 1564.5, 455.4 ], [ 1564.2, 454.6 ], [ 1563.1, 455.2 ], [ 1562.0, 455.2 ], [ 1561.1, 454.6 ], [ 1560.4, 453.6 ], [ 1558.4, 453.2 ], [ 1556.5, 454.3 ], [ 1554.8, 456.3 ], [ 1553.7, 459.0 ], [ 1554.2, 461.0 ], [ 1559.5, 466.5 ], [ 1561.4, 467.5 ], [ 1569.0, 467.2 ], [ 1569.3, 466.2 ], [ 1569.0, 465.0 ], [ 1567.9, 464.2 ], [ 1566.0, 463.8 ], [ 1565.5, 463.0 ], [ 1565.4, 461.4 ], [ 1567.0, 461.7 ], [ 1569.3, 460.5 ], [ 1570.2, 461.4 ], [ 1570.9, 460.6 ], [ 1569.2, 458.3 ], [ 1568.7, 457.9 ], [ 1567.9, 457.8 ], [ 1567.1, 458.0 ], [ 1566.4, 458.0 ], [ 1565.9, 457.2 ], [ 1566.3, 457.0 ], [ 1566.4, 457.0 ], [ 1566.5, 456.9 ], [ 1566.8, 456.3 ] ] } },
{ "type": "Feature", "properties": { "scalerank": 5, "featurecla": "Coastline" }, "geometry": { "type": "LineString", "coordinates": [ [ 1584.1, 433.4 ], [ 1583.2, 432.3 ], [ 1580.5, 433.0 ], [ 1579.4, 431.9 ], [ 1581.0, 431.3 ], [ 1581.8, 430.1 ], [ 1581.9, 428.6 ], [ 1581.2, 427.0 ], [ 1579.0, 426.8 ], [ 1574.4, 428.8 ], [ 1572.5, 429.1 ], [ 1573.4, 430.3 ], [ 1573.9, 430.5 ], [ 1573.7, 431.6 ], [ 1572.0, 430.9 ], [ 1568.1, 428.0 ], [ 1569.4, 426.3 ], [ 1569.9, 425.7 ], [ 1570.5, 425.3 ], [ 1570.8, 424.4 ], [ 1568.4, 425.8 ], [ 1564.9, 428.9 ], [ 1561.9, 430.7 ], [ 1561.0, 428.4 ], [ 1562.8, 427.9 ], [ 1563.5, 427.9 ], [ 1563.7, 426.9 ], [ 1558.0, 426.5 ], [ 1556.6, 425.1 ], [ 1554.6, 427.3 ], [ 1552.7, 430.0 ], [ 1550.8, 432.2 ], [ 1548.6, 433.1 ], [ 1548.4, 434.1 ], [ 1551.3, 437.7 ], [ 1552.5, 438.6 ], [ 1553.3, 439.5 ], [ 1553.9, 439.8 ], [ 1554.6, 439.6 ], [ 1555.3, 439.0 ], [ 1556.1, 438.2 ], [ 1558.4, 439.5 ], [ 1562.4, 443.9 ], [ 1565.0, 444.8 ], [ 1563.2, 445.5 ], [ 1562.5, 445.4 ], [ 1562.9, 446.3 ], [ 1563.1, 447.2 ], [ 1563.2, 448.1 ], [ 1563.6, 450.1 ], [ 1563.9, 450.5 ], [ 1564.5, 451.3 ], [ 1565.8, 452.0 ], [ 1568.7, 452.4 ], [ 1569.7, 453.8 ], [ 1571.4, 453.0 ], [ 1573.1, 453.1 ], [ 1576.4, 454.2 ], [ 1578.8, 451.4 ], [ 1579.3, 450.6 ], [ 1579.3, 449.5 ], [ 1578.9, 448.8 ], [ 1577.7, 447.9 ], [ 1576.1, 447.3 ], [ 1571.0, 447.5 ], [ 1565.2, 446.1 ], [ 1565.5, 444.9 ], [ 1569.6, 443.0 ], [ 1570.8, 443.0 ], [ 1571.0, 443.5 ], [ 1571.2, 445.7 ], [ 1571.6, 446.5 ], [ 1572.1, 446.5 ], [ 1573.5, 446.1 ], [ 1574.1, 446.0 ], [ 1578.9, 446.7 ], [ 1581.3, 445.8 ], [ 1583.7, 442.9 ], [ 1580.9, 443.1 ], [ 1579.6, 442.8 ], [ 1579.4, 441.3 ], [ 1579.6, 439.2 ], [ 1579.1, 438.3 ], [ 1576.7, 437.9 ], [ 1577.0, 436.8 ], [ 1577.7, 435.9 ], [ 1577.8, 435.3 ], [ 1577.3, 434.8 ], [ 1576.4, 434.5 ], [ 1576.7, 433.4 ], [ 1580.3, 434.3 ], [ 1581.6, 436.6 ], [ 1582.5, 437.1 ], [ 1582.8, 437.8 ], [ 1583.2, 439.1 ], [ 1583.7, 440.4 ], [ 1584.8, 440.9 ], [ 1585.5, 440.4 ], [ 1587.5, 438.2 ], [ 1588.5, 437.5 ], [ 1588.3, 435.5 ], [ 1587.0, 434.2 ], [ 1585.2, 433.8 ], [ 1584.1, 433.4 ] ] } },
{ "type": "Feature", "properties": { "scalerank": 6, "featurecla": "Coastline" }, "geometry": { "type": "LineString", "coordinates": [ [ 1578.8, 423.0 ], [ 1580.6, 423.7 ], [ 1583.2, 423.2 ], [ 1585.1, 421.9 ], [ 1584.7, 420.1 ], [ 1583.1, 420.1 ], [ 1578.8, 423.0 ] ] } },
{ "type": "Feature", "properties": { "scalerank": 6, "featurecla": "Coastline" }, "geometry": { "type": "LineString", "coordinates": [ [ 1600.4, 397.5 ], [ 1602.7, 400.1 ], [ 1603.9, 399.7 ], [ 1604.7, 396.5 ], [ 1603.5, 395.1 ], [ 1601.5, 395.5 ], [ 1597.3, 397.9 ], [ 1597.3, 398.5 ], [ 1597.4, 398.6 ], [ 1597.3, 398.9 ], [ 1596.8, 400.1 ], [ 1597.9, 400.3 ], [ 1598.9, 400.0 ], [ 1599.7, 399.1 ], [ 1600.4, 397.5 ] ] } },
{ "type": "Feature", "properties": { "scalerank": 6, "featurecla": "Coastline" }, "geometry": { "type": "LineString", "coordinates": [ [ 1472.1, 375.6 ], [ 1472.0, 378.9 ], [ 1473.3, 380.5 ], [ 1475.1, 380.6 ], [ 1476.9, 379.2 ], [ 1475.8, 378.1 ], [ 1473.0, 377.0 ], [ 1472.1, 375.6 ] ] } },
{ "type": "Feature", "properties": { "scalerank": 3, "featurecla": "Coastline" }, "geometry": { "type": "LineString", "coordinates": [ [ 1601.5, 423.1 ], [ 1607.3, 420.9 ], [ 1609.4, 419.6 ], [ 1609.1, 419.2 ], [ 1608.8, 418.6 ], [ 1608.5, 418.2 ], [ 1611.1, 417.0 ], [ 1612.2, 416.2 ], [ 1613.4, 415.0 ], [ 1613.0, 414.3 ], [ 1612.6, 413.1 ], [ 1612.3, 412.6 ], [ 1613.1, 411.6 ], [ 1616.1, 415.3 ], [ 1617.9, 416.1 ], [ 1618.1, 415.1 ], [ 1617.5, 415.0 ], [ 1617.8, 413.9 ], [ 1619.1, 414.5 ], [ 1620.6, 414.5 ], [ 1621.9, 414.0 ], [ 1622.6, 412.9 ], [ 1622.5, 412.0 ], [ 1621.5, 408.1 ], [ 1620.9, 407.4 ], [ 1619.4, 406.3 ], [ 1618.7, 405.4 ], [ 1619.6, 404.5 ], [ 1620.2, 403.7 ], [ 1620.8, 403.0 ], [ 1621.7, 402.7 ], [ 1624.1, 405.0 ], [ 1630.2, 408.2 ], [ 1630.7, 404.9 ], [ 1630.7, 403.9 ], [ 1630.4, 403.4 ], [ 1629.9, 403.1 ], [ 1629.3, 402.5 ], [ 1629.0, 401.4 ], [ 1629.6, 401.4 ], [ 1630.1, 401.2 ], [ 1630.5, 400.8 ], [ 1631.0, 400.7 ], [ 1630.5, 399.4 ], [ 1630.1, 397.8 ], [ 1629.5, 396.4 ], [ 1628.4, 395.6 ], [ 1627.8, 394.4 ], [ 1627.3, 389.5 ], [ 1626.6, 387.6 ], [ 1628.4, 387.0 ], [ 1631.2, 385.3 ], [ 1633.7, 383.4 ], [ 1634.5, 381.8 ], [ 1634.7, 380.8 ], [ 1642.4, 382.6 ], [ 1642.1, 383.6 ], [ 1639.1, 383.1 ], [ 1636.0, 383.3 ], [ 1633.1, 385.0 ], [ 1631.0, 388.7 ], [ 1630.6, 390.8 ], [ 1630.7, 393.0 ], [ 1631.8, 398.1 ], [ 1631.8, 400.0 ], [ 1632.0, 400.9 ], [ 1632.6, 401.8 ], [ 1634.9, 403.8 ], [ 1635.6, 403.0 ], [ 1635.3, 401.8 ], [ 1635.0, 399.8 ], [ 1635.0, 398.0 ], [ 1635.6, 397.3 ], [ 1636.2, 397.8 ], [ 1636.5, 398.7 ], [ 1636.7, 400.9 ], [ 1637.3, 402.8 ], [ 1638.2, 404.2 ], [ 1639.6, 404.9 ], [ 1641.6, 404.4 ], [ 1641.9, 403.3 ], [ 1641.6, 402.9 ], [ 1641.4, 402.3 ], [ 1641.1, 402.0 ], [ 1641.3, 400.8 ], [ 1642.7, 401.6 ], [ 1643.6, 402.4 ], [ 1644.6, 402.7 ], [ 1646.3, 402.0 ], [ 1647.2, 401.2 ], [ 1649.1, 399.1 ], [ 1650.0, 398.6 ], [ 1650.2, 397.6 ], [ 1649.5, 395.8 ], [ 1646.8, 394.3 ], [ 1645.9, 392.7 ], [ 1644.4, 391.6 ], [ 1643.9, 390.7 ], [ 1644.6, 389.7 ], [ 1645.0, 389.9 ], [ 1646.5, 391.0 ], [ 1653.7, 394.1 ], [ 1655.7, 394.0 ], [ 1657.3, 393.0 ], [ 1658.8, 391.5 ], [ 1660.7, 390.2 ], [ 1659.7, 390.0 ], [ 1658.7, 389.7 ], [ 1657.9, 389.1 ], [ 1657.2, 388.2 ], [ 1658.0, 388.3 ], [ 1658.8, 388.1 ], [ 1659.6, 387.6 ], [ 1660.4, 386.9 ], [ 1659.8, 385.9 ], [ 1659.6, 385.5 ], [ 1660.1, 383.6 ], [ 1660.2, 381.6 ], [ 1659.7, 379.8 ], [ 1658.9, 378.8 ], [ 1657.8, 378.8 ], [ 1654.9, 379.7 ], [ 1644.0, 379.8 ], [ 1641.0, 379.0 ], [ 1641.2, 377.9 ], [ 1642.5, 378.3 ], [ 1646.9, 378.2 ], [ 1649.6, 376.6 ], [ 1650.3, 376.9 ], [ 1651.3, 378.1 ], [ 1652.1, 378.3 ], [ 1653.4, 377.8 ], [ 1656.9, 375.1 ], [ 1661.2, 375.1 ], [ 1662.9, 374.3 ], [ 1662.8, 373.1 ], [ 1662.9, 372.3 ], [ 1663.3, 371.8 ], [ 1664.2, 371.3 ], [ 1663.7, 369.3 ], [ 1663.2, 363.4 ], [ 1664.4, 363.7 ], [ 1666.4, 365.9 ], [ 1667.6, 366.6 ], [ 1671.3, 367.0 ], [ 1672.5, 367.8 ], [ 1674.5, 370.0 ], [ 1675.5, 370.4 ], [ 1677.2, 369.9 ], [ 1677.6, 369.6 ], [ 1678.7, 368.3 ], [ 1679.4, 367.7 ], [ 1680.2, 367.4 ], [ 1682.5, 366.8 ], [ 1682.5, 365.2 ], [ 1682.4, 364.6 ], [ 1682.9, 364.2 ], [ 1683.5, 363.4 ], [ 1684.0, 362.7 ], [ 1683.6, 362.6 ], [ 1683.8, 361.7 ], [ 1684.8, 360.7 ], [ 1684.0, 360.4 ], [ 1682.4, 360.6 ], [ 1681.0, 361.0 ], [ 1676.2, 364.4 ], [ 1673.7, 364.8 ], [ 1670.5, 364.3 ], [ 1667.8, 362.7 ], [ 1666.9, 359.9 ], [ 1669.1, 360.4 ], [ 1670.1, 360.3 ], [ 1671.0, 359.7 ], [ 1671.4, 358.6 ], [ 1671.5, 357.2 ], [ 1671.9, 356.1 ], [ 1674.5, 355.7 ], [ 1675.8, 353.8 ], [ 1676.8, 353.5 ], [ 1677.9, 353.5 ], [ 1678.6, 353.0 ], [ 1679.0, 352.1 ], [ 1678.9, 350.6 ], [ 1680.6, 349.5 ], [ 1684.8, 347.6 ], [ 1686.7, 347.1 ], [ 1686.9, 346.0 ], [ 1685.8, 345.8 ], [ 1684.8, 345.1 ], [ 1684.1, 344.2 ], [ 1683.6, 343.0 ], [ 1687.0, 337.2 ], [ 1687.8, 336.5 ], [ 1689.4, 336.1 ], [ 1689.5, 334.4 ], [ 1688.7, 331.7 ], [ 1688.9, 329.2 ], [ 1688.6, 326.1 ], [ 1687.8, 323.0 ], [ 1686.7, 320.9 ], [ 1684.8, 320.3 ], [ 1682.0, 322.0 ], [ 1676.9, 326.2 ], [ 1660.2, 333.8 ], [ 1657.5, 336.1 ], [ 1656.6, 336.5 ], [ 1651.0, 338.0 ], [ 1648.7, 338.2 ], [ 1646.0, 337.5 ], [ 1645.3, 337.8 ], [ 1644.6, 338.5 ], [ 1643.9, 338.7 ], [ 1643.1, 337.9 ], [ 1640.8, 339.9 ], [ 1632.9, 344.2 ], [ 1633.8, 344.3 ], [ 1634.2, 344.8 ], [ 1634.4, 345.6 ], [ 1634.5, 346.8 ], [ 1634.0, 346.7 ], [ 1633.5, 346.9 ], [ 1633.1, 347.2 ], [ 1632.6, 347.4 ], [ 1632.8, 348.4 ], [ 1633.0, 349.2 ], [ 1633.5, 350.8 ], [ 1633.6, 351.2 ], [ 1633.5, 352.7 ], [ 1633.6, 353.1 ], [ 1634.0, 353.3 ], [ 1635.3, 353.3 ], [ 1635.7, 353.6 ], [ 1635.8, 354.5 ], [ 1635.7, 357.0 ], [ 1635.8, 358.0 ], [ 1636.3, 358.9 ], [ 1637.9, 360.7 ], [ 1635.0, 363.3 ], [ 1634.6, 360.9 ], [ 1633.1, 358.6 ], [ 1631.4, 357.0 ], [ 1629.9, 357.1 ], [ 1629.0, 357.6 ], [ 1625.2, 357.6 ], [ 1624.9, 358.0 ], [ 1624.5, 359.0 ], [ 1623.9, 360.1 ], [ 1623.0, 360.4 ], [ 1623.1, 362.0 ], [ 1623.6, 364.9 ], [ 1624.0, 366.0 ], [ 1623.3, 368.0 ], [ 1623.1, 368.9 ], [ 1622.9, 370.2 ], [ 1622.2, 368.5 ], [ 1621.7, 365.3 ], [ 1621.7, 362.0 ], [ 1622.4, 359.7 ], [ 1621.7, 358.3 ], [ 1620.7, 355.3 ], [ 1620.7, 353.1 ], [ 1623.0, 353.8 ], [ 1623.3, 352.8 ], [ 1619.5, 349.7 ], [ 1618.7, 350.1 ], [ 1618.1, 349.8 ], [ 1615.5, 347.4 ], [ 1614.6, 346.2 ], [ 1612.6, 347.6 ], [ 1611.8, 348.5 ], [ 1611.2, 350.4 ], [ 1611.1, 352.2 ], [ 1611.7, 353.3 ], [ 1613.5, 354.8 ], [ 1611.7, 355.1 ], [ 1605.7, 354.0 ], [ 1605.4, 354.9 ], [ 1605.8, 355.3 ], [ 1606.2, 356.1 ], [ 1606.7, 356.5 ], [ 1606.1, 357.2 ], [ 1605.8, 357.7 ], [ 1605.4, 357.9 ], [ 1604.7, 358.0 ], [ 1604.3, 359.5 ], [ 1603.1, 360.6 ], [ 1602.4, 362.5 ], [ 1602.5, 363.4 ], [ 1603.1, 363.9 ], [ 1603.4, 364.7 ], [ 1602.5, 366.4 ], [ 1603.0, 367.3 ], [ 1604.0, 372.8 ], [ 1604.7, 372.9 ], [ 1608.8, 371.2 ], [ 1608.1, 372.2 ], [ 1607.4, 373.0 ], [ 1606.6, 373.5 ], [ 1605.8, 373.8 ], [ 1608.0, 374.3 ], [ 1607.8, 375.3 ], [ 1606.9, 374.8 ], [ 1606.0, 374.8 ], [ 1605.2, 375.4 ], [ 1604.5, 376.7 ], [ 1606.9, 377.3 ], [ 1614.9, 377.0 ], [ 1609.3, 378.6 ], [ 1606.5, 378.9 ], [ 1604.0, 378.7 ], [ 1604.0, 379.2 ], [ 1604.0, 379.4 ], [ 1604.1, 379.6 ], [ 1604.2, 380.0 ], [ 1604.0, 380.9 ], [ 1602.4, 380.4 ], [ 1601.1, 381.1 ], [ 1599.9, 382.1 ], [ 1598.3, 382.9 ], [ 1601.3, 386.7 ], [ 1602.0, 386.9 ], [ 1603.2, 386.3 ], [ 1603.3, 388.9 ], [ 1605.2, 390.2 ], [ 1609.9, 391.1 ], [ 1610.9, 391.9 ], [ 1612.5, 394.6 ], [ 1613.4, 395.3 ], [ 1618.1, 396.5 ], [ 1617.8, 397.5 ], [ 1617.1, 397.5 ], [ 1615.4, 398.1 ], [ 1615.5, 398.6 ], [ 1615.7, 399.1 ], [ 1616.2, 399.9 ], [ 1616.8, 400.7 ], [ 1617.3, 401.6 ], [ 1616.1, 400.0 ], [ 1613.9, 398.8 ], [ 1611.3, 398.8 ], [ 1606.7, 400.2 ], [ 1606.4, 401.3 ], [ 1609.5, 405.2 ], [ 1605.7, 404.1 ], [ 1603.7, 404.3 ], [ 1602.3, 405.7 ], [ 1594.2, 410.3 ], [ 1594.4, 408.4 ], [ 1594.2, 407.0 ], [ 1593.8, 406.1 ], [ 1592.8, 405.7 ], [ 1591.5, 405.8 ], [ 1591.3, 406.7 ], [ 1591.6, 408.0 ], [ 1591.6, 409.2 ], [ 1592.3, 410.0 ], [ 1595.6, 417.4 ], [ 1596.3, 418.1 ], [ 1599.1, 423.9 ], [ 1599.7, 424.3 ], [ 1601.5, 423.1 ] ] } },
{ "type": "Feature", "properties": { "scalerank": 6, "featurecla": "Coastline" }, "geometry": { "type": "LineString", "coordinates": [ [ 1626.0, 353.4 ], [ 1625.7, 354.4 ], [ 1632.2, 356.0 ], [ 1632.2, 354.6 ], [ 1632.0, 353.4 ], [ 1631.6, 352.3 ], [ 1631.1, 351.4 ], [ 1630.1, 351.7 ], [ 1628.3, 348.1 ], [ 1627.0, 347.1 ], [ 1626.1, 348.5 ], [ 1626.0, 350.3 ], [ 1626.4, 351.9 ], [ 1627.3, 352.7 ], [ 1627.1, 353.7 ], [ 1626.8, 353.7 ], [ 1626.0, 353.4 ] ] } },
{ "type": "Feature", "properties": { "scalerank": 5, "featurecla": "Coastline" }, "geometry": { "type": "LineString", "coordinates": [ [ 1956.9, 325.2 ], [ 1953.3, 325.3 ], [ 1950.0, 326.0 ], [ 1949.8, 327.0 ], [ 1955.2, 328.0 ], [ 1955.0, 329.1 ], [ 1954.0, 329.6 ], [ 1952.9, 329.7 ], [ 1952.0, 329.3 ], [ 1951.2, 328.4 ], [ 1952.9, 332.8 ], [ 1953.3, 335.2 ], [ 1952.0, 336.1 ], [ 1951.8, 337.2 ], [ 1954.8, 342.0 ], [ 1956.7, 341.2 ], [ 1957.6, 339.7 ], [ 1957.6, 337.6 ], [ 1957.3, 334.8 ], [ 1958.4, 334.1 ], [ 1958.4, 333.2 ], [ 1958.2, 332.1 ], [ 1958.6, 330.8 ], [ 1959.2, 330.2 ], [ 1961.7, 329.2 ], [ 1962.2, 327.4 ], [ 1960.5, 326.1 ], [ 1956.9, 325.2 ] ] } },
{ "type": "Feature", "properties": { "scalerank": 5, "featurecla": "Coastline" }, "geometry": { "type": "LineString", "coordinates": [ [ 1932.2, 328.1 ], [ 1933.5, 326.2 ], [ 1935.5, 325.2 ], [ 1937.5, 324.9 ], [ 1939.0, 325.0 ], [ 1939.2, 324.0 ], [ 1938.4, 322.3 ], [ 1937.8, 321.7 ], [ 1936.9, 321.4 ], [ 1937.1, 320.3 ], [ 1938.4, 319.6 ], [ 1935.5, 312.3 ], [ 1934.2, 311.1 ], [ 1932.5, 310.2 ], [ 1930.4, 307.0 ], [ 1929.3, 306.0 ], [ 1928.4, 305.8 ], [ 1924.7, 306.4 ], [ 1922.5, 307.9 ], [ 1922.2, 308.5 ], [ 1920.4, 311.2 ], [ 1920.4, 312.8 ], [ 1921.0, 313.0 ], [ 1921.8, 313.0 ], [ 1922.4, 313.8 ], [ 1922.8, 314.1 ], [ 1923.9, 313.4 ], [ 1924.4, 313.7 ], [ 1924.6, 314.7 ], [ 1924.3, 315.3 ], [ 1923.9, 315.9 ], [ 1923.8, 316.8 ], [ 1924.8, 320.2 ], [ 1925.3, 321.1 ], [ 1926.1, 321.9 ], [ 1926.7, 322.9 ], [ 1926.8, 324.3 ], [ 1927.5, 328.5 ], [ 1927.8, 329.3 ], [ 1935.2, 330.7 ], [ 1939.3, 330.3 ], [ 1941.8, 327.7 ], [ 1939.6, 327.0 ], [ 1934.6, 328.4 ], [ 1932.2, 328.1 ] ] } },
{ "type": "Feature", "properties": { "scalerank": 5, "featurecla": "Coastline" }, "geometry": { "type": "LineString", "coordinates": [ [ 1978.5, 308.5 ], [ 1977.2, 308.5 ], [ 1974.2, 309.8 ], [ 1972.7, 309.7 ], [ 1973.0, 310.8 ], [ 1973.5, 314.2 ], [ 1971.9, 314.4 ], [ 1970.7, 313.6 ], [ 1969.8, 312.2 ], [ 1969.3, 310.0 ], [ 1970.7, 309.0 ], [ 1974.3, 307.2 ], [ 1975.1, 305.8 ], [ 1974.9, 304.8 ], [ 1974.2, 304.3 ], [ 1972.4, 304.1 ], [ 1970.9, 304.4 ], [ 1969.3, 305.3 ], [ 1967.8, 305.9 ], [ 1966.3, 305.3 ], [ 1966.6, 304.6 ], [ 1967.1, 302.8 ], [ 1967.4, 302.2 ], [ 1965.9, 303.0 ], [ 1965.2, 302.0 ], [ 1964.6, 300.4 ], [ 1963.5, 299.4 ], [ 1962.3, 299.7 ], [ 1961.1, 300.5 ], [ 1959.9, 300.6 ], [ 1957.5, 297.3 ], [ 1956.0, 298.1 ], [ 1954.4, 299.8 ], [ 1953.0, 300.6 ], [ 1950.1, 299.6 ], [ 1948.7, 298.7 ], [ 1947.8, 297.4 ], [ 1949.2, 297.2 ], [ 1951.4, 295.9 ], [ 1953.3, 294.0 ], [ 1954.5, 291.7 ], [ 1955.1, 292.1 ], [ 1960.1, 291.1 ], [ 1959.8, 290.8 ], [ 1959.6, 290.3 ], [ 1959.3, 289.9 ], [ 1959.6, 289.4 ], [ 1959.9, 289.2 ], [ 1960.5, 289.0 ], [ 1956.6, 285.7 ], [ 1955.4, 283.7 ], [ 1956.0, 283.7 ], [ 1957.3, 283.0 ], [ 1956.7, 282.3 ], [ 1955.8, 280.2 ], [ 1955.1, 279.4 ], [ 1954.2, 279.3 ], [ 1953.1, 279.6 ], [ 1952.1, 279.5 ], [ 1949.9, 276.2 ], [ 1948.0, 275.1 ], [ 1944.3, 274.2 ], [ 1940.3, 274.2 ], [ 1936.4, 276.0 ], [ 1933.4, 280.1 ], [ 1932.5, 287.0 ], [ 1931.8, 287.9 ], [ 1929.7, 292.3 ], [ 1929.7, 297.5 ], [ 1931.3, 301.9 ], [ 1933.7, 303.4 ], [ 1933.9, 302.5 ], [ 1936.2, 300.9 ], [ 1937.1, 299.6 ], [ 1937.1, 297.6 ], [ 1937.0, 297.3 ], [ 1937.3, 296.1 ], [ 1937.2, 295.1 ], [ 1936.6, 294.3 ], [ 1937.4, 294.0 ], [ 1938.1, 293.9 ], [ 1938.7, 294.2 ], [ 1939.4, 294.9 ], [ 1939.6, 293.8 ], [ 1939.3, 292.7 ], [ 1939.6, 291.9 ], [ 1940.3, 291.3 ], [ 1941.2, 290.9 ], [ 1941.2, 292.1 ], [ 1941.4, 293.2 ], [ 1941.6, 294.3 ], [ 1942.0, 295.4 ], [ 1941.8, 296.3 ], [ 1940.2, 298.2 ], [ 1938.6, 300.8 ], [ 1937.7, 304.1 ], [ 1937.9, 307.6 ], [ 1939.5, 309.9 ], [ 1944.4, 310.0 ], [ 1946.2, 311.2 ], [ 1946.9, 309.6 ], [ 1947.9, 309.3 ], [ 1950.3, 310.0 ], [ 1949.6, 307.6 ], [ 1950.6, 307.9 ], [ 1951.3, 308.5 ], [ 1952.0, 308.7 ], [ 1952.9, 308.2 ], [ 1954.3, 308.8 ], [ 1955.8, 307.8 ], [ 1957.2, 306.5 ], [ 1958.3, 306.5 ], [ 1958.7, 307.5 ], [ 1960.3, 314.3 ], [ 1960.9, 315.7 ], [ 1961.7, 316.7 ], [ 1967.2, 320.3 ], [ 1968.3, 320.7 ], [ 1969.8, 320.0 ], [ 1972.2, 316.8 ], [ 1973.4, 316.3 ], [ 1976.6, 316.1 ], [ 1978.2, 315.6 ], [ 1979.1, 314.6 ], [ 1979.5, 312.4 ], [ 1979.7, 310.6 ], [ 1979.5, 309.3 ], [ 1978.5, 308.5 ] ] } },
{ "type": "Feature", "properties": { "scalerank": 6, "featurecla": "Coastline" }, "geometry": { "type": "LineString", "coordinates": [ [ 1997.4, 288.3 ], [ 1997.6, 288.2 ], [ 1997.8, 288.2 ], [ 1998.0, 288.1 ], [ 1998.1, 287.3 ], [ 1996.1, 288.0 ], [ 1995.0, 288.2 ], [ 1994.1, 287.7 ], [ 1993.5, 286.2 ], [ 1993.9, 284.8 ], [ 1994.9, 284.2 ], [ 1995.8, 284.6 ], [ 1995.3, 283.7 ], [ 1994.4, 283.3 ], [ 1992.2, 283.0 ], [ 1992.6, 282.5 ], [ 1992.9, 282.0 ], [ 1993.1, 281.1 ], [ 1992.0, 280.8 ], [ 1988.7, 281.3 ], [ 1989.4, 282.0 ], [ 1991.3, 285.1 ], [ 1991.6, 286.1 ], [ 1991.0, 287.8 ], [ 1989.9, 288.2 ], [ 1988.6, 288.1 ], [ 1987.3, 288.5 ], [ 1985.2, 291.1 ], [ 1986.2, 292.4 ], [ 1988.0, 292.1 ], [ 1988.2, 289.7 ], [ 1989.8, 288.8 ], [ 1991.3, 289.3 ], [ 1992.2, 291.3 ], [ 1991.7, 294.7 ], [ 1993.5, 294.0 ], [ 1997.1, 294.1 ], [ 1998.7, 292.8 ], [ 1996.8, 291.0 ], [ 1996.5, 290.0 ], [ 1997.4, 288.3 ] ] } },
{ "type": "Feature", "properties": { "scalerank": 6, "featurecla": "Coastline" }, "geometry": { "type": "LineString", "coordinates": [ [ 1961.3, 280.6 ], [ 1963.8, 280.1 ], [ 1964.3, 278.0 ], [ 1964.6, 275.6 ], [ 1966.2, 273.9 ], [ 1966.5, 273.9 ], [ 1966.8, 273.9 ], [ 1966.9, 273.7 ], [ 1967.0, 272.9 ], [ 1966.0, 272.1 ], [ 1965.0, 271.9 ], [ 1961.6, 272.1 ], [ 1961.1, 271.9 ], [ 1960.6, 271.7 ], [ 1960.1, 271.1 ], [ 1960.0, 270.4 ], [ 1959.9, 269.8 ], [ 1959.9, 269.4 ], [ 1958.0, 269.0 ], [ 1955.6, 269.7 ], [ 1953.7, 271.5 ], [ 1953.7, 274.4 ], [ 1955.0, 277.1 ], [ 1956.8, 278.8 ], [ 1958.9, 279.9 ], [ 1961.3, 280.6 ] ] } },
{ "type": "Feature", "properties": { "scalerank": 5, "featurecla": "Coastline" }, "geometry": { "type": "LineString", "coordinates": [ [ 1977.0, 272.6 ], [ 1976.4, 275.8 ], [ 1977.6, 276.3 ], [ 1978.4, 277.4 ], [ 1978.9, 279.0 ], [ 1978.7, 281.0 ], [ 1979.2, 281.7 ], [ 1980.6, 281.8 ], [ 1983.1, 281.3 ], [ 1983.3, 280.3 ], [ 1982.0, 279.9 ], [ 1981.6, 278.6 ], [ 1981.9, 276.6 ], [ 1982.3, 274.2 ], [ 1982.8, 273.5 ], [ 1985.1, 271.1 ], [ 1985.8, 269.9 ], [ 1985.6, 268.4 ], [ 1985.0, 267.6 ], [ 1984.1, 267.2 ], [ 1983.0, 267.2 ], [ 1983.2, 266.2 ], [ 1983.8, 266.3 ], [ 1984.0, 265.2 ], [ 1982.8, 264.8 ], [ 1981.8, 265.5 ], [ 1981.2, 267.0 ], [ 1981.0, 269.0 ], [ 1980.7, 270.0 ], [ 1980.7, 272.7 ], [ 1980.5, 273.2 ], [ 1979.5, 273.4 ], [ 1978.7, 273.7 ], [ 1977.9, 273.6 ], [ 1977.0, 272.6 ] ] } },
{ "type": "Feature", "properties": { "scalerank": 5, "featurecla": "Coastline" }, "geometry": { "type": "LineString", "coordinates": [ [ 2009.7, 263.4 ], [ 2008.5, 263.5 ], [ 2007.3, 263.3 ], [ 2006.1, 263.3 ], [ 2003.6, 265.2 ], [ 2000.9, 265.3 ], [ 1999.8, 266.0 ], [ 1999.7, 265.4 ], [ 1999.5, 265.1 ], [ 1999.0, 264.8 ], [ 2001.4, 262.7 ], [ 2002.7, 261.9 ], [ 2004.0, 261.4 ], [ 2004.2, 260.2 ], [ 2002.2, 260.0 ], [ 1998.7, 261.4 ], [ 1996.9, 261.1 ], [ 1997.7, 263.0 ], [ 1998.1, 263.5 ], [ 1997.3, 265.6 ], [ 1996.6, 266.0 ], [ 1995.9, 265.8 ], [ 1994.9, 266.2 ], [ 1994.0, 267.0 ], [ 1992.3, 269.1 ], [ 1991.4, 269.9 ], [ 1990.2, 270.5 ], [ 1989.4, 270.7 ], [ 1988.7, 271.4 ], [ 1987.9, 273.5 ], [ 1987.6, 275.3 ], [ 1988.0, 275.7 ], [ 1988.6, 274.8 ], [ 1989.2, 272.8 ], [ 1990.5, 273.4 ], [ 1992.4, 272.1 ], [ 1996.1, 268.5 ], [ 1996.5, 269.5 ], [ 1997.1, 269.7 ], [ 1998.8, 269.0 ], [ 1998.6, 270.0 ], [ 1998.3, 270.5 ], [ 1997.6, 272.0 ], [ 2001.8, 268.5 ], [ 2003.1, 268.6 ], [ 2002.6, 271.9 ], [ 2003.5, 271.6 ], [ 2004.2, 270.9 ], [ 2006.4, 267.5 ], [ 2007.4, 266.9 ], [ 2008.4, 265.3 ], [ 2010.0, 264.8 ], [ 2013.7, 265.3 ], [ 2013.8, 263.7 ], [ 2013.6, 260.4 ], [ 2013.2, 259.9 ], [ 2011.9, 261.0 ], [ 2009.7, 263.4 ] ] } },
{ "type": "Feature", "properties": { "scalerank": 5, "featurecla": "Coastline" }, "geometry": { "type": "LineString", "coordinates": [ [ 1963.6, 250.7 ], [ 1964.1, 252.1 ], [ 1964.1, 252.9 ], [ 1964.1, 253.8 ], [ 1964.6, 257.2 ], [ 1964.9, 258.1 ], [ 1965.3, 258.7 ], [ 1966.0, 259.3 ], [ 1966.6, 259.6 ], [ 1967.3, 259.3 ], [ 1968.1, 258.1 ], [ 1969.0, 259.4 ], [ 1968.6, 257.6 ], [ 1968.4, 257.0 ], [ 1968.6, 255.9 ], [ 1970.6, 256.6 ], [ 1972.5, 258.2 ], [ 1975.6, 262.7 ], [ 1974.9, 263.5 ], [ 1974.4, 264.4 ], [ 1974.1, 265.4 ], [ 1973.7, 266.7 ], [ 1976.0, 264.5 ], [ 1977.1, 263.9 ], [ 1978.6, 264.2 ], [ 1978.8, 263.3 ], [ 1978.3, 262.1 ], [ 1977.6, 261.7 ], [ 1976.8, 261.4 ], [ 1976.0, 260.7 ], [ 1975.7, 259.7 ], [ 1975.0, 255.5 ], [ 1974.1, 254.7 ], [ 1968.3, 251.6 ], [ 1968.5, 250.6 ], [ 1969.1, 250.8 ], [ 1970.7, 251.0 ], [ 1970.6, 249.6 ], [ 1970.8, 248.9 ], [ 1971.9, 247.9 ], [ 1972.1, 247.8 ], [ 1972.3, 247.8 ], [ 1972.4, 247.7 ], [ 1972.5, 247.0 ], [ 1971.3, 245.7 ], [ 1970.0, 246.4 ], [ 1967.2, 249.2 ], [ 1965.8, 249.5 ], [ 1963.4, 248.4 ], [ 1961.8, 248.2 ], [ 1961.8, 249.7 ], [ 1962.3, 250.0 ], [ 1962.9, 250.1 ], [ 1963.6, 250.7 ] ] } },
{ "type": "Feature", "properties": { "scalerank": 6, "featurecla": "Coastline" }, "geometry": { "type": "LineString", "coordinates": [ [ 2078.1, 238.0 ], [ 2078.2, 240.3 ], [ 2079.3, 240.1 ], [ 2081.0, 238.8 ], [ 2082.4, 238.2 ], [ 2082.6, 237.1 ], [ 2081.6, 236.9 ], [ 2081.9, 235.7 ], [ 2082.4, 235.3 ], [ 2083.5, 235.2 ], [ 2083.8, 235.1 ], [ 2084.0, 235.1 ], [ 2084.1, 234.9 ], [ 2084.2, 234.1 ], [ 2082.7, 233.8 ], [ 2080.8, 234.2 ], [ 2079.1, 235.5 ], [ 2078.1, 238.0 ] ] } },
{ "type": "Feature", "properties": { "scalerank": 6, "featurecla": "Coastline" }, "geometry": { "type": "LineString", "coordinates": [ [ 2118.8, 156.0 ], [ 2118.1, 156.7 ], [ 2118.3, 156.0 ], [ 2119.2, 154.1 ], [ 2119.3, 152.7 ], [ 2118.9, 152.6 ], [ 2118.3, 153.1 ], [ 2116.9, 153.3 ], [ 2116.7, 154.0 ], [ 2117.1, 154.8 ], [ 2117.1, 155.8 ], [ 2116.1, 157.2 ], [ 2115.4, 159.2 ], [ 2114.7, 160.9 ], [ 2113.5, 162.1 ], [ 2113.5, 162.8 ], [ 2114.8, 162.0 ], [ 2116.3, 160.3 ], [ 2116.6, 159.4 ], [ 2116.9, 158.4 ], [ 2116.9, 158.8 ], [ 2116.6, 160.7 ], [ 2116.0, 162.2 ], [ 2115.7, 163.3 ], [ 2116.1, 163.4 ], [ 2116.8, 162.4 ], [ 2117.9, 160.2 ], [ 2118.8, 158.7 ], [ 2119.4, 157.2 ], [ 2119.4, 156.0 ], [ 2118.8, 156.0 ] ] } },
{ "type": "Feature", "properties": { "scalerank": 6, "featurecla": "Coastline" }, "geometry": { "type": "LineString", "coordinates": [ [ 2139.9, 148.3 ], [ 2139.4, 148.2 ], [ 2139.4, 146.8 ], [ 2139.5, 145.3 ], [ 2139.3, 144.4 ], [ 2138.7, 144.6 ], [ 2138.2, 145.9 ], [ 2137.6, 146.1 ], [ 2136.3, 145.2 ], [ 2134.8, 145.2 ], [ 2134.5, 146.9 ], [ 2135.4, 148.9 ], [ 2134.3, 153.9 ], [ 2134.9, 155.0 ], [ 2136.8, 157.1 ], [ 2137.6, 156.8 ], [ 2138.7, 153.6 ], [ 2139.5, 152.4 ], [ 2140.3, 150.8 ], [ 2140.8, 148.7 ], [ 2141.0, 147.6 ], [ 2139.9, 148.3 ] ] } },
{ "type": "Feature", "properties": { "scalerank": 6, "featurecla": "Coastline" }, "geometry": { "type": "LineString", "coordinates": [ [ 2064.2, 137.2 ], [ 2063.4, 136.8 ], [ 2061.5, 136.7 ], [ 2060.2, 137.4 ], [ 2059.6, 138.0 ], [ 2059.2, 139.1 ], [ 2059.6, 140.1 ], [ 2060.7, 141.7 ], [ 2062.4, 142.8 ], [ 2063.8, 141.3 ], [ 2064.3, 138.5 ], [ 2064.2, 137.2 ] ] } },
{ "type": "Feature", "properties": { "scalerank": 5, "featurecla": "Coastline" }, "geometry": { "type": "LineString", "coordinates": [ [ 2143.7, 109.4 ], [ 2143.8, 108.2 ], [ 2143.8, 107.6 ], [ 2143.6, 107.1 ], [ 2142.8, 108.1 ], [ 2142.2, 109.3 ], [ 2141.8, 110.4 ], [ 2141.3, 111.2 ], [ 2140.6, 111.8 ], [ 2140.3, 111.5 ], [ 2140.0, 111.5 ], [ 2139.4, 113.1 ], [ 2138.9, 113.0 ], [ 2139.2, 110.0 ], [ 2138.4, 109.2 ], [ 2135.6, 110.3 ], [ 2135.8, 109.2 ], [ 2136.7, 108.6 ], [ 2137.1, 108.3 ], [ 2135.1, 108.9 ], [ 2134.2, 109.0 ], [ 2134.0, 108.6 ], [ 2134.8, 108.2 ], [ 2135.7, 107.5 ], [ 2136.5, 106.6 ], [ 2137.4, 106.0 ], [ 2138.9, 107.2 ], [ 2140.0, 106.5 ], [ 2139.1, 105.4 ], [ 2139.3, 105.1 ], [ 2139.8, 104.5 ], [ 2139.8, 102.7 ], [ 2139.4, 101.4 ], [ 2138.8, 100.5 ], [ 2137.9, 99.9 ], [ 2138.7, 98.2 ], [ 2137.9, 96.5 ], [ 2136.7, 95.5 ], [ 2135.9, 95.8 ], [ 2135.5, 96.7 ], [ 2133.5, 99.2 ], [ 2132.6, 100.0 ], [ 2132.9, 97.4 ], [ 2132.2, 96.9 ], [ 2131.1, 97.6 ], [ 2130.2, 98.6 ], [ 2131.0, 100.2 ], [ 2134.1, 103.5 ], [ 2129.2, 103.7 ], [ 2126.8, 104.9 ], [ 2126.4, 107.7 ], [ 2125.5, 108.2 ], [ 2124.6, 108.5 ], [ 2123.6, 108.5 ], [ 2122.7, 108.2 ], [ 2122.9, 107.1 ], [ 2124.5, 106.0 ], [ 2127.2, 101.0 ], [ 2128.8, 100.5 ], [ 2129.0, 99.4 ], [ 2128.9, 98.5 ], [ 2129.2, 97.5 ], [ 2130.7, 95.4 ], [ 2130.4, 94.4 ], [ 2129.7, 95.1 ], [ 2128.9, 95.6 ], [ 2128.2, 95.9 ], [ 2127.4, 95.9 ], [ 2129.9, 91.1 ], [ 2129.3, 90.8 ], [ 2129.0, 90.5 ], [ 2128.9, 90.1 ], [ 2128.5, 89.8 ], [ 2129.4, 89.8 ], [ 2129.7, 89.6 ], [ 2130.2, 88.9 ], [ 2128.7, 88.6 ], [ 2129.9, 86.8 ], [ 2131.2, 85.8 ], [ 2132.1, 84.2 ], [ 2132.2, 80.6 ], [ 2132.9, 80.5 ], [ 2133.5, 80.0 ], [ 2133.7, 79.0 ], [ 2133.7, 77.7 ], [ 2134.2, 76.7 ], [ 2134.4, 75.5 ], [ 2134.2, 72.3 ], [ 2131.9, 75.3 ], [ 2131.5, 76.9 ], [ 2132.5, 78.6 ], [ 2132.2, 79.0 ], [ 2131.8, 79.6 ], [ 2130.3, 77.7 ], [ 2128.4, 76.2 ], [ 2126.4, 75.6 ], [ 2124.4, 76.2 ], [ 2124.5, 76.9 ], [ 2124.6, 77.5 ], [ 2124.2, 78.2 ], [ 2123.4, 79.2 ], [ 2123.6, 79.5 ], [ 2124.3, 80.5 ], [ 2121.7, 81.9 ], [ 2120.8, 82.0 ], [ 2120.3, 82.5 ], [ 2118.8, 85.0 ], [ 2118.0, 85.9 ], [ 2119.2, 86.4 ], [ 2119.9, 87.7 ], [ 2120.3, 89.0 ], [ 2120.8, 89.6 ], [ 2122.7, 90.0 ], [ 2123.7, 90.4 ], [ 2124.5, 91.3 ], [ 2121.7, 92.4 ], [ 2119.1, 90.9 ], [ 2117.0, 87.9 ], [ 2116.6, 84.5 ], [ 2115.9, 82.7 ], [ 2114.9, 82.7 ], [ 2113.8, 83.7 ], [ 2112.8, 85.1 ], [ 2112.5, 86.0 ], [ 2112.4, 87.1 ], [ 2112.1, 88.2 ], [ 2111.5, 89.2 ], [ 2111.1, 89.3 ], [ 2109.3, 88.8 ], [ 2108.4, 89.5 ], [ 2107.4, 91.2 ], [ 2106.7, 92.9 ], [ 2106.8, 93.7 ], [ 2109.4, 94.3 ], [ 2110.6, 93.9 ], [ 2111.6, 92.3 ], [ 2112.6, 93.9 ], [ 2113.7, 94.1 ], [ 2115.0, 94.0 ], [ 2116.6, 94.2 ], [ 2115.4, 95.1 ], [ 2114.7, 96.4 ], [ 2114.7, 97.7 ], [ 2115.8, 98.4 ], [ 2116.7, 97.8 ], [ 2117.8, 96.3 ], [ 2119.3, 93.5 ], [ 2119.1, 98.5 ], [ 2118.8, 101.2 ], [ 2118.2, 103.0 ], [ 2118.8, 104.0 ], [ 2119.8, 104.5 ], [ 2122.2, 104.8 ], [ 2122.0, 105.9 ], [ 2121.0, 106.9 ], [ 2120.5, 108.3 ], [ 2120.5, 109.8 ], [ 2121.1, 111.1 ], [ 2121.9, 111.4 ], [ 2122.8, 111.0 ], [ 2124.5, 109.5 ], [ 2124.4, 112.9 ], [ 2126.0, 114.3 ], [ 2128.2, 115.2 ], [ 2129.8, 116.8 ], [ 2126.0, 116.0 ], [ 2124.6, 116.3 ], [ 2125.2, 118.2 ], [ 2124.1, 117.9 ], [ 2123.7, 117.6 ], [ 2123.3, 116.9 ], [ 2121.0, 120.7 ], [ 2122.8, 123.2 ], [ 2121.5, 124.4 ], [ 2120.1, 126.0 ], [ 2119.9, 122.5 ], [ 2118.6, 120.2 ], [ 2116.7, 119.2 ], [ 2114.8, 119.7 ], [ 2114.9, 121.3 ], [ 2115.0, 122.0 ], [ 2113.4, 121.7 ], [ 2113.5, 122.4 ], [ 2113.7, 124.1 ], [ 2113.9, 125.0 ], [ 2113.5, 125.3 ], [ 2112.5, 125.8 ], [ 2112.1, 125.9 ], [ 2112.8, 121.3 ], [ 2112.0, 119.9 ], [ 2108.3, 119.8 ], [ 2108.2, 120.9 ], [ 2108.7, 120.9 ], [ 2108.6, 122.0 ], [ 2106.1, 120.5 ], [ 2106.3, 122.7 ], [ 2105.0, 122.5 ], [ 2104.3, 121.4 ], [ 2103.6, 120.0 ], [ 2102.7, 118.9 ], [ 2101.5, 118.5 ], [ 2099.9, 118.7 ], [ 2098.4, 119.3 ], [ 2097.1, 120.1 ], [ 2095.8, 121.3 ], [ 2095.3, 122.1 ], [ 2095.6, 125.2 ], [ 2095.6, 129.3 ], [ 2096.1, 130.3 ], [ 2097.6, 130.8 ], [ 2098.2, 131.2 ], [ 2098.2, 131.9 ], [ 2098.2, 132.7 ], [ 2098.5, 133.3 ], [ 2099.2, 133.6 ], [ 2100.9, 133.7 ], [ 2103.5, 132.5 ], [ 2104.6, 132.3 ], [ 2104.9, 133.8 ], [ 2105.0, 135.4 ], [ 2105.9, 135.3 ], [ 2107.1, 134.0 ], [ 2107.8, 132.0 ], [ 2108.4, 130.8 ], [ 2109.7, 134.3 ], [ 2110.5, 135.3 ], [ 2109.4, 135.6 ], [ 2107.0, 135.8 ], [ 2106.0, 136.6 ], [ 2105.4, 137.5 ], [ 2105.2, 138.2 ], [ 2105.5, 139.7 ], [ 2105.7, 139.6 ], [ 2107.1, 141.8 ], [ 2107.2, 142.1 ], [ 2109.8, 144.7 ], [ 2110.5, 144.9 ], [ 2111.3, 143.8 ], [ 2111.8, 142.2 ], [ 2112.4, 140.7 ], [ 2113.5, 139.9 ], [ 2113.5, 142.1 ], [ 2114.2, 141.8 ], [ 2115.1, 139.9 ], [ 2115.6, 137.1 ], [ 2116.5, 137.3 ], [ 2117.1, 137.9 ], [ 2118.4, 139.8 ], [ 2119.2, 137.7 ], [ 2118.7, 135.2 ], [ 2117.9, 133.2 ], [ 2117.0, 131.7 ], [ 2115.6, 130.7 ], [ 2115.8, 129.6 ], [ 2118.2, 130.6 ], [ 2119.5, 132.5 ], [ 2120.2, 135.2 ], [ 2120.6, 139.0 ], [ 2123.6, 134.5 ], [ 2124.9, 133.1 ], [ 2126.4, 133.5 ], [ 2126.2, 134.5 ], [ 2125.3, 135.2 ], [ 2124.4, 136.3 ], [ 2123.6, 137.7 ], [ 2121.8, 141.5 ], [ 2121.3, 142.8 ], [ 2121.5, 143.3 ], [ 2122.3, 143.6 ], [ 2122.7, 143.1 ], [ 2123.9, 142.5 ], [ 2124.7, 142.6 ], [ 2123.0, 145.5 ], [ 2122.6, 146.3 ], [ 2122.4, 146.8 ], [ 2122.5, 148.4 ], [ 2122.9, 148.6 ], [ 2123.4, 148.5 ], [ 2123.7, 149.2 ], [ 2123.4, 153.4 ], [ 2122.1, 156.3 ], [ 2120.5, 159.1 ], [ 2118.1, 166.2 ], [ 2116.5, 168.6 ], [ 2115.2, 170.8 ], [ 2115.2, 173.6 ], [ 2113.2, 173.3 ], [ 2113.0, 174.3 ], [ 2113.6, 174.9 ], [ 2114.7, 176.8 ], [ 2114.5, 177.7 ], [ 2113.7, 177.4 ], [ 2112.8, 177.5 ], [ 2111.9, 178.1 ], [ 2111.0, 179.3 ], [ 2111.1, 181.8 ], [ 2109.4, 183.5 ], [ 2110.0, 185.5 ], [ 2111.1, 186.4 ], [ 2113.6, 186.2 ], [ 2114.6, 187.5 ], [ 2114.4, 188.5 ], [ 2113.3, 189.7 ], [ 2113.2, 190.9 ], [ 2113.8, 191.2 ], [ 2114.7, 189.7 ], [ 2115.6, 192.3 ], [ 2115.7, 193.1 ], [ 2116.6, 192.5 ], [ 2117.1, 191.4 ], [ 2117.1, 190.1 ], [ 2116.5, 188.8 ], [ 2117.5, 186.9 ], [ 2118.0, 185.1 ], [ 2118.0, 183.4 ], [ 2117.7, 181.5 ], [ 2117.9, 181.9 ], [ 2118.1, 182.7 ], [ 2119.5, 180.7 ], [ 2120.6, 177.9 ], [ 2121.3, 174.7 ], [ 2121.5, 171.5 ], [ 2123.7, 173.5 ], [ 2124.8, 173.8 ], [ 2125.7, 172.2 ], [ 2124.7, 167.5 ], [ 2124.8, 165.4 ], [ 2125.9, 166.1 ], [ 2127.3, 166.1 ], [ 2128.7, 165.1 ], [ 2129.5, 163.0 ], [ 2128.7, 162.8 ], [ 2127.6, 161.2 ], [ 2127.2, 159.0 ], [ 2128.8, 157.5 ], [ 2127.4, 156.4 ], [ 2126.8, 156.1 ], [ 2127.0, 155.2 ], [ 2127.8, 155.4 ], [ 2128.4, 155.2 ], [ 2128.9, 154.5 ], [ 2129.5, 153.3 ], [ 2128.6, 152.0 ], [ 2130.0, 152.2 ], [ 2130.9, 151.3 ], [ 2131.8, 150.6 ], [ 2133.0, 151.7 ], [ 2133.1, 150.7 ], [ 2132.6, 150.6 ], [ 2132.8, 149.5 ], [ 2134.9, 149.8 ], [ 2135.1, 148.9 ], [ 2132.8, 146.3 ], [ 2134.3, 143.8 ], [ 2133.6, 142.9 ], [ 2131.8, 143.3 ], [ 2130.3, 144.9 ], [ 2131.1, 142.7 ], [ 2134.2, 137.9 ], [ 2133.1, 138.1 ], [ 2132.3, 138.7 ], [ 2130.5, 140.5 ], [ 2131.5, 138.5 ], [ 2132.1, 137.5 ], [ 2132.8, 136.5 ], [ 2129.7, 136.0 ], [ 2129.9, 135.1 ], [ 2131.2, 134.4 ], [ 2131.9, 134.3 ], [ 2132.7, 134.5 ], [ 2132.8, 133.5 ], [ 2132.3, 132.9 ], [ 2132.1, 132.0 ], [ 2132.2, 131.0 ], [ 2132.8, 130.2 ], [ 2133.5, 130.4 ], [ 2134.0, 131.6 ], [ 2134.4, 133.8 ], [ 2135.6, 134.4 ], [ 2137.1, 134.0 ], [ 2140.6, 131.4 ], [ 2140.2, 131.0 ], [ 2139.2, 130.6 ], [ 2138.7, 130.2 ], [ 2138.3, 130.0 ], [ 2137.6, 130.7 ], [ 2137.3, 130.4 ], [ 2137.2, 129.8 ], [ 2137.2, 128.9 ], [ 2137.4, 128.1 ], [ 2137.7, 127.8 ], [ 2138.7, 127.4 ], [ 2142.9, 124.2 ], [ 2141.2, 122.4 ], [ 2137.6, 120.8 ], [ 2136.3, 119.0 ], [ 2137.5, 118.7 ], [ 2143.5, 119.0 ], [ 2144.3, 118.4 ], [ 2144.9, 116.9 ], [ 2145.4, 115.4 ], [ 2145.6, 114.5 ], [ 2145.4, 112.8 ], [ 2144.4, 112.6 ], [ 2143.3, 113.2 ], [ 2142.8, 113.6 ], [ 2141.8, 115.0 ], [ 2141.1, 115.6 ], [ 2140.7, 115.3 ], [ 2140.8, 114.0 ], [ 2141.4, 112.9 ], [ 2147.8, 107.4 ], [ 2149.3, 104.9 ], [ 2147.9, 104.7 ], [ 2146.3, 105.4 ], [ 2144.8, 106.9 ], [ 2143.7, 109.4 ] ] } },
{ "type": "Feature", "properties": { "scalerank": 6, "featurecla": "Coastline" }, "geometry": { "type": "LineString", "coordinates": [ [ 2156.5, 116.1 ], [ 2156.2, 116.3 ], [ 2155.4, 116.5 ], [ 2152.6, 116.3 ], [ 2152.0, 117.0 ], [ 2151.2, 117.5 ], [ 2150.3, 117.4 ], [ 2149.4, 117.7 ], [ 2148.5, 118.6 ], [ 2147.9, 119.7 ], [ 2147.6, 120.5 ], [ 2147.1, 121.0 ], [ 2146.6, 121.8 ], [ 2147.8, 122.9 ], [ 2151.0, 122.4 ], [ 2153.5, 120.4 ], [ 2155.1, 118.7 ], [ 2156.3, 117.6 ], [ 2157.0, 116.8 ], [ 2157.0, 116.1 ], [ 2156.5, 116.1 ] ] } },
{ "type": "Feature", "properties": { "scalerank": 6, "featurecla": "Coastline" }, "geometry": { "type": "LineString", "coordinates": [ [ 2172.3, 82.7 ], [ 2172.0, 82.9 ], [ 2171.6, 83.3 ], [ 2171.0, 83.6 ], [ 2170.3, 83.5 ], [ 2170.3, 82.8 ], [ 2170.5, 81.8 ], [ 2170.6, 80.7 ], [ 2169.9, 80.2 ], [ 2161.1, 78.8 ], [ 2160.9, 80.0 ], [ 2162.5, 85.6 ], [ 2163.8, 88.4 ], [ 2165.8, 89.2 ], [ 2165.6, 88.6 ], [ 2165.5, 88.1 ], [ 2165.3, 87.6 ], [ 2165.0, 87.0 ], [ 2165.2, 85.9 ], [ 2167.3, 86.1 ], [ 2169.3, 87.7 ], [ 2171.3, 88.6 ], [ 2173.5, 87.1 ], [ 2174.2, 85.5 ], [ 2174.1, 84.2 ], [ 2173.5, 83.2 ], [ 2172.3, 82.7 ] ] } },
{ "type": "Feature", "properties": { "scalerank": 5, "featurecla": "Coastline" }, "geometry": { "type": "LineString", "coordinates": [ [ 2159.2, 67.7 ], [ 2158.9, 67.4 ], [ 2158.6, 66.9 ], [ 2158.3, 66.6 ], [ 2158.5, 65.5 ], [ 2159.0, 65.2 ], [ 2159.2, 64.6 ], [ 2159.5, 62.5 ], [ 2156.3, 61.7 ], [ 2154.7, 62.0 ], [ 2153.5, 63.6 ], [ 2153.2, 60.8 ], [ 2152.3, 60.7 ], [ 2151.1, 62.0 ], [ 2150.1, 63.6 ], [ 2149.6, 64.7 ], [ 2149.1, 66.3 ], [ 2149.0, 67.6 ], [ 2149.3, 68.3 ], [ 2149.4, 68.8 ], [ 2148.3, 70.9 ], [ 2147.9, 71.9 ], [ 2147.8, 74.0 ], [ 2148.2, 78.2 ], [ 2148.3, 78.9 ], [ 2147.4, 79.2 ], [ 2146.4, 78.0 ], [ 2145.9, 76.0 ], [ 2146.4, 74.3 ], [ 2146.6, 73.3 ], [ 2144.0, 73.4 ], [ 2142.8, 76.6 ], [ 2141.3, 91.1 ], [ 2141.8, 94.6 ], [ 2143.2, 96.8 ], [ 2145.7, 97.8 ], [ 2145.8, 96.8 ], [ 2145.2, 95.7 ], [ 2145.4, 94.8 ], [ 2146.0, 94.3 ], [ 2146.3, 94.2 ], [ 2146.4, 95.5 ], [ 2147.3, 96.0 ], [ 2149.2, 96.2 ], [ 2150.8, 97.3 ], [ 2151.5, 97.0 ], [ 2152.0, 95.1 ], [ 2152.2, 93.3 ], [ 2152.1, 92.0 ], [ 2151.4, 89.2 ], [ 2152.9, 89.0 ], [ 2154.1, 87.6 ], [ 2154.3, 85.8 ], [ 2153.3, 84.0 ], [ 2153.7, 83.8 ], [ 2153.8, 83.6 ], [ 2154.0, 83.1 ], [ 2152.9, 82.9 ], [ 2151.8, 82.2 ], [ 2151.0, 81.1 ], [ 2150.9, 79.4 ], [ 2151.8, 80.4 ], [ 2152.8, 80.8 ], [ 2153.9, 80.6 ], [ 2155.1, 80.0 ], [ 2154.1, 75.5 ], [ 2153.3, 73.4 ], [ 2152.6, 72.1 ], [ 2154.1, 72.6 ], [ 2155.2, 73.9 ], [ 2157.1, 77.1 ], [ 2158.0, 75.6 ], [ 2158.7, 74.1 ], [ 2157.9, 70.9 ], [ 2158.1, 69.4 ], [ 2159.2, 67.7 ] ] } },
{ "type": "Feature", "properties": { "scalerank": 5, "featurecla": "Coastline" }, "geometry": { "type": "LineString", "coordinates": [ [ 2165.0, 70.8 ], [ 2166.1, 70.8 ], [ 2167.6, 71.2 ], [ 2168.2, 71.6 ], [ 2168.7, 72.2 ], [ 2169.2, 72.7 ], [ 2170.0, 72.7 ], [ 2171.3, 71.6 ], [ 2171.0, 70.0 ], [ 2170.2, 68.1 ], [ 2170.0, 66.2 ], [ 2170.7, 65.4 ], [ 2174.3, 62.7 ], [ 2174.5, 61.5 ], [ 2174.1, 61.0 ], [ 2173.6, 60.7 ], [ 2173.1, 60.4 ], [ 2174.6, 60.5 ], [ 2174.8, 59.4 ], [ 2174.6, 57.4 ], [ 2175.7, 56.5 ], [ 2177.4, 55.8 ], [ 2178.7, 54.7 ], [ 2178.2, 54.5 ], [ 2176.9, 53.3 ], [ 2178.4, 52.7 ], [ 2179.1, 52.7 ], [ 2179.1, 50.8 ], [ 2178.7, 49.5 ], [ 2178.0, 48.6 ], [ 2177.1, 48.1 ], [ 2176.1, 47.8 ], [ 2175.7, 47.5 ], [ 2175.3, 46.7 ], [ 2174.4, 47.7 ], [ 2171.9, 53.1 ], [ 2171.1, 53.8 ], [ 2169.9, 54.5 ], [ 2168.9, 54.8 ], [ 2168.8, 54.3 ], [ 2169.7, 53.2 ], [ 2170.7, 52.5 ], [ 2171.6, 51.6 ], [ 2172.2, 50.0 ], [ 2172.2, 47.8 ], [ 2171.7, 46.6 ], [ 2170.8, 46.4 ], [ 2169.8, 47.9 ], [ 2169.6, 49.3 ], [ 2168.3, 50.9 ], [ 2166.7, 52.2 ], [ 2165.4, 52.6 ], [ 2165.2, 53.8 ], [ 2165.9, 55.1 ], [ 2165.6, 57.4 ], [ 2164.5, 59.4 ], [ 2163.2, 59.8 ], [ 2163.4, 61.7 ], [ 2163.2, 63.9 ], [ 2162.6, 65.1 ], [ 2161.4, 63.8 ], [ 2161.6, 64.9 ], [ 2161.5, 66.2 ], [ 2161.2, 67.7 ], [ 2160.6, 69.1 ], [ 2161.6, 70.2 ], [ 2162.7, 70.7 ], [ 2165.0, 70.8 ] ] } },
{ "type": "Feature", "properties": { "scalerank": 6, "featurecla": "Coastline" }, "geometry": { "type": "LineString", "coordinates": [ [ 1078.0, 1220.2 ], [ 1077.5, 1220.2 ], [ 1077.0, 1219.3 ], [ 1076.4, 1218.9 ], [ 1074.7, 1218.3 ], [ 1073.6, 1218.9 ], [ 1068.0, 1220.8 ], [ 1065.8, 1222.5 ], [ 1065.8, 1223.7 ], [ 1067.7, 1224.0 ], [ 1068.8, 1223.3 ], [ 1072.1, 1223.9 ], [ 1076.1, 1223.3 ], [ 1078.1, 1222.7 ], [ 1079.1, 1221.7 ], [ 1079.0, 1220.6 ], [ 1078.0, 1220.2 ] ] } },
{ "type": "Feature", "properties": { "scalerank": 6, "featurecla": "Coastline" }, "geometry": { "type": "LineString", "coordinates": [ [ 1187.8, 1061.1 ], [ 1186.0, 1059.4 ], [ 1186.3, 1058.4 ], [ 1187.3, 1057.5 ], [ 1187.0, 1056.2 ], [ 1184.9, 1054.7 ], [ 1183.3, 1054.0 ], [ 1181.0, 1053.8 ], [ 1180.0, 1053.5 ], [ 1178.2, 1051.1 ], [ 1176.1, 1050.6 ], [ 1174.8, 1051.7 ], [ 1177.1, 1054.6 ], [ 1186.2, 1062.5 ], [ 1188.0, 1062.5 ], [ 1188.4, 1061.3 ], [ 1188.1, 1061.1 ], [ 1187.8, 1061.1 ] ] } },
{ "type": "Feature", "properties": { "scalerank": 6, "featurecla": "Coastline" }, "geometry": { "type": "LineString", "coordinates": [ [ 1193.8, 1034.7 ], [ 1193.2, 1033.7 ], [ 1192.1, 1033.1 ], [ 1190.8, 1033.0 ], [ 1189.6, 1033.5 ], [ 1188.3, 1034.7 ], [ 1188.2, 1035.6 ], [ 1188.3, 1036.8 ], [ 1188.0, 1039.1 ], [ 1189.1, 1041.3 ], [ 1192.4, 1041.2 ], [ 1194.9, 1039.0 ], [ 1193.8, 1034.7 ] ] } },
{ "type": "Feature", "properties": { "scalerank": 5, "featurecla": "Coastline" }, "geometry": { "type": "LineString", "coordinates": [ [ 1196.1, 925.6 ], [ 1196.4, 924.5 ], [ 1197.1, 923.9 ], [ 1197.7, 922.9 ], [ 1198.1, 921.8 ], [ 1198.2, 920.5 ], [ 1200.0, 921.0 ], [ 1199.4, 916.5 ], [ 1197.9, 915.2 ], [ 1190.4, 912.8 ], [ 1188.3, 913.3 ], [ 1185.6, 914.4 ], [ 1183.2, 914.4 ], [ 1182.0, 911.5 ], [ 1181.0, 912.1 ], [ 1180.1, 912.2 ], [ 1179.5, 911.7 ], [ 1179.1, 910.7 ], [ 1177.2, 913.3 ], [ 1175.3, 914.4 ], [ 1173.2, 914.4 ], [ 1170.9, 913.8 ], [ 1170.7, 914.9 ], [ 1172.9, 915.6 ], [ 1176.8, 918.5 ], [ 1179.0, 919.5 ], [ 1186.1, 919.9 ], [ 1187.7, 921.0 ], [ 1188.3, 922.6 ], [ 1188.0, 924.0 ], [ 1187.2, 925.6 ], [ 1186.4, 927.8 ], [ 1186.4, 929.3 ], [ 1187.2, 929.8 ], [ 1188.5, 929.9 ], [ 1189.6, 930.4 ], [ 1191.0, 932.7 ], [ 1192.1, 935.3 ], [ 1193.5, 936.7 ], [ 1195.9, 935.5 ], [ 1196.1, 933.4 ], [ 1197.1, 930.8 ], [ 1198.3, 928.6 ], [ 1199.4, 927.6 ], [ 1199.7, 926.6 ], [ 1199.2, 925.7 ], [ 1198.4, 925.3 ], [ 1197.3, 925.3 ], [ 1196.1, 925.6 ] ] } },
{ "type": "Feature", "properties": { "scalerank": 6, "featurecla": "Coastline" }, "geometry": { "type": "LineString", "coordinates": [ [ 1061.7, 287.7 ], [ 1061.7, 287.6 ], [ 1061.7, 287.5 ], [ 1061.8, 287.5 ], [ 1062.0, 287.5 ], [ 1062.0, 287.6 ], [ 1062.0, 287.7 ], [ 1061.9, 287.7 ], [ 1061.7, 287.7 ] ] } },
{ "type": "Feature", "properties": { "scalerank": 5, "featurecla": "Coastline" }, "geometry": { "type": "LineString", "coordinates": [ [ 4069.7, 358.4 ], [ 4068.9, 357.5 ], [ 4067.0, 356.0 ], [ 4066.1, 354.8 ], [ 4065.8, 353.5 ], [ 4065.6, 352.0 ], [ 4065.4, 350.5 ], [ 4064.7, 349.1 ], [ 4063.4, 348.0 ], [ 4059.7, 346.6 ], [ 4052.1, 345.8 ], [ 4050.3, 346.1 ], [ 4048.8, 347.2 ], [ 4047.6, 349.6 ], [ 4047.5, 350.8 ], [ 4047.6, 354.1 ], [ 4047.5, 354.9 ], [ 4046.5, 355.8 ], [ 4043.9, 355.4 ], [ 4043.0, 356.4 ], [ 4043.4, 359.6 ], [ 4045.7, 361.2 ], [ 4050.0, 362.1 ], [ 4058.5, 367.5 ], [ 4059.4, 367.5 ], [ 4061.5, 365.6 ], [ 4062.5, 365.1 ], [ 4065.3, 364.8 ], [ 4066.8, 365.0 ], [ 4068.2, 365.7 ], [ 4069.5, 365.9 ], [ 4070.1, 364.8 ], [ 4070.5, 363.3 ], [ 4071.9, 361.8 ], [ 4071.4, 360.6 ], [ 4069.7, 358.4 ] ] } },
{ "type": "Feature", "properties": { "scalerank": 5, "featurecla": "Coastline" }, "geometry": { "type": "LineString", "coordinates": [ [ 3974.2, 326.1 ], [ 3976.8, 325.5 ], [ 3979.3, 325.7 ], [ 3981.7, 326.9 ], [ 3986.3, 330.7 ], [ 3987.4, 332.3 ], [ 3988.1, 334.4 ], [ 3988.7, 338.1 ], [ 3989.7, 340.5 ], [ 3991.5, 343.3 ], [ 3993.5, 345.9 ], [ 3994.9, 347.3 ], [ 3994.0, 349.5 ], [ 3993.4, 350.4 ], [ 3992.8, 351.0 ], [ 3996.5, 353.8 ], [ 4001.0, 354.2 ], [ 4005.3, 352.9 ], [ 4008.4, 350.4 ], [ 4009.9, 346.8 ], [ 4010.9, 337.4 ], [ 4011.9, 333.4 ], [ 4012.9, 331.9 ], [ 4014.6, 330.1 ], [ 4016.4, 328.8 ], [ 4017.7, 328.7 ], [ 4018.6, 330.2 ], [ 4017.6, 331.7 ], [ 4016.2, 333.2 ], [ 4015.6, 335.0 ], [ 4016.8, 336.5 ], [ 4019.1, 336.9 ], [ 4021.3, 336.4 ], [ 4022.6, 335.3 ], [ 4023.3, 334.3 ], [ 4023.9, 334.1 ], [ 4024.2, 333.7 ], [ 4024.0, 331.7 ], [ 4023.6, 330.4 ], [ 4023.1, 329.6 ], [ 4022.6, 329.3 ], [ 4021.8, 329.5 ], [ 4022.4, 327.4 ], [ 4023.6, 326.7 ], [ 4024.9, 326.4 ], [ 4026.1, 325.5 ], [ 4027.3, 326.2 ], [ 4027.6, 325.6 ], [ 4027.6, 324.6 ], [ 4028.1, 324.0 ], [ 4028.9, 324.0 ], [ 4029.8, 324.2 ], [ 4033.5, 325.9 ], [ 4034.6, 325.5 ], [ 4034.9, 323.8 ], [ 4034.2, 320.7 ], [ 4033.9, 320.6 ], [ 4033.3, 320.7 ], [ 4032.7, 320.5 ], [ 4032.3, 319.5 ], [ 4032.0, 317.8 ], [ 4031.7, 317.0 ], [ 4031.4, 316.4 ], [ 4030.6, 315.6 ], [ 4029.3, 314.6 ], [ 4028.6, 313.7 ], [ 4027.8, 313.0 ], [ 4025.9, 311.9 ], [ 4024.9, 310.6 ], [ 4024.5, 309.2 ], [ 4024.4, 306.8 ], [ 4023.9, 305.3 ], [ 4022.3, 303.5 ], [ 4013.9, 301.2 ], [ 4006.2, 303.2 ], [ 4004.7, 302.4 ], [ 4002.8, 300.6 ], [ 4001.6, 298.3 ], [ 4002.5, 293.6 ], [ 4000.9, 292.4 ], [ 3998.4, 292.0 ], [ 3996.3, 292.0 ], [ 3996.2, 292.0 ], [ 3992.8, 292.3 ], [ 3992.1, 292.8 ], [ 3991.6, 294.2 ], [ 3991.7, 295.5 ], [ 3991.9, 296.8 ], [ 3991.9, 298.2 ], [ 3991.3, 300.6 ], [ 3990.3, 302.1 ], [ 3989.1, 302.9 ], [ 3987.3, 303.3 ], [ 3986.2, 304.9 ], [ 3987.3, 310.3 ], [ 3986.4, 310.6 ], [ 3984.5, 309.9 ], [ 3983.6, 310.4 ], [ 3983.9, 311.5 ], [ 3985.6, 312.2 ], [ 3963.0, 319.4 ], [ 3957.0, 319.6 ], [ 3954.0, 320.6 ], [ 3953.6, 323.3 ], [ 3955.3, 324.6 ], [ 3966.8, 328.6 ], [ 3969.4, 328.4 ], [ 3974.2, 326.1 ] ] } },
{ "type": "Feature", "properties": { "scalerank": 6, "featurecla": "Coastline" }, "geometry": { "type": "LineString", "coordinates": [ [ 4054.7, 290.3 ], [ 4052.8, 289.1 ], [ 4051.1, 289.4 ], [ 4047.8, 291.1 ], [ 4042.0, 290.4 ], [ 4039.0, 290.7 ], [ 4037.3, 291.2 ], [ 4036.1, 292.0 ], [ 4035.3, 293.3 ], [ 4035.3, 295.1 ], [ 4035.9, 295.9 ], [ 4039.4, 301.9 ], [ 4040.7, 302.5 ], [ 4041.6, 302.4 ], [ 4044.3, 301.1 ], [ 4044.6, 300.4 ], [ 4044.6, 299.7 ], [ 4045.0, 299.3 ], [ 4046.7, 299.4 ], [ 4049.7, 300.5 ], [ 4051.3, 300.2 ], [ 4053.4, 298.0 ], [ 4054.2, 297.6 ], [ 4055.0, 297.7 ], [ 4056.1, 298.2 ], [ 4057.1, 298.3 ], [ 4057.8, 297.4 ], [ 4058.0, 294.9 ], [ 4057.3, 293.2 ], [ 4054.7, 290.3 ] ] } },
{ "type": "Feature", "properties": { "scalerank": 6, "featurecla": "Coastline" }, "geometry": { "type": "LineString", "coordinates": [ [ 3962.6, 173.6 ], [ 3961.8, 173.9 ], [ 3961.3, 174.3 ], [ 3959.5, 174.8 ], [ 3957.9, 176.1 ], [ 3957.5, 176.3 ], [ 3957.1, 176.4 ], [ 3956.6, 177.2 ], [ 3957.0, 178.5 ], [ 3958.0, 178.8 ], [ 3959.1, 178.3 ], [ 3963.3, 174.8 ], [ 3963.8, 174.0 ], [ 3963.5, 173.6 ], [ 3962.6, 173.6 ] ] } },
{ "type": "Feature", "properties": { "scalerank": 6, "featurecla": "Coastline" }, "geometry": { "type": "LineString", "coordinates": [ [ 3950.7, 148.1 ], [ 3949.1, 148.6 ], [ 3948.5, 147.1 ], [ 3948.1, 145.1 ], [ 3947.0, 144.4 ], [ 3946.0, 145.3 ], [ 3945.9, 147.3 ], [ 3946.4, 149.7 ], [ 3947.1, 152.0 ], [ 3947.9, 153.6 ], [ 3949.2, 156.0 ], [ 3950.5, 157.6 ], [ 3950.8, 157.3 ], [ 3951.0, 155.6 ], [ 3952.0, 154.7 ], [ 3953.3, 154.9 ], [ 3954.4, 156.2 ], [ 3954.9, 156.1 ], [ 3954.9, 153.7 ], [ 3954.5, 151.1 ], [ 3953.4, 145.5 ], [ 3951.6, 143.4 ], [ 3950.0, 143.1 ], [ 3949.6, 144.7 ], [ 3950.7, 148.1 ] ] } },
{ "type": "Feature", "properties": { "scalerank": 5, "featurecla": "Coastline" }, "geometry": { "type": "LineString", "coordinates": [ [ 3878.9, 147.4 ], [ 3881.6, 146.7 ], [ 3882.9, 147.0 ], [ 3883.9, 148.7 ], [ 3880.9, 149.0 ], [ 3879.4, 149.5 ], [ 3878.3, 150.7 ], [ 3879.3, 151.3 ], [ 3880.3, 152.2 ], [ 3881.2, 153.0 ], [ 3882.0, 152.8 ], [ 3882.6, 152.1 ], [ 3884.6, 151.0 ], [ 3885.4, 150.7 ], [ 3887.6, 151.1 ], [ 3888.6, 151.0 ], [ 3889.5, 150.0 ], [ 3889.9, 148.6 ], [ 3889.9, 147.4 ], [ 3889.2, 146.8 ], [ 3887.9, 146.9 ], [ 3889.5, 145.1 ], [ 3890.1, 144.0 ], [ 3890.4, 142.3 ], [ 3887.0, 140.8 ], [ 3883.6, 141.1 ], [ 3880.8, 143.3 ], [ 3878.9, 147.4 ] ] } },
{ "type": "Feature", "properties": { "scalerank": 3, "featurecla": "Coastline" }, "geometry": { "type": "LineString", "coordinates": [ [ 3986.8, 139.2 ], [ 3985.1, 140.3 ], [ 3984.7, 141.5 ], [ 3985.3, 142.0 ], [ 3986.3, 141.9 ], [ 3987.1, 142.3 ], [ 3987.2, 143.0 ], [ 3985.1, 143.7 ], [ 3985.2, 145.8 ], [ 3986.3, 148.2 ], [ 3987.4, 148.8 ], [ 3987.9, 148.0 ], [ 3988.0, 146.6 ], [ 3988.3, 144.4 ], [ 3988.7, 143.6 ], [ 3989.1, 143.4 ], [ 3989.3, 142.9 ], [ 3989.6, 141.6 ], [ 3989.5, 140.2 ], [ 3989.8, 139.0 ], [ 3989.1, 138.7 ], [ 3986.8, 139.2 ] ] } },
{ "type": "Feature", "properties": { "scalerank": 6, "featurecla": "Coastline" }, "geometry": { "type": "LineString", "coordinates": [ [ 3916.8, 141.9 ], [ 3915.6, 142.0 ], [ 3914.3, 141.1 ], [ 3913.5, 141.5 ], [ 3912.5, 142.4 ], [ 3912.2, 143.5 ], [ 3913.2, 144.7 ], [ 3913.6, 145.0 ], [ 3915.7, 145.0 ], [ 3917.0, 144.7 ], [ 3918.4, 143.9 ], [ 3918.5, 142.7 ], [ 3917.4, 142.0 ], [ 3916.8, 141.9 ] ] } },
{ "type": "Feature", "properties": { "scalerank": 6, "featurecla": "Coastline" }, "geometry": { "type": "LineString", "coordinates": [ [ 4067.9, 138.5 ], [ 4066.1, 138.4 ], [ 4064.5, 139.3 ], [ 4063.6, 141.1 ], [ 4063.4, 142.4 ], [ 4063.7, 142.7 ], [ 4064.1, 142.5 ], [ 4065.4, 143.3 ], [ 4066.5, 142.8 ], [ 4067.1, 142.5 ], [ 4067.1, 142.2 ], [ 4067.1, 141.7 ], [ 4068.1, 141.6 ], [ 4068.8, 140.6 ], [ 4068.5, 139.3 ], [ 4068.7, 139.0 ], [ 4067.9, 138.5 ] ] } },
{ "type": "Feature", "properties": { "scalerank": 6, "featurecla": "Coastline" }, "geometry": { "type": "LineString", "coordinates": [ [ 3633.1, 298.9 ], [ 3633.1, 300.0 ], [ 3633.8, 300.8 ], [ 3634.3, 302.0 ], [ 3634.9, 303.1 ], [ 3636.4, 304.2 ], [ 3638.5, 305.2 ], [ 3640.5, 305.3 ], [ 3642.2, 304.6 ], [ 3642.8, 302.9 ], [ 3641.6, 301.4 ], [ 3641.1, 300.9 ], [ 3642.6, 300.8 ], [ 3643.4, 300.9 ], [ 3644.6, 300.4 ], [ 3643.6, 299.6 ], [ 3634.2, 298.1 ], [ 3633.1, 298.9 ] ] } },
{ "type": "Feature", "properties": { "scalerank": 6, "featurecla": "Coastline" }, "geometry": { "type": "LineString", "coordinates": [ [ 3678.7, 300.4 ], [ 3679.3, 301.8 ], [ 3679.6, 303.1 ], [ 3679.9, 304.0 ], [ 3679.8, 304.5 ], [ 3679.3, 304.9 ], [ 3679.2, 306.1 ], [ 3679.6, 306.7 ], [ 3680.0, 306.5 ], [ 3683.2, 304.3 ], [ 3684.2, 302.9 ], [ 3684.4, 301.0 ], [ 3683.9, 299.1 ], [ 3683.6, 298.2 ], [ 3683.3, 298.1 ], [ 3682.8, 297.8 ], [ 3681.2, 296.0 ], [ 3680.4, 295.4 ], [ 3679.8, 295.1 ], [ 3679.2, 295.2 ], [ 3679.0, 295.6 ], [ 3675.8, 295.9 ], [ 3675.1, 296.6 ], [ 3676.1, 297.7 ], [ 3676.6, 298.4 ], [ 3677.6, 299.5 ], [ 3678.7, 300.4 ] ] } },
{ "type": "Feature", "properties": { "scalerank": 6, "featurecla": "Coastline" }, "geometry": { "type": "LineString", "coordinates": [ [ 3691.4, 289.1 ], [ 3691.0, 290.2 ], [ 3691.2, 291.2 ], [ 3691.9, 291.7 ], [ 3692.6, 291.0 ], [ 3692.8, 290.4 ], [ 3692.3, 289.5 ], [ 3691.4, 289.1 ] ] } },
{ "type": "Feature", "properties": { "scalerank": 6, "featurecla": "Coastline" }, "geometry": { "type": "LineString", "coordinates": [ [ 3698.5, 289.6 ], [ 3697.9, 288.9 ], [ 3696.6, 288.0 ], [ 3695.6, 288.0 ], [ 3695.0, 289.0 ], [ 3695.2, 290.0 ], [ 3695.6, 290.4 ], [ 3696.0, 290.8 ], [ 3697.1, 292.0 ], [ 3698.6, 292.8 ], [ 3699.3, 291.9 ], [ 3699.0, 290.4 ], [ 3698.5, 289.6 ] ] } },
{ "type": "Feature", "properties": { "scalerank": 6, "featurecla": "Coastline" }, "geometry": { "type": "LineString", "coordinates": [ [ 3696.4, 283.6 ], [ 3696.1, 282.5 ], [ 3695.4, 281.8 ], [ 3695.0, 281.7 ], [ 3694.0, 282.1 ], [ 3692.2, 283.2 ], [ 3691.5, 285.7 ], [ 3692.7, 288.0 ], [ 3694.5, 288.0 ], [ 3695.4, 286.2 ], [ 3696.4, 283.6 ] ] } },
{ "type": "Feature", "properties": { "scalerank": 5, "featurecla": "Coastline" }, "geometry": { "type": "LineString", "coordinates": [ [ 3673.9, 275.1 ], [ 3675.5, 272.6 ], [ 3679.6, 269.9 ], [ 3679.6, 269.1 ], [ 3676.2, 270.6 ], [ 3675.9, 270.7 ], [ 3675.5, 270.5 ], [ 3675.4, 269.7 ], [ 3674.5, 268.9 ], [ 3672.8, 268.4 ], [ 3671.1, 268.7 ], [ 3669.4, 269.5 ], [ 3668.2, 270.8 ], [ 3667.4, 272.2 ], [ 3666.1, 274.3 ], [ 3665.5, 275.6 ], [ 3665.2, 276.8 ], [ 3665.5, 277.3 ], [ 3666.1, 277.2 ], [ 3666.5, 277.3 ], [ 3666.8, 277.7 ], [ 3667.3, 277.7 ], [ 3667.8, 277.4 ], [ 3667.9, 277.6 ], [ 3667.5, 277.9 ], [ 3667.0, 278.1 ], [ 3666.6, 278.3 ], [ 3666.4, 279.0 ], [ 3666.6, 279.7 ], [ 3666.6, 279.8 ], [ 3665.7, 278.2 ], [ 3664.8, 277.9 ], [ 3663.8, 278.1 ], [ 3663.0, 278.9 ], [ 3662.9, 280.1 ], [ 3663.3, 280.8 ], [ 3663.6, 281.4 ], [ 3663.9, 282.9 ], [ 3664.7, 284.3 ], [ 3665.6, 285.5 ], [ 3666.2, 286.8 ], [ 3666.7, 288.1 ], [ 3667.2, 289.0 ], [ 3667.7, 289.0 ], [ 3668.0, 288.0 ], [ 3668.8, 287.4 ], [ 3669.4, 287.5 ], [ 3668.6, 282.4 ], [ 3669.1, 283.6 ], [ 3669.8, 284.0 ], [ 3670.6, 283.4 ], [ 3670.6, 281.7 ], [ 3669.4, 278.7 ], [ 3669.8, 278.8 ], [ 3670.1, 278.4 ], [ 3670.0, 277.7 ], [ 3670.4, 277.5 ], [ 3671.6, 278.2 ], [ 3672.4, 277.9 ], [ 3672.5, 276.4 ], [ 3673.1, 275.5 ], [ 3673.9, 275.1 ] ] } },
{ "type": "Feature", "properties": { "scalerank": 6, "featurecla": "Coastline" }, "geometry": { "type": "LineString", "coordinates": [ [ 3687.4, 258.7 ], [ 3687.7, 258.3 ], [ 3690.7, 253.2 ], [ 3691.9, 250.7 ], [ 3691.7, 249.4 ], [ 3687.6, 253.8 ], [ 3685.0, 257.7 ], [ 3684.4, 258.9 ], [ 3683.1, 261.1 ], [ 3681.6, 262.6 ], [ 3680.3, 263.5 ], [ 3680.4, 264.0 ], [ 3681.5, 264.0 ], [ 3682.4, 263.5 ], [ 3684.3, 262.1 ], [ 3684.8, 261.8 ], [ 3685.4, 261.6 ], [ 3685.7, 261.3 ], [ 3685.6, 260.8 ], [ 3685.8, 260.4 ], [ 3687.4, 258.7 ] ] } },
{ "type": "Feature", "properties": { "scalerank": 6, "featurecla": "Coastline" }, "geometry": { "type": "LineString", "coordinates": [ [ 3696.4, 252.4 ], [ 3695.1, 250.4 ], [ 3694.0, 249.7 ], [ 3693.0, 250.5 ], [ 3688.4, 257.8 ], [ 3687.9, 259.4 ], [ 3688.5, 261.2 ], [ 3690.3, 261.8 ], [ 3691.1, 261.3 ], [ 3691.8, 260.9 ], [ 3692.2, 259.5 ], [ 3692.7, 254.7 ], [ 3693.5, 255.1 ], [ 3694.9, 255.1 ], [ 3695.9, 254.7 ], [ 3696.4, 254.1 ], [ 3696.8, 253.9 ], [ 3697.1, 253.8 ], [ 3697.2, 253.2 ], [ 3696.7, 252.5 ], [ 3696.4, 252.4 ] ] } },
{ "type": "Feature", "properties": { "scalerank": 6, "featurecla": "Coastline" }, "geometry": { "type": "LineString", "coordinates": [ [ 3694.2, 225.3 ], [ 3694.1, 225.5 ], [ 3693.9, 225.6 ], [ 3693.8, 224.7 ], [ 3693.9, 222.7 ], [ 3693.5, 220.7 ], [ 3692.7, 219.1 ], [ 3691.8, 218.1 ], [ 3691.0, 217.5 ], [ 3690.2, 217.3 ], [ 3689.7, 217.8 ], [ 3689.2, 219.9 ], [ 3686.6, 226.2 ], [ 3686.0, 228.8 ], [ 3686.6, 230.0 ], [ 3688.5, 229.4 ], [ 3689.2, 229.5 ], [ 3689.6, 228.9 ], [ 3689.8, 228.5 ], [ 3690.5, 228.8 ], [ 3691.6, 229.1 ], [ 3692.8, 229.0 ], [ 3694.0, 228.4 ], [ 3694.6, 227.6 ], [ 3694.8, 226.7 ], [ 3694.8, 225.8 ], [ 3694.4, 225.3 ], [ 3694.2, 225.3 ] ] } },
{ "type": "Feature", "properties": { "scalerank": 6, "featurecla": "Coastline" }, "geometry": { "type": "LineString", "coordinates": [ [ 3836.9, 188.8 ], [ 3838.0, 189.4 ], [ 3840.0, 189.8 ], [ 3840.5, 189.0 ], [ 3839.7, 187.3 ], [ 3838.9, 185.4 ], [ 3838.0, 184.5 ], [ 3837.0, 184.7 ], [ 3836.0, 185.4 ], [ 3835.6, 186.8 ], [ 3836.3, 188.3 ], [ 3836.9, 188.8 ] ] } },
{ "type": "Feature", "properties": { "scalerank": 6, "featurecla": "Coastline" }, "geometry": { "type": "LineString", "coordinates": [ [ 2631.4, 350.9 ], [ 2630.8, 349.1 ], [ 2629.8, 347.8 ], [ 2629.3, 347.4 ], [ 2628.8, 346.8 ], [ 2627.9, 346.0 ], [ 2627.1, 345.8 ], [ 2626.3, 346.0 ], [ 2625.6, 346.9 ], [ 2625.0, 348.0 ], [ 2624.6, 349.2 ], [ 2624.6, 351.0 ], [ 2625.1, 352.9 ], [ 2626.0, 354.1 ], [ 2627.9, 355.8 ], [ 2628.3, 356.3 ], [ 2628.6, 356.9 ], [ 2628.7, 357.5 ], [ 2628.5, 357.8 ], [ 2628.7, 358.4 ], [ 2629.4, 358.8 ], [ 2630.1, 358.1 ], [ 2631.4, 355.2 ], [ 2631.8, 353.1 ], [ 2631.7, 351.9 ], [ 2631.4, 350.9 ] ] } },
{ "type": "Feature", "properties": { "scalerank": 6, "featurecla": "Coastline" }, "geometry": { "type": "LineString", "coordinates": [ [ 2676.2, 341.0 ], [ 2673.9, 341.0 ], [ 2671.1, 342.0 ], [ 2669.4, 344.2 ], [ 2668.9, 348.1 ], [ 2671.0, 350.6 ], [ 2674.7, 350.4 ], [ 2678.9, 349.1 ], [ 2681.9, 346.0 ], [ 2682.7, 343.7 ], [ 2680.6, 342.3 ], [ 2676.2, 341.0 ] ] } },
{ "type": "Feature", "properties": { "scalerank": 5, "featurecla": "Coastline" }, "geometry": { "type": "LineString", "coordinates": [ [ 2617.7, 336.3 ], [ 2618.0, 334.6 ], [ 2618.4, 333.8 ], [ 2618.7, 333.1 ], [ 2618.3, 331.5 ], [ 2617.7, 330.6 ], [ 2617.0, 329.8 ], [ 2616.4, 328.6 ], [ 2615.9, 325.3 ], [ 2613.6, 317.9 ], [ 2611.8, 318.0 ], [ 2611.1, 320.1 ], [ 2611.6, 322.7 ], [ 2613.1, 324.2 ], [ 2612.2, 326.2 ], [ 2611.1, 327.1 ], [ 2610.1, 328.0 ], [ 2609.9, 330.4 ], [ 2610.5, 332.6 ], [ 2613.7, 338.1 ], [ 2609.8, 336.8 ], [ 2608.6, 339.7 ], [ 2609.1, 340.4 ], [ 2608.9, 342.0 ], [ 2608.8, 344.7 ], [ 2607.9, 348.2 ], [ 2607.8, 351.7 ], [ 2608.5, 355.6 ], [ 2609.1, 357.7 ], [ 2610.6, 360.0 ], [ 2612.7, 360.5 ], [ 2615.0, 359.0 ], [ 2617.9, 356.5 ], [ 2618.7, 350.9 ], [ 2620.1, 347.4 ], [ 2620.5, 343.1 ], [ 2620.4, 340.4 ], [ 2619.0, 338.9 ], [ 2617.8, 337.3 ], [ 2617.7, 336.3 ] ] } },
{ "type": "Feature", "properties": { "scalerank": 5, "featurecla": "Coastline" }, "geometry": { "type": "LineString", "coordinates": [ [ 2625.0, 265.6 ], [ 2624.0, 264.6 ], [ 2623.1, 262.4 ], [ 2621.8, 258.5 ], [ 2621.1, 258.0 ], [ 2620.1, 258.0 ], [ 2619.3, 257.6 ], [ 2619.1, 256.2 ], [ 2619.0, 254.6 ], [ 2618.5, 254.1 ], [ 2617.8, 253.9 ], [ 2617.0, 253.4 ], [ 2615.2, 250.7 ], [ 2614.6, 249.2 ], [ 2614.3, 246.9 ], [ 2612.3, 246.7 ], [ 2611.4, 246.9 ], [ 2610.4, 247.6 ], [ 2612.8, 252.0 ], [ 2613.2, 254.1 ], [ 2612.5, 253.5 ], [ 2611.9, 253.4 ], [ 2611.3, 253.9 ], [ 2611.0, 255.1 ], [ 2610.6, 254.8 ], [ 2609.8, 254.2 ], [ 2609.5, 253.8 ], [ 2609.2, 256.6 ], [ 2608.3, 257.9 ], [ 2607.4, 258.8 ], [ 2606.8, 260.6 ], [ 2607.1, 263.2 ], [ 2608.1, 263.9 ], [ 2609.3, 263.1 ], [ 2610.5, 261.4 ], [ 2610.8, 264.1 ], [ 2612.3, 264.9 ], [ 2615.7, 264.9 ], [ 2612.9, 268.4 ], [ 2610.8, 271.8 ], [ 2609.3, 275.8 ], [ 2608.6, 280.9 ], [ 2608.7, 283.5 ], [ 2609.2, 285.8 ], [ 2610.0, 287.7 ], [ 2610.7, 289.1 ], [ 2611.1, 290.0 ], [ 2611.1, 290.5 ], [ 2611.3, 290.5 ], [ 2613.1, 289.7 ], [ 2613.8, 289.1 ], [ 2614.5, 288.3 ], [ 2615.2, 287.2 ], [ 2614.7, 286.1 ], [ 2615.4, 284.4 ], [ 2615.2, 283.2 ], [ 2614.7, 282.1 ], [ 2614.6, 280.8 ], [ 2614.9, 279.6 ], [ 2616.5, 276.7 ], [ 2615.2, 277.7 ], [ 2613.6, 279.8 ], [ 2612.4, 280.7 ], [ 2612.1, 278.5 ], [ 2612.7, 276.5 ], [ 2615.1, 273.6 ], [ 2615.7, 271.9 ], [ 2615.7, 270.4 ], [ 2615.6, 269.4 ], [ 2615.6, 268.4 ], [ 2616.0, 267.1 ], [ 2616.6, 266.4 ], [ 2617.4, 265.9 ], [ 2618.2, 265.6 ], [ 2618.6, 265.7 ], [ 2619.7, 267.7 ], [ 2621.1, 269.1 ], [ 2622.1, 269.0 ], [ 2622.0, 266.4 ], [ 2623.5, 266.8 ], [ 2624.1, 269.0 ], [ 2624.2, 271.7 ], [ 2624.7, 274.1 ], [ 2622.3, 275.8 ], [ 2621.4, 276.0 ], [ 2621.3, 277.1 ], [ 2622.9, 277.1 ], [ 2624.5, 276.1 ], [ 2627.5, 273.2 ], [ 2626.7, 271.4 ], [ 2625.8, 266.6 ], [ 2625.0, 265.6 ] ] } },
{ "type": "Feature", "properties": { "scalerank": 5, "featurecla": "Coastline" }, "geometry": { "type": "LineString", "coordinates": [ [ 2640.3, 250.7 ], [ 2638.9, 247.3 ], [ 2637.5, 242.7 ], [ 2635.8, 238.4 ], [ 2633.5, 235.3 ], [ 2630.2, 234.1 ], [ 2629.7, 232.8 ], [ 2628.8, 232.1 ], [ 2627.9, 231.7 ], [ 2627.1, 231.8 ], [ 2626.4, 232.3 ], [ 2625.4, 233.4 ], [ 2624.7, 234.4 ], [ 2625.1, 234.9 ], [ 2626.3, 235.8 ], [ 2625.4, 237.8 ], [ 2622.2, 242.0 ], [ 2622.8, 243.0 ], [ 2623.0, 244.3 ], [ 2622.8, 245.8 ], [ 2622.3, 247.4 ], [ 2623.5, 249.5 ], [ 2624.2, 251.6 ], [ 2625.4, 257.1 ], [ 2625.7, 260.0 ], [ 2625.9, 260.8 ], [ 2626.6, 261.9 ], [ 2627.5, 262.6 ], [ 2628.8, 262.9 ], [ 2629.9, 262.5 ], [ 2630.5, 261.1 ], [ 2630.9, 260.6 ], [ 2631.9, 260.8 ], [ 2632.7, 261.6 ], [ 2633.0, 262.9 ], [ 2632.4, 264.1 ], [ 2631.3, 263.9 ], [ 2630.1, 263.4 ], [ 2629.2, 263.7 ], [ 2629.5, 265.0 ], [ 2631.5, 266.0 ], [ 2634.0, 266.1 ], [ 2639.0, 261.9 ], [ 2640.4, 259.6 ], [ 2640.2, 256.5 ], [ 2640.4, 252.1 ], [ 2640.3, 250.7 ] ] } },
{ "type": "Feature", "properties": { "scalerank": 5, "featurecla": "Coastline" }, "geometry": { "type": "LineString", "coordinates": [ [ 2652.6, 218.5 ], [ 2651.9, 218.5 ], [ 2651.7, 218.8 ], [ 2651.5, 219.2 ], [ 2651.2, 220.0 ], [ 2650.5, 220.5 ], [ 2650.1, 220.2 ], [ 2649.7, 219.7 ], [ 2649.3, 219.4 ], [ 2644.2, 220.1 ], [ 2643.9, 220.3 ], [ 2642.9, 221.2 ], [ 2642.5, 221.6 ], [ 2641.8, 222.1 ], [ 2641.2, 221.7 ], [ 2640.7, 221.1 ], [ 2640.2, 221.0 ], [ 2639.4, 221.7 ], [ 2638.7, 222.7 ], [ 2638.3, 224.0 ], [ 2638.5, 225.6 ], [ 2639.1, 227.6 ], [ 2638.7, 228.3 ], [ 2632.9, 228.3 ], [ 2631.8, 229.3 ], [ 2632.4, 232.1 ], [ 2633.6, 234.0 ], [ 2635.2, 235.4 ], [ 2636.9, 236.3 ], [ 2638.5, 236.6 ], [ 2638.8, 236.1 ], [ 2639.6, 235.2 ], [ 2640.4, 234.9 ], [ 2640.7, 236.3 ], [ 2640.9, 242.3 ], [ 2642.2, 244.9 ], [ 2643.8, 244.6 ], [ 2647.4, 241.5 ], [ 2648.9, 241.7 ], [ 2651.2, 243.6 ], [ 2652.6, 243.0 ], [ 2651.5, 239.4 ], [ 2650.3, 237.5 ], [ 2650.4, 235.6 ], [ 2654.5, 229.9 ], [ 2655.2, 227.5 ], [ 2655.7, 219.8 ], [ 2655.5, 217.9 ], [ 2654.8, 217.7 ], [ 2652.6, 218.5 ] ] } },
{ "type": "Feature", "properties": { "scalerank": 6, "featurecla": "Coastline" }, "geometry": { "type": "LineString", "coordinates": [ [ 2627.1, 216.8 ], [ 2626.3, 215.7 ], [ 2625.9, 215.2 ], [ 2625.3, 215.4 ], [ 2625.0, 216.5 ], [ 2624.7, 216.4 ], [ 2624.3, 214.9 ], [ 2624.1, 214.2 ], [ 2624.5, 214.2 ], [ 2624.1, 212.8 ], [ 2622.9, 210.6 ], [ 2622.3, 209.8 ], [ 2622.0, 209.6 ], [ 2621.0, 209.7 ], [ 2620.9, 211.3 ], [ 2621.5, 214.2 ], [ 2621.7, 214.3 ], [ 2621.9, 214.7 ], [ 2622.0, 215.7 ], [ 2622.3, 217.5 ], [ 2623.1, 219.5 ], [ 2623.5, 220.1 ], [ 2623.1, 220.1 ], [ 2623.0, 220.4 ], [ 2623.1, 220.8 ], [ 2622.9, 221.2 ], [ 2622.2, 221.7 ], [ 2621.6, 221.4 ], [ 2621.4, 220.0 ], [ 2621.3, 218.4 ], [ 2621.0, 216.8 ], [ 2620.7, 215.5 ], [ 2620.8, 214.4 ], [ 2620.6, 214.2 ], [ 2620.0, 215.1 ], [ 2618.5, 217.2 ], [ 2617.8, 219.3 ], [ 2617.7, 220.0 ], [ 2617.8, 220.5 ], [ 2619.5, 222.5 ], [ 2619.7, 223.3 ], [ 2619.5, 224.1 ], [ 2619.8, 225.3 ], [ 2620.8, 226.6 ], [ 2621.8, 227.0 ], [ 2622.5, 227.0 ], [ 2622.9, 227.4 ], [ 2622.9, 228.3 ], [ 2623.4, 229.1 ], [ 2624.6, 228.9 ], [ 2625.4, 227.6 ], [ 2625.6, 226.3 ], [ 2627.1, 224.0 ], [ 2627.4, 222.5 ], [ 2627.5, 221.1 ], [ 2627.6, 220.5 ], [ 2627.6, 219.1 ], [ 2627.1, 216.8 ] ] } },
{ "type": "Feature", "properties": { "scalerank": 5, "featurecla": "Coastline" }, "geometry": { "type": "LineString", "coordinates": [ [ 2614.7, 196.4 ], [ 2614.8, 194.1 ], [ 2614.8, 191.9 ], [ 2614.6, 190.0 ], [ 2614.3, 188.5 ], [ 2613.4, 186.8 ], [ 2611.5, 184.6 ], [ 2610.9, 182.8 ], [ 2613.4, 183.1 ], [ 2614.7, 181.3 ], [ 2614.7, 177.8 ], [ 2613.2, 173.5 ], [ 2608.6, 165.0 ], [ 2607.4, 159.3 ], [ 2607.1, 158.5 ], [ 2606.5, 158.1 ], [ 2604.9, 158.7 ], [ 2604.5, 160.1 ], [ 2605.0, 163.9 ], [ 2605.3, 165.2 ], [ 2605.9, 166.1 ], [ 2606.1, 167.3 ], [ 2605.0, 169.7 ], [ 2605.2, 171.1 ], [ 2605.4, 175.2 ], [ 2605.9, 176.2 ], [ 2607.0, 177.0 ], [ 2607.9, 178.4 ], [ 2608.9, 179.4 ], [ 2610.2, 178.6 ], [ 2608.8, 182.7 ], [ 2607.8, 181.2 ], [ 2606.6, 180.9 ], [ 2602.6, 181.5 ], [ 2602.1, 182.3 ], [ 2602.2, 184.0 ], [ 2602.8, 186.5 ], [ 2603.9, 189.0 ], [ 2605.8, 191.9 ], [ 2607.7, 192.8 ], [ 2608.4, 189.0 ], [ 2609.3, 190.2 ], [ 2610.0, 192.3 ], [ 2610.4, 194.9 ], [ 2610.4, 197.2 ], [ 2611.0, 197.6 ], [ 2612.5, 198.0 ], [ 2613.9, 197.8 ], [ 2614.7, 196.4 ] ] } },
{ "type": "Feature", "properties": { "scalerank": 6, "featurecla": "Coastline" }, "geometry": { "type": "LineString", "coordinates": [ [ 2608.1, 145.7 ], [ 2608.9, 148.6 ], [ 2610.0, 149.9 ], [ 2611.0, 149.6 ], [ 2612.0, 149.1 ], [ 2613.0, 148.9 ], [ 2613.7, 149.6 ], [ 2613.9, 151.2 ], [ 2613.9, 152.6 ], [ 2614.1, 153.5 ], [ 2615.3, 153.4 ], [ 2615.2, 154.5 ], [ 2614.8, 154.6 ], [ 2614.6, 154.7 ], [ 2614.1, 155.4 ], [ 2615.1, 156.9 ], [ 2619.1, 159.0 ], [ 2617.9, 160.2 ], [ 2617.6, 161.3 ], [ 2617.6, 163.6 ], [ 2618.0, 165.3 ], [ 2619.1, 165.5 ], [ 2623.4, 163.2 ], [ 2624.4, 161.2 ], [ 2624.6, 158.5 ], [ 2624.1, 155.1 ], [ 2621.0, 150.2 ], [ 2611.8, 146.2 ], [ 2608.8, 141.3 ], [ 2608.3, 141.2 ], [ 2607.9, 141.1 ], [ 2607.2, 140.2 ], [ 2608.1, 145.7 ] ] } },
{ "type": "Feature", "properties": { "scalerank": 6, "featurecla": "Coastline" }, "geometry": { "type": "LineString", "coordinates": [ [ 2663.9, 125.8 ], [ 2662.3, 123.9 ], [ 2660.1, 123.1 ], [ 2658.0, 123.6 ], [ 2656.6, 125.4 ], [ 2656.2, 127.1 ], [ 2655.9, 130.6 ], [ 2655.4, 132.2 ], [ 2654.4, 133.2 ], [ 2652.3, 134.3 ], [ 2650.6, 135.9 ], [ 2646.9, 137.6 ], [ 2643.6, 139.9 ], [ 2642.7, 140.9 ], [ 2641.9, 142.2 ], [ 2641.4, 142.8 ], [ 2639.6, 143.4 ], [ 2636.0, 143.4 ], [ 2634.8, 144.1 ], [ 2639.7, 149.8 ], [ 2642.6, 155.5 ], [ 2643.2, 156.4 ], [ 2644.3, 157.2 ], [ 2646.1, 160.7 ], [ 2647.3, 161.9 ], [ 2649.3, 162.3 ], [ 2655.5, 161.4 ], [ 2655.8, 160.7 ], [ 2656.3, 159.3 ], [ 2657.0, 157.9 ], [ 2657.9, 157.3 ], [ 2659.9, 157.6 ], [ 2661.0, 157.2 ], [ 2661.5, 155.9 ], [ 2661.4, 148.5 ], [ 2661.5, 145.8 ], [ 2662.9, 138.3 ], [ 2663.2, 135.8 ], [ 2663.9, 125.8 ] ] } },
{ "type": "Feature", "properties": { "scalerank": 6, "featurecla": "Coastline" }, "geometry": { "type": "LineString", "coordinates": [ [ 3789.7, 186.1 ], [ 3790.8, 182.4 ], [ 3793.2, 178.8 ], [ 3795.0, 178.9 ], [ 3798.0, 179.8 ], [ 3801.0, 180.0 ], [ 3802.0, 181.4 ], [ 3798.6, 184.1 ], [ 3796.2, 184.3 ], [ 3794.1, 184.9 ], [ 3793.1, 185.5 ], [ 3793.2, 187.8 ], [ 3792.2, 189.3 ], [ 3790.3, 188.9 ], [ 3789.7, 186.1 ] ] } },
{ "type": "Feature", "properties": { "scalerank": 6, "featurecla": "Coastline" }, "geometry": { "type": "LineString", "coordinates": [ [ 3844.5, 183.1 ], [ 3845.5, 182.6 ], [ 3845.3, 181.9 ], [ 3844.8, 181.6 ], [ 3843.9, 181.7 ], [ 3840.4, 181.4 ], [ 3839.4, 182.3 ], [ 3839.1, 182.9 ], [ 3839.0, 183.1 ], [ 3839.5, 183.8 ], [ 3840.8, 184.8 ], [ 3845.0, 186.4 ], [ 3845.5, 185.5 ], [ 3844.8, 184.1 ], [ 3843.5, 183.4 ], [ 3843.4, 183.1 ], [ 3844.5, 183.1 ] ] } },
{ "type": "Feature", "properties": { "scalerank": 6, "featurecla": "Coastline" }, "geometry": { "type": "LineString", "coordinates": [ [ 3768.7, 175.5 ], [ 3771.1, 173.8 ], [ 3773.1, 170.0 ], [ 3775.5, 170.9 ], [ 3778.1, 170.4 ], [ 3780.9, 173.5 ], [ 3783.1, 177.8 ], [ 3784.3, 180.9 ], [ 3784.7, 182.3 ], [ 3784.0, 184.7 ], [ 3782.5, 187.2 ], [ 3781.7, 188.1 ], [ 3781.9, 184.7 ], [ 3780.8, 183.9 ], [ 3779.4, 185.1 ], [ 3777.3, 186.0 ], [ 3775.7, 185.0 ], [ 3776.4, 183.5 ], [ 3776.5, 181.8 ], [ 3774.9, 180.2 ], [ 3772.9, 180.5 ], [ 3771.1, 179.0 ], [ 3768.5, 178.9 ], [ 3768.7, 175.5 ] ] } },
{ "type": "Feature", "properties": { "scalerank": 5, "featurecla": "Coastline" }, "geometry": { "type": "LineString", "coordinates": [ [ 3813.3, 171.9 ], [ 3813.2, 171.5 ], [ 3812.8, 170.9 ], [ 3812.3, 170.8 ], [ 3811.7, 171.2 ], [ 3811.5, 171.1 ], [ 3811.3, 170.5 ], [ 3810.9, 170.0 ], [ 3810.4, 170.1 ], [ 3809.8, 170.5 ], [ 3809.1, 170.6 ], [ 3808.1, 170.9 ], [ 3807.2, 172.3 ], [ 3805.8, 176.3 ], [ 3805.7, 178.1 ], [ 3806.7, 178.9 ], [ 3807.9, 179.0 ], [ 3808.8, 178.1 ], [ 3809.1, 177.0 ], [ 3809.4, 176.6 ], [ 3811.8, 178.1 ], [ 3812.5, 177.8 ], [ 3813.0, 176.5 ], [ 3813.6, 175.3 ], [ 3813.7, 174.2 ], [ 3813.4, 173.3 ], [ 3812.8, 172.9 ], [ 3813.0, 172.8 ], [ 3813.8, 172.4 ], [ 3814.0, 172.2 ], [ 3813.6, 172.1 ], [ 3813.3, 171.9 ] ] } },
{ "type": "Feature", "properties": { "scalerank": 5, "featurecla": "Coastline" }, "geometry": { "type": "LineString", "coordinates": [ [ 3798.8, 172.5 ], [ 3797.6, 174.9 ], [ 3796.9, 177.0 ], [ 3798.0, 177.9 ], [ 3800.2, 177.0 ], [ 3801.3, 174.5 ], [ 3801.5, 170.2 ], [ 3800.5, 170.7 ], [ 3798.8, 172.5 ] ] } },
{ "type": "Feature", "properties": { "scalerank": 5, "featurecla": "Coastline" }, "geometry": { "type": "LineString", "coordinates": [ [ 3806.5, 172.4 ], [ 3806.6, 171.0 ], [ 3807.2, 169.8 ], [ 3807.5, 168.7 ], [ 3806.8, 168.4 ], [ 3805.7, 169.1 ], [ 3805.6, 169.6 ], [ 3806.4, 169.7 ], [ 3806.1, 169.9 ], [ 3803.6, 170.6 ], [ 3802.3, 171.6 ], [ 3802.8, 174.0 ], [ 3805.1, 174.5 ], [ 3806.4, 173.2 ], [ 3806.5, 172.4 ] ] } },
{ "type": "Feature", "properties": { "scalerank": 6, "featurecla": "Coastline" }, "geometry": { "type": "LineString", "coordinates": [ [ 3665.3, 168.5 ], [ 3665.0, 169.0 ], [ 3664.8, 170.0 ], [ 3664.8, 170.8 ], [ 3665.1, 172.2 ], [ 3665.8, 174.0 ], [ 3666.2, 174.9 ], [ 3667.2, 175.1 ], [ 3669.1, 175.3 ], [ 3670.7, 174.6 ], [ 3672.4, 173.3 ], [ 3672.2, 172.1 ], [ 3671.6, 170.9 ], [ 3671.2, 170.7 ], [ 3670.8, 171.0 ], [ 3670.4, 171.3 ], [ 3670.4, 171.1 ], [ 3670.6, 170.8 ], [ 3670.5, 169.8 ], [ 3670.0, 169.0 ], [ 3669.2, 168.8 ], [ 3668.6, 168.2 ], [ 3668.1, 167.2 ], [ 3667.3, 166.3 ], [ 3666.1, 165.7 ], [ 3664.5, 165.5 ], [ 3664.1, 166.3 ], [ 3665.6, 167.9 ], [ 3665.7, 168.5 ], [ 3665.3, 168.5 ] ] } },
{ "type": "Feature", "properties": { "scalerank": 6, "featurecla": "Coastline" }, "geometry": { "type": "LineString", "coordinates": [ [ 3785.5, 160.8 ], [ 3783.8, 160.6 ], [ 3783.8, 161.6 ], [ 3785.1, 164.6 ], [ 3784.9, 166.3 ], [ 3783.6, 164.6 ], [ 3781.1, 160.3 ], [ 3780.9, 162.5 ], [ 3780.5, 165.0 ], [ 3780.4, 167.5 ], [ 3781.0, 170.0 ], [ 3781.7, 170.6 ], [ 3784.5, 171.6 ], [ 3785.3, 172.4 ], [ 3786.0, 173.2 ], [ 3786.6, 173.4 ], [ 3787.3, 172.4 ], [ 3786.2, 169.5 ], [ 3787.0, 166.6 ], [ 3787.6, 163.7 ], [ 3785.5, 160.8 ] ] } },
{ "type": "Feature", "properties": { "scalerank": 5, "featurecla": "Coastline" }, "geometry": { "type": "LineString", "coordinates": [ [ 3734.9, 155.7 ], [ 3734.6, 154.0 ], [ 3734.1, 152.8 ], [ 3733.5, 151.8 ], [ 3731.8, 150.5 ], [ 3730.6, 150.1 ], [ 3729.4, 150.2 ], [ 3728.7, 151.2 ], [ 3728.3, 152.2 ], [ 3727.1, 154.2 ], [ 3726.9, 155.0 ], [ 3726.9, 156.6 ], [ 3727.3, 158.2 ], [ 3727.5, 159.8 ], [ 3727.2, 161.0 ], [ 3726.3, 162.0 ], [ 3726.1, 162.7 ], [ 3726.2, 163.4 ], [ 3726.6, 164.7 ], [ 3727.9, 167.9 ], [ 3729.6, 169.9 ], [ 3731.2, 170.4 ], [ 3732.6, 169.4 ], [ 3733.5, 167.1 ], [ 3733.4, 164.8 ], [ 3732.8, 162.4 ], [ 3731.8, 159.9 ], [ 3733.4, 161.1 ], [ 3735.6, 164.2 ], [ 3736.9, 165.6 ], [ 3737.5, 165.2 ], [ 3738.2, 165.3 ], [ 3738.7, 165.0 ], [ 3738.8, 163.7 ], [ 3738.3, 160.9 ], [ 3738.0, 160.0 ], [ 3737.6, 159.1 ], [ 3736.9, 158.2 ], [ 3735.4, 156.8 ], [ 3734.9, 155.7 ] ] } },
{ "type": "Feature", "properties": { "scalerank": 6, "featurecla": "Coastline" }, "geometry": { "type": "LineString", "coordinates": [ [ 3816.9, 158.0 ], [ 3816.4, 157.1 ], [ 3815.4, 155.9 ], [ 3814.6, 155.3 ], [ 3814.1, 155.1 ], [ 3813.4, 155.5 ], [ 3812.9, 156.5 ], [ 3813.4, 158.4 ], [ 3815.1, 160.5 ], [ 3816.5, 161.4 ], [ 3817.3, 161.1 ], [ 3817.6, 160.0 ], [ 3817.2, 158.5 ], [ 3816.9, 158.0 ] ] } },
{ "type": "Feature", "properties": { "scalerank": 3, "featurecla": "Coastline" }, "geometry": { "type": "LineString", "coordinates": [ [ 3778.3, 148.9 ], [ 3780.2, 147.5 ], [ 3780.5, 145.4 ], [ 3782.3, 139.9 ], [ 3779.2, 139.9 ], [ 3777.6, 139.4 ], [ 3776.2, 138.6 ], [ 3775.9, 139.0 ], [ 3774.8, 139.8 ], [ 3775.0, 135.7 ], [ 3773.7, 134.2 ], [ 3769.5, 133.1 ], [ 3767.5, 130.9 ], [ 3766.5, 130.3 ], [ 3765.7, 131.0 ], [ 3765.0, 131.3 ], [ 3762.2, 130.2 ], [ 3761.1, 130.1 ], [ 3761.6, 131.1 ], [ 3762.7, 134.1 ], [ 3761.1, 132.4 ], [ 3759.0, 131.1 ], [ 3757.0, 130.6 ], [ 3753.9, 131.9 ], [ 3752.9, 129.8 ], [ 3752.1, 127.0 ], [ 3751.2, 125.1 ], [ 3749.3, 124.8 ], [ 3747.6, 125.1 ], [ 3746.1, 126.1 ], [ 3744.8, 128.1 ], [ 3744.3, 129.7 ], [ 3744.0, 131.3 ], [ 3743.5, 132.7 ], [ 3742.5, 133.7 ], [ 3744.4, 133.5 ], [ 3745.8, 134.5 ], [ 3747.2, 136.3 ], [ 3748.7, 138.7 ], [ 3749.5, 139.2 ], [ 3749.9, 138.2 ], [ 3750.4, 135.3 ], [ 3750.9, 134.0 ], [ 3751.2, 134.1 ], [ 3751.6, 134.8 ], [ 3752.3, 135.6 ], [ 3753.4, 136.7 ], [ 3754.5, 138.3 ], [ 3755.5, 140.5 ], [ 3756.1, 143.1 ], [ 3755.8, 144.0 ], [ 3755.0, 144.7 ], [ 3754.1, 145.0 ], [ 3753.6, 144.5 ], [ 3753.4, 143.2 ], [ 3753.1, 142.0 ], [ 3752.3, 139.9 ], [ 3752.2, 141.9 ], [ 3752.5, 145.2 ], [ 3752.4, 147.3 ], [ 3751.1, 149.6 ], [ 3751.2, 154.0 ], [ 3749.8, 152.8 ], [ 3748.3, 152.1 ], [ 3748.8, 153.5 ], [ 3749.3, 155.6 ], [ 3749.4, 157.6 ], [ 3749.0, 158.5 ], [ 3747.7, 158.3 ], [ 3747.1, 157.2 ], [ 3745.9, 153.6 ], [ 3745.1, 152.3 ], [ 3744.3, 151.3 ], [ 3743.9, 150.0 ], [ 3744.6, 146.5 ], [ 3745.2, 141.9 ], [ 3744.3, 141.5 ], [ 3744.1, 141.6 ], [ 3743.7, 142.1 ], [ 3743.1, 141.7 ], [ 3741.4, 141.4 ], [ 3742.3, 143.0 ], [ 3742.8, 143.7 ], [ 3743.5, 144.3 ], [ 3740.8, 146.6 ], [ 3739.9, 146.9 ], [ 3739.2, 147.6 ], [ 3738.9, 149.0 ], [ 3738.7, 150.8 ], [ 3738.3, 152.5 ], [ 3738.1, 149.7 ], [ 3737.3, 148.6 ], [ 3736.0, 148.5 ], [ 3734.5, 148.7 ], [ 3737.1, 154.8 ], [ 3737.4, 155.9 ], [ 3738.4, 156.6 ], [ 3739.1, 158.5 ], [ 3740.3, 162.9 ], [ 3742.0, 166.5 ], [ 3745.9, 172.8 ], [ 3747.7, 176.9 ], [ 3748.2, 174.8 ], [ 3749.2, 173.2 ], [ 3750.5, 172.4 ], [ 3751.9, 173.1 ], [ 3752.1, 174.6 ], [ 3752.8, 175.3 ], [ 3753.9, 175.3 ], [ 3754.9, 174.8 ], [ 3755.5, 174.0 ], [ 3755.5, 173.1 ], [ 3755.6, 172.3 ], [ 3756.5, 171.4 ], [ 3758.4, 171.1 ], [ 3759.6, 172.5 ], [ 3761.7, 177.1 ], [ 3761.6, 178.6 ], [ 3762.5, 178.9 ], [ 3763.1, 177.9 ], [ 3762.2, 175.4 ], [ 3761.7, 173.4 ], [ 3762.9, 172.1 ], [ 3765.9, 171.1 ], [ 3768.0, 171.9 ], [ 3769.0, 171.8 ], [ 3769.2, 170.1 ], [ 3768.8, 169.0 ], [ 3768.2, 168.5 ], [ 3767.6, 168.2 ], [ 3767.3, 167.7 ], [ 3766.9, 165.6 ], [ 3766.8, 163.2 ], [ 3766.9, 158.2 ], [ 3766.3, 159.2 ], [ 3765.9, 160.3 ], [ 3765.4, 161.2 ], [ 3764.7, 161.7 ], [ 3764.2, 161.3 ], [ 3763.5, 160.3 ], [ 3762.6, 159.3 ], [ 3760.3, 158.7 ], [ 3759.0, 157.7 ], [ 3757.7, 156.3 ], [ 3756.5, 154.7 ], [ 3756.0, 153.2 ], [ 3756.9, 152.3 ], [ 3759.0, 151.7 ], [ 3759.3, 153.5 ], [ 3759.2, 154.1 ], [ 3758.9, 154.9 ], [ 3760.3, 156.2 ], [ 3764.6, 157.3 ], [ 3764.1, 155.9 ], [ 3764.1, 154.5 ], [ 3764.3, 153.2 ], [ 3764.9, 152.0 ], [ 3763.4, 151.0 ], [ 3761.6, 148.7 ], [ 3760.0, 145.9 ], [ 3759.3, 143.2 ], [ 3761.7, 144.7 ], [ 3763.1, 143.0 ], [ 3763.4, 140.3 ], [ 3762.3, 138.4 ], [ 3762.2, 137.4 ], [ 3765.1, 137.5 ], [ 3765.2, 140.1 ], [ 3764.1, 143.6 ], [ 3763.5, 146.3 ], [ 3764.6, 149.1 ], [ 3766.0, 150.4 ], [ 3767.3, 152.1 ], [ 3767.6, 155.8 ], [ 3768.1, 155.7 ], [ 3768.7, 150.5 ], [ 3770.5, 147.8 ], [ 3773.2, 146.5 ], [ 3776.3, 146.0 ], [ 3775.4, 148.1 ], [ 3771.6, 149.0 ], [ 3770.3, 150.7 ], [ 3770.0, 152.3 ], [ 3769.9, 154.7 ], [ 3770.0, 156.8 ], [ 3770.8, 157.6 ], [ 3774.0, 157.1 ], [ 3774.9, 157.4 ], [ 3775.5, 158.0 ], [ 3776.1, 158.3 ], [ 3777.0, 157.7 ], [ 3777.2, 157.1 ], [ 3777.5, 154.9 ], [ 3777.8, 153.9 ], [ 3778.3, 152.9 ], [ 3779.0, 152.6 ], [ 3779.7, 152.4 ], [ 3780.4, 151.8 ], [ 3779.7, 151.1 ], [ 3778.3, 148.9 ] ] } },
{ "type": "Feature", "properties": { "scalerank": 6, "featurecla": "Coastline" }, "geometry": { "type": "LineString", "coordinates": [ [ 3794.1, 140.2 ], [ 3792.9, 141.4 ], [ 3790.3, 140.2 ], [ 3788.8, 141.0 ], [ 3788.2, 143.1 ], [ 3788.5, 145.4 ], [ 3789.3, 146.7 ], [ 3791.2, 144.5 ], [ 3791.8, 145.7 ], [ 3792.1, 147.4 ], [ 3792.1, 148.1 ], [ 3792.2, 149.1 ], [ 3792.0, 150.2 ], [ 3792.1, 151.0 ], [ 3793.1, 151.2 ], [ 3795.6, 143.2 ], [ 3795.4, 142.1 ], [ 3795.1, 141.2 ], [ 3794.7, 140.6 ], [ 3794.1, 140.2 ] ] } },
{ "type": "Feature", "properties": { "scalerank": 6, "featurecla": "Coastline" }, "geometry": { "type": "LineString", "coordinates": [ [ 3814.5, 142.8 ], [ 3813.4, 143.4 ], [ 3813.2, 145.1 ], [ 3813.6, 146.8 ], [ 3814.2, 147.6 ], [ 3815.6, 148.1 ], [ 3817.0, 147.1 ], [ 3817.5, 145.5 ], [ 3816.4, 144.3 ], [ 3814.5, 142.8 ] ] } },
{ "type": "Feature", "properties": { "scalerank": 6, "featurecla": "Coastline" }, "geometry": { "type": "LineString", "coordinates": [ [ 3866.0, 137.6 ], [ 3862.4, 138.4 ], [ 3861.0, 139.6 ], [ 3860.2, 141.8 ], [ 3861.6, 141.5 ], [ 3862.6, 142.1 ], [ 3863.5, 143.0 ], [ 3864.8, 143.3 ], [ 3867.2, 143.2 ], [ 3868.5, 143.6 ], [ 3869.3, 144.7 ], [ 3869.8, 144.6 ], [ 3869.9, 142.1 ], [ 3870.9, 141.0 ], [ 3874.0, 140.6 ], [ 3873.8, 139.6 ], [ 3869.6, 140.2 ], [ 3867.5, 139.6 ], [ 3866.0, 137.6 ] ] } },
{ "type": "Feature", "properties": { "scalerank": 6, "featurecla": "Coastline" }, "geometry": { "type": "LineString", "coordinates": [ [ 3649.4, 150.2 ], [ 3648.1, 147.6 ], [ 3647.6, 146.2 ], [ 3647.1, 144.0 ], [ 3645.6, 146.1 ], [ 3644.6, 146.1 ], [ 3643.7, 144.7 ], [ 3642.6, 142.4 ], [ 3638.3, 135.5 ], [ 3637.2, 133.4 ], [ 3638.4, 133.6 ], [ 3640.4, 134.9 ], [ 3641.6, 134.9 ], [ 3640.8, 133.2 ], [ 3638.5, 131.5 ], [ 3637.3, 130.1 ], [ 3637.0, 129.2 ], [ 3637.0, 128.3 ], [ 3637.0, 127.5 ], [ 3636.9, 127.0 ], [ 3636.5, 126.2 ], [ 3635.5, 124.8 ], [ 3635.0, 124.0 ], [ 3633.7, 123.5 ], [ 3632.9, 124.0 ], [ 3632.7, 125.2 ], [ 3634.1, 128.3 ], [ 3634.4, 130.1 ], [ 3635.1, 137.7 ], [ 3635.9, 141.8 ], [ 3637.3, 145.0 ], [ 3642.0, 146.9 ], [ 3646.8, 151.4 ], [ 3650.5, 153.1 ], [ 3651.1, 153.0 ], [ 3651.2, 151.5 ], [ 3650.9, 150.9 ], [ 3650.4, 150.6 ], [ 3649.8, 150.5 ], [ 3649.4, 150.2 ] ] } },
{ "type": "Feature", "properties": { "scalerank": 6, "featurecla": "Coastline" }, "geometry": { "type": "LineString", "coordinates": [ [ 3824.7, 140.8 ], [ 3823.8, 138.9 ], [ 3824.8, 138.9 ], [ 3825.9, 138.4 ], [ 3826.6, 137.2 ], [ 3826.5, 135.3 ], [ 3825.8, 134.7 ], [ 3823.2, 133.4 ], [ 3822.3, 132.7 ], [ 3821.0, 132.9 ], [ 3821.0, 136.5 ], [ 3822.4, 140.2 ], [ 3824.7, 140.8 ] ] } },
{ "type": "Feature", "properties": { "scalerank": 6, "featurecla": "Coastline" }, "geometry": { "type": "LineString", "coordinates": [ [ 3819.2, 126.9 ], [ 3819.6, 125.7 ], [ 3819.7, 124.3 ], [ 3819.7, 122.7 ], [ 3819.1, 121.4 ], [ 3818.1, 120.8 ], [ 3817.2, 120.7 ], [ 3816.7, 121.1 ], [ 3816.7, 121.9 ], [ 3816.5, 122.9 ], [ 3816.3, 123.4 ], [ 3816.1, 123.9 ], [ 3815.7, 125.7 ], [ 3815.7, 126.5 ], [ 3815.8, 127.7 ], [ 3815.9, 128.3 ], [ 3816.1, 129.3 ], [ 3816.7, 129.5 ], [ 3819.2, 126.9 ] ] } },
{ "type": "Feature", "properties": { "scalerank": 6, "featurecla": "Coastline" }, "geometry": { "type": "LineString", "coordinates": [ [ 3860.3, 111.5 ], [ 3858.7, 110.5 ], [ 3857.9, 110.9 ], [ 3857.6, 111.9 ], [ 3857.3, 112.9 ], [ 3857.3, 114.0 ], [ 3858.2, 114.8 ], [ 3859.7, 114.2 ], [ 3860.3, 114.4 ], [ 3860.5, 114.7 ], [ 3860.7, 115.7 ], [ 3861.1, 116.1 ], [ 3861.7, 115.9 ], [ 3862.3, 116.2 ], [ 3862.4, 116.1 ], [ 3862.4, 115.1 ], [ 3861.7, 113.3 ], [ 3860.3, 111.5 ] ] } },
{ "type": "Feature", "properties": { "scalerank": 6, "featurecla": "Coastline" }, "geometry": { "type": "LineString", "coordinates": [ [ 3838.9, 99.7 ], [ 3838.6, 99.7 ], [ 3838.0, 99.8 ], [ 3837.2, 100.9 ], [ 3837.1, 102.1 ], [ 3837.8, 103.9 ], [ 3839.0, 104.6 ], [ 3839.6, 104.0 ], [ 3840.0, 102.2 ], [ 3839.5, 100.4 ], [ 3838.9, 99.7 ] ] } },
{ "type": "Feature", "properties": { "scalerank": 5, "featurecla": "Coastline" }, "geometry": { "type": "LineString", "coordinates": [ [ 3856.3, 96.7 ], [ 3856.7, 96.6 ], [ 3854.7, 92.6 ], [ 3854.3, 91.2 ], [ 3851.7, 88.0 ], [ 3849.1, 85.6 ], [ 3847.5, 85.9 ], [ 3848.7, 88.5 ], [ 3850.0, 89.9 ], [ 3850.9, 91.6 ], [ 3850.7, 95.0 ], [ 3852.1, 96.1 ], [ 3854.7, 96.0 ], [ 3856.3, 96.7 ] ] } },
{ "type": "Feature", "properties": { "scalerank": 5, "featurecla": "Coastline" }, "geometry": { "type": "LineString", "coordinates": [ [ 3896.2, 135.8 ], [ 3894.9, 137.2 ], [ 3894.0, 139.2 ], [ 3894.1, 140.9 ], [ 3895.6, 141.4 ], [ 3895.7, 142.4 ], [ 3895.4, 142.6 ], [ 3894.4, 143.8 ], [ 3895.1, 145.6 ], [ 3895.0, 146.1 ], [ 3894.4, 147.0 ], [ 3896.5, 147.9 ], [ 3898.9, 147.2 ], [ 3901.1, 145.6 ], [ 3902.4, 143.5 ], [ 3902.0, 142.9 ], [ 3901.6, 142.7 ], [ 3902.4, 142.4 ], [ 3903.0, 141.8 ], [ 3903.6, 141.0 ], [ 3900.8, 140.5 ], [ 3906.6, 139.5 ], [ 3905.1, 138.0 ], [ 3904.6, 137.7 ], [ 3905.2, 136.9 ], [ 3905.9, 136.4 ], [ 3906.7, 136.2 ], [ 3907.6, 136.2 ], [ 3907.4, 135.0 ], [ 3904.4, 133.5 ], [ 3900.3, 134.2 ], [ 3896.2, 135.8 ] ] } },
{ "type": "Feature", "properties": { "scalerank": 6, "featurecla": "Coastline" }, "geometry": { "type": "LineString", "coordinates": [ [ 3919.6, 128.6 ], [ 3918.3, 128.8 ], [ 3917.3, 129.9 ], [ 3915.5, 132.6 ], [ 3912.2, 134.6 ], [ 3911.2, 135.5 ], [ 3913.1, 139.5 ], [ 3915.6, 141.2 ], [ 3917.9, 140.5 ], [ 3919.6, 137.3 ], [ 3919.0, 137.0 ], [ 3917.7, 135.9 ], [ 3917.2, 135.5 ], [ 3921.0, 130.6 ], [ 3919.6, 128.6 ] ] } },
{ "type": "Feature", "properties": { "scalerank": 6, "featurecla": "Coastline" }, "geometry": { "type": "LineString", "coordinates": [ [ 3990.8, 131.7 ], [ 3990.0, 130.6 ], [ 3988.9, 129.9 ], [ 3987.3, 130.1 ], [ 3985.6, 131.4 ], [ 3984.8, 132.3 ], [ 3984.5, 133.0 ], [ 3984.0, 134.5 ], [ 3983.7, 136.0 ], [ 3983.0, 137.1 ], [ 3983.2, 137.6 ], [ 3984.4, 137.6 ], [ 3985.1, 137.4 ], [ 3987.3, 137.0 ], [ 3988.4, 136.3 ], [ 3989.2, 135.3 ], [ 3989.6, 135.2 ], [ 3989.6, 135.8 ], [ 3990.1, 136.1 ], [ 3990.8, 135.8 ], [ 3991.5, 135.0 ], [ 3991.7, 133.7 ], [ 3991.3, 132.6 ], [ 3990.8, 131.7 ] ] } },
{ "type": "Feature", "properties": { "scalerank": 5, "featurecla": "Coastline" }, "geometry": { "type": "LineString", "coordinates": [ [ 3939.5, 128.2 ], [ 3938.9, 128.8 ], [ 3938.7, 129.9 ], [ 3938.9, 130.8 ], [ 3938.9, 131.3 ], [ 3938.6, 131.7 ], [ 3938.6, 132.6 ], [ 3938.9, 133.9 ], [ 3939.0, 134.5 ], [ 3938.8, 134.9 ], [ 3939.7, 135.2 ], [ 3941.6, 134.9 ], [ 3942.5, 134.5 ], [ 3942.1, 133.7 ], [ 3940.9, 133.0 ], [ 3940.8, 132.3 ], [ 3942.5, 131.3 ], [ 3944.1, 129.7 ], [ 3944.9, 126.7 ], [ 3943.9, 125.5 ], [ 3939.5, 128.2 ] ] } },
{ "type": "Feature", "properties": { "scalerank": 3, "featurecla": "Coastline" }, "geometry": { "type": "LineString", "coordinates": [ [ 3978.3, 113.4 ], [ 3976.6, 116.0 ], [ 3962.3, 121.1 ], [ 3961.0, 122.1 ], [ 3958.7, 124.6 ], [ 3951.4, 127.4 ], [ 3950.1, 126.8 ], [ 3950.1, 125.0 ], [ 3951.0, 121.0 ], [ 3948.9, 121.9 ], [ 3948.5, 125.4 ], [ 3948.7, 129.8 ], [ 3948.5, 133.3 ], [ 3962.8, 131.9 ], [ 3963.0, 132.9 ], [ 3955.4, 134.3 ], [ 3953.9, 135.0 ], [ 3951.5, 137.6 ], [ 3950.0, 138.5 ], [ 3951.2, 139.8 ], [ 3953.5, 140.6 ], [ 3954.6, 141.4 ], [ 3955.0, 142.7 ], [ 3955.1, 144.4 ], [ 3955.3, 146.3 ], [ 3956.1, 148.1 ], [ 3956.0, 149.9 ], [ 3956.2, 151.7 ], [ 3957.0, 155.7 ], [ 3958.1, 154.8 ], [ 3961.3, 153.2 ], [ 3962.1, 151.1 ], [ 3964.3, 147.9 ], [ 3965.0, 146.5 ], [ 3965.1, 148.7 ], [ 3964.7, 150.0 ], [ 3964.4, 151.3 ], [ 3965.1, 153.1 ], [ 3965.9, 152.0 ], [ 3966.5, 152.3 ], [ 3967.0, 153.7 ], [ 3967.3, 155.9 ], [ 3967.8, 155.8 ], [ 3967.4, 154.1 ], [ 3967.5, 153.4 ], [ 3967.9, 153.1 ], [ 3969.7, 149.6 ], [ 3970.1, 147.9 ], [ 3971.7, 150.1 ], [ 3973.2, 152.8 ], [ 3973.9, 151.4 ], [ 3974.7, 151.0 ], [ 3976.6, 151.0 ], [ 3976.9, 150.4 ], [ 3977.4, 147.5 ], [ 3978.0, 146.4 ], [ 3976.8, 145.7 ], [ 3976.3, 145.5 ], [ 3975.6, 145.7 ], [ 3975.4, 144.6 ], [ 3980.7, 138.1 ], [ 3982.4, 133.2 ], [ 3980.5, 128.7 ], [ 3980.5, 128.0 ], [ 3980.6, 126.5 ], [ 3979.3, 125.8 ], [ 3978.8, 125.7 ], [ 3979.1, 125.4 ], [ 3979.4, 124.9 ], [ 3979.7, 124.5 ], [ 3980.2, 124.3 ], [ 3979.4, 122.6 ], [ 3979.0, 120.9 ], [ 3979.2, 119.6 ], [ 3981.1, 118.3 ], [ 3981.3, 116.9 ], [ 3981.4, 115.3 ], [ 3981.6, 113.8 ], [ 3982.9, 111.6 ], [ 3984.4, 109.8 ], [ 3985.5, 107.5 ], [ 3985.3, 104.0 ], [ 3982.5, 103.9 ], [ 3980.6, 106.0 ], [ 3979.3, 109.5 ], [ 3978.3, 113.4 ] ] } },
{ "type": "Feature", "properties": { "scalerank": 6, "featurecla": "Coastline" }, "geometry": { "type": "LineString", "coordinates": [ [ 3883.6, 127.9 ], [ 3883.3, 127.6 ], [ 3883.9, 126.9 ], [ 3883.6, 125.7 ], [ 3882.2, 125.8 ], [ 3881.3, 128.1 ], [ 3881.1, 130.6 ], [ 3881.6, 132.7 ], [ 3882.8, 133.2 ], [ 3883.5, 132.9 ], [ 3883.9, 133.0 ], [ 3884.6, 132.8 ], [ 3884.8, 131.8 ], [ 3884.9, 130.8 ], [ 3885.5, 129.4 ], [ 3885.7, 127.9 ], [ 3884.8, 127.6 ], [ 3883.6, 127.9 ] ] } },
{ "type": "Feature", "properties": { "scalerank": 5, "featurecla": "Coastline" }, "geometry": { "type": "LineString", "coordinates": [ [ 3931.3, 127.7 ], [ 3933.6, 130.3 ], [ 3936.1, 128.2 ], [ 3937.4, 123.9 ], [ 3936.4, 120.4 ], [ 3934.6, 119.4 ], [ 3933.0, 121.3 ], [ 3931.7, 124.5 ], [ 3931.3, 127.7 ] ] } },
{ "type": "Feature", "properties": { "scalerank": 6, "featurecla": "Coastline" }, "geometry": { "type": "LineString", "coordinates": [ [ 3910.0, 119.2 ], [ 3910.8, 115.8 ], [ 3910.5, 114.8 ], [ 3909.3, 114.5 ], [ 3906.7, 114.9 ], [ 3905.5, 115.6 ], [ 3904.5, 115.6 ], [ 3903.3, 115.8 ], [ 3903.1, 116.7 ], [ 3904.3, 118.9 ], [ 3905.1, 118.8 ], [ 3906.4, 120.1 ], [ 3907.7, 120.3 ], [ 3909.1, 120.1 ], [ 3910.0, 119.2 ] ] } },
{ "type": "Feature", "properties": { "scalerank": 6, "featurecla": "Coastline" }, "geometry": { "type": "LineString", "coordinates": [ [ 3911.9, 118.4 ], [ 3912.8, 117.8 ], [ 3913.4, 117.0 ], [ 3913.4, 116.2 ], [ 3912.6, 116.5 ], [ 3911.4, 117.8 ], [ 3911.1, 118.4 ], [ 3911.4, 118.5 ], [ 3911.9, 118.4 ] ] } },
{ "type": "Feature", "properties": { "scalerank": 5, "featurecla": "Coastline" }, "geometry": { "type": "LineString", "coordinates": [ [ 3920.4, 112.4 ], [ 3919.0, 114.5 ], [ 3919.0, 117.4 ], [ 3919.6, 119.5 ], [ 3920.4, 119.4 ], [ 3921.8, 118.8 ], [ 3924.1, 119.8 ], [ 3926.2, 119.9 ], [ 3927.1, 116.7 ], [ 3924.0, 117.3 ], [ 3925.1, 116.6 ], [ 3927.0, 116.3 ], [ 3928.8, 116.8 ], [ 3930.1, 118.2 ], [ 3929.2, 120.2 ], [ 3930.4, 120.2 ], [ 3933.7, 118.7 ], [ 3934.0, 118.4 ], [ 3934.7, 117.3 ], [ 3934.9, 116.9 ], [ 3935.4, 116.1 ], [ 3936.1, 116.4 ], [ 3936.8, 116.9 ], [ 3937.4, 117.0 ], [ 3938.7, 116.1 ], [ 3939.0, 115.3 ], [ 3938.8, 113.5 ], [ 3937.2, 112.1 ], [ 3931.3, 110.8 ], [ 3922.3, 111.7 ], [ 3920.4, 112.4 ] ] } },
{ "type": "Feature", "properties": { "scalerank": 5, "featurecla": "Coastline" }, "geometry": { "type": "LineString", "coordinates": [ [ 3941.5, 107.5 ], [ 3941.3, 109.9 ], [ 3941.1, 111.0 ], [ 3940.8, 112.1 ], [ 3942.8, 111.7 ], [ 3945.0, 110.4 ], [ 3946.9, 108.5 ], [ 3948.3, 106.3 ], [ 3947.4, 104.8 ], [ 3946.4, 104.6 ], [ 3945.4, 104.9 ], [ 3944.3, 105.0 ], [ 3942.0, 104.2 ], [ 3941.8, 103.9 ], [ 3941.8, 103.1 ], [ 3941.7, 102.4 ], [ 3941.3, 102.2 ], [ 3939.5, 102.8 ], [ 3937.9, 103.9 ], [ 3936.6, 105.8 ], [ 3935.8, 108.5 ], [ 3938.9, 109.1 ], [ 3940.3, 108.8 ], [ 3941.5, 107.5 ] ] } },
{ "type": "Feature", "properties": { "scalerank": 5, "featurecla": "Coastline" }, "geometry": { "type": "LineString", "coordinates": [ [ 3933.5, 101.6 ], [ 3932.2, 100.7 ], [ 3930.0, 101.2 ], [ 3923.4, 104.3 ], [ 3923.0, 104.9 ], [ 3923.2, 105.9 ], [ 3924.4, 106.9 ], [ 3926.0, 107.0 ], [ 3926.8, 106.6 ], [ 3933.0, 103.2 ], [ 3933.5, 101.6 ] ] } },
{ "type": "Feature", "properties": { "scalerank": 6, "featurecla": "Coastline" }, "geometry": { "type": "LineString", "coordinates": [ [ 3926.0, 100.6 ], [ 3921.6, 101.7 ], [ 3921.0, 102.0 ], [ 3920.0, 103.3 ], [ 3919.1, 106.2 ], [ 3919.8, 106.3 ], [ 3926.3, 101.6 ], [ 3926.0, 100.6 ] ] } },
{ "type": "Feature", "properties": { "scalerank": 5, "featurecla": "Coastline" }, "geometry": { "type": "LineString", "coordinates": [ [ 3911.6, 110.7 ], [ 3911.4, 109.6 ], [ 3910.7, 109.7 ], [ 3910.0, 109.6 ], [ 3908.6, 109.1 ], [ 3909.4, 108.9 ], [ 3911.0, 107.5 ], [ 3910.0, 105.9 ], [ 3908.9, 105.6 ], [ 3906.5, 106.2 ], [ 3906.9, 105.0 ], [ 3905.7, 104.1 ], [ 3903.3, 103.3 ], [ 3902.1, 102.6 ], [ 3902.9, 101.5 ], [ 3904.0, 101.4 ], [ 3906.3, 101.9 ], [ 3906.2, 100.9 ], [ 3904.2, 97.9 ], [ 3903.5, 97.9 ], [ 3902.7, 97.7 ], [ 3901.9, 97.0 ], [ 3901.4, 95.7 ], [ 3900.5, 94.5 ], [ 3896.8, 92.8 ], [ 3895.4, 91.9 ], [ 3894.2, 92.0 ], [ 3893.6, 92.9 ], [ 3893.4, 94.5 ], [ 3893.5, 96.5 ], [ 3897.9, 100.1 ], [ 3898.1, 101.1 ], [ 3896.8, 101.3 ], [ 3895.4, 102.3 ], [ 3894.3, 103.7 ], [ 3894.1, 105.6 ], [ 3895.1, 107.2 ], [ 3896.9, 108.4 ], [ 3898.8, 109.2 ], [ 3901.3, 109.3 ], [ 3902.2, 109.7 ], [ 3904.1, 110.8 ], [ 3904.2, 111.2 ], [ 3904.4, 112.6 ], [ 3904.5, 113.0 ], [ 3905.0, 113.0 ], [ 3905.4, 112.5 ], [ 3905.7, 111.9 ], [ 3905.9, 111.7 ], [ 3907.4, 112.1 ], [ 3909.0, 112.2 ], [ 3910.4, 111.8 ], [ 3911.6, 110.7 ] ] } },
{ "type": "Feature", "properties": { "scalerank": 6, "featurecla": "Coastline" }, "geometry": { "type": "LineString", "coordinates": [ [ 3887.0, 91.7 ], [ 3888.4, 88.3 ], [ 3888.8, 86.6 ], [ 3888.7, 84.5 ], [ 3887.0, 84.6 ], [ 3885.4, 87.7 ], [ 3884.3, 91.7 ], [ 3884.1, 94.8 ], [ 3884.9, 96.2 ], [ 3885.7, 95.3 ], [ 3886.5, 93.4 ], [ 3887.0, 91.7 ] ] } },
{ "type": "Feature", "properties": { "scalerank": 6, "featurecla": "Coastline" }, "geometry": { "type": "LineString", "coordinates": [ [ 2599.3, 129.0 ], [ 2598.7, 128.6 ], [ 2598.1, 128.7 ], [ 2597.9, 128.4 ], [ 2598.2, 127.8 ], [ 2598.2, 127.1 ], [ 2597.9, 126.5 ], [ 2597.8, 126.1 ], [ 2597.9, 125.3 ], [ 2597.7, 124.5 ], [ 2597.0, 123.7 ], [ 2596.4, 122.8 ], [ 2595.6, 122.9 ], [ 2595.1, 124.4 ], [ 2595.0, 125.6 ], [ 2595.0, 126.2 ], [ 2595.0, 127.2 ], [ 2595.1, 128.3 ], [ 2595.2, 130.3 ], [ 2595.3, 130.7 ], [ 2595.0, 130.8 ], [ 2594.8, 130.9 ], [ 2594.5, 130.6 ], [ 2594.5, 131.2 ], [ 2594.8, 133.0 ], [ 2594.6, 133.4 ], [ 2593.9, 133.2 ], [ 2594.1, 134.1 ], [ 2595.4, 135.1 ], [ 2596.9, 135.6 ], [ 2598.1, 135.3 ], [ 2598.7, 134.9 ], [ 2598.7, 132.3 ], [ 2599.0, 131.6 ], [ 2599.6, 131.2 ], [ 2599.6, 130.1 ], [ 2599.3, 129.0 ] ] } },
{ "type": "Feature", "properties": { "scalerank": 6, "featurecla": "Coastline" }, "geometry": { "type": "LineString", "coordinates": [ [ 2607.9, 92.5 ], [ 2607.8, 92.4 ], [ 2608.1, 92.0 ], [ 2608.1, 90.9 ], [ 2606.5, 86.3 ], [ 2605.7, 85.2 ], [ 2604.9, 84.6 ], [ 2604.7, 83.6 ], [ 2605.2, 83.3 ], [ 2605.7, 83.4 ], [ 2605.7, 82.7 ], [ 2604.8, 82.2 ], [ 2603.7, 82.2 ], [ 2601.4, 82.5 ], [ 2601.3, 82.4 ], [ 2602.2, 82.0 ], [ 2602.8, 81.1 ], [ 2602.4, 80.4 ], [ 2599.2, 80.8 ], [ 2598.1, 81.3 ], [ 2597.7, 82.1 ], [ 2598.0, 83.1 ], [ 2598.1, 83.7 ], [ 2597.9, 84.0 ], [ 2598.1, 84.2 ], [ 2598.6, 84.0 ], [ 2599.3, 84.3 ], [ 2599.9, 85.1 ], [ 2600.5, 85.2 ], [ 2600.9, 84.1 ], [ 2601.2, 83.9 ], [ 2601.6, 84.8 ], [ 2601.7, 85.8 ], [ 2601.4, 86.7 ], [ 2601.6, 87.8 ], [ 2602.4, 88.6 ], [ 2603.5, 89.6 ], [ 2603.8, 89.4 ], [ 2604.1, 89.1 ], [ 2604.3, 89.7 ], [ 2604.2, 91.1 ], [ 2604.6, 92.7 ], [ 2606.0, 93.8 ], [ 2607.5, 94.4 ], [ 2608.0, 94.4 ], [ 2608.3, 94.0 ], [ 2608.4, 93.6 ], [ 2608.3, 93.1 ], [ 2607.9, 92.5 ] ] } },
{ "type": "Feature", "properties": { "scalerank": 6, "featurecla": "Coastline" }, "geometry": { "type": "LineString", "coordinates": [ [ 2594.9, 64.8 ], [ 2594.2, 63.5 ], [ 2594.3, 62.5 ], [ 2594.6, 61.7 ], [ 2594.3, 60.6 ], [ 2594.1, 59.2 ], [ 2593.8, 58.2 ], [ 2592.9, 58.1 ], [ 2592.2, 58.5 ], [ 2591.7, 59.4 ], [ 2591.2, 60.2 ], [ 2590.9, 60.3 ], [ 2590.5, 60.5 ], [ 2589.3, 61.3 ], [ 2589.2, 61.7 ], [ 2589.6, 62.2 ], [ 2589.5, 62.5 ], [ 2589.2, 63.5 ], [ 2589.1, 65.0 ], [ 2589.2, 66.5 ], [ 2589.7, 67.6 ], [ 2590.3, 67.8 ], [ 2590.6, 68.5 ], [ 2590.7, 70.2 ], [ 2591.2, 71.2 ], [ 2591.9, 70.9 ], [ 2592.2, 70.5 ], [ 2592.7, 69.7 ], [ 2593.4, 68.0 ], [ 2593.6, 67.9 ], [ 2593.3, 69.3 ], [ 2592.9, 70.7 ], [ 2592.8, 71.9 ], [ 2593.1, 72.7 ], [ 2594.0, 72.4 ], [ 2595.1, 71.1 ], [ 2595.9, 69.0 ], [ 2596.1, 66.9 ], [ 2595.6, 65.7 ], [ 2594.9, 64.8 ] ] } },
{ "type": "Feature", "properties": { "scalerank": 5, "featurecla": "Coastline" }, "geometry": { "type": "LineString", "coordinates": [ [ 2614.5, 45.0 ], [ 2614.0, 43.8 ], [ 2613.3, 42.9 ], [ 2612.5, 42.6 ], [ 2611.6, 42.7 ], [ 2611.9, 43.4 ], [ 2612.2, 44.4 ], [ 2612.5, 44.9 ], [ 2611.8, 45.4 ], [ 2611.2, 45.8 ], [ 2610.6, 46.0 ], [ 2609.8, 45.8 ], [ 2610.0, 46.8 ], [ 2610.1, 48.2 ], [ 2610.0, 49.5 ], [ 2609.7, 50.5 ], [ 2609.1, 50.8 ], [ 2608.8, 49.6 ], [ 2608.7, 46.8 ], [ 2608.1, 41.9 ], [ 2607.4, 40.5 ], [ 2606.0, 41.3 ], [ 2607.3, 48.7 ], [ 2607.3, 50.8 ], [ 2606.5, 53.0 ], [ 2605.7, 51.8 ], [ 2604.5, 46.5 ], [ 2603.5, 47.6 ], [ 2601.7, 47.7 ], [ 2601.3, 48.9 ], [ 2601.3, 50.3 ], [ 2601.5, 52.0 ], [ 2601.4, 53.2 ], [ 2600.9, 58.7 ], [ 2600.8, 61.8 ], [ 2601.1, 64.3 ], [ 2601.8, 63.2 ], [ 2602.1, 62.1 ], [ 2602.2, 60.9 ], [ 2602.8, 59.6 ], [ 2603.2, 59.4 ], [ 2605.6, 56.9 ], [ 2605.9, 56.2 ], [ 2607.0, 58.0 ], [ 2607.5, 61.2 ], [ 2608.0, 63.3 ], [ 2609.3, 62.2 ], [ 2610.7, 60.5 ], [ 2614.0, 58.2 ], [ 2615.4, 56.3 ], [ 2615.8, 54.0 ], [ 2614.5, 45.0 ] ] } },
{ "type": "Feature", "properties": { "scalerank": 5, "featurecla": "Coastline" }, "geometry": { "type": "LineString", "coordinates": [ [ 3859.9, 83.9 ], [ 3856.7, 84.1 ], [ 3855.5, 85.0 ], [ 3855.2, 87.3 ], [ 3855.9, 89.9 ], [ 3856.6, 90.7 ], [ 3857.3, 90.1 ], [ 3858.1, 88.4 ], [ 3859.6, 92.0 ], [ 3861.6, 94.6 ], [ 3863.9, 96.1 ], [ 3865.9, 96.8 ], [ 3864.8, 95.4 ], [ 3864.8, 94.2 ], [ 3865.6, 93.4 ], [ 3866.9, 93.3 ], [ 3866.3, 92.4 ], [ 3866.0, 91.2 ], [ 3865.9, 89.8 ], [ 3866.0, 88.2 ], [ 3866.7, 88.4 ], [ 3867.0, 88.3 ], [ 3867.2, 88.1 ], [ 3867.5, 88.0 ], [ 3865.6, 86.2 ], [ 3861.6, 86.2 ], [ 3859.9, 83.9 ] ] } },
{ "type": "Feature", "properties": { "scalerank": 5, "featurecla": "Coastline" }, "geometry": { "type": "LineString", "coordinates": [ [ 3852.5, 83.9 ], [ 3852.4, 82.8 ], [ 3851.0, 82.8 ], [ 3850.5, 81.3 ], [ 3850.5, 79.0 ], [ 3850.7, 76.7 ], [ 3849.9, 76.0 ], [ 3849.2, 75.1 ], [ 3848.8, 74.0 ], [ 3848.5, 72.7 ], [ 3847.5, 72.1 ], [ 3847.1, 72.8 ], [ 3847.0, 74.1 ], [ 3846.8, 75.2 ], [ 3845.1, 76.4 ], [ 3844.9, 77.4 ], [ 3846.0, 79.6 ], [ 3846.9, 80.6 ], [ 3847.8, 81.0 ], [ 3849.4, 81.2 ], [ 3850.0, 82.1 ], [ 3850.5, 83.4 ], [ 3851.2, 84.3 ], [ 3852.5, 83.9 ] ] } },
{ "type": "Feature", "properties": { "scalerank": 6, "featurecla": "Coastline" }, "geometry": { "type": "LineString", "coordinates": [ [ 3842.2, 40.7 ], [ 3841.8, 41.7 ], [ 3841.3, 42.0 ], [ 3841.0, 41.7 ], [ 3840.5, 41.7 ], [ 3839.9, 42.1 ], [ 3839.6, 41.6 ], [ 3839.2, 40.3 ], [ 3838.0, 39.8 ], [ 3836.7, 40.4 ], [ 3836.6, 41.1 ], [ 3837.4, 41.6 ], [ 3837.9, 42.2 ], [ 3838.1, 42.7 ], [ 3838.4, 42.9 ], [ 3838.7, 42.5 ], [ 3842.0, 43.9 ], [ 3843.0, 44.2 ], [ 3843.2, 43.0 ], [ 3842.8, 41.0 ], [ 3842.2, 40.7 ] ] } },
{ "type": "Feature", "properties": { "scalerank": 6, "featurecla": "Coastline" }, "geometry": { "type": "LineString", "coordinates": [ [ 3841.8, 36.3 ], [ 3842.6, 35.9 ], [ 3844.3, 36.3 ], [ 3845.8, 35.9 ], [ 3846.2, 34.4 ], [ 3845.8, 31.2 ], [ 3846.4, 30.1 ], [ 3847.5, 29.4 ], [ 3848.7, 27.6 ], [ 3845.5, 25.5 ], [ 3844.1, 24.2 ], [ 3842.5, 22.1 ], [ 3841.0, 22.3 ], [ 3840.0, 23.1 ], [ 3838.4, 26.0 ], [ 3840.1, 25.9 ], [ 3841.6, 26.8 ], [ 3844.3, 29.4 ], [ 3843.9, 30.1 ], [ 3843.5, 31.3 ], [ 3843.1, 31.7 ], [ 3843.3, 32.2 ], [ 3843.4, 32.7 ], [ 3843.6, 33.2 ], [ 3844.0, 33.8 ], [ 3842.5, 35.0 ], [ 3838.6, 34.0 ], [ 3837.0, 35.9 ], [ 3838.2, 36.5 ], [ 3839.3, 36.7 ], [ 3841.8, 36.3 ] ] } },
{ "type": "Feature", "properties": { "scalerank": 0, "featurecla": "Coastline" }, "geometry": { "type": "LineString", "coordinates": [ [ 3804.5, 1064.6 ], [ 3837.4, 1055.3 ], [ 3844.4, 1050.7 ], [ 3847.8, 1049.4 ], [ 3850.4, 1047.7 ], [ 3855.1, 1041.3 ], [ 3856.6, 1040.4 ], [ 3856.6, 1040.4 ], [ 3858.0, 1039.5 ], [ 3857.8, 1038.4 ], [ 3866.2, 1028.3 ], [ 3873.4, 1016.0 ], [ 3876.7, 1006.4 ], [ 3877.1, 1005.8 ], [ 3877.5, 1005.6 ], [ 3877.8, 1005.4 ], [ 3878.0, 1004.6 ], [ 3878.0, 1003.8 ], [ 3877.6, 1002.1 ], [ 3877.5, 1001.4 ], [ 3877.9, 1000.2 ], [ 3878.6, 998.9 ], [ 3879.5, 996.2 ], [ 3881.0, 990.1 ], [ 3881.1, 987.5 ], [ 3880.4, 983.9 ], [ 3879.4, 981.0 ], [ 3875.9, 973.5 ], [ 3875.4, 972.1 ], [ 3875.0, 970.2 ], [ 3875.6, 965.8 ], [ 3875.8, 963.0 ], [ 3876.8, 960.2 ], [ 3878.3, 958.0 ], [ 3879.9, 957.2 ], [ 3882.6, 959.5 ], [ 3883.7, 959.8 ], [ 3887.2, 958.3 ], [ 3893.3, 957.8 ], [ 3898.6, 956.1 ], [ 3913.0, 955.9 ], [ 3916.5, 954.5 ], [ 3922.6, 949.9 ], [ 3934.2, 936.7 ], [ 3946.5, 914.9 ], [ 3947.6, 914.0 ], [ 3954.1, 897.0 ], [ 3954.2, 897.0 ], [ 3958.9, 884.6 ], [ 3961.1, 875.0 ], [ 3962.7, 862.0 ], [ 3961.6, 849.0 ], [ 3961.7, 846.3 ], [ 3961.1, 845.6 ], [ 3961.3, 844.1 ], [ 3960.1, 841.1 ], [ 3958.8, 831.5 ], [ 3957.4, 827.5 ], [ 3960.8, 830.6 ], [ 3963.1, 837.1 ], [ 3965.4, 850.5 ], [ 3965.5, 852.4 ], [ 3965.1, 855.1 ], [ 3965.2, 857.0 ], [ 3966.1, 862.7 ], [ 3965.5, 865.4 ], [ 3964.6, 868.1 ], [ 3964.5, 870.6 ], [ 3966.5, 872.4 ], [ 3966.6, 873.4 ], [ 3965.6, 875.2 ], [ 3964.5, 878.3 ], [ 3963.6, 881.9 ], [ 3963.6, 885.2 ], [ 3962.9, 888.5 ], [ 3959.5, 894.8 ], [ 3960.0, 897.6 ], [ 3960.1, 898.0 ], [ 3957.2, 900.9 ], [ 3956.4, 902.0 ], [ 3956.7, 902.5 ], [ 3956.7, 902.6 ], [ 3956.3, 903.7 ], [ 3954.3, 904.8 ], [ 3953.6, 906.0 ], [ 3954.0, 907.1 ], [ 3953.2, 907.6 ], [ 3952.9, 908.2 ], [ 3952.8, 909.3 ], [ 3952.6, 910.5 ], [ 3952.2, 911.6 ], [ 3951.0, 913.4 ], [ 3950.5, 914.6 ], [ 3949.4, 918.2 ], [ 3948.7, 919.7 ], [ 3944.9, 924.8 ], [ 3938.9, 935.7 ], [ 3929.1, 948.0 ], [ 3928.4, 948.7 ], [ 3927.6, 949.0 ], [ 3927.1, 949.5 ], [ 3927.1, 950.9 ], [ 3927.5, 951.7 ], [ 3928.3, 952.7 ], [ 3929.3, 953.7 ], [ 3930.1, 954.2 ], [ 3931.8, 954.3 ], [ 3948.0, 950.5 ], [ 3951.8, 951.0 ], [ 3957.4, 954.8 ], [ 3967.2, 955.1 ], [ 3973.3, 953.5 ], [ 3974.2, 952.3 ], [ 3974.5, 951.7 ], [ 3975.5, 952.2 ], [ 3976.5, 953.1 ], [ 3976.9, 953.6 ], [ 3977.9, 953.2 ], [ 3978.3, 952.5 ], [ 3978.6, 951.7 ], [ 3979.0, 951.1 ], [ 3986.0, 947.9 ], [ 3989.2, 945.5 ], [ 3989.9, 941.9 ], [ 3988.8, 939.0 ], [ 3986.5, 934.3 ], [ 3981.3, 915.9 ], [ 3980.9, 914.7 ], [ 3980.7, 914.2 ], [ 3979.5, 911.0 ], [ 3979.3, 910.6 ], [ 3978.7, 907.2 ], [ 3978.7, 905.9 ], [ 3979.0, 904.8 ], [ 3980.0, 903.7 ], [ 3980.8, 904.1 ], [ 3981.5, 904.9 ], [ 3982.2, 905.4 ], [ 3983.4, 905.4 ], [ 3984.4, 905.1 ], [ 3985.2, 904.4 ], [ 3985.8, 903.2 ], [ 3985.9, 901.9 ], [ 3985.8, 899.9 ], [ 3985.4, 898.2 ], [ 3984.9, 897.6 ], [ 3984.9, 896.8 ], [ 3983.9, 893.3 ], [ 3983.7, 892.2 ], [ 3984.2, 891.5 ], [ 3984.9, 891.6 ], [ 3985.5, 891.5 ], [ 3985.8, 889.8 ], [ 3985.4, 888.6 ], [ 3984.5, 886.9 ], [ 3983.5, 885.4 ], [ 3982.8, 884.8 ], [ 3982.0, 884.3 ], [ 3981.5, 882.7 ], [ 3981.0, 879.2 ], [ 3980.1, 879.3 ], [ 3975.8, 884.9 ], [ 3975.2, 883.8 ], [ 3975.1, 883.5 ], [ 3975.3, 883.3 ], [ 3977.4, 875.1 ], [ 3978.0, 873.8 ], [ 3979.0, 871.9 ], [ 3978.4, 868.2 ], [ 3976.4, 862.2 ], [ 3974.6, 857.8 ], [ 3974.3, 856.6 ], [ 3973.8, 856.2 ], [ 3972.9, 855.4 ], [ 3971.8, 854.3 ], [ 3971.2, 852.9 ], [ 3971.0, 851.0 ], [ 3971.0, 849.7 ], [ 3970.8, 848.6 ], [ 3970.3, 847.1 ], [ 3965.7, 838.9 ], [ 3964.6, 836.3 ], [ 3963.9, 833.5 ], [ 3963.1, 832.0 ], [ 3958.5, 826.3 ], [ 3957.5, 825.5 ], [ 3956.7, 825.1 ], [ 3956.0, 824.2 ], [ 3955.0, 820.5 ], [ 3953.7, 817.6 ], [ 3950.3, 804.9 ], [ 3949.2, 798.2 ], [ 3949.1, 796.4 ], [ 3949.6, 794.2 ], [ 3949.5, 792.7 ], [ 3947.4, 779.6 ], [ 3946.2, 774.3 ], [ 3946.2, 774.3 ], [ 3946.0, 773.6 ], [ 3944.2, 768.0 ], [ 3942.2, 763.2 ], [ 3936.9, 754.1 ], [ 3935.5, 751.0 ], [ 3934.6, 747.7 ], [ 3934.6, 746.8 ], [ 3934.9, 743.6 ], [ 3934.8, 741.9 ], [ 3934.6, 740.2 ], [ 3934.2, 738.8 ], [ 3932.4, 733.0 ], [ 3931.7, 729.9 ], [ 3931.4, 727.0 ], [ 3931.7, 724.5 ], [ 3932.6, 722.3 ], [ 3932.9, 721.0 ], [ 3933.0, 719.5 ], [ 3933.0, 717.8 ], [ 3932.5, 714.8 ], [ 3932.7, 713.2 ], [ 3931.6, 710.7 ], [ 3931.0, 707.9 ], [ 3931.2, 706.4 ], [ 3933.0, 707.7 ], [ 3933.8, 709.2 ], [ 3934.9, 713.1 ], [ 3935.9, 714.8 ], [ 3935.0, 717.1 ], [ 3935.7, 717.6 ], [ 3936.4, 717.8 ], [ 3936.7, 720.0 ], [ 3936.9, 721.1 ], [ 3936.0, 723.3 ], [ 3938.4, 725.7 ], [ 3939.2, 726.1 ], [ 3939.8, 725.6 ], [ 3940.3, 724.6 ], [ 3940.3, 723.4 ], [ 3938.9, 720.3 ], [ 3938.3, 717.6 ], [ 3938.0, 715.0 ], [ 3938.0, 713.3 ], [ 3937.5, 712.3 ], [ 3936.7, 709.7 ], [ 3936.0, 708.3 ], [ 3935.4, 707.2 ], [ 3934.9, 706.6 ], [ 3933.2, 705.5 ], [ 3932.2, 705.2 ], [ 3931.4, 705.2 ], [ 3930.7, 704.9 ], [ 3930.0, 703.8 ], [ 3929.3, 702.2 ], [ 3929.5, 701.5 ], [ 3929.8, 700.7 ], [ 3929.7, 694.3 ], [ 3931.3, 685.1 ], [ 3931.5, 679.9 ], [ 3930.0, 666.7 ], [ 3929.1, 663.8 ], [ 3928.1, 661.1 ], [ 3927.6, 658.5 ], [ 3928.2, 655.7 ], [ 3934.3, 650.0 ], [ 3934.9, 648.5 ], [ 3939.9, 644.2 ], [ 3941.1, 642.4 ], [ 3943.4, 637.2 ], [ 3944.1, 636.1 ], [ 3945.0, 635.3 ], [ 3947.0, 632.8 ], [ 3949.3, 629.9 ], [ 3950.6, 626.6 ], [ 3951.5, 622.0 ], [ 3951.6, 616.4 ], [ 3950.7, 610.2 ], [ 3950.1, 608.6 ], [ 3948.6, 604.6 ], [ 3948.5, 602.9 ], [ 3948.9, 600.6 ], [ 3948.9, 599.3 ], [ 3947.0, 589.3 ], [ 3946.7, 586.1 ], [ 3946.7, 583.3 ], [ 3947.3, 580.4 ], [ 3948.3, 578.2 ], [ 3949.5, 577.1 ], [ 3950.5, 575.7 ], [ 3952.2, 566.9 ], [ 3956.7, 558.1 ], [ 3962.7, 538.8 ], [ 3964.8, 535.6 ], [ 3967.9, 533.1 ], [ 3982.8, 529.5 ], [ 3986.1, 527.8 ], [ 4000.6, 516.3 ], [ 4021.8, 499.3 ], [ 4025.1, 497.5 ], [ 4026.9, 497.1 ], [ 4027.8, 496.6 ], [ 4028.7, 495.8 ], [ 4029.6, 495.1 ], [ 4030.9, 495.2 ], [ 4031.8, 495.6 ], [ 4031.8, 495.7 ], [ 4031.5, 496.2 ], [ 4031.3, 497.4 ], [ 4031.6, 503.2 ], [ 4032.4, 509.6 ], [ 4033.3, 512.6 ], [ 4034.5, 514.7 ], [ 4040.3, 520.6 ], [ 4061.5, 533.3 ], [ 4068.8, 539.6 ], [ 4076.6, 544.2 ], [ 4081.3, 545.9 ], [ 4084.2, 546.0 ], [ 4085.4, 546.3 ], [ 4085.8, 547.5 ], [ 4086.2, 549.0 ], [ 4086.8, 550.4 ], [ 4089.4, 553.8 ], [ 4089.9, 554.5 ], [ 4091.2, 556.8 ], [ 4092.4, 559.7 ], [ 4094.1, 564.9 ], [ 4095.3, 567.6 ], [ 4096.0, 568.1 ] ] } },
{ "type": "Feature", "properties": { "scalerank": 0, "featurecla": "Coastline" }, "geometry": { "type": "LineString", "coordinates": [ [ 4096.0, 365.5 ], [ 4095.0, 362.3 ], [ 4093.4, 360.7 ], [ 4091.3, 362.4 ], [ 4090.3, 362.4 ], [ 4088.6, 361.7 ], [ 4086.8, 360.6 ], [ 4085.7, 359.7 ], [ 4084.7, 357.7 ], [ 4084.3, 356.0 ], [ 4083.8, 355.2 ], [ 4082.7, 355.9 ], [ 4081.9, 357.6 ], [ 4081.6, 359.3 ], [ 4081.1, 360.2 ], [ 4079.7, 359.2 ], [ 4079.1, 357.8 ], [ 4079.3, 356.1 ], [ 4079.7, 354.3 ], [ 4079.8, 352.7 ], [ 4078.7, 349.9 ], [ 4077.1, 346.4 ], [ 4075.7, 342.5 ], [ 4075.3, 338.9 ], [ 4075.7, 337.4 ], [ 4076.4, 337.1 ], [ 4078.1, 337.4 ], [ 4078.7, 336.9 ], [ 4078.8, 336.2 ], [ 4078.6, 335.4 ], [ 4077.1, 334.4 ], [ 4076.5, 332.4 ], [ 4076.6, 330.6 ], [ 4077.6, 330.4 ], [ 4080.9, 331.3 ], [ 4083.7, 330.2 ], [ 4086.4, 328.5 ], [ 4089.4, 327.5 ], [ 4091.1, 327.9 ], [ 4094.5, 329.3 ], [ 4095.9, 329.5 ], [ 4096.0, 329.5 ] ] } },
{ "type": "Feature", "properties": { "scalerank": 0, "featurecla": "Coastline" }, "geometry": { "type": "LineString", "coordinates": [ [ 4096.0, 325.3 ], [ 4095.4, 323.9 ], [ 4095.5, 322.1 ], [ 4096.0, 321.4 ] ] } },
{ "type": "Feature", "properties": { "scalerank": 0, "featurecla": "Coastline" }, "geometry": { "type": "LineString", "coordinates": [ [ 4096.0, 318.4 ], [ 4094.7, 318.6 ], [ 4093.1, 321.4 ], [ 4091.3, 319.8 ], [ 4089.6, 319.9 ], [ 4086.5, 321.6 ], [ 4080.6, 322.3 ], [ 4078.9, 323.1 ], [ 4077.5, 324.4 ], [ 4076.9, 325.3 ], [ 4076.5, 326.2 ], [ 4076.0, 326.4 ], [ 4073.4, 326.2 ], [ 4071.9, 326.8 ], [ 4067.8, 329.5 ], [ 4069.7, 323.5 ], [ 4070.9, 321.9 ], [ 4073.4, 320.9 ], [ 4073.8, 319.7 ], [ 4067.5, 313.9 ], [ 4066.3, 311.2 ], [ 4062.9, 307.8 ], [ 4062.3, 304.7 ], [ 4063.5, 302.1 ], [ 4068.8, 301.4 ], [ 4070.1, 298.8 ], [ 4071.6, 299.4 ], [ 4073.0, 299.3 ], [ 4074.3, 298.5 ], [ 4076.4, 295.8 ], [ 4076.9, 295.0 ], [ 4076.9, 293.9 ], [ 4076.5, 292.1 ], [ 4075.3, 288.5 ], [ 4073.5, 286.1 ], [ 4071.4, 284.6 ], [ 4069.3, 283.8 ], [ 4070.7, 285.6 ], [ 4073.5, 287.4 ], [ 4074.8, 289.3 ], [ 4074.3, 289.8 ], [ 4072.9, 290.2 ], [ 4072.4, 290.7 ], [ 4071.2, 293.1 ], [ 4071.2, 293.7 ], [ 4071.4, 294.6 ], [ 4071.3, 296.3 ], [ 4070.5, 296.6 ], [ 4069.9, 296.0 ], [ 4069.3, 295.2 ], [ 4068.7, 294.8 ], [ 4063.4, 294.5 ], [ 4061.0, 293.1 ], [ 4058.3, 290.2 ], [ 4058.8, 290.2 ], [ 4059.9, 289.8 ], [ 4060.4, 289.8 ], [ 4059.3, 287.1 ], [ 4059.4, 285.2 ], [ 4062.1, 280.3 ], [ 4062.8, 279.4 ], [ 4063.7, 279.7 ], [ 4065.4, 281.3 ], [ 4063.9, 273.4 ], [ 4059.8, 266.4 ], [ 4057.5, 260.9 ], [ 4061.2, 257.3 ], [ 4062.1, 257.2 ], [ 4063.8, 257.6 ], [ 4064.8, 257.6 ], [ 4065.4, 257.1 ], [ 4066.2, 255.5 ], [ 4067.8, 254.2 ], [ 4068.5, 252.8 ], [ 4069.4, 251.4 ], [ 4070.9, 251.0 ], [ 4075.9, 254.2 ], [ 4076.1, 254.2 ], [ 4077.1, 254.2 ], [ 4077.7, 252.6 ], [ 4077.5, 251.0 ], [ 4076.6, 249.7 ], [ 4075.5, 249.0 ], [ 4076.0, 246.9 ], [ 4077.5, 245.7 ], [ 4084.3, 244.2 ], [ 4087.9, 244.4 ], [ 4091.5, 243.4 ], [ 4095.2, 241.0 ], [ 4096.0, 240.8 ] ] } },
{ "type": "Feature", "properties": { "scalerank": 0, "featurecla": "Coastline" }, "geometry": { "type": "LineString", "coordinates": [ [ 4096.0, 230.0 ], [ 4095.2, 228.9 ], [ 4095.1, 227.3 ], [ 4095.7, 225.5 ], [ 4096.0, 225.1 ] ] } },
{ "type": "Feature", "properties": { "scalerank": 0, "featurecla": "Coastline" }, "geometry": { "type": "LineString", "coordinates": [ [ 4096.0, 116.7 ], [ 4095.3, 116.8 ], [ 4093.7, 117.7 ], [ 4092.7, 119.8 ], [ 4094.0, 120.7 ], [ 4092.0, 122.9 ], [ 4091.4, 123.3 ], [ 4090.4, 123.6 ], [ 4087.5, 123.0 ], [ 4085.4, 123.2 ], [ 4084.2, 124.2 ], [ 4084.4, 125.5 ], [ 4086.6, 126.5 ], [ 4085.4, 127.7 ], [ 4084.0, 127.6 ], [ 4082.6, 126.9 ], [ 4081.2, 126.5 ], [ 4080.6, 126.7 ], [ 4078.0, 129.0 ], [ 4077.3, 129.2 ], [ 4076.2, 128.6 ], [ 4075.4, 131.4 ], [ 4073.9, 131.5 ], [ 4073.1, 130.0 ], [ 4074.0, 128.0 ], [ 4073.7, 126.9 ], [ 4072.4, 127.4 ], [ 4071.8, 128.6 ], [ 4071.5, 130.1 ], [ 4070.9, 131.9 ], [ 4070.0, 133.3 ], [ 4069.0, 134.2 ], [ 4064.1, 136.2 ], [ 4059.6, 142.8 ], [ 4057.1, 141.5 ], [ 4045.0, 145.7 ], [ 4043.9, 145.2 ], [ 4042.7, 143.5 ], [ 4041.8, 143.0 ], [ 4040.9, 143.2 ], [ 4036.1, 145.6 ], [ 4033.2, 147.9 ], [ 4031.4, 148.3 ], [ 4031.8, 145.9 ], [ 4033.9, 139.2 ], [ 4034.8, 137.8 ], [ 4036.8, 136.7 ], [ 4037.7, 135.7 ], [ 4037.6, 134.6 ], [ 4036.8, 133.3 ], [ 4036.4, 132.0 ], [ 4036.4, 130.6 ], [ 4036.7, 128.8 ], [ 4034.1, 130.3 ], [ 4033.4, 131.1 ], [ 4033.0, 132.4 ], [ 4033.0, 134.1 ], [ 4032.7, 135.5 ], [ 4031.7, 136.3 ], [ 4031.1, 137.1 ], [ 4031.1, 138.8 ], [ 4031.2, 140.7 ], [ 4031.1, 142.4 ], [ 4030.5, 143.5 ], [ 4029.1, 145.0 ], [ 4028.6, 146.1 ], [ 4026.9, 151.0 ], [ 4024.6, 154.9 ], [ 4018.5, 160.0 ], [ 4017.8, 162.1 ], [ 4018.3, 164.9 ], [ 4019.6, 167.1 ], [ 4021.1, 167.5 ], [ 4021.3, 168.5 ], [ 4008.7, 173.1 ], [ 4007.9, 174.2 ], [ 4003.1, 174.3 ], [ 4001.4, 175.0 ], [ 4000.1, 176.1 ], [ 3995.7, 178.0 ], [ 3994.3, 178.0 ], [ 3995.5, 176.7 ], [ 3996.8, 172.8 ], [ 3997.8, 171.8 ], [ 4000.7, 170.7 ], [ 4010.5, 163.4 ], [ 4013.5, 162.4 ], [ 4012.4, 159.3 ], [ 4012.5, 158.1 ], [ 4013.4, 158.0 ], [ 4014.3, 158.1 ], [ 4016.9, 157.5 ], [ 4018.6, 156.2 ], [ 4019.8, 153.8 ], [ 4021.0, 150.0 ], [ 4021.6, 146.6 ], [ 4022.0, 141.8 ], [ 4021.8, 138.6 ], [ 4020.8, 140.0 ], [ 4018.0, 152.2 ], [ 4016.5, 155.4 ], [ 4015.0, 155.7 ], [ 4015.0, 155.2 ], [ 4015.0, 154.1 ], [ 4015.1, 153.5 ], [ 4014.2, 153.0 ], [ 4013.3, 152.8 ], [ 4012.5, 153.2 ], [ 4011.9, 154.1 ], [ 4012.3, 155.2 ], [ 4009.1, 154.7 ], [ 4008.6, 156.3 ], [ 4008.6, 157.9 ], [ 4008.1, 158.0 ], [ 4007.4, 157.2 ], [ 4006.8, 155.6 ], [ 4006.7, 150.9 ], [ 4006.6, 150.3 ], [ 4007.7, 148.7 ], [ 4013.0, 145.4 ], [ 4013.7, 143.5 ], [ 4014.8, 139.4 ], [ 4015.8, 138.2 ], [ 4011.5, 137.4 ], [ 4004.3, 140.5 ], [ 4000.7, 141.1 ], [ 3998.7, 140.7 ], [ 3996.9, 139.9 ], [ 3995.3, 138.5 ], [ 3994.4, 136.3 ], [ 3994.5, 134.3 ], [ 3995.3, 132.3 ], [ 3997.2, 128.8 ], [ 3995.3, 127.0 ], [ 3995.0, 128.1 ], [ 3994.7, 130.8 ], [ 3994.5, 131.5 ], [ 3994.0, 132.2 ], [ 3992.7, 133.2 ], [ 3992.2, 134.0 ], [ 3991.7, 131.5 ], [ 3990.6, 130.0 ], [ 3989.2, 129.4 ], [ 3986.4, 129.2 ], [ 3984.5, 127.5 ], [ 3983.4, 126.9 ], [ 3983.9, 125.2 ], [ 3983.6, 123.8 ], [ 3982.9, 122.6 ], [ 3981.8, 121.9 ], [ 3984.5, 113.9 ], [ 3985.7, 111.4 ], [ 3989.7, 105.7 ], [ 3990.6, 103.0 ], [ 3990.7, 101.5 ], [ 3990.7, 98.9 ], [ 3991.1, 97.5 ], [ 3992.8, 95.4 ], [ 3993.3, 94.2 ], [ 3992.9, 92.8 ], [ 3991.3, 92.7 ], [ 3989.7, 95.1 ], [ 3988.5, 98.5 ], [ 3988.1, 101.3 ], [ 3983.5, 100.6 ], [ 3979.1, 103.9 ], [ 3970.3, 115.4 ], [ 3961.3, 119.9 ], [ 3957.4, 122.9 ], [ 3955.3, 123.5 ], [ 3956.1, 121.8 ], [ 3959.6, 118.3 ], [ 3958.0, 118.1 ], [ 3957.7, 117.0 ], [ 3958.5, 113.7 ], [ 3959.2, 112.7 ], [ 3962.4, 110.4 ], [ 3958.8, 111.6 ], [ 3957.1, 112.6 ], [ 3954.1, 116.1 ], [ 3952.4, 117.2 ], [ 3948.3, 118.2 ], [ 3948.8, 117.0 ], [ 3948.7, 116.0 ], [ 3948.5, 115.1 ], [ 3948.6, 113.9 ], [ 3948.9, 113.1 ], [ 3950.1, 111.7 ], [ 3951.2, 108.9 ], [ 3953.1, 105.8 ], [ 3953.1, 103.4 ], [ 3956.1, 98.2 ], [ 3958.1, 96.0 ], [ 3957.9, 93.8 ], [ 3957.1, 92.4 ], [ 3954.5, 96.6 ], [ 3951.8, 97.6 ], [ 3945.6, 98.2 ], [ 3946.4, 93.9 ], [ 3935.1, 99.0 ], [ 3932.5, 99.4 ], [ 3931.5, 99.0 ], [ 3928.7, 96.6 ], [ 3922.8, 93.6 ], [ 3921.2, 93.2 ], [ 3917.8, 93.5 ], [ 3917.1, 92.4 ], [ 3916.6, 90.5 ], [ 3915.9, 89.8 ], [ 3914.9, 92.3 ], [ 3913.8, 94.2 ], [ 3912.4, 94.1 ], [ 3909.7, 91.6 ], [ 3909.6, 91.2 ], [ 3909.5, 89.9 ], [ 3909.4, 89.5 ], [ 3909.0, 89.5 ], [ 3908.2, 89.9 ], [ 3907.8, 89.8 ], [ 3907.1, 89.3 ], [ 3906.5, 89.1 ], [ 3906.2, 88.6 ], [ 3906.2, 86.8 ], [ 3902.5, 87.4 ], [ 3902.7, 86.3 ], [ 3902.8, 84.2 ], [ 3902.9, 83.1 ], [ 3901.4, 82.4 ], [ 3899.1, 82.2 ], [ 3896.9, 82.5 ], [ 3895.5, 83.3 ], [ 3895.0, 85.0 ], [ 3895.7, 86.7 ], [ 3898.3, 90.3 ], [ 3894.7, 89.8 ], [ 3893.0, 90.0 ], [ 3891.6, 91.5 ], [ 3891.5, 88.8 ], [ 3891.7, 84.1 ], [ 3891.3, 80.7 ], [ 3890.8, 78.4 ], [ 3890.7, 76.3 ], [ 3891.3, 74.7 ], [ 3893.2, 73.9 ], [ 3892.0, 72.8 ], [ 3891.4, 71.3 ], [ 3891.3, 69.7 ], [ 3891.7, 67.8 ], [ 3887.3, 72.4 ], [ 3886.2, 74.6 ], [ 3884.8, 76.3 ], [ 3880.9, 77.8 ], [ 3879.9, 79.4 ], [ 3880.0, 80.7 ], [ 3881.0, 82.7 ], [ 3881.0, 84.1 ], [ 3880.7, 85.1 ], [ 3880.5, 85.8 ], [ 3880.6, 86.7 ], [ 3880.9, 88.4 ], [ 3880.3, 90.6 ], [ 3878.3, 92.0 ], [ 3875.8, 92.6 ], [ 3874.1, 92.2 ], [ 3875.7, 89.9 ], [ 3874.0, 86.8 ], [ 3869.0, 81.2 ], [ 3870.2, 80.9 ], [ 3873.8, 81.6 ], [ 3873.6, 80.4 ], [ 3871.7, 80.0 ], [ 3866.5, 80.6 ], [ 3864.3, 81.9 ], [ 3863.4, 82.1 ], [ 3862.7, 81.8 ], [ 3861.3, 80.7 ], [ 3860.5, 80.6 ], [ 3860.3, 79.4 ], [ 3860.8, 79.2 ], [ 3861.1, 79.0 ], [ 3861.6, 78.2 ], [ 3860.2, 76.2 ], [ 3862.7, 76.8 ], [ 3864.0, 76.6 ], [ 3864.4, 75.5 ], [ 3860.2, 73.0 ], [ 3858.4, 72.5 ], [ 3856.6, 70.7 ], [ 3854.9, 68.5 ], [ 3853.8, 66.6 ], [ 3853.7, 65.8 ], [ 3853.8, 65.6 ], [ 3853.8, 65.3 ], [ 3853.4, 64.5 ], [ 3859.2, 65.2 ], [ 3860.1, 64.9 ], [ 3860.3, 62.9 ], [ 3859.7, 61.4 ], [ 3858.7, 60.0 ], [ 3857.7, 58.3 ], [ 3861.3, 57.7 ], [ 3861.1, 56.8 ], [ 3859.5, 56.9 ], [ 3857.8, 56.5 ], [ 3856.0, 55.7 ], [ 3854.4, 54.6 ], [ 3855.4, 53.5 ], [ 3856.0, 53.2 ], [ 3856.8, 53.1 ], [ 3854.8, 51.0 ], [ 3853.7, 50.5 ], [ 3852.7, 50.6 ], [ 3852.8, 48.4 ], [ 3851.9, 46.3 ], [ 3850.7, 45.1 ], [ 3849.7, 45.8 ], [ 3849.1, 45.3 ], [ 3848.5, 44.6 ], [ 3848.0, 43.8 ], [ 3847.6, 42.7 ], [ 3848.1, 41.1 ], [ 3846.3, 38.3 ], [ 3847.2, 37.5 ], [ 3851.1, 37.7 ], [ 3853.0, 37.2 ], [ 3854.2, 35.2 ], [ 3853.2, 34.7 ], [ 3852.3, 34.6 ], [ 3850.5, 34.9 ], [ 3849.9, 34.6 ], [ 3847.9, 32.1 ], [ 3848.6, 31.6 ], [ 3849.7, 29.9 ], [ 3850.3, 29.4 ], [ 3851.0, 29.7 ], [ 3851.8, 30.5 ], [ 3852.6, 31.2 ], [ 3853.5, 31.2 ], [ 3852.7, 29.6 ], [ 3852.1, 28.0 ], [ 3851.5, 26.6 ], [ 3850.8, 26.1 ], [ 3849.9, 26.0 ], [ 3849.4, 25.4 ], [ 3849.0, 24.4 ], [ 3848.5, 23.3 ], [ 3843.9, 16.7 ], [ 3842.4, 15.7 ], [ 3843.2, 13.8 ], [ 3843.6, 13.3 ], [ 3841.2, 12.0 ], [ 3840.3, 10.8 ], [ 3839.7, 8.7 ], [ 3841.3, 8.4 ], [ 3845.0, 10.2 ], [ 3846.8, 10.6 ], [ 3848.3, 9.9 ], [ 3848.1, 9.2 ], [ 3848.0, 8.8 ], [ 3846.6, 7.9 ], [ 3844.8, 7.9 ], [ 3846.6, 6.1 ], [ 3851.3, 7.6 ], [ 3853.3, 6.5 ], [ 3852.1, 5.6 ], [ 3850.8, 4.0 ], [ 3850.1, 2.2 ], [ 3850.8, 0.4 ], [ 3850.6, 0.0 ] ] } },
{ "type": "Feature", "properties": { "scalerank": 0, "featurecla": "Coastline" }, "geometry": { "type": "LineString", "coordinates": [ [ 3522.8, 0.0 ], [ 3524.2, 1.9 ], [ 3526.6, 3.8 ], [ 3529.2, 4.7 ], [ 3529.5, 6.4 ], [ 3535.4, 9.4 ], [ 3533.2, 10.2 ], [ 3530.8, 10.0 ], [ 3525.9, 8.1 ], [ 3527.3, 11.1 ], [ 3529.5, 12.3 ], [ 3531.8, 12.8 ], [ 3533.7, 13.7 ], [ 3530.5, 13.8 ], [ 3529.2, 13.6 ], [ 3524.9, 10.1 ], [ 3523.6, 9.7 ], [ 3522.0, 9.7 ], [ 3522.1, 10.7 ], [ 3524.0, 11.5 ], [ 3526.5, 13.4 ], [ 3528.9, 16.0 ], [ 3530.7, 18.4 ], [ 3532.0, 22.0 ], [ 3531.0, 23.5 ], [ 3529.1, 24.6 ], [ 3528.0, 27.2 ], [ 3530.8, 29.0 ], [ 3530.8, 32.9 ], [ 3530.4, 34.2 ], [ 3529.4, 35.6 ], [ 3531.1, 37.5 ], [ 3531.6, 39.4 ], [ 3530.9, 40.8 ], [ 3529.0, 41.0 ], [ 3529.9, 41.4 ], [ 3531.9, 41.2 ], [ 3532.7, 41.6 ], [ 3533.1, 42.5 ], [ 3533.4, 43.5 ], [ 3533.3, 44.4 ], [ 3532.8, 44.8 ], [ 3532.2, 45.5 ], [ 3531.8, 47.2 ], [ 3531.6, 49.4 ], [ 3531.7, 51.3 ], [ 3532.0, 51.9 ], [ 3532.7, 52.7 ], [ 3533.4, 53.3 ], [ 3532.0, 55.1 ], [ 3531.5, 55.5 ], [ 3535.4, 54.5 ], [ 3537.3, 54.5 ], [ 3538.4, 56.0 ], [ 3534.0, 57.6 ], [ 3532.7, 59.7 ], [ 3532.5, 64.0 ], [ 3532.6, 65.9 ], [ 3532.7, 66.5 ], [ 3534.5, 68.0 ], [ 3535.8, 68.1 ], [ 3536.5, 68.4 ], [ 3536.5, 70.3 ], [ 3536.8, 71.3 ], [ 3537.6, 73.1 ], [ 3537.9, 73.6 ], [ 3539.0, 72.6 ], [ 3539.7, 72.9 ], [ 3540.2, 73.6 ], [ 3543.8, 82.0 ], [ 3543.2, 82.3 ], [ 3542.6, 82.8 ], [ 3542.1, 83.5 ], [ 3542.0, 84.3 ], [ 3542.5, 86.1 ], [ 3543.1, 86.1 ], [ 3543.7, 85.7 ], [ 3544.3, 86.3 ], [ 3544.7, 88.3 ], [ 3544.7, 89.9 ], [ 3544.9, 91.2 ], [ 3546.0, 92.4 ], [ 3547.5, 92.7 ], [ 3548.7, 92.5 ], [ 3549.1, 93.0 ], [ 3548.5, 95.3 ], [ 3547.7, 96.5 ], [ 3545.4, 98.2 ], [ 3543.6, 100.9 ], [ 3541.0, 103.3 ], [ 3539.3, 104.2 ], [ 3539.0, 104.9 ], [ 3539.1, 105.6 ], [ 3539.6, 105.9 ], [ 3540.5, 105.6 ], [ 3542.1, 104.7 ], [ 3542.9, 104.4 ], [ 3544.5, 104.8 ], [ 3546.2, 106.8 ], [ 3548.8, 107.6 ], [ 3553.3, 110.9 ], [ 3550.4, 113.3 ], [ 3550.5, 114.3 ], [ 3551.8, 115.1 ], [ 3553.4, 115.2 ], [ 3554.6, 114.7 ], [ 3554.9, 114.6 ], [ 3556.0, 113.2 ], [ 3557.2, 112.2 ], [ 3567.1, 109.4 ], [ 3569.3, 109.4 ], [ 3570.9, 110.5 ], [ 3572.1, 111.8 ], [ 3575.1, 113.3 ], [ 3576.3, 114.8 ], [ 3575.6, 116.2 ], [ 3573.1, 118.2 ], [ 3572.6, 118.9 ], [ 3573.1, 121.2 ], [ 3574.6, 124.5 ], [ 3575.0, 126.1 ], [ 3576.4, 129.2 ], [ 3579.1, 130.7 ], [ 3584.6, 131.0 ], [ 3584.4, 129.8 ], [ 3582.8, 125.5 ], [ 3585.0, 120.8 ], [ 3588.7, 117.0 ], [ 3596.2, 113.8 ], [ 3598.5, 113.7 ], [ 3600.7, 115.3 ], [ 3602.9, 120.4 ], [ 3603.0, 122.3 ], [ 3602.7, 123.9 ], [ 3602.2, 125.1 ], [ 3601.4, 125.9 ], [ 3601.5, 127.0 ], [ 3603.5, 126.9 ], [ 3605.6, 128.0 ], [ 3609.5, 131.4 ], [ 3612.4, 133.1 ], [ 3612.8, 133.9 ], [ 3613.6, 136.4 ], [ 3613.9, 137.2 ], [ 3616.7, 140.6 ], [ 3619.7, 142.5 ], [ 3626.4, 144.3 ], [ 3625.2, 145.3 ], [ 3623.5, 147.5 ], [ 3622.7, 149.0 ], [ 3622.8, 150.1 ], [ 3624.1, 151.3 ], [ 3624.7, 152.1 ], [ 3625.4, 153.0 ], [ 3626.4, 151.8 ], [ 3628.2, 149.2 ], [ 3629.5, 148.2 ], [ 3630.8, 147.7 ], [ 3631.8, 147.8 ], [ 3634.4, 148.8 ], [ 3639.7, 147.9 ], [ 3641.3, 148.9 ], [ 3641.3, 149.4 ], [ 3641.4, 150.6 ], [ 3641.6, 152.1 ], [ 3641.9, 153.2 ], [ 3642.3, 153.6 ], [ 3644.2, 155.0 ], [ 3644.3, 156.1 ], [ 3643.4, 156.5 ], [ 3642.5, 156.4 ], [ 3641.6, 156.6 ], [ 3640.8, 157.6 ], [ 3652.0, 160.4 ], [ 3655.4, 163.3 ], [ 3652.4, 165.3 ], [ 3639.3, 161.9 ], [ 3636.5, 159.2 ], [ 3631.7, 153.2 ], [ 3633.5, 158.5 ], [ 3637.0, 162.3 ], [ 3640.9, 165.5 ], [ 3643.9, 168.9 ], [ 3642.6, 169.2 ], [ 3641.5, 168.5 ], [ 3639.2, 166.2 ], [ 3640.3, 169.8 ], [ 3642.1, 171.9 ], [ 3646.1, 174.0 ], [ 3648.3, 176.2 ], [ 3649.4, 176.9 ], [ 3650.7, 176.7 ], [ 3651.6, 176.1 ], [ 3652.2, 175.2 ], [ 3652.3, 173.9 ], [ 3652.3, 173.6 ], [ 3652.9, 178.3 ], [ 3653.3, 180.5 ], [ 3653.8, 181.7 ], [ 3655.9, 186.6 ], [ 3656.6, 188.7 ], [ 3657.1, 188.7 ], [ 3657.2, 186.3 ], [ 3656.9, 183.4 ], [ 3656.2, 180.4 ], [ 3655.2, 178.3 ], [ 3656.7, 177.1 ], [ 3658.7, 176.5 ], [ 3660.7, 176.6 ], [ 3663.7, 179.0 ], [ 3666.5, 179.4 ], [ 3667.8, 181.0 ], [ 3668.5, 183.4 ], [ 3669.1, 188.7 ], [ 3669.9, 190.9 ], [ 3673.9, 195.4 ], [ 3674.8, 197.3 ], [ 3673.1, 193.4 ], [ 3671.1, 189.8 ], [ 3669.9, 185.8 ], [ 3670.3, 181.3 ], [ 3673.0, 179.3 ], [ 3674.1, 179.8 ], [ 3674.4, 180.3 ], [ 3674.5, 182.8 ], [ 3675.0, 185.4 ], [ 3675.7, 187.3 ], [ 3680.5, 198.3 ], [ 3684.2, 205.1 ], [ 3685.9, 206.9 ], [ 3689.4, 207.6 ], [ 3691.4, 208.5 ], [ 3692.8, 209.5 ], [ 3693.2, 209.8 ], [ 3693.3, 210.2 ], [ 3693.3, 211.5 ], [ 3693.4, 211.8 ], [ 3694.8, 213.5 ], [ 3695.5, 213.9 ], [ 3696.4, 213.7 ], [ 3696.1, 213.0 ], [ 3695.7, 211.3 ], [ 3695.4, 210.6 ], [ 3696.8, 210.7 ], [ 3698.2, 211.2 ], [ 3698.3, 213.5 ], [ 3699.0, 219.6 ], [ 3699.3, 220.9 ], [ 3696.7, 221.0 ], [ 3695.5, 220.4 ], [ 3688.7, 211.9 ], [ 3685.8, 208.9 ], [ 3683.2, 207.9 ], [ 3684.3, 209.8 ], [ 3687.6, 214.3 ], [ 3688.3, 216.8 ], [ 3687.7, 219.4 ], [ 3683.9, 227.6 ], [ 3682.6, 228.9 ], [ 3680.9, 229.6 ], [ 3677.5, 229.8 ], [ 3675.8, 230.5 ], [ 3674.8, 231.9 ], [ 3674.7, 234.1 ], [ 3676.1, 233.9 ], [ 3678.8, 232.0 ], [ 3698.3, 228.6 ], [ 3701.9, 230.1 ], [ 3701.5, 233.7 ], [ 3700.5, 235.9 ], [ 3699.0, 237.3 ], [ 3694.4, 239.4 ], [ 3693.0, 239.5 ], [ 3691.7, 239.0 ], [ 3690.8, 237.9 ], [ 3689.7, 235.7 ], [ 3689.0, 235.0 ], [ 3688.4, 237.7 ], [ 3687.0, 239.9 ], [ 3685.2, 241.5 ], [ 3679.7, 244.0 ], [ 3678.1, 245.8 ], [ 3678.2, 248.0 ], [ 3675.5, 248.5 ], [ 3675.0, 249.0 ], [ 3675.1, 250.3 ], [ 3674.9, 251.4 ], [ 3674.5, 252.2 ], [ 3673.9, 252.8 ], [ 3677.7, 252.4 ], [ 3677.4, 253.6 ], [ 3676.6, 255.2 ], [ 3675.7, 256.5 ], [ 3675.0, 257.0 ], [ 3674.2, 256.7 ], [ 3673.4, 255.9 ], [ 3672.6, 255.2 ], [ 3671.6, 255.2 ], [ 3673.5, 258.0 ], [ 3674.2, 259.6 ], [ 3673.6, 260.4 ], [ 3672.7, 261.0 ], [ 3671.0, 263.4 ], [ 3667.9, 265.3 ], [ 3664.0, 270.2 ], [ 3659.8, 272.5 ], [ 3658.0, 274.6 ], [ 3655.1, 279.8 ], [ 3652.8, 282.4 ], [ 3650.1, 283.2 ], [ 3644.1, 283.2 ], [ 3644.2, 284.3 ], [ 3647.1, 286.0 ], [ 3646.2, 287.1 ], [ 3644.0, 287.1 ], [ 3643.0, 287.6 ], [ 3644.5, 288.3 ], [ 3645.9, 289.4 ], [ 3645.7, 291.6 ], [ 3647.2, 292.7 ], [ 3649.2, 293.2 ], [ 3650.8, 293.2 ], [ 3648.6, 295.2 ], [ 3643.9, 295.7 ], [ 3639.1, 294.7 ], [ 3636.5, 292.7 ], [ 3637.3, 292.0 ], [ 3638.2, 291.6 ], [ 3639.2, 291.6 ], [ 3640.3, 292.3 ], [ 3639.8, 291.0 ], [ 3639.1, 287.9 ], [ 3638.6, 287.0 ], [ 3637.6, 287.0 ], [ 3636.0, 288.9 ], [ 3635.0, 289.5 ], [ 3634.4, 289.2 ], [ 3633.3, 287.9 ], [ 3632.7, 287.7 ], [ 3632.3, 288.1 ], [ 3631.5, 289.6 ], [ 3631.1, 290.0 ], [ 3630.3, 290.8 ], [ 3630.5, 292.5 ], [ 3631.2, 294.3 ], [ 3632.0, 295.4 ], [ 3629.6, 297.4 ], [ 3628.7, 297.8 ], [ 3627.8, 297.6 ], [ 3625.9, 296.4 ], [ 3624.9, 296.2 ], [ 3637.0, 305.4 ], [ 3634.3, 306.4 ], [ 3633.0, 306.2 ], [ 3633.2, 307.9 ], [ 3639.4, 307.3 ], [ 3641.1, 305.9 ], [ 3641.9, 306.0 ], [ 3642.7, 307.9 ], [ 3643.2, 307.9 ], [ 3645.1, 301.0 ], [ 3649.9, 298.4 ], [ 3655.6, 298.7 ], [ 3660.5, 300.5 ], [ 3660.1, 301.1 ], [ 3659.4, 302.3 ], [ 3659.1, 302.8 ], [ 3661.5, 303.3 ], [ 3662.5, 302.9 ], [ 3663.3, 301.2 ], [ 3660.5, 296.2 ], [ 3659.7, 294.1 ], [ 3663.4, 293.7 ], [ 3660.0, 291.9 ], [ 3658.4, 290.6 ], [ 3657.2, 288.0 ], [ 3661.8, 287.8 ], [ 3664.0, 288.5 ], [ 3666.2, 290.2 ], [ 3666.4, 290.7 ], [ 3667.0, 292.7 ], [ 3667.2, 293.2 ], [ 3673.0, 295.7 ], [ 3672.3, 297.8 ], [ 3671.0, 297.9 ], [ 3669.3, 297.4 ], [ 3667.8, 297.4 ], [ 3669.7, 298.3 ], [ 3672.5, 298.8 ], [ 3675.1, 299.8 ], [ 3676.6, 302.3 ], [ 3676.3, 304.7 ], [ 3674.9, 305.9 ], [ 3670.8, 306.6 ], [ 3669.6, 307.1 ], [ 3668.4, 308.0 ], [ 3667.2, 308.4 ], [ 3665.8, 307.8 ], [ 3664.7, 307.2 ], [ 3662.3, 306.8 ], [ 3661.3, 306.8 ], [ 3654.8, 308.6 ], [ 3652.6, 307.8 ], [ 3652.7, 307.1 ], [ 3652.7, 305.3 ], [ 3652.7, 304.5 ], [ 3651.2, 304.7 ], [ 3649.9, 305.5 ], [ 3648.7, 306.8 ], [ 3647.7, 308.4 ], [ 3648.8, 309.0 ], [ 3649.9, 310.0 ], [ 3650.7, 311.1 ], [ 3651.5, 312.2 ], [ 3651.6, 313.3 ], [ 3648.9, 313.6 ], [ 3648.2, 314.4 ], [ 3649.0, 316.3 ], [ 3653.9, 318.3 ], [ 3655.8, 318.7 ], [ 3658.1, 320.1 ], [ 3660.3, 322.2 ], [ 3661.8, 324.8 ], [ 3653.9, 319.7 ], [ 3652.2, 320.2 ], [ 3652.4, 322.0 ], [ 3653.8, 323.0 ], [ 3655.5, 323.4 ], [ 3656.7, 323.4 ], [ 3657.4, 324.3 ], [ 3658.1, 326.2 ], [ 3659.0, 327.3 ], [ 3660.4, 326.2 ], [ 3660.2, 326.8 ], [ 3660.0, 327.3 ], [ 3659.9, 327.8 ], [ 3659.5, 328.4 ], [ 3659.7, 329.5 ], [ 3661.6, 328.3 ], [ 3662.5, 328.2 ], [ 3663.0, 329.6 ], [ 3663.0, 331.5 ], [ 3662.6, 333.0 ], [ 3661.9, 333.7 ], [ 3660.9, 333.0 ], [ 3659.2, 332.8 ], [ 3656.3, 334.1 ], [ 3653.7, 336.0 ], [ 3652.5, 337.8 ], [ 3653.3, 337.5 ], [ 3654.2, 337.6 ], [ 3654.9, 338.2 ], [ 3655.4, 339.4 ], [ 3648.4, 344.0 ], [ 3646.1, 344.8 ], [ 3647.1, 343.8 ], [ 3649.1, 342.1 ], [ 3650.1, 341.1 ], [ 3648.9, 340.2 ], [ 3649.3, 339.6 ], [ 3649.8, 339.1 ], [ 3649.7, 338.2 ], [ 3648.4, 338.2 ], [ 3647.2, 338.6 ], [ 3646.2, 339.6 ], [ 3645.4, 341.1 ], [ 3644.6, 342.1 ], [ 3642.0, 342.7 ], [ 3641.0, 343.3 ], [ 3640.4, 344.5 ], [ 3639.2, 348.3 ], [ 3638.3, 349.2 ], [ 3634.0, 349.5 ], [ 3634.3, 350.2 ], [ 3634.8, 351.9 ], [ 3635.0, 352.6 ], [ 3632.9, 351.8 ], [ 3632.0, 352.0 ], [ 3631.2, 353.1 ], [ 3632.7, 355.3 ], [ 3631.8, 358.1 ], [ 3630.1, 361.3 ], [ 3629.3, 365.0 ], [ 3629.6, 366.8 ], [ 3630.2, 367.9 ], [ 3630.5, 369.1 ], [ 3630.0, 371.3 ], [ 3629.1, 372.6 ], [ 3627.8, 373.5 ], [ 3626.4, 373.7 ], [ 3625.2, 372.9 ], [ 3625.0, 374.8 ], [ 3625.1, 376.9 ], [ 3625.7, 381.3 ], [ 3624.5, 380.5 ], [ 3623.5, 379.1 ], [ 3623.0, 377.3 ], [ 3623.3, 375.2 ], [ 3622.4, 373.3 ], [ 3622.1, 372.7 ], [ 3621.2, 371.9 ], [ 3620.7, 372.0 ], [ 3620.2, 372.4 ], [ 3619.6, 372.4 ], [ 3618.2, 371.7 ], [ 3617.4, 370.9 ], [ 3615.5, 368.1 ], [ 3614.4, 367.1 ], [ 3614.8, 369.1 ], [ 3616.1, 372.4 ], [ 3617.7, 374.9 ], [ 3617.1, 377.7 ], [ 3616.7, 378.7 ], [ 3616.2, 379.2 ], [ 3615.8, 378.5 ], [ 3615.7, 376.9 ], [ 3615.7, 375.1 ], [ 3615.9, 373.9 ], [ 3613.1, 373.0 ], [ 3612.6, 370.1 ], [ 3612.6, 366.6 ], [ 3611.4, 363.8 ], [ 3611.3, 362.6 ], [ 3612.2, 360.2 ], [ 3612.0, 355.4 ], [ 3611.4, 350.8 ], [ 3611.1, 348.7 ], [ 3610.8, 348.1 ], [ 3611.4, 344.3 ], [ 3611.2, 342.5 ], [ 3610.2, 341.8 ], [ 3609.2, 342.4 ], [ 3608.4, 343.8 ], [ 3608.2, 345.3 ], [ 3608.6, 350.1 ], [ 3608.5, 352.4 ], [ 3607.7, 353.5 ], [ 3606.9, 352.8 ], [ 3603.7, 349.5 ], [ 3603.7, 347.3 ], [ 3604.9, 343.6 ], [ 3605.0, 341.5 ], [ 3604.5, 339.8 ], [ 3603.6, 338.2 ], [ 3602.6, 337.0 ], [ 3601.6, 336.0 ], [ 3603.3, 341.2 ], [ 3602.7, 343.6 ], [ 3601.8, 345.5 ], [ 3600.6, 347.0 ], [ 3599.1, 348.0 ], [ 3600.2, 351.2 ], [ 3600.3, 354.5 ], [ 3600.5, 357.5 ], [ 3602.1, 359.5 ], [ 3601.5, 362.0 ], [ 3601.3, 365.4 ], [ 3601.0, 367.7 ], [ 3600.2, 367.0 ], [ 3599.4, 368.0 ], [ 3599.4, 368.0 ], [ 3599.1, 368.7 ], [ 3598.8, 369.4 ], [ 3599.5, 370.2 ], [ 3600.2, 370.8 ], [ 3601.0, 371.1 ], [ 3601.7, 371.2 ], [ 3601.9, 372.2 ], [ 3601.2, 373.6 ], [ 3602.3, 374.1 ], [ 3603.4, 374.9 ], [ 3603.0, 377.4 ], [ 3601.6, 378.8 ], [ 3599.9, 378.8 ], [ 3598.2, 378.2 ], [ 3596.5, 378.1 ], [ 3597.5, 380.0 ], [ 3598.7, 381.3 ], [ 3601.4, 383.0 ], [ 3601.5, 384.0 ], [ 3599.8, 384.2 ], [ 3600.5, 384.8 ], [ 3601.1, 385.2 ], [ 3598.9, 385.3 ], [ 3592.3, 381.1 ], [ 3589.5, 379.9 ], [ 3589.6, 381.0 ], [ 3591.1, 381.9 ], [ 3591.7, 383.6 ], [ 3591.5, 388.3 ], [ 3591.0, 391.0 ], [ 3591.1, 392.1 ], [ 3591.7, 392.6 ], [ 3592.3, 392.8 ], [ 3594.4, 394.3 ], [ 3592.2, 395.8 ], [ 3582.2, 394.5 ], [ 3585.4, 398.5 ], [ 3586.1, 400.7 ], [ 3584.8, 402.9 ], [ 3580.5, 403.1 ], [ 3578.2, 403.9 ], [ 3578.5, 406.7 ], [ 3569.4, 407.4 ], [ 3566.9, 406.8 ], [ 3565.9, 405.9 ], [ 3564.0, 403.4 ], [ 3562.8, 403.0 ], [ 3561.9, 403.4 ], [ 3559.7, 405.1 ], [ 3558.3, 405.5 ], [ 3559.5, 406.1 ], [ 3562.1, 406.2 ], [ 3563.0, 407.2 ], [ 3563.1, 408.5 ], [ 3562.8, 409.9 ], [ 3562.2, 411.0 ], [ 3561.7, 411.6 ], [ 3563.5, 412.5 ], [ 3566.9, 411.7 ], [ 3568.5, 412.0 ], [ 3568.6, 413.0 ], [ 3567.0, 415.2 ], [ 3566.0, 417.4 ], [ 3565.0, 418.9 ], [ 3563.1, 419.0 ], [ 3558.0, 416.3 ], [ 3555.1, 416.1 ], [ 3553.7, 418.7 ], [ 3557.5, 418.6 ], [ 3559.1, 419.7 ], [ 3560.7, 422.4 ], [ 3558.9, 422.5 ], [ 3552.0, 425.7 ], [ 3523.8, 425.0 ], [ 3495.7, 424.1 ], [ 3495.8, 425.3 ], [ 3496.9, 425.7 ], [ 3497.9, 426.6 ], [ 3498.3, 428.0 ], [ 3497.9, 429.3 ], [ 3496.8, 429.8 ], [ 3493.3, 429.3 ], [ 3491.8, 429.9 ], [ 3491.9, 430.8 ], [ 3492.9, 430.2 ], [ 3493.8, 429.8 ], [ 3494.7, 430.1 ], [ 3495.3, 431.7 ], [ 3496.8, 430.4 ], [ 3500.6, 432.0 ], [ 3502.2, 430.5 ], [ 3503.2, 428.6 ], [ 3504.2, 428.0 ], [ 3505.2, 428.5 ], [ 3507.2, 430.5 ], [ 3507.5, 430.6 ], [ 3507.6, 431.2 ], [ 3507.8, 433.2 ], [ 3508.3, 434.5 ], [ 3509.2, 435.0 ], [ 3510.2, 434.8 ], [ 3510.9, 434.0 ], [ 3511.3, 432.1 ], [ 3511.5, 429.6 ], [ 3511.8, 427.3 ], [ 3512.6, 425.9 ], [ 3513.8, 426.1 ], [ 3518.1, 428.1 ], [ 3519.3, 428.9 ], [ 3528.7, 427.7 ], [ 3530.5, 428.3 ], [ 3532.2, 429.9 ], [ 3533.4, 430.6 ], [ 3536.7, 430.8 ], [ 3538.3, 432.1 ], [ 3538.1, 431.3 ], [ 3537.7, 429.6 ], [ 3537.4, 428.9 ], [ 3540.4, 429.6 ], [ 3541.4, 429.6 ], [ 3540.9, 432.5 ], [ 3541.6, 434.9 ], [ 3543.3, 436.4 ], [ 3545.4, 436.6 ], [ 3544.8, 437.6 ], [ 3544.4, 437.9 ], [ 3544.5, 438.7 ], [ 3546.7, 438.5 ], [ 3546.9, 439.7 ], [ 3546.2, 441.2 ], [ 3547.3, 441.9 ], [ 3550.5, 442.5 ], [ 3555.4, 446.3 ], [ 3553.5, 447.6 ], [ 3549.5, 448.1 ], [ 3547.8, 449.1 ], [ 3548.7, 451.3 ], [ 3547.1, 453.1 ], [ 3544.5, 454.5 ], [ 3542.5, 455.0 ], [ 3542.0, 455.4 ], [ 3541.2, 456.9 ], [ 3540.8, 457.3 ], [ 3540.2, 457.3 ], [ 3539.0, 456.6 ], [ 3538.4, 456.4 ], [ 3528.3, 455.5 ], [ 3523.3, 452.9 ], [ 3515.1, 450.9 ], [ 3512.9, 452.4 ], [ 3515.8, 452.5 ], [ 3533.8, 460.2 ], [ 3536.5, 460.3 ], [ 3537.7, 460.9 ], [ 3538.6, 462.8 ], [ 3538.8, 464.3 ], [ 3538.6, 465.6 ], [ 3538.6, 466.9 ], [ 3539.1, 468.2 ], [ 3539.8, 468.0 ], [ 3541.0, 467.3 ], [ 3542.0, 466.4 ], [ 3542.2, 465.8 ], [ 3543.2, 466.5 ], [ 3543.7, 467.3 ], [ 3544.3, 470.9 ], [ 3532.5, 469.8 ], [ 3534.0, 471.3 ], [ 3537.2, 473.4 ], [ 3538.6, 474.6 ], [ 3538.4, 476.3 ], [ 3538.7, 477.3 ], [ 3539.7, 477.7 ], [ 3540.6, 477.4 ], [ 3541.0, 476.8 ], [ 3540.9, 475.8 ], [ 3540.2, 474.5 ], [ 3544.9, 473.0 ], [ 3546.5, 473.2 ], [ 3546.0, 476.0 ], [ 3545.6, 476.3 ], [ 3544.2, 476.1 ], [ 3543.8, 476.2 ], [ 3543.7, 476.7 ], [ 3543.8, 477.7 ], [ 3543.8, 478.7 ], [ 3543.5, 479.4 ], [ 3542.6, 480.1 ], [ 3539.7, 480.9 ], [ 3539.8, 481.9 ], [ 3541.7, 482.2 ], [ 3548.1, 485.3 ], [ 3547.4, 486.3 ], [ 3547.1, 486.5 ], [ 3548.2, 487.4 ], [ 3549.3, 489.0 ], [ 3550.1, 490.9 ], [ 3550.6, 493.1 ], [ 3550.6, 495.2 ], [ 3550.3, 495.6 ], [ 3549.5, 495.2 ], [ 3548.5, 495.0 ], [ 3547.9, 495.5 ], [ 3548.2, 496.4 ], [ 3549.1, 497.4 ], [ 3549.9, 498.0 ], [ 3547.7, 503.1 ], [ 3542.9, 500.5 ], [ 3537.5, 495.5 ], [ 3533.6, 493.1 ], [ 3535.0, 495.7 ], [ 3538.6, 498.5 ], [ 3540.0, 501.1 ], [ 3539.5, 501.1 ], [ 3538.4, 501.3 ], [ 3537.8, 501.3 ], [ 3540.0, 504.2 ], [ 3543.1, 507.6 ], [ 3545.1, 510.4 ], [ 3543.4, 511.4 ], [ 3543.8, 513.4 ], [ 3543.5, 514.5 ], [ 3542.6, 515.0 ], [ 3541.4, 514.9 ], [ 3543.2, 516.0 ], [ 3544.7, 516.5 ], [ 3546.1, 517.3 ], [ 3547.5, 519.5 ], [ 3546.9, 520.9 ], [ 3546.3, 521.3 ], [ 3545.5, 520.9 ], [ 3544.7, 519.8 ], [ 3542.5, 521.6 ], [ 3542.2, 522.5 ], [ 3543.4, 524.1 ], [ 3541.6, 523.2 ], [ 3539.4, 518.7 ], [ 3538.3, 518.3 ], [ 3537.3, 520.0 ], [ 3538.0, 522.0 ], [ 3540.2, 525.6 ], [ 3541.2, 525.3 ], [ 3542.4, 525.4 ], [ 3542.5, 525.5 ], [ 3543.6, 528.3 ], [ 3544.5, 529.6 ], [ 3545.3, 528.8 ], [ 3546.1, 527.6 ], [ 3546.7, 527.8 ], [ 3547.2, 529.3 ], [ 3547.6, 531.8 ], [ 3548.2, 532.6 ], [ 3550.6, 535.0 ], [ 3551.4, 536.2 ], [ 3550.0, 536.3 ], [ 3546.7, 534.5 ], [ 3547.7, 536.8 ], [ 3550.3, 538.9 ], [ 3550.7, 540.5 ], [ 3550.0, 542.3 ], [ 3548.6, 542.4 ], [ 3547.1, 541.6 ], [ 3545.9, 540.5 ], [ 3543.9, 536.8 ], [ 3543.2, 536.4 ], [ 3543.2, 539.6 ], [ 3542.6, 540.7 ], [ 3541.0, 541.0 ], [ 3537.6, 540.7 ], [ 3537.8, 539.3 ], [ 3537.6, 538.0 ], [ 3537.2, 536.7 ], [ 3536.6, 535.5 ], [ 3537.5, 535.3 ], [ 3538.4, 535.4 ], [ 3539.2, 535.8 ], [ 3540.0, 536.3 ], [ 3528.3, 525.4 ], [ 3527.5, 525.5 ], [ 3527.0, 526.4 ], [ 3526.8, 527.8 ], [ 3527.1, 528.8 ], [ 3527.8, 529.9 ], [ 3530.4, 532.7 ], [ 3535.3, 534.5 ], [ 3534.9, 535.1 ], [ 3534.3, 536.4 ], [ 3533.9, 536.9 ], [ 3534.5, 538.4 ], [ 3534.8, 539.8 ], [ 3534.5, 541.1 ], [ 3533.8, 542.1 ], [ 3532.1, 540.6 ], [ 3530.4, 539.6 ], [ 3526.7, 538.5 ], [ 3528.0, 540.4 ], [ 3527.5, 541.6 ], [ 3526.9, 541.1 ], [ 3525.2, 540.7 ], [ 3525.3, 541.8 ], [ 3544.9, 560.3 ], [ 3547.7, 562.2 ], [ 3547.2, 563.3 ], [ 3545.8, 562.9 ], [ 3541.6, 560.4 ], [ 3540.3, 559.2 ], [ 3532.8, 549.8 ], [ 3521.9, 542.1 ], [ 3522.8, 544.8 ], [ 3523.9, 546.5 ], [ 3527.0, 549.1 ], [ 3532.0, 552.0 ], [ 3536.0, 556.3 ], [ 3536.8, 557.5 ], [ 3537.4, 558.7 ], [ 3538.1, 559.6 ], [ 3539.2, 559.9 ], [ 3540.2, 560.4 ], [ 3543.3, 563.2 ], [ 3544.5, 564.6 ], [ 3543.5, 565.8 ], [ 3545.2, 565.6 ], [ 3546.8, 566.1 ], [ 3548.1, 567.4 ], [ 3549.1, 569.5 ], [ 3547.3, 569.6 ], [ 3547.4, 570.7 ], [ 3548.5, 570.6 ], [ 3548.6, 571.7 ], [ 3543.0, 571.7 ], [ 3540.4, 570.9 ], [ 3537.6, 569.5 ], [ 3538.3, 570.8 ], [ 3540.0, 572.4 ], [ 3540.8, 573.4 ], [ 3541.8, 575.8 ], [ 3541.7, 577.1 ], [ 3540.7, 577.4 ], [ 3538.8, 576.8 ], [ 3539.7, 578.3 ], [ 3540.7, 578.6 ], [ 3541.7, 578.7 ], [ 3542.6, 579.6 ], [ 3543.2, 581.5 ], [ 3542.9, 582.2 ], [ 3542.2, 582.6 ], [ 3541.5, 583.5 ], [ 3540.8, 584.6 ], [ 3538.7, 587.1 ], [ 3538.2, 587.6 ], [ 3537.6, 587.0 ], [ 3537.3, 585.6 ], [ 3537.1, 583.9 ], [ 3537.1, 582.3 ], [ 3536.5, 583.2 ], [ 3535.8, 583.5 ], [ 3535.0, 583.3 ], [ 3534.1, 582.6 ], [ 3535.1, 584.3 ], [ 3535.6, 584.9 ], [ 3536.2, 585.5 ], [ 3535.2, 587.4 ], [ 3534.6, 587.9 ], [ 3534.7, 588.9 ], [ 3536.7, 589.8 ], [ 3536.8, 590.9 ], [ 3534.5, 591.1 ], [ 3534.6, 592.0 ], [ 3541.0, 591.7 ], [ 3544.2, 592.6 ], [ 3547.2, 598.8 ], [ 3549.4, 602.6 ], [ 3550.4, 605.3 ], [ 3547.9, 604.8 ], [ 3549.2, 607.3 ], [ 3548.8, 608.0 ], [ 3547.6, 608.2 ], [ 3546.6, 609.2 ], [ 3546.3, 611.0 ], [ 3546.9, 612.6 ], [ 3548.2, 613.7 ], [ 3549.9, 614.1 ], [ 3548.6, 615.2 ], [ 3547.1, 615.8 ], [ 3546.3, 617.0 ], [ 3547.0, 619.7 ], [ 3542.0, 619.2 ], [ 3540.0, 620.1 ], [ 3539.2, 623.6 ], [ 3542.3, 625.5 ], [ 3541.7, 627.0 ], [ 3540.9, 627.7 ], [ 3540.8, 628.4 ], [ 3542.2, 629.7 ], [ 3536.1, 634.1 ], [ 3535.0, 637.2 ], [ 3537.6, 642.0 ], [ 3535.4, 644.5 ], [ 3535.1, 648.3 ], [ 3536.1, 652.4 ], [ 3537.7, 655.7 ], [ 3540.5, 659.7 ], [ 3541.6, 660.8 ], [ 3542.5, 661.2 ], [ 3543.0, 660.9 ], [ 3543.5, 660.9 ], [ 3544.4, 662.1 ], [ 3546.2, 665.6 ], [ 3545.0, 666.6 ], [ 3545.7, 668.3 ], [ 3547.0, 670.2 ], [ 3547.9, 671.9 ], [ 3546.9, 672.1 ], [ 3543.8, 671.2 ], [ 3543.6, 670.8 ], [ 3543.7, 670.1 ], [ 3543.6, 669.4 ], [ 3543.0, 669.1 ], [ 3542.4, 669.3 ], [ 3542.2, 669.7 ], [ 3542.1, 670.1 ], [ 3542.0, 670.3 ], [ 3541.7, 670.7 ], [ 3541.6, 671.5 ], [ 3541.5, 672.4 ], [ 3541.3, 673.0 ], [ 3541.0, 673.3 ], [ 3540.7, 673.1 ], [ 3540.3, 672.7 ], [ 3538.9, 672.5 ], [ 3536.8, 671.9 ], [ 3535.8, 671.9 ], [ 3536.5, 673.0 ], [ 3537.3, 673.9 ], [ 3538.1, 674.5 ], [ 3538.9, 674.8 ], [ 3539.0, 676.0 ], [ 3537.3, 676.2 ], [ 3536.3, 677.7 ], [ 3536.1, 680.3 ], [ 3536.8, 683.5 ], [ 3537.9, 685.3 ], [ 3539.0, 686.4 ], [ 3539.6, 687.5 ], [ 3539.4, 689.2 ], [ 3537.5, 693.6 ], [ 3537.6, 694.6 ], [ 3538.3, 698.7 ], [ 3538.4, 700.4 ], [ 3538.3, 702.0 ], [ 3536.7, 709.7 ], [ 3536.7, 711.1 ], [ 3537.5, 712.8 ], [ 3538.7, 713.4 ], [ 3539.7, 712.7 ], [ 3540.5, 711.5 ], [ 3541.4, 710.9 ], [ 3542.2, 711.3 ], [ 3542.5, 712.6 ], [ 3542.4, 714.0 ], [ 3542.1, 715.0 ], [ 3541.1, 715.5 ], [ 3538.7, 714.6 ], [ 3537.4, 714.4 ], [ 3536.1, 714.9 ], [ 3534.5, 716.5 ], [ 3533.2, 716.9 ], [ 3532.9, 717.8 ], [ 3533.6, 719.6 ], [ 3535.2, 722.6 ], [ 3535.9, 727.5 ], [ 3536.0, 730.4 ], [ 3535.6, 732.6 ], [ 3534.6, 733.8 ], [ 3533.2, 734.4 ], [ 3531.7, 734.4 ], [ 3529.6, 732.9 ], [ 3528.5, 733.3 ], [ 3527.5, 734.1 ], [ 3526.6, 734.6 ], [ 3525.8, 735.2 ], [ 3525.2, 736.5 ], [ 3523.7, 741.0 ], [ 3523.5, 741.9 ], [ 3523.6, 742.6 ], [ 3523.6, 744.3 ], [ 3523.6, 747.6 ], [ 3523.7, 751.2 ], [ 3523.3, 752.8 ], [ 3520.9, 753.2 ], [ 3520.5, 754.8 ], [ 3520.2, 757.8 ], [ 3516.8, 766.3 ], [ 3515.4, 772.0 ], [ 3514.0, 785.1 ], [ 3512.7, 797.7 ], [ 3512.2, 798.6 ], [ 3511.3, 799.2 ], [ 3510.9, 800.5 ], [ 3510.7, 802.1 ], [ 3510.3, 803.5 ], [ 3509.0, 805.4 ], [ 3505.9, 808.8 ], [ 3504.6, 810.9 ], [ 3500.6, 822.4 ], [ 3498.9, 825.1 ], [ 3497.4, 825.0 ], [ 3495.7, 823.6 ], [ 3493.2, 822.5 ], [ 3495.3, 817.1 ], [ 3495.7, 814.0 ], [ 3493.9, 812.8 ], [ 3489.8, 814.9 ], [ 3487.6, 815.0 ], [ 3485.8, 812.4 ], [ 3484.9, 813.2 ], [ 3484.4, 812.8 ], [ 3483.9, 812.0 ], [ 3483.0, 811.6 ], [ 3482.0, 811.4 ], [ 3480.6, 810.1 ], [ 3479.9, 809.8 ], [ 3478.6, 811.3 ], [ 3477.1, 814.0 ], [ 3475.5, 815.4 ], [ 3474.0, 813.4 ], [ 3474.5, 812.4 ], [ 3475.1, 810.5 ], [ 3475.3, 808.8 ], [ 3474.4, 808.0 ], [ 3473.3, 808.5 ], [ 3470.3, 811.5 ], [ 3466.8, 813.7 ], [ 3466.3, 814.5 ], [ 3466.3, 816.9 ], [ 3466.0, 817.5 ], [ 3464.1, 816.2 ], [ 3463.4, 815.5 ], [ 3462.6, 814.5 ], [ 3461.6, 813.7 ], [ 3460.3, 813.4 ], [ 3459.1, 813.7 ], [ 3458.2, 814.5 ], [ 3457.0, 816.8 ], [ 3456.5, 818.3 ], [ 3456.6, 819.3 ], [ 3456.2, 819.9 ], [ 3452.4, 820.5 ], [ 3451.2, 820.2 ], [ 3450.1, 819.4 ], [ 3451.7, 818.4 ], [ 3452.4, 818.3 ], [ 3451.8, 816.8 ], [ 3449.6, 813.1 ], [ 3448.0, 815.9 ], [ 3444.7, 818.3 ], [ 3441.2, 819.2 ], [ 3438.4, 817.6 ], [ 3437.7, 817.0 ], [ 3437.0, 817.3 ], [ 3436.4, 818.0 ], [ 3435.8, 818.3 ], [ 3432.5, 818.6 ], [ 3431.8, 818.1 ], [ 3431.3, 815.4 ], [ 3430.7, 814.5 ], [ 3430.1, 814.6 ], [ 3428.1, 815.6 ], [ 3427.2, 815.8 ], [ 3427.6, 816.7 ], [ 3428.4, 819.1 ], [ 3428.8, 820.0 ], [ 3423.4, 818.0 ], [ 3420.3, 817.6 ], [ 3418.2, 819.0 ], [ 3416.4, 819.7 ], [ 3413.5, 819.3 ], [ 3411.3, 819.6 ], [ 3411.7, 822.1 ], [ 3410.0, 823.0 ], [ 3408.5, 821.9 ], [ 3406.9, 820.3 ], [ 3405.0, 819.4 ], [ 3400.7, 819.7 ], [ 3398.7, 820.8 ], [ 3397.5, 823.1 ], [ 3397.4, 824.4 ], [ 3397.3, 826.2 ], [ 3397.5, 827.8 ], [ 3398.2, 828.4 ], [ 3399.4, 828.8 ], [ 3400.1, 830.0 ], [ 3400.6, 831.4 ], [ 3401.1, 832.6 ], [ 3403.8, 836.1 ], [ 3404.8, 837.9 ], [ 3405.8, 840.6 ], [ 3404.9, 841.2 ], [ 3403.8, 842.2 ], [ 3402.9, 843.4 ], [ 3402.2, 844.6 ], [ 3401.6, 845.3 ], [ 3401.1, 844.7 ], [ 3400.6, 843.1 ], [ 3398.9, 843.2 ], [ 3398.4, 844.5 ], [ 3397.9, 845.1 ], [ 3397.2, 845.0 ], [ 3396.5, 844.6 ], [ 3395.8, 844.5 ], [ 3393.4, 844.6 ], [ 3392.5, 844.5 ], [ 3392.3, 843.9 ], [ 3393.4, 842.4 ], [ 3392.6, 841.6 ], [ 3391.9, 840.6 ], [ 3391.4, 839.2 ], [ 3391.3, 837.3 ], [ 3389.6, 839.7 ], [ 3388.6, 838.6 ], [ 3388.2, 837.9 ], [ 3388.3, 837.5 ], [ 3387.3, 838.0 ], [ 3385.4, 839.6 ], [ 3384.6, 840.0 ], [ 3382.3, 840.6 ], [ 3380.8, 842.1 ], [ 3378.2, 846.7 ], [ 3375.2, 850.9 ], [ 3373.4, 852.7 ], [ 3371.7, 853.5 ], [ 3370.1, 854.9 ], [ 3369.1, 857.9 ], [ 3368.4, 860.8 ], [ 3367.5, 862.2 ], [ 3364.1, 864.4 ], [ 3361.2, 869.5 ], [ 3359.4, 876.0 ], [ 3358.9, 882.5 ], [ 3358.8, 888.4 ], [ 3359.1, 890.9 ], [ 3360.2, 893.5 ], [ 3361.7, 895.2 ], [ 3365.3, 897.6 ], [ 3366.5, 899.4 ], [ 3366.8, 901.1 ], [ 3366.8, 902.7 ], [ 3367.0, 904.5 ], [ 3367.8, 906.3 ], [ 3368.8, 907.4 ], [ 3370.9, 909.3 ], [ 3374.9, 915.1 ], [ 3375.9, 917.8 ], [ 3375.7, 921.2 ], [ 3374.5, 923.3 ], [ 3370.1, 929.0 ], [ 3368.7, 930.2 ], [ 3367.6, 931.4 ], [ 3364.1, 938.9 ], [ 3362.5, 941.3 ], [ 3360.9, 942.7 ], [ 3359.0, 943.4 ], [ 3353.3, 943.7 ], [ 3350.6, 943.3 ], [ 3348.1, 942.4 ], [ 3340.8, 938.2 ], [ 3338.5, 937.4 ], [ 3335.6, 937.3 ], [ 3334.3, 937.6 ], [ 3332.1, 939.1 ], [ 3330.9, 939.7 ], [ 3329.6, 939.7 ], [ 3325.3, 939.0 ], [ 3313.7, 940.5 ], [ 3312.2, 941.1 ], [ 3311.2, 942.3 ], [ 3310.5, 943.7 ], [ 3309.4, 945.1 ], [ 3308.1, 945.8 ], [ 3304.3, 945.3 ], [ 3301.3, 946.2 ], [ 3293.4, 952.2 ], [ 3290.9, 953.3 ], [ 3284.8, 954.1 ], [ 3282.0, 953.8 ], [ 3267.2, 949.1 ], [ 3262.4, 949.1 ], [ 3260.6, 948.6 ], [ 3259.7, 948.4 ], [ 3259.1, 948.2 ], [ 3257.7, 946.9 ], [ 3256.9, 946.4 ], [ 3255.0, 946.0 ], [ 3253.2, 946.6 ], [ 3252.3, 947.2 ], [ 3251.0, 948.6 ], [ 3250.0, 948.8 ], [ 3249.1, 948.7 ], [ 3247.9, 948.0 ], [ 3246.9, 947.9 ], [ 3245.2, 948.7 ], [ 3243.5, 949.8 ], [ 3242.3, 949.7 ], [ 3241.8, 947.0 ], [ 3244.3, 941.6 ], [ 3244.9, 941.5 ], [ 3245.4, 941.6 ], [ 3245.9, 942.0 ], [ 3246.7, 943.1 ], [ 3248.4, 944.0 ], [ 3250.6, 943.8 ], [ 3252.6, 942.8 ], [ 3253.6, 941.2 ], [ 3253.0, 939.2 ], [ 3253.3, 938.2 ], [ 3254.1, 938.2 ], [ 3255.3, 939.1 ], [ 3254.3, 934.9 ], [ 3249.8, 928.2 ], [ 3248.7, 924.0 ], [ 3249.5, 919.0 ], [ 3251.9, 916.0 ], [ 3257.8, 911.3 ], [ 3258.7, 909.9 ], [ 3259.6, 908.1 ], [ 3260.2, 905.9 ], [ 3260.4, 903.8 ], [ 3259.7, 900.8 ], [ 3258.4, 899.1 ], [ 3257.1, 898.0 ], [ 3255.7, 895.6 ], [ 3254.1, 896.1 ], [ 3252.5, 896.1 ], [ 3251.6, 893.0 ], [ 3249.5, 893.3 ], [ 3247.8, 892.7 ], [ 3246.7, 890.5 ], [ 3247.8, 890.2 ], [ 3248.5, 889.6 ], [ 3248.8, 888.3 ], [ 3248.9, 886.3 ], [ 3247.6, 879.6 ], [ 3244.4, 876.7 ], [ 3240.8, 875.0 ], [ 3238.1, 871.8 ], [ 3237.1, 869.4 ], [ 3236.8, 868.2 ], [ 3236.7, 866.0 ], [ 3236.4, 865.3 ], [ 3235.8, 864.5 ], [ 3235.1, 863.8 ], [ 3234.5, 863.5 ], [ 3233.3, 862.4 ], [ 3232.7, 859.9 ], [ 3232.2, 857.1 ], [ 3231.4, 855.1 ], [ 3229.9, 853.6 ], [ 3228.5, 852.8 ], [ 3227.5, 851.4 ], [ 3227.0, 848.4 ], [ 3226.4, 846.7 ], [ 3218.3, 837.0 ], [ 3217.7, 836.0 ], [ 3214.1, 828.6 ], [ 3213.1, 827.1 ], [ 3212.2, 822.2 ], [ 3211.8, 820.8 ], [ 3209.5, 816.3 ], [ 3208.4, 812.7 ], [ 3204.9, 810.3 ], [ 3203.6, 808.4 ], [ 3220.7, 815.1 ], [ 3221.4, 815.6 ], [ 3222.5, 817.8 ], [ 3223.2, 818.3 ], [ 3223.9, 818.6 ], [ 3225.2, 820.0 ], [ 3226.0, 820.3 ], [ 3226.7, 820.1 ], [ 3227.9, 819.3 ], [ 3228.6, 819.1 ], [ 3232.2, 819.4 ], [ 3233.9, 819.1 ], [ 3235.3, 817.8 ], [ 3236.4, 815.6 ], [ 3236.8, 813.2 ], [ 3236.4, 811.2 ], [ 3232.3, 809.0 ], [ 3230.4, 805.7 ], [ 3227.4, 799.0 ], [ 3219.7, 793.6 ], [ 3217.6, 790.1 ], [ 3220.4, 784.4 ], [ 3225.2, 782.4 ], [ 3235.7, 785.8 ], [ 3240.4, 783.7 ], [ 3241.6, 781.8 ], [ 3242.8, 778.9 ], [ 3243.8, 775.6 ], [ 3244.1, 772.4 ], [ 3243.6, 769.3 ], [ 3240.7, 762.3 ], [ 3238.9, 755.5 ], [ 3237.6, 753.7 ], [ 3235.1, 753.1 ], [ 3233.0, 753.4 ], [ 3229.7, 754.8 ], [ 3228.3, 755.0 ], [ 3227.0, 754.9 ], [ 3225.7, 754.5 ], [ 3221.1, 749.7 ], [ 3220.2, 747.8 ], [ 3219.5, 744.3 ], [ 3218.2, 742.7 ], [ 3216.6, 741.4 ], [ 3215.2, 739.0 ], [ 3213.2, 733.2 ], [ 3213.5, 729.8 ], [ 3213.3, 728.1 ], [ 3207.7, 724.3 ], [ 3207.3, 723.8 ], [ 3207.2, 723.2 ], [ 3207.2, 722.6 ], [ 3207.0, 722.3 ], [ 3206.5, 721.9 ], [ 3205.1, 721.6 ], [ 3204.6, 721.3 ], [ 3202.9, 718.3 ], [ 3202.0, 717.5 ], [ 3199.2, 716.9 ], [ 3197.0, 715.5 ], [ 3193.9, 714.6 ], [ 3192.2, 712.9 ], [ 3191.2, 710.2 ], [ 3190.8, 706.9 ], [ 3191.0, 706.1 ], [ 3191.6, 704.7 ], [ 3191.8, 704.2 ], [ 3191.7, 703.3 ], [ 3191.3, 701.8 ], [ 3191.2, 701.0 ], [ 3191.0, 700.1 ], [ 3190.4, 699.0 ], [ 3189.7, 697.9 ], [ 3187.0, 696.7 ], [ 3184.4, 694.7 ], [ 3182.3, 692.0 ], [ 3182.0, 689.2 ], [ 3181.4, 688.8 ], [ 3179.7, 687.1 ], [ 3181.2, 684.7 ], [ 3180.8, 682.6 ], [ 3178.2, 678.6 ], [ 3177.9, 677.4 ], [ 3177.5, 674.3 ], [ 3177.5, 672.9 ], [ 3177.0, 672.9 ], [ 3174.4, 673.1 ], [ 3173.4, 672.5 ], [ 3175.9, 670.0 ], [ 3176.8, 668.6 ], [ 3175.9, 668.1 ], [ 3174.0, 668.1 ], [ 3172.3, 667.7 ], [ 3170.8, 666.8 ], [ 3169.1, 665.1 ], [ 3171.5, 665.1 ], [ 3172.6, 664.7 ], [ 3173.7, 664.0 ], [ 3172.5, 663.3 ], [ 3171.2, 663.0 ], [ 3168.5, 663.0 ], [ 3168.5, 662.0 ], [ 3169.4, 661.1 ], [ 3169.9, 660.0 ], [ 3170.5, 659.1 ], [ 3172.4, 658.4 ], [ 3172.8, 657.5 ], [ 3172.7, 656.4 ], [ 3172.3, 655.5 ], [ 3172.4, 653.7 ], [ 3171.7, 652.2 ], [ 3170.8, 651.1 ], [ 3169.8, 650.3 ], [ 3169.6, 649.9 ], [ 3169.3, 649.1 ], [ 3168.9, 648.5 ], [ 3168.3, 648.2 ], [ 3167.7, 648.4 ], [ 3166.3, 649.3 ], [ 3165.8, 649.3 ], [ 3164.3, 647.6 ], [ 3165.4, 645.6 ], [ 3167.5, 643.3 ], [ 3169.0, 640.7 ], [ 3165.0, 640.9 ], [ 3166.8, 639.6 ], [ 3167.5, 638.2 ], [ 3167.3, 636.4 ], [ 3164.6, 630.9 ], [ 3164.1, 630.3 ], [ 3163.2, 630.5 ], [ 3162.7, 631.2 ], [ 3162.2, 632.1 ], [ 3161.6, 632.5 ], [ 3160.3, 634.8 ], [ 3159.4, 645.4 ], [ 3158.4, 648.4 ], [ 3157.7, 645.8 ], [ 3155.9, 646.3 ], [ 3154.5, 646.3 ], [ 3155.3, 642.2 ], [ 3154.4, 642.3 ], [ 3153.5, 642.3 ], [ 3152.6, 641.9 ], [ 3151.8, 641.2 ], [ 3152.8, 639.8 ], [ 3152.6, 637.8 ], [ 3152.0, 635.3 ], [ 3151.6, 632.8 ], [ 3151.8, 630.3 ], [ 3152.6, 628.5 ], [ 3153.6, 627.3 ], [ 3154.9, 626.4 ], [ 3153.4, 625.2 ], [ 3151.9, 624.3 ], [ 3152.5, 624.1 ], [ 3153.6, 623.1 ], [ 3151.8, 621.6 ], [ 3151.3, 621.2 ], [ 3152.4, 618.7 ], [ 3151.6, 610.1 ], [ 3152.0, 606.2 ], [ 3151.6, 605.9 ], [ 3150.7, 605.3 ], [ 3150.3, 605.2 ], [ 3149.9, 607.4 ], [ 3148.9, 608.5 ], [ 3147.9, 608.4 ], [ 3147.4, 606.9 ], [ 3147.0, 604.5 ], [ 3146.3, 602.9 ], [ 3145.5, 601.5 ], [ 3145.0, 600.0 ], [ 3145.7, 596.7 ], [ 3151.1, 596.0 ], [ 3152.2, 593.5 ], [ 3150.4, 594.5 ], [ 3148.1, 595.1 ], [ 3145.8, 595.1 ], [ 3143.7, 594.8 ], [ 3139.4, 592.4 ], [ 3137.5, 592.2 ], [ 3137.9, 594.9 ], [ 3136.8, 595.4 ], [ 3135.3, 595.3 ], [ 3134.1, 594.6 ], [ 3133.9, 592.9 ], [ 3134.1, 591.0 ], [ 3141.8, 582.7 ], [ 3142.5, 581.6 ], [ 3142.2, 580.5 ], [ 3140.7, 580.2 ], [ 3138.8, 580.5 ], [ 3137.6, 581.2 ], [ 3135.5, 578.4 ], [ 3133.8, 575.3 ], [ 3132.0, 573.1 ], [ 3129.5, 572.9 ], [ 3131.3, 570.6 ], [ 3132.3, 569.9 ], [ 3133.3, 569.6 ], [ 3132.4, 566.4 ], [ 3133.5, 564.8 ], [ 3137.7, 563.0 ], [ 3137.7, 562.1 ], [ 3136.6, 562.1 ], [ 3136.6, 561.0 ], [ 3137.4, 560.7 ], [ 3137.7, 560.4 ], [ 3138.2, 558.9 ], [ 3135.7, 557.4 ], [ 3136.2, 554.8 ], [ 3139.7, 548.2 ], [ 3140.6, 544.3 ], [ 3140.8, 542.1 ], [ 3140.3, 540.2 ], [ 3139.5, 538.7 ], [ 3139.0, 537.1 ], [ 3139.3, 535.7 ], [ 3140.4, 534.4 ], [ 3140.2, 533.8 ], [ 3140.0, 533.4 ], [ 3139.8, 532.3 ], [ 3141.8, 531.8 ], [ 3142.6, 529.0 ], [ 3143.0, 518.8 ], [ 3143.3, 517.7 ], [ 3144.2, 517.3 ], [ 3145.3, 517.2 ], [ 3146.1, 516.8 ], [ 3146.7, 515.9 ], [ 3147.2, 514.1 ], [ 3145.9, 514.3 ], [ 3144.8, 513.9 ], [ 3144.0, 512.6 ], [ 3143.3, 508.5 ], [ 3142.5, 507.2 ], [ 3141.5, 506.1 ], [ 3140.7, 504.7 ], [ 3140.2, 501.0 ], [ 3141.5, 498.8 ], [ 3146.1, 496.1 ], [ 3145.0, 494.2 ], [ 3143.4, 494.7 ], [ 3140.0, 497.3 ], [ 3135.4, 496.9 ], [ 3133.4, 497.4 ], [ 3133.4, 499.5 ], [ 3132.2, 500.4 ], [ 3129.6, 500.5 ], [ 3125.6, 504.6 ], [ 3124.8, 505.1 ], [ 3124.3, 505.7 ], [ 3122.6, 508.6 ], [ 3121.8, 509.4 ], [ 3120.6, 509.7 ], [ 3119.4, 509.6 ], [ 3118.2, 509.1 ], [ 3117.3, 508.5 ], [ 3117.6, 509.2 ], [ 3118.4, 511.6 ], [ 3115.7, 510.8 ], [ 3114.9, 508.4 ], [ 3115.4, 505.0 ], [ 3116.5, 501.1 ], [ 3118.3, 496.7 ], [ 3120.3, 493.3 ], [ 3124.6, 488.1 ], [ 3123.4, 487.1 ], [ 3124.5, 485.4 ], [ 3125.8, 484.2 ], [ 3128.4, 482.8 ], [ 3126.9, 480.4 ], [ 3125.0, 481.4 ], [ 3123.2, 483.9 ], [ 3121.9, 486.2 ], [ 3121.0, 484.2 ], [ 3119.3, 478.9 ], [ 3118.8, 476.6 ], [ 3118.3, 476.6 ], [ 3118.9, 481.2 ], [ 3118.9, 486.5 ], [ 3118.2, 491.9 ], [ 3116.7, 496.3 ], [ 3114.5, 500.0 ], [ 3112.2, 502.9 ], [ 3106.6, 507.6 ], [ 3107.3, 505.3 ], [ 3108.2, 503.6 ], [ 3109.2, 502.2 ], [ 3110.3, 501.2 ], [ 3110.3, 500.1 ], [ 3109.1, 500.3 ], [ 3106.7, 501.7 ], [ 3105.9, 501.3 ], [ 3105.4, 499.3 ], [ 3105.9, 497.7 ], [ 3106.8, 496.4 ], [ 3107.8, 496.0 ], [ 3110.7, 495.6 ], [ 3110.0, 494.5 ], [ 3108.5, 492.2 ], [ 3108.5, 488.5 ], [ 3107.1, 488.6 ], [ 3106.4, 489.9 ], [ 3105.9, 491.9 ], [ 3105.2, 493.8 ], [ 3104.3, 494.8 ], [ 3103.0, 495.4 ], [ 3102.3, 495.1 ], [ 3102.7, 493.4 ], [ 3105.4, 487.0 ], [ 3107.0, 483.8 ], [ 3107.7, 482.2 ], [ 3108.3, 480.0 ], [ 3107.6, 481.7 ], [ 3104.3, 486.7 ], [ 3102.9, 487.9 ], [ 3102.3, 488.6 ], [ 3102.1, 489.3 ], [ 3101.5, 491.1 ], [ 3101.2, 491.8 ], [ 3099.0, 493.0 ], [ 3096.8, 492.1 ], [ 3094.7, 492.2 ], [ 3093.0, 496.3 ], [ 3092.1, 495.2 ], [ 3091.9, 494.2 ], [ 3092.2, 493.1 ], [ 3092.3, 491.5 ], [ 3092.0, 490.1 ], [ 3090.6, 486.8 ], [ 3090.9, 484.0 ], [ 3092.1, 483.1 ], [ 3095.0, 483.5 ], [ 3094.3, 480.3 ], [ 3095.1, 478.8 ], [ 3096.4, 477.7 ], [ 3097.6, 476.0 ], [ 3094.7, 474.2 ], [ 3094.2, 473.4 ], [ 3094.0, 472.5 ], [ 3093.2, 471.1 ], [ 3093.1, 470.2 ], [ 3093.2, 469.5 ], [ 3093.6, 468.9 ], [ 3094.0, 468.6 ], [ 3094.1, 468.6 ], [ 3094.1, 464.0 ], [ 3094.3, 462.8 ], [ 3095.0, 461.7 ], [ 3095.7, 461.2 ], [ 3096.3, 460.5 ], [ 3096.7, 459.0 ], [ 3095.1, 459.1 ], [ 3095.3, 457.1 ], [ 3094.9, 456.5 ], [ 3094.3, 456.0 ], [ 3093.9, 454.9 ], [ 3093.9, 453.5 ], [ 3094.4, 452.0 ], [ 3094.4, 450.6 ], [ 3093.6, 448.4 ], [ 3090.3, 443.8 ], [ 3090.5, 440.7 ], [ 3090.8, 439.3 ], [ 3090.4, 439.0 ], [ 3088.3, 439.0 ], [ 3087.5, 437.7 ], [ 3087.6, 435.0 ], [ 3088.4, 432.4 ], [ 3090.1, 431.7 ], [ 3089.8, 429.6 ], [ 3090.2, 428.3 ], [ 3091.0, 427.0 ], [ 3091.7, 425.1 ], [ 3091.8, 423.8 ], [ 3091.6, 418.3 ], [ 3091.1, 417.5 ], [ 3090.2, 417.2 ], [ 3089.2, 416.6 ], [ 3088.8, 415.2 ], [ 3088.7, 411.5 ], [ 3088.5, 409.9 ], [ 3088.0, 408.4 ], [ 3088.3, 407.8 ], [ 3088.4, 407.3 ], [ 3088.6, 406.2 ], [ 3084.5, 404.9 ], [ 3082.3, 403.4 ], [ 3081.3, 401.5 ], [ 3082.1, 399.1 ], [ 3083.7, 397.6 ], [ 3087.3, 395.5 ], [ 3083.9, 395.9 ], [ 3082.4, 395.2 ], [ 3081.8, 393.0 ], [ 3082.1, 391.1 ], [ 3082.8, 389.5 ], [ 3087.9, 381.8 ], [ 3089.9, 380.2 ], [ 3098.0, 378.6 ], [ 3100.7, 379.8 ], [ 3101.9, 384.2 ], [ 3102.6, 387.5 ], [ 3104.0, 390.9 ], [ 3105.7, 393.7 ], [ 3107.0, 395.2 ], [ 3107.6, 395.2 ], [ 3107.6, 395.1 ], [ 3107.6, 394.1 ], [ 3104.8, 387.9 ], [ 3104.4, 386.5 ], [ 3103.9, 383.1 ], [ 3103.5, 381.4 ], [ 3101.9, 378.4 ], [ 3099.8, 376.8 ], [ 3097.4, 376.2 ], [ 3089.6, 377.1 ], [ 3086.9, 376.3 ], [ 3085.8, 373.4 ], [ 3086.2, 372.4 ], [ 3086.8, 372.1 ], [ 3088.3, 372.2 ], [ 3088.7, 371.7 ], [ 3088.3, 370.6 ], [ 3087.6, 369.8 ], [ 3087.4, 370.2 ], [ 3086.8, 369.5 ], [ 3086.4, 368.7 ], [ 3086.2, 367.6 ], [ 3086.3, 366.3 ], [ 3086.5, 365.7 ], [ 3086.6, 365.1 ], [ 3086.2, 363.8 ], [ 3085.4, 364.5 ], [ 3082.9, 366.0 ], [ 3084.1, 367.2 ], [ 3084.4, 369.1 ], [ 3084.0, 371.1 ], [ 3083.0, 372.3 ], [ 3081.7, 372.3 ], [ 3080.8, 371.0 ], [ 3079.2, 367.2 ], [ 3080.0, 371.4 ], [ 3080.2, 373.6 ], [ 3079.5, 374.5 ], [ 3074.9, 374.6 ], [ 3075.4, 372.2 ], [ 3074.3, 370.9 ], [ 3072.8, 369.8 ], [ 3072.0, 367.8 ], [ 3071.3, 367.3 ], [ 3068.0, 366.2 ], [ 3067.1, 366.2 ], [ 3067.8, 369.0 ], [ 3067.8, 371.4 ], [ 3067.0, 372.8 ], [ 3065.6, 372.5 ], [ 3064.9, 371.4 ], [ 3064.3, 369.2 ], [ 3064.0, 366.6 ], [ 3064.3, 364.1 ], [ 3062.8, 365.5 ], [ 3062.0, 366.1 ], [ 3061.1, 366.3 ], [ 3060.2, 366.7 ], [ 3060.1, 367.7 ], [ 3060.1, 368.8 ], [ 3059.5, 369.6 ], [ 3058.1, 369.3 ], [ 3056.4, 365.5 ], [ 3054.5, 365.4 ], [ 3054.9, 362.8 ], [ 3053.4, 358.8 ], [ 3053.9, 355.7 ], [ 3053.1, 356.8 ], [ 3052.1, 360.1 ], [ 3051.2, 361.2 ], [ 3050.8, 357.5 ], [ 3051.6, 353.3 ], [ 3053.0, 349.3 ], [ 3054.3, 346.3 ], [ 3053.1, 345.9 ], [ 3052.2, 344.8 ], [ 3051.5, 343.6 ], [ 3050.8, 343.1 ], [ 3050.0, 343.7 ], [ 3048.8, 346.6 ], [ 3048.1, 347.3 ], [ 3046.0, 345.9 ], [ 3045.3, 342.7 ], [ 3044.8, 339.2 ], [ 3043.4, 336.8 ], [ 3044.4, 334.5 ], [ 3044.7, 332.9 ], [ 3044.2, 331.7 ], [ 3042.7, 330.5 ], [ 3039.6, 329.3 ], [ 3039.3, 328.2 ], [ 3040.0, 325.2 ], [ 3042.0, 320.8 ], [ 3043.4, 318.5 ], [ 3044.3, 317.8 ], [ 3044.8, 319.2 ], [ 3044.7, 321.6 ], [ 3043.8, 326.1 ], [ 3044.9, 327.1 ], [ 3045.9, 326.6 ], [ 3046.6, 325.1 ], [ 3047.0, 323.1 ], [ 3047.0, 320.4 ], [ 3046.4, 319.1 ], [ 3045.7, 318.2 ], [ 3044.8, 316.7 ], [ 3043.8, 313.4 ], [ 3043.4, 309.8 ], [ 3043.4, 306.2 ], [ 3044.2, 302.8 ], [ 3042.8, 299.6 ], [ 3041.7, 296.3 ], [ 3041.0, 292.3 ], [ 3040.7, 287.0 ], [ 3039.4, 289.0 ], [ 3037.6, 286.7 ], [ 3036.4, 282.6 ], [ 3036.6, 279.1 ], [ 3037.7, 276.3 ], [ 3039.5, 269.0 ], [ 3040.5, 265.9 ], [ 3043.7, 262.3 ], [ 3045.7, 266.8 ], [ 3047.1, 274.6 ], [ 3048.8, 280.6 ], [ 3049.5, 274.7 ], [ 3050.9, 268.8 ], [ 3051.7, 263.3 ], [ 3050.6, 258.3 ], [ 3051.2, 257.3 ], [ 3050.2, 256.3 ], [ 3048.0, 255.5 ], [ 3046.2, 253.8 ], [ 3045.6, 254.8 ], [ 3045.1, 256.5 ], [ 3044.5, 257.3 ], [ 3041.0, 256.2 ], [ 3040.5, 256.5 ], [ 3039.5, 257.9 ], [ 3038.9, 258.4 ], [ 3035.7, 258.2 ], [ 3033.8, 258.4 ], [ 3032.2, 260.1 ], [ 3029.6, 263.5 ], [ 3029.5, 264.8 ], [ 3031.5, 266.0 ], [ 3030.7, 268.7 ], [ 3030.6, 270.7 ], [ 3030.4, 272.9 ], [ 3030.5, 277.7 ], [ 3031.0, 281.8 ], [ 3031.9, 285.3 ], [ 3033.2, 288.3 ], [ 3034.9, 290.5 ], [ 3036.7, 291.3 ], [ 3038.3, 292.5 ], [ 3039.6, 295.2 ], [ 3040.5, 298.4 ], [ 3040.8, 300.8 ], [ 3039.2, 306.6 ], [ 3035.3, 312.0 ], [ 3030.6, 315.3 ], [ 3026.9, 314.7 ], [ 3025.9, 312.4 ], [ 3025.8, 309.2 ], [ 3026.3, 302.5 ], [ 3026.1, 301.0 ], [ 3025.1, 295.7 ], [ 3024.8, 292.5 ], [ 3024.6, 291.1 ], [ 3024.1, 289.3 ], [ 3023.7, 288.5 ], [ 3021.9, 286.0 ], [ 3021.6, 285.7 ], [ 3020.8, 285.0 ], [ 3020.2, 285.1 ], [ 3020.1, 285.1 ], [ 3019.7, 285.1 ], [ 3018.5, 284.9 ], [ 3015.7, 281.8 ], [ 3013.4, 280.6 ], [ 3011.2, 280.8 ], [ 3010.1, 283.1 ], [ 3011.1, 283.8 ], [ 3012.6, 286.6 ], [ 3013.6, 287.2 ], [ 3014.8, 287.4 ], [ 3015.8, 288.0 ], [ 3020.8, 290.9 ], [ 3022.3, 293.1 ], [ 3023.2, 296.3 ], [ 3023.5, 300.4 ], [ 3023.5, 304.3 ], [ 3023.2, 308.6 ], [ 3022.5, 312.2 ], [ 3021.2, 313.6 ], [ 3018.7, 312.6 ], [ 3013.7, 308.5 ], [ 3011.2, 308.4 ], [ 3012.0, 311.0 ], [ 3013.6, 313.8 ], [ 3015.4, 316.0 ], [ 3017.0, 316.9 ], [ 3018.6, 318.4 ], [ 3021.7, 324.5 ], [ 3028.8, 326.7 ], [ 3030.3, 328.4 ], [ 3030.5, 331.2 ], [ 3029.9, 334.0 ], [ 3027.9, 338.5 ], [ 3027.7, 340.9 ], [ 3029.1, 343.0 ], [ 3032.1, 345.4 ], [ 3033.3, 348.0 ], [ 3032.6, 349.5 ], [ 3031.2, 350.9 ], [ 3030.4, 353.4 ], [ 3029.8, 356.6 ], [ 3028.4, 356.4 ], [ 3025.6, 353.9 ], [ 3022.0, 352.6 ], [ 3021.1, 353.0 ], [ 3021.0, 353.9 ], [ 3021.2, 357.0 ], [ 3021.2, 358.2 ], [ 3021.5, 360.0 ], [ 3021.3, 361.0 ], [ 3019.1, 361.7 ], [ 3018.8, 362.5 ], [ 3018.6, 363.7 ], [ 3017.7, 367.2 ], [ 3017.4, 370.3 ], [ 3017.3, 373.3 ], [ 3017.5, 375.2 ], [ 3015.6, 374.1 ], [ 3015.4, 377.2 ], [ 3016.1, 381.9 ], [ 3017.0, 385.7 ], [ 3015.9, 384.1 ], [ 3015.4, 381.9 ], [ 3015.0, 379.5 ], [ 3014.2, 377.3 ], [ 3013.9, 380.3 ], [ 3014.0, 387.6 ], [ 3013.5, 389.0 ], [ 3013.3, 387.2 ], [ 3010.9, 377.3 ], [ 3010.4, 377.3 ], [ 3010.3, 379.4 ], [ 3009.5, 382.9 ], [ 3009.4, 384.7 ], [ 3009.8, 385.9 ], [ 3010.5, 387.2 ], [ 3011.0, 388.7 ], [ 3010.7, 390.5 ], [ 3009.0, 392.4 ], [ 3006.5, 394.2 ], [ 3003.7, 395.0 ], [ 3001.6, 394.2 ], [ 3002.5, 392.7 ], [ 3005.4, 390.7 ], [ 3006.0, 389.5 ], [ 3005.5, 386.9 ], [ 3004.4, 387.0 ], [ 3001.9, 389.0 ], [ 3000.8, 389.5 ], [ 2998.6, 391.7 ], [ 2997.2, 392.2 ], [ 2996.8, 391.5 ], [ 2995.1, 390.2 ], [ 2993.8, 389.8 ], [ 2995.1, 396.0 ], [ 2993.7, 399.2 ], [ 2991.2, 401.1 ], [ 2989.0, 401.7 ], [ 2980.1, 401.8 ], [ 2977.4, 400.6 ], [ 2979.6, 399.3 ], [ 2980.1, 396.6 ], [ 2979.4, 393.5 ], [ 2978.0, 391.0 ], [ 2975.0, 387.1 ], [ 2973.7, 386.9 ], [ 2973.1, 390.0 ], [ 2972.4, 389.1 ], [ 2970.4, 385.7 ], [ 2970.0, 385.4 ], [ 2969.4, 385.3 ], [ 2969.0, 385.0 ], [ 2968.8, 384.1 ], [ 2968.8, 381.9 ], [ 2968.8, 381.5 ], [ 2967.6, 380.9 ], [ 2967.3, 382.6 ], [ 2967.4, 385.3 ], [ 2967.1, 387.8 ], [ 2966.0, 387.0 ], [ 2965.4, 386.2 ], [ 2964.4, 383.6 ], [ 2964.1, 382.0 ], [ 2964.1, 380.4 ], [ 2963.8, 379.1 ], [ 2962.8, 378.2 ], [ 2963.8, 376.7 ], [ 2963.7, 375.3 ], [ 2963.0, 374.6 ], [ 2960.6, 377.0 ], [ 2955.7, 376.2 ], [ 2957.3, 379.1 ], [ 2962.2, 383.3 ], [ 2963.2, 387.3 ], [ 2964.8, 389.2 ], [ 2968.0, 390.4 ], [ 2970.6, 392.6 ], [ 2970.3, 397.4 ], [ 2969.9, 397.4 ], [ 2969.6, 396.7 ], [ 2969.1, 396.0 ], [ 2968.7, 395.2 ], [ 2968.1, 396.9 ], [ 2967.2, 397.5 ], [ 2964.9, 397.4 ], [ 2964.9, 398.5 ], [ 2965.8, 398.6 ], [ 2966.6, 399.2 ], [ 2967.2, 400.2 ], [ 2967.6, 401.6 ], [ 2965.5, 401.3 ], [ 2959.9, 403.7 ], [ 2959.9, 404.8 ], [ 2960.2, 405.0 ], [ 2961.0, 405.9 ], [ 2958.4, 407.0 ], [ 2949.9, 405.9 ], [ 2953.0, 408.7 ], [ 2954.2, 410.3 ], [ 2953.2, 411.1 ], [ 2950.0, 410.2 ], [ 2948.8, 410.7 ], [ 2948.3, 413.1 ], [ 2946.5, 411.3 ], [ 2944.2, 410.5 ], [ 2942.2, 411.0 ], [ 2941.0, 413.1 ], [ 2942.8, 412.2 ], [ 2943.8, 411.8 ], [ 2944.4, 412.1 ], [ 2944.5, 413.2 ], [ 2944.2, 414.2 ], [ 2943.5, 415.0 ], [ 2943.0, 415.3 ], [ 2939.4, 416.0 ], [ 2937.7, 415.5 ], [ 2936.1, 413.0 ], [ 2935.7, 415.1 ], [ 2933.8, 420.5 ], [ 2934.7, 420.5 ], [ 2936.4, 421.4 ], [ 2937.1, 421.6 ], [ 2938.0, 421.2 ], [ 2940.5, 419.5 ], [ 2942.6, 418.9 ], [ 2944.4, 418.9 ], [ 2946.3, 419.5 ], [ 2948.2, 420.6 ], [ 2947.1, 422.6 ], [ 2943.2, 425.2 ], [ 2941.5, 426.9 ], [ 2943.2, 426.6 ], [ 2944.8, 425.8 ], [ 2944.8, 426.9 ], [ 2943.5, 427.7 ], [ 2941.8, 429.1 ], [ 2940.2, 431.0 ], [ 2939.3, 433.2 ], [ 2936.5, 435.1 ], [ 2931.9, 435.9 ], [ 2918.2, 434.1 ], [ 2917.5, 434.5 ], [ 2916.8, 435.6 ], [ 2916.5, 436.7 ], [ 2916.8, 437.2 ], [ 2923.3, 439.5 ], [ 2925.4, 438.5 ], [ 2921.0, 436.1 ], [ 2919.9, 435.1 ], [ 2929.1, 437.7 ], [ 2929.2, 440.6 ], [ 2926.8, 442.3 ], [ 2919.3, 442.4 ], [ 2916.4, 443.5 ], [ 2918.9, 443.5 ], [ 2924.3, 442.8 ], [ 2926.4, 443.1 ], [ 2927.8, 445.3 ], [ 2927.0, 446.5 ], [ 2923.9, 449.8 ], [ 2918.7, 454.2 ], [ 2914.2, 457.1 ], [ 2910.7, 456.2 ], [ 2910.3, 456.7 ], [ 2910.0, 457.4 ], [ 2909.6, 458.0 ], [ 2909.1, 458.3 ], [ 2908.5, 458.0 ], [ 2907.8, 456.6 ], [ 2907.4, 456.2 ], [ 2905.4, 455.1 ], [ 2904.5, 455.1 ], [ 2904.9, 456.7 ], [ 2906.6, 458.3 ], [ 2907.3, 459.4 ], [ 2907.0, 461.0 ], [ 2907.3, 464.4 ], [ 2906.7, 467.7 ], [ 2905.4, 469.6 ], [ 2903.9, 471.5 ], [ 2898.7, 476.6 ], [ 2896.8, 478.8 ], [ 2894.4, 480.7 ], [ 2893.0, 481.7 ], [ 2891.1, 482.6 ], [ 2889.9, 484.5 ], [ 2889.3, 486.3 ], [ 2887.7, 488.1 ], [ 2887.1, 490.1 ], [ 2885.1, 491.3 ], [ 2883.9, 491.7 ], [ 2882.6, 491.9 ], [ 2881.7, 492.3 ], [ 2881.1, 493.4 ], [ 2880.5, 494.8 ], [ 2879.8, 496.2 ], [ 2878.8, 497.1 ], [ 2877.8, 497.3 ], [ 2877.3, 496.8 ], [ 2877.2, 495.7 ], [ 2876.6, 494.8 ], [ 2873.7, 500.0 ], [ 2871.0, 503.0 ], [ 2870.4, 504.6 ], [ 2871.3, 506.4 ], [ 2869.9, 508.6 ], [ 2868.1, 508.2 ], [ 2866.2, 507.4 ], [ 2864.5, 508.4 ], [ 2863.6, 506.4 ], [ 2862.4, 506.1 ], [ 2861.7, 507.1 ], [ 2862.0, 508.9 ], [ 2862.1, 510.4 ], [ 2860.7, 510.8 ], [ 2857.8, 510.3 ], [ 2857.1, 510.7 ], [ 2854.7, 513.1 ], [ 2854.0, 514.0 ], [ 2852.9, 515.1 ], [ 2849.9, 515.8 ], [ 2848.6, 516.5 ], [ 2849.2, 516.6 ], [ 2850.3, 517.2 ], [ 2850.9, 517.6 ], [ 2849.7, 520.3 ], [ 2848.9, 521.4 ], [ 2847.1, 522.6 ], [ 2846.9, 523.6 ], [ 2846.7, 524.4 ], [ 2846.6, 526.2 ], [ 2846.7, 527.0 ], [ 2844.9, 528.8 ], [ 2843.6, 527.2 ], [ 2842.6, 525.1 ], [ 2841.4, 525.4 ], [ 2839.5, 529.9 ], [ 2838.3, 531.8 ], [ 2837.2, 531.6 ], [ 2836.3, 530.8 ], [ 2833.7, 530.4 ], [ 2832.6, 530.0 ], [ 2832.1, 529.4 ], [ 2831.3, 527.3 ], [ 2830.4, 525.6 ], [ 2832.8, 524.6 ], [ 2834.0, 523.7 ], [ 2835.0, 522.5 ], [ 2833.5, 520.1 ], [ 2832.4, 515.9 ], [ 2831.2, 512.7 ], [ 2829.1, 512.9 ], [ 2830.5, 516.0 ], [ 2830.8, 519.1 ], [ 2830.3, 522.1 ], [ 2829.0, 525.0 ], [ 2824.5, 528.0 ], [ 2822.8, 530.3 ], [ 2824.6, 532.8 ], [ 2821.2, 534.5 ], [ 2808.0, 535.9 ], [ 2804.6, 537.3 ], [ 2803.0, 537.5 ], [ 2800.4, 536.1 ], [ 2799.6, 536.5 ], [ 2800.1, 539.5 ], [ 2798.6, 539.4 ], [ 2797.9, 539.0 ], [ 2797.3, 538.3 ], [ 2797.4, 541.6 ], [ 2796.2, 543.0 ], [ 2794.5, 542.2 ], [ 2793.3, 539.2 ], [ 2792.9, 541.3 ], [ 2792.9, 542.2 ], [ 2793.2, 543.6 ], [ 2777.7, 543.0 ], [ 2767.7, 539.8 ], [ 2766.6, 538.6 ], [ 2766.4, 536.2 ], [ 2761.4, 538.6 ], [ 2760.0, 540.2 ], [ 2759.4, 537.9 ], [ 2758.6, 537.2 ], [ 2752.5, 539.1 ], [ 2752.1, 539.7 ], [ 2752.1, 540.4 ], [ 2752.1, 540.9 ], [ 2751.9, 541.7 ], [ 2751.9, 542.8 ], [ 2751.7, 543.7 ], [ 2751.1, 544.1 ], [ 2750.4, 544.2 ], [ 2747.3, 545.3 ], [ 2745.9, 545.5 ], [ 2745.2, 544.9 ], [ 2745.8, 542.7 ], [ 2745.6, 539.7 ], [ 2747.6, 537.8 ], [ 2750.2, 536.5 ], [ 2752.0, 535.1 ], [ 2753.1, 533.9 ], [ 2753.9, 534.2 ], [ 2754.6, 535.2 ], [ 2755.4, 535.8 ], [ 2756.1, 535.1 ], [ 2757.6, 531.6 ], [ 2758.2, 530.6 ], [ 2758.2, 529.5 ], [ 2756.6, 529.8 ], [ 2751.3, 532.6 ], [ 2750.1, 534.0 ], [ 2748.7, 535.0 ], [ 2742.4, 537.4 ], [ 2740.4, 537.2 ], [ 2741.9, 535.3 ], [ 2744.4, 530.7 ], [ 2745.8, 529.0 ], [ 2744.5, 528.1 ], [ 2739.6, 534.1 ], [ 2737.6, 536.0 ], [ 2738.3, 534.2 ], [ 2738.7, 532.6 ], [ 2738.9, 530.8 ], [ 2738.6, 528.7 ], [ 2737.6, 529.3 ], [ 2736.1, 531.1 ], [ 2735.0, 531.7 ], [ 2733.8, 531.6 ], [ 2732.2, 530.8 ], [ 2730.8, 529.7 ], [ 2730.1, 528.3 ], [ 2733.8, 526.1 ], [ 2735.7, 525.6 ], [ 2742.2, 525.6 ], [ 2744.2, 524.8 ], [ 2745.5, 522.6 ], [ 2743.0, 522.7 ], [ 2738.5, 523.9 ], [ 2736.0, 523.2 ], [ 2734.1, 521.1 ], [ 2730.4, 516.0 ], [ 2728.5, 515.5 ], [ 2731.0, 524.0 ], [ 2730.5, 525.2 ], [ 2726.3, 525.6 ], [ 2724.2, 525.0 ], [ 2723.0, 522.6 ], [ 2724.1, 521.0 ], [ 2724.2, 519.1 ], [ 2724.0, 516.8 ], [ 2724.0, 514.2 ], [ 2721.7, 522.3 ], [ 2720.7, 524.7 ], [ 2721.9, 524.8 ], [ 2722.5, 525.6 ], [ 2722.8, 526.8 ], [ 2723.4, 528.0 ], [ 2724.2, 529.0 ], [ 2725.8, 530.2 ], [ 2727.4, 532.2 ], [ 2728.1, 532.9 ], [ 2728.0, 533.6 ], [ 2726.5, 534.6 ], [ 2725.6, 534.6 ], [ 2724.0, 533.6 ], [ 2723.1, 533.3 ], [ 2714.6, 532.5 ], [ 2712.8, 531.3 ], [ 2708.6, 526.1 ], [ 2707.8, 524.1 ], [ 2709.4, 523.8 ], [ 2710.9, 522.5 ], [ 2712.1, 520.3 ], [ 2712.6, 517.4 ], [ 2713.7, 515.7 ], [ 2718.2, 515.7 ], [ 2720.0, 515.2 ], [ 2718.9, 514.2 ], [ 2718.4, 513.9 ], [ 2720.3, 511.3 ], [ 2724.5, 509.2 ], [ 2728.0, 505.6 ], [ 2734.7, 502.0 ], [ 2733.3, 501.4 ], [ 2731.2, 502.0 ], [ 2727.3, 504.3 ], [ 2722.3, 508.7 ], [ 2720.9, 508.8 ], [ 2719.9, 507.5 ], [ 2717.8, 502.3 ], [ 2717.4, 500.7 ], [ 2718.1, 497.8 ], [ 2719.5, 496.4 ], [ 2721.1, 496.6 ], [ 2722.5, 498.3 ], [ 2723.8, 495.0 ], [ 2722.2, 492.7 ], [ 2720.3, 493.2 ], [ 2718.3, 494.3 ], [ 2716.6, 493.8 ], [ 2716.2, 502.2 ], [ 2716.6, 505.3 ], [ 2711.3, 505.3 ], [ 2706.3, 502.0 ], [ 2698.4, 500.1 ], [ 2694.1, 497.8 ], [ 2689.8, 494.0 ], [ 2688.9, 493.3 ], [ 2687.7, 493.1 ], [ 2686.3, 492.4 ], [ 2685.0, 491.5 ], [ 2684.0, 490.5 ], [ 2682.8, 489.5 ], [ 2677.7, 488.6 ], [ 2673.4, 485.2 ], [ 2671.6, 482.8 ], [ 2670.7, 482.1 ], [ 2668.4, 481.5 ], [ 2667.5, 481.0 ], [ 2666.8, 480.2 ], [ 2665.6, 477.6 ], [ 2665.2, 476.3 ], [ 2664.9, 474.8 ], [ 2664.6, 472.9 ], [ 2664.6, 471.0 ], [ 2664.7, 469.4 ], [ 2664.5, 468.0 ], [ 2663.8, 466.5 ], [ 2661.8, 465.4 ], [ 2654.4, 465.3 ], [ 2651.1, 463.9 ], [ 2650.0, 458.9 ], [ 2647.1, 457.8 ], [ 2643.9, 458.6 ], [ 2639.5, 454.0 ], [ 2640.2, 451.9 ], [ 2637.4, 447.0 ], [ 2634.3, 441.3 ], [ 2632.8, 435.3 ], [ 2631.3, 430.9 ], [ 2630.8, 427.8 ], [ 2630.1, 425.3 ], [ 2628.0, 421.4 ], [ 2629.5, 419.7 ], [ 2632.2, 417.1 ], [ 2633.1, 414.8 ], [ 2633.6, 412.3 ], [ 2633.8, 409.5 ], [ 2633.8, 406.4 ], [ 2633.4, 404.0 ], [ 2634.2, 403.1 ], [ 2635.4, 402.8 ], [ 2636.2, 402.2 ], [ 2637.0, 400.3 ], [ 2636.9, 399.4 ], [ 2636.3, 398.5 ], [ 2635.5, 396.9 ], [ 2635.4, 396.1 ], [ 2635.1, 393.9 ], [ 2634.6, 392.1 ], [ 2634.8, 390.6 ], [ 2635.5, 390.8 ], [ 2636.3, 392.0 ], [ 2637.1, 392.7 ], [ 2639.3, 397.1 ], [ 2640.8, 398.5 ], [ 2641.6, 395.7 ], [ 2641.0, 394.1 ], [ 2639.3, 391.8 ], [ 2636.0, 388.4 ], [ 2636.9, 387.3 ], [ 2637.8, 386.7 ], [ 2638.6, 386.8 ], [ 2639.4, 387.6 ], [ 2638.5, 385.7 ], [ 2635.4, 386.2 ], [ 2634.1, 385.1 ], [ 2635.1, 384.0 ], [ 2635.8, 382.3 ], [ 2636.7, 377.9 ], [ 2649.3, 388.2 ], [ 2648.3, 392.0 ], [ 2647.6, 397.1 ], [ 2647.4, 402.0 ], [ 2648.2, 405.2 ], [ 2650.4, 395.8 ], [ 2652.0, 395.1 ], [ 2655.7, 395.6 ], [ 2657.1, 395.0 ], [ 2657.3, 394.1 ], [ 2657.3, 391.4 ], [ 2657.7, 390.8 ], [ 2660.2, 390.7 ], [ 2661.2, 391.0 ], [ 2662.5, 391.7 ], [ 2665.3, 394.1 ], [ 2666.4, 395.6 ], [ 2668.1, 399.2 ], [ 2669.0, 400.7 ], [ 2678.3, 410.0 ], [ 2681.7, 411.4 ], [ 2689.2, 411.7 ], [ 2687.4, 410.2 ], [ 2680.5, 409.1 ], [ 2679.2, 408.1 ], [ 2677.7, 406.3 ], [ 2676.4, 404.0 ], [ 2676.0, 401.4 ], [ 2676.6, 399.6 ], [ 2677.9, 397.4 ], [ 2680.2, 394.1 ], [ 2682.0, 392.4 ], [ 2687.7, 389.3 ], [ 2722.8, 380.4 ], [ 2722.8, 379.4 ], [ 2700.7, 382.4 ], [ 2696.3, 385.0 ], [ 2685.1, 387.0 ], [ 2682.3, 389.1 ], [ 2674.1, 400.8 ], [ 2670.4, 393.4 ], [ 2669.9, 391.5 ], [ 2670.8, 388.4 ], [ 2672.7, 387.4 ], [ 2674.8, 387.2 ], [ 2676.3, 386.5 ], [ 2675.3, 385.7 ], [ 2674.0, 383.0 ], [ 2673.2, 382.1 ], [ 2671.9, 382.1 ], [ 2668.7, 383.3 ], [ 2667.2, 382.9 ], [ 2665.6, 381.3 ], [ 2664.0, 378.5 ], [ 2662.9, 375.2 ], [ 2662.9, 372.0 ], [ 2664.5, 369.5 ], [ 2667.2, 368.1 ], [ 2675.2, 366.6 ], [ 2677.5, 365.4 ], [ 2682.2, 364.5 ], [ 2683.7, 363.6 ], [ 2680.8, 362.8 ], [ 2676.7, 363.4 ], [ 2674.3, 363.0 ], [ 2676.3, 359.0 ], [ 2679.3, 354.3 ], [ 2680.5, 352.9 ], [ 2684.3, 350.5 ], [ 2688.2, 346.4 ], [ 2694.8, 344.3 ], [ 2700.8, 338.8 ], [ 2704.5, 338.0 ], [ 2711.8, 338.6 ], [ 2711.8, 337.5 ], [ 2702.1, 337.0 ], [ 2700.1, 337.5 ], [ 2690.8, 344.1 ], [ 2686.9, 345.3 ], [ 2683.7, 344.1 ], [ 2681.8, 339.0 ], [ 2693.8, 338.7 ], [ 2693.9, 337.7 ], [ 2693.2, 336.0 ], [ 2692.2, 334.5 ], [ 2691.2, 332.6 ], [ 2691.3, 333.7 ], [ 2691.0, 335.2 ], [ 2690.2, 336.4 ], [ 2688.8, 337.2 ], [ 2688.3, 336.2 ], [ 2687.9, 334.7 ], [ 2687.0, 334.1 ], [ 2686.7, 334.5 ], [ 2685.5, 336.7 ], [ 2684.9, 337.2 ], [ 2684.1, 337.3 ], [ 2683.2, 337.2 ], [ 2682.5, 337.0 ], [ 2681.4, 336.2 ], [ 2680.8, 335.1 ], [ 2680.4, 333.6 ], [ 2680.1, 331.6 ], [ 2679.6, 334.6 ], [ 2678.2, 335.6 ], [ 2676.5, 335.3 ], [ 2675.0, 334.4 ], [ 2675.0, 333.5 ], [ 2676.0, 332.6 ], [ 2676.7, 331.3 ], [ 2677.4, 329.7 ], [ 2678.1, 328.2 ], [ 2679.0, 326.9 ], [ 2680.1, 325.9 ], [ 2682.2, 324.2 ], [ 2686.3, 322.1 ], [ 2688.3, 320.7 ], [ 2690.1, 318.2 ], [ 2690.3, 318.8 ], [ 2690.9, 319.9 ], [ 2691.1, 320.5 ], [ 2691.5, 319.2 ], [ 2692.0, 318.1 ], [ 2693.2, 315.9 ], [ 2693.6, 314.7 ], [ 2693.9, 311.5 ], [ 2694.4, 310.1 ], [ 2696.0, 308.2 ], [ 2710.9, 302.7 ], [ 2720.2, 301.8 ], [ 2717.2, 299.9 ], [ 2703.8, 302.0 ], [ 2698.5, 305.6 ], [ 2695.7, 305.8 ], [ 2696.8, 303.6 ], [ 2698.2, 301.3 ], [ 2699.4, 298.9 ], [ 2700.0, 296.0 ], [ 2700.2, 293.0 ], [ 2700.7, 290.1 ], [ 2701.5, 287.7 ], [ 2702.7, 286.1 ], [ 2700.7, 287.0 ], [ 2698.9, 290.6 ], [ 2697.7, 295.2 ], [ 2697.1, 299.1 ], [ 2696.7, 300.3 ], [ 2696.0, 302.1 ], [ 2694.3, 305.3 ], [ 2692.6, 308.0 ], [ 2689.4, 314.4 ], [ 2688.5, 315.7 ], [ 2687.4, 317.1 ], [ 2684.0, 319.6 ], [ 2682.3, 321.6 ], [ 2679.2, 323.7 ], [ 2678.1, 324.0 ], [ 2676.7, 323.1 ], [ 2676.0, 319.9 ], [ 2674.8, 319.6 ], [ 2675.2, 321.7 ], [ 2674.7, 322.0 ], [ 2674.0, 322.6 ], [ 2673.5, 322.8 ], [ 2673.5, 323.8 ], [ 2674.2, 324.1 ], [ 2674.8, 324.8 ], [ 2675.2, 325.8 ], [ 2675.4, 327.1 ], [ 2671.5, 330.2 ], [ 2669.5, 330.7 ], [ 2668.8, 328.2 ], [ 2668.6, 326.6 ], [ 2668.0, 325.5 ], [ 2667.4, 324.5 ], [ 2666.9, 323.4 ], [ 2666.8, 321.4 ], [ 2666.9, 319.8 ], [ 2667.2, 318.4 ], [ 2667.4, 316.5 ], [ 2670.3, 316.8 ], [ 2688.7, 313.0 ], [ 2687.3, 310.9 ], [ 2685.0, 310.4 ], [ 2682.5, 310.8 ], [ 2678.5, 312.9 ], [ 2668.9, 311.6 ], [ 2667.8, 311.0 ], [ 2666.7, 310.1 ], [ 2666.0, 309.1 ], [ 2665.0, 306.8 ], [ 2664.5, 306.3 ], [ 2663.9, 305.6 ], [ 2663.2, 302.7 ], [ 2662.9, 301.9 ], [ 2662.0, 301.9 ], [ 2660.5, 303.4 ], [ 2659.5, 303.8 ], [ 2661.3, 308.7 ], [ 2661.5, 311.0 ], [ 2660.5, 313.6 ], [ 2658.7, 315.4 ], [ 2656.5, 316.0 ], [ 2654.5, 315.1 ], [ 2653.6, 312.0 ], [ 2653.7, 315.7 ], [ 2652.2, 318.3 ], [ 2648.0, 321.3 ], [ 2649.5, 321.7 ], [ 2655.3, 318.5 ], [ 2657.5, 318.2 ], [ 2659.1, 318.7 ], [ 2660.5, 320.2 ], [ 2664.1, 325.9 ], [ 2664.5, 327.5 ], [ 2664.4, 331.2 ], [ 2663.3, 331.7 ], [ 2658.3, 332.0 ], [ 2656.7, 331.2 ], [ 2655.8, 333.0 ], [ 2654.6, 333.1 ], [ 2652.0, 332.1 ], [ 2651.4, 332.4 ], [ 2651.4, 333.2 ], [ 2651.4, 334.3 ], [ 2651.0, 335.2 ], [ 2650.0, 336.2 ], [ 2649.6, 336.7 ], [ 2648.6, 337.4 ], [ 2645.1, 339.1 ], [ 2644.2, 338.9 ], [ 2644.1, 337.0 ], [ 2644.9, 335.3 ], [ 2646.2, 334.1 ], [ 2647.2, 333.9 ], [ 2647.3, 332.8 ], [ 2645.7, 329.5 ], [ 2644.8, 323.9 ], [ 2643.4, 319.8 ], [ 2641.3, 320.7 ], [ 2642.0, 321.1 ], [ 2642.6, 321.8 ], [ 2643.1, 323.0 ], [ 2642.3, 326.0 ], [ 2641.8, 332.6 ], [ 2640.9, 335.1 ], [ 2639.3, 337.6 ], [ 2637.6, 339.7 ], [ 2635.6, 340.8 ], [ 2633.2, 340.5 ], [ 2631.8, 338.9 ], [ 2630.4, 335.8 ], [ 2629.7, 332.2 ], [ 2630.4, 329.1 ], [ 2631.4, 326.2 ], [ 2631.7, 322.8 ], [ 2631.2, 320.8 ], [ 2629.5, 322.1 ], [ 2628.6, 324.6 ], [ 2628.3, 327.7 ], [ 2628.1, 334.3 ], [ 2627.9, 336.2 ], [ 2627.4, 337.3 ], [ 2626.7, 337.6 ], [ 2625.8, 336.8 ], [ 2625.4, 335.6 ], [ 2625.2, 333.8 ], [ 2625.2, 330.4 ], [ 2624.4, 328.0 ], [ 2624.2, 326.3 ], [ 2625.1, 323.1 ], [ 2625.2, 321.2 ], [ 2625.0, 319.4 ], [ 2624.6, 318.6 ], [ 2623.6, 318.7 ], [ 2623.3, 319.2 ], [ 2622.6, 327.5 ], [ 2622.6, 328.1 ], [ 2619.8, 329.4 ], [ 2615.4, 316.8 ], [ 2613.2, 315.8 ], [ 2612.9, 313.5 ], [ 2612.8, 310.6 ], [ 2612.8, 305.2 ], [ 2612.7, 304.4 ], [ 2612.5, 303.8 ], [ 2612.5, 303.1 ], [ 2613.1, 302.0 ], [ 2614.1, 301.1 ], [ 2615.2, 300.9 ], [ 2617.4, 301.1 ], [ 2617.5, 300.2 ], [ 2614.4, 298.8 ], [ 2614.4, 297.8 ], [ 2616.1, 297.0 ], [ 2617.4, 295.9 ], [ 2622.0, 289.8 ], [ 2623.4, 285.7 ], [ 2624.8, 284.2 ], [ 2626.7, 282.9 ], [ 2628.6, 282.2 ], [ 2630.0, 282.8 ], [ 2630.5, 284.6 ], [ 2630.8, 289.7 ], [ 2631.6, 291.4 ], [ 2632.0, 288.9 ], [ 2633.1, 286.8 ], [ 2633.1, 285.1 ], [ 2632.5, 283.0 ], [ 2631.4, 281.1 ], [ 2631.3, 279.7 ], [ 2632.5, 276.8 ], [ 2634.7, 274.0 ], [ 2639.0, 269.7 ], [ 2638.5, 271.2 ], [ 2638.3, 271.8 ], [ 2639.1, 272.7 ], [ 2639.5, 273.4 ], [ 2639.8, 274.0 ], [ 2639.9, 276.7 ], [ 2639.6, 280.0 ], [ 2638.8, 283.2 ], [ 2637.6, 286.0 ], [ 2637.1, 287.6 ], [ 2637.2, 289.4 ], [ 2637.5, 291.2 ], [ 2637.5, 292.9 ], [ 2637.2, 294.8 ], [ 2637.0, 295.6 ], [ 2635.0, 297.0 ], [ 2634.7, 297.5 ], [ 2634.2, 298.8 ], [ 2634.0, 299.1 ], [ 2632.6, 298.8 ], [ 2631.9, 298.9 ], [ 2631.3, 299.4 ], [ 2630.8, 300.7 ], [ 2630.4, 302.6 ], [ 2630.3, 303.5 ], [ 2630.3, 304.5 ], [ 2630.9, 305.3 ], [ 2631.4, 305.1 ], [ 2632.4, 303.8 ], [ 2633.0, 303.3 ], [ 2638.2, 301.3 ], [ 2639.1, 300.4 ], [ 2640.1, 298.3 ], [ 2640.3, 297.7 ], [ 2641.2, 294.8 ], [ 2641.6, 291.5 ], [ 2640.6, 290.0 ], [ 2640.5, 288.4 ], [ 2641.5, 284.9 ], [ 2643.1, 281.4 ], [ 2644.3, 279.5 ], [ 2645.6, 279.2 ], [ 2647.7, 280.4 ], [ 2649.1, 280.9 ], [ 2654.4, 281.2 ], [ 2656.5, 282.3 ], [ 2657.1, 284.8 ], [ 2656.6, 287.9 ], [ 2655.5, 290.9 ], [ 2657.6, 291.0 ], [ 2658.5, 290.7 ], [ 2659.3, 290.0 ], [ 2659.5, 289.2 ], [ 2659.6, 286.4 ], [ 2659.9, 285.3 ], [ 2661.7, 283.7 ], [ 2664.2, 283.5 ], [ 2668.8, 284.3 ], [ 2669.0, 281.0 ], [ 2661.7, 283.1 ], [ 2659.8, 282.7 ], [ 2658.5, 280.6 ], [ 2659.4, 278.6 ], [ 2662.9, 275.5 ], [ 2663.4, 274.5 ], [ 2663.8, 273.4 ], [ 2664.4, 272.6 ], [ 2669.2, 271.9 ], [ 2670.1, 271.5 ], [ 2670.7, 270.4 ], [ 2670.8, 269.1 ], [ 2670.9, 267.9 ], [ 2671.7, 267.5 ], [ 2672.4, 267.9 ], [ 2673.0, 268.9 ], [ 2673.4, 270.0 ], [ 2673.9, 270.7 ], [ 2677.9, 272.4 ], [ 2682.1, 271.1 ], [ 2692.2, 263.7 ], [ 2693.0, 262.8 ], [ 2693.5, 262.4 ], [ 2694.6, 262.4 ], [ 2695.2, 261.9 ], [ 2696.3, 259.6 ], [ 2696.6, 259.2 ], [ 2702.7, 257.5 ], [ 2704.4, 255.5 ], [ 2699.0, 256.8 ], [ 2689.1, 262.3 ], [ 2682.2, 268.1 ], [ 2680.8, 268.7 ], [ 2679.4, 268.9 ], [ 2676.4, 268.5 ], [ 2675.0, 267.5 ], [ 2674.2, 265.4 ], [ 2674.4, 263.0 ], [ 2675.2, 262.0 ], [ 2676.2, 261.3 ], [ 2676.7, 259.8 ], [ 2676.6, 255.9 ], [ 2676.9, 254.5 ], [ 2677.7, 252.9 ], [ 2675.9, 253.7 ], [ 2674.8, 255.8 ], [ 2674.2, 258.7 ], [ 2673.9, 261.8 ], [ 2672.8, 263.4 ], [ 2670.4, 264.9 ], [ 2667.8, 265.8 ], [ 2666.2, 266.0 ], [ 2664.5, 265.0 ], [ 2663.1, 263.2 ], [ 2661.0, 258.9 ], [ 2659.2, 256.9 ], [ 2657.6, 256.3 ], [ 2657.1, 255.3 ], [ 2658.4, 251.8 ], [ 2657.0, 253.3 ], [ 2655.1, 254.6 ], [ 2653.4, 254.8 ], [ 2652.5, 252.5 ], [ 2654.4, 252.4 ], [ 2656.5, 251.5 ], [ 2660.3, 248.7 ], [ 2660.4, 244.4 ], [ 2663.1, 241.3 ], [ 2666.8, 239.4 ], [ 2670.0, 238.6 ], [ 2678.3, 238.2 ], [ 2678.8, 237.8 ], [ 2679.3, 236.7 ], [ 2679.7, 235.4 ], [ 2679.9, 234.5 ], [ 2679.6, 233.9 ], [ 2677.3, 231.8 ], [ 2682.7, 222.8 ], [ 2689.8, 217.9 ], [ 2705.1, 214.1 ], [ 2705.1, 212.9 ], [ 2703.2, 213.1 ], [ 2702.9, 211.5 ], [ 2703.1, 209.3 ], [ 2702.8, 207.6 ], [ 2702.0, 207.8 ], [ 2700.9, 208.7 ], [ 2699.8, 210.0 ], [ 2699.3, 211.1 ], [ 2698.1, 213.1 ], [ 2695.4, 214.6 ], [ 2692.5, 215.4 ], [ 2690.6, 215.5 ], [ 2691.0, 211.4 ], [ 2689.5, 206.0 ], [ 2689.0, 201.3 ], [ 2694.4, 199.0 ], [ 2695.5, 197.3 ], [ 2696.5, 195.0 ], [ 2697.8, 192.5 ], [ 2700.1, 189.8 ], [ 2700.5, 188.4 ], [ 2699.7, 186.2 ], [ 2704.1, 185.2 ], [ 2705.6, 184.4 ], [ 2706.5, 183.4 ], [ 2708.3, 180.8 ], [ 2709.3, 180.3 ], [ 2710.2, 180.2 ], [ 2710.4, 179.7 ], [ 2710.4, 179.0 ], [ 2710.7, 178.3 ], [ 2710.7, 178.2 ], [ 2710.9, 177.7 ], [ 2711.3, 176.9 ], [ 2711.8, 176.3 ], [ 2714.3, 175.0 ], [ 2717.0, 174.3 ], [ 2718.9, 173.4 ], [ 2722.0, 168.8 ], [ 2723.9, 167.2 ], [ 2726.7, 166.8 ], [ 2729.4, 167.3 ], [ 2734.4, 169.9 ], [ 2730.3, 177.9 ], [ 2728.4, 182.9 ], [ 2728.8, 186.7 ], [ 2727.8, 188.6 ], [ 2725.3, 191.8 ], [ 2724.7, 193.3 ], [ 2723.4, 205.1 ], [ 2722.5, 210.1 ], [ 2722.1, 212.8 ], [ 2721.9, 216.7 ], [ 2722.2, 221.3 ], [ 2722.7, 221.3 ], [ 2723.2, 212.9 ], [ 2723.8, 208.5 ], [ 2725.5, 205.7 ], [ 2728.1, 199.3 ], [ 2728.5, 197.2 ], [ 2728.5, 195.6 ], [ 2728.0, 191.9 ], [ 2730.1, 188.5 ], [ 2733.2, 179.0 ], [ 2735.2, 175.2 ], [ 2736.6, 174.0 ], [ 2738.9, 172.8 ], [ 2740.1, 171.2 ], [ 2742.9, 165.7 ], [ 2744.2, 164.0 ], [ 2745.7, 162.7 ], [ 2747.3, 161.8 ], [ 2758.1, 159.3 ], [ 2764.9, 161.8 ], [ 2768.5, 161.7 ], [ 2770.7, 157.7 ], [ 2755.0, 157.0 ], [ 2755.0, 156.1 ], [ 2755.6, 156.0 ], [ 2756.4, 155.7 ], [ 2757.0, 155.3 ], [ 2757.3, 154.6 ], [ 2757.6, 152.9 ], [ 2758.4, 152.4 ], [ 2759.3, 152.4 ], [ 2760.0, 152.1 ], [ 2764.5, 144.8 ], [ 2762.3, 144.4 ], [ 2759.3, 146.5 ], [ 2756.3, 149.8 ], [ 2754.2, 152.8 ], [ 2751.6, 157.3 ], [ 2750.3, 158.3 ], [ 2745.0, 159.8 ], [ 2742.1, 161.8 ], [ 2737.2, 166.9 ], [ 2735.7, 167.4 ], [ 2733.7, 167.6 ], [ 2731.9, 167.1 ], [ 2730.9, 165.5 ], [ 2731.8, 162.3 ], [ 2737.6, 157.1 ], [ 2739.4, 154.3 ], [ 2735.7, 155.1 ], [ 2728.7, 162.5 ], [ 2724.9, 164.2 ], [ 2722.6, 164.5 ], [ 2718.2, 166.4 ], [ 2715.8, 166.8 ], [ 2713.8, 167.6 ], [ 2709.6, 171.8 ], [ 2707.8, 172.9 ], [ 2705.8, 172.6 ], [ 2704.0, 171.2 ], [ 2702.5, 169.0 ], [ 2701.4, 166.0 ], [ 2700.7, 160.8 ], [ 2700.2, 159.7 ], [ 2699.3, 159.7 ], [ 2699.1, 161.1 ], [ 2699.3, 163.1 ], [ 2699.6, 164.5 ], [ 2700.1, 165.7 ], [ 2701.4, 169.9 ], [ 2702.9, 171.6 ], [ 2703.5, 172.8 ], [ 2703.3, 174.2 ], [ 2702.2, 174.9 ], [ 2699.7, 173.3 ], [ 2697.6, 174.7 ], [ 2695.1, 174.6 ], [ 2693.9, 175.3 ], [ 2695.1, 176.4 ], [ 2699.2, 177.6 ], [ 2698.4, 179.9 ], [ 2696.0, 182.7 ], [ 2695.0, 184.9 ], [ 2695.6, 186.6 ], [ 2695.9, 187.4 ], [ 2696.4, 188.2 ], [ 2695.6, 191.0 ], [ 2694.5, 193.0 ], [ 2693.3, 194.1 ], [ 2691.8, 194.3 ], [ 2690.2, 193.3 ], [ 2686.8, 190.2 ], [ 2685.2, 189.7 ], [ 2683.6, 190.7 ], [ 2682.6, 192.9 ], [ 2681.9, 195.5 ], [ 2681.0, 198.0 ], [ 2678.1, 201.9 ], [ 2676.4, 205.2 ], [ 2675.7, 206.1 ], [ 2674.4, 206.5 ], [ 2673.2, 205.9 ], [ 2672.1, 205.9 ], [ 2671.3, 207.9 ], [ 2671.3, 209.8 ], [ 2672.4, 217.6 ], [ 2672.1, 223.2 ], [ 2670.5, 227.3 ], [ 2667.9, 229.6 ], [ 2664.7, 229.9 ], [ 2665.0, 228.8 ], [ 2665.3, 227.7 ], [ 2663.9, 227.0 ], [ 2662.4, 232.0 ], [ 2661.1, 231.3 ], [ 2658.7, 228.9 ], [ 2658.4, 227.9 ], [ 2658.3, 226.6 ], [ 2658.0, 225.5 ], [ 2657.6, 224.6 ], [ 2657.1, 224.1 ], [ 2657.8, 220.8 ], [ 2658.7, 220.0 ], [ 2661.5, 221.1 ], [ 2663.1, 221.2 ], [ 2664.6, 220.5 ], [ 2665.9, 218.9 ], [ 2666.6, 216.2 ], [ 2663.4, 216.0 ], [ 2663.0, 216.3 ], [ 2662.6, 217.0 ], [ 2662.2, 217.7 ], [ 2661.4, 218.0 ], [ 2660.6, 217.4 ], [ 2660.1, 216.3 ], [ 2659.9, 215.2 ], [ 2659.2, 214.2 ], [ 2659.8, 213.4 ], [ 2661.3, 212.1 ], [ 2661.7, 210.0 ], [ 2660.1, 205.6 ], [ 2660.5, 203.1 ], [ 2661.9, 201.6 ], [ 2667.1, 199.2 ], [ 2667.2, 198.1 ], [ 2664.7, 198.1 ], [ 2661.6, 199.1 ], [ 2658.5, 200.8 ], [ 2656.3, 202.8 ], [ 2656.1, 203.6 ], [ 2655.9, 205.9 ], [ 2655.4, 206.9 ], [ 2654.7, 207.2 ], [ 2653.2, 206.7 ], [ 2651.2, 208.4 ], [ 2649.7, 207.9 ], [ 2648.3, 206.3 ], [ 2647.7, 204.4 ], [ 2649.0, 203.8 ], [ 2650.1, 202.4 ], [ 2650.6, 200.7 ], [ 2649.6, 199.3 ], [ 2649.7, 198.1 ], [ 2652.5, 198.0 ], [ 2658.1, 195.1 ], [ 2661.1, 194.5 ], [ 2661.1, 193.5 ], [ 2654.6, 193.4 ], [ 2652.6, 194.0 ], [ 2655.0, 191.0 ], [ 2656.0, 189.2 ], [ 2655.7, 187.9 ], [ 2654.2, 187.9 ], [ 2653.1, 189.6 ], [ 2651.9, 191.6 ], [ 2650.6, 192.9 ], [ 2651.0, 190.2 ], [ 2652.0, 188.9 ], [ 2653.1, 188.2 ], [ 2653.6, 187.3 ], [ 2654.1, 186.0 ], [ 2656.4, 181.6 ], [ 2657.2, 180.5 ], [ 2657.3, 179.7 ], [ 2657.8, 178.1 ], [ 2658.5, 176.4 ], [ 2659.1, 175.3 ], [ 2660.5, 174.3 ], [ 2663.2, 173.2 ], [ 2664.4, 172.0 ], [ 2664.8, 170.0 ], [ 2663.4, 170.3 ], [ 2661.6, 171.5 ], [ 2660.9, 172.3 ], [ 2659.8, 172.6 ], [ 2658.7, 173.6 ], [ 2657.8, 174.9 ], [ 2656.9, 176.4 ], [ 2656.9, 175.5 ], [ 2656.7, 174.0 ], [ 2656.6, 173.2 ], [ 2655.3, 175.2 ], [ 2653.6, 178.4 ], [ 2652.3, 181.9 ], [ 2651.6, 185.0 ], [ 2650.8, 186.2 ], [ 2647.3, 194.0 ], [ 2646.9, 195.9 ], [ 2646.1, 196.5 ], [ 2642.6, 200.3 ], [ 2639.6, 202.5 ], [ 2638.6, 203.9 ], [ 2638.1, 205.5 ], [ 2637.6, 207.5 ], [ 2637.0, 208.6 ], [ 2635.3, 206.4 ], [ 2632.8, 204.5 ], [ 2633.9, 203.7 ], [ 2634.4, 203.6 ], [ 2634.5, 202.4 ], [ 2630.6, 200.3 ], [ 2629.4, 198.9 ], [ 2630.2, 197.6 ], [ 2631.2, 196.8 ], [ 2633.3, 196.0 ], [ 2633.4, 195.1 ], [ 2631.1, 194.2 ], [ 2625.5, 196.0 ], [ 2623.4, 195.3 ], [ 2629.5, 189.8 ], [ 2630.7, 187.4 ], [ 2628.1, 187.3 ], [ 2620.1, 184.6 ], [ 2619.5, 183.8 ], [ 2619.6, 182.1 ], [ 2620.1, 180.1 ], [ 2620.6, 178.7 ], [ 2621.4, 178.0 ], [ 2622.7, 178.0 ], [ 2625.0, 178.4 ], [ 2623.9, 176.5 ], [ 2622.9, 175.6 ], [ 2619.9, 174.9 ], [ 2619.0, 174.5 ], [ 2618.7, 173.3 ], [ 2619.3, 170.7 ], [ 2621.9, 167.7 ], [ 2628.6, 168.4 ], [ 2631.2, 167.2 ], [ 2630.1, 166.4 ], [ 2627.9, 161.6 ], [ 2628.7, 159.2 ], [ 2629.1, 158.6 ], [ 2627.4, 154.9 ], [ 2627.6, 152.5 ], [ 2631.2, 147.6 ], [ 2633.2, 146.9 ], [ 2635.4, 149.2 ], [ 2637.4, 152.3 ], [ 2638.9, 153.9 ], [ 2639.7, 154.5 ], [ 2643.3, 160.2 ], [ 2645.3, 162.1 ], [ 2649.1, 164.6 ], [ 2652.5, 165.7 ], [ 2655.9, 165.5 ], [ 2658.8, 163.6 ], [ 2658.7, 160.9 ], [ 2660.1, 159.7 ], [ 2662.0, 158.9 ], [ 2663.4, 157.6 ], [ 2664.0, 155.6 ], [ 2664.1, 153.4 ], [ 2664.0, 148.1 ], [ 2664.2, 143.5 ], [ 2664.9, 137.3 ], [ 2666.1, 131.7 ], [ 2667.9, 129.2 ], [ 2666.5, 127.4 ], [ 2666.9, 124.6 ], [ 2668.0, 121.7 ], [ 2669.0, 119.7 ], [ 2667.3, 121.4 ], [ 2665.7, 121.9 ], [ 2662.3, 121.5 ], [ 2662.3, 120.4 ], [ 2663.2, 118.0 ], [ 2664.4, 115.5 ], [ 2665.2, 114.2 ], [ 2663.8, 113.3 ], [ 2662.6, 115.2 ], [ 2661.3, 117.9 ], [ 2659.9, 119.2 ], [ 2659.1, 119.5 ], [ 2657.5, 121.5 ], [ 2656.8, 122.1 ], [ 2655.7, 122.3 ], [ 2652.4, 121.9 ], [ 2651.5, 123.5 ], [ 2652.0, 130.8 ], [ 2651.1, 132.5 ], [ 2649.4, 132.6 ], [ 2644.6, 134.2 ], [ 2638.9, 139.2 ], [ 2633.1, 141.8 ], [ 2631.2, 141.9 ], [ 2629.4, 141.2 ], [ 2627.4, 139.4 ], [ 2625.0, 136.1 ], [ 2623.1, 132.7 ], [ 2618.7, 127.1 ], [ 2617.9, 125.0 ], [ 2620.8, 125.6 ], [ 2623.2, 127.5 ], [ 2627.8, 133.0 ], [ 2628.3, 132.1 ], [ 2623.8, 124.3 ], [ 2618.4, 117.5 ], [ 2619.7, 117.6 ], [ 2623.0, 119.0 ], [ 2621.7, 115.7 ], [ 2619.4, 114.8 ], [ 2616.9, 114.3 ], [ 2614.8, 112.5 ], [ 2611.7, 106.4 ], [ 2609.7, 104.1 ], [ 2607.5, 103.0 ], [ 2609.5, 101.8 ], [ 2611.7, 101.9 ], [ 2613.8, 103.1 ], [ 2617.0, 106.9 ], [ 2621.0, 108.0 ], [ 2623.7, 111.8 ], [ 2625.8, 113.3 ], [ 2633.4, 116.9 ], [ 2635.1, 118.5 ], [ 2634.9, 120.7 ], [ 2635.2, 124.1 ], [ 2636.2, 127.3 ], [ 2637.7, 129.8 ], [ 2639.5, 130.6 ], [ 2638.8, 130.0 ], [ 2638.4, 129.0 ], [ 2638.2, 127.9 ], [ 2638.2, 126.3 ], [ 2639.7, 127.8 ], [ 2642.5, 131.2 ], [ 2644.1, 132.0 ], [ 2643.0, 129.7 ], [ 2641.1, 127.0 ], [ 2639.8, 124.7 ], [ 2640.5, 123.2 ], [ 2641.6, 123.8 ], [ 2643.9, 126.7 ], [ 2644.4, 126.7 ], [ 2644.3, 125.0 ], [ 2643.5, 124.0 ], [ 2642.9, 122.6 ], [ 2643.3, 120.3 ], [ 2641.0, 118.8 ], [ 2640.3, 117.9 ], [ 2640.1, 116.8 ], [ 2640.0, 115.4 ], [ 2639.9, 114.2 ], [ 2639.3, 113.7 ], [ 2635.9, 113.5 ], [ 2634.0, 112.9 ], [ 2632.0, 110.8 ], [ 2631.3, 110.7 ], [ 2630.7, 110.2 ], [ 2630.6, 108.3 ], [ 2630.9, 107.7 ], [ 2632.9, 105.9 ], [ 2634.5, 104.9 ], [ 2638.0, 104.1 ], [ 2639.8, 103.2 ], [ 2639.1, 99.0 ], [ 2640.6, 97.1 ], [ 2646.4, 94.9 ], [ 2647.7, 95.2 ], [ 2648.9, 95.9 ], [ 2650.2, 96.3 ], [ 2651.3, 96.2 ], [ 2652.4, 95.8 ], [ 2654.5, 94.4 ], [ 2652.2, 94.1 ], [ 2650.2, 92.8 ], [ 2649.7, 91.0 ], [ 2651.7, 88.9 ], [ 2649.9, 89.2 ], [ 2644.2, 92.8 ], [ 2640.2, 93.2 ], [ 2638.5, 94.6 ], [ 2637.6, 98.2 ], [ 2635.5, 101.4 ], [ 2631.4, 102.0 ], [ 2627.5, 100.1 ], [ 2626.3, 95.8 ], [ 2625.8, 99.5 ], [ 2624.5, 101.9 ], [ 2623.1, 102.2 ], [ 2622.3, 99.8 ], [ 2623.5, 98.7 ], [ 2622.0, 98.1 ], [ 2618.5, 98.4 ], [ 2617.1, 96.8 ], [ 2616.7, 94.9 ], [ 2616.2, 90.3 ], [ 2615.6, 88.2 ], [ 2615.3, 87.2 ], [ 2615.1, 86.5 ], [ 2615.1, 85.5 ], [ 2615.2, 83.9 ], [ 2614.9, 83.2 ], [ 2613.7, 81.1 ], [ 2613.4, 80.0 ], [ 2614.2, 78.3 ], [ 2615.8, 78.0 ], [ 2617.7, 78.5 ], [ 2619.1, 79.4 ], [ 2620.6, 80.7 ], [ 2620.9, 82.1 ], [ 2620.1, 87.4 ], [ 2620.3, 90.1 ], [ 2620.8, 91.9 ], [ 2621.5, 91.9 ], [ 2622.0, 89.7 ], [ 2621.9, 82.5 ], [ 2622.2, 80.6 ], [ 2623.5, 79.0 ], [ 2624.8, 78.6 ], [ 2625.8, 77.6 ], [ 2625.8, 74.5 ], [ 2625.3, 75.0 ], [ 2625.1, 75.3 ], [ 2625.2, 75.5 ], [ 2624.3, 75.7 ], [ 2622.1, 77.1 ], [ 2620.9, 77.4 ], [ 2616.9, 76.0 ], [ 2616.1, 75.4 ], [ 2615.7, 72.9 ], [ 2615.8, 70.1 ], [ 2616.3, 67.4 ], [ 2617.1, 65.5 ], [ 2621.3, 61.6 ], [ 2626.4, 61.4 ], [ 2631.3, 63.6 ], [ 2636.9, 68.1 ], [ 2639.2, 69.2 ], [ 2643.9, 70.4 ], [ 2647.3, 70.2 ], [ 2648.3, 70.7 ], [ 2648.6, 72.0 ], [ 2648.7, 74.1 ], [ 2649.0, 75.5 ], [ 2650.1, 75.0 ], [ 2650.6, 73.8 ], [ 2650.4, 72.4 ], [ 2650.0, 71.0 ], [ 2649.9, 69.2 ], [ 2650.5, 67.2 ], [ 2651.6, 66.3 ], [ 2652.7, 65.9 ], [ 2655.8, 63.6 ], [ 2658.7, 64.4 ], [ 2661.7, 65.9 ], [ 2664.1, 66.5 ], [ 2664.2, 65.3 ], [ 2662.1, 63.5 ], [ 2661.2, 62.4 ], [ 2661.6, 62.0 ], [ 2664.4, 61.3 ], [ 2665.7, 61.3 ], [ 2667.0, 62.3 ], [ 2668.8, 60.8 ], [ 2671.9, 59.2 ], [ 2674.7, 58.7 ], [ 2675.9, 60.3 ], [ 2674.9, 64.5 ], [ 2674.8, 66.5 ], [ 2675.8, 65.5 ], [ 2676.7, 64.3 ], [ 2677.7, 63.2 ], [ 2678.8, 62.4 ], [ 2679.9, 62.1 ], [ 2679.3, 60.4 ], [ 2679.0, 59.9 ], [ 2681.5, 58.6 ], [ 2683.7, 58.1 ], [ 2690.0, 58.6 ], [ 2692.5, 59.7 ], [ 2694.0, 59.8 ], [ 2699.2, 58.9 ], [ 2701.7, 59.6 ], [ 2706.3, 62.1 ], [ 2708.8, 62.7 ], [ 2710.9, 63.9 ], [ 2711.7, 66.6 ], [ 2711.2, 69.4 ], [ 2709.3, 71.2 ], [ 2711.8, 71.1 ], [ 2712.8, 70.3 ], [ 2713.9, 68.7 ], [ 2714.8, 68.1 ], [ 2716.1, 67.8 ], [ 2717.4, 68.0 ], [ 2718.3, 68.4 ], [ 2719.0, 70.2 ], [ 2718.4, 72.0 ], [ 2717.2, 74.1 ], [ 2716.3, 76.8 ], [ 2717.6, 77.1 ], [ 2718.9, 77.0 ], [ 2718.8, 74.8 ], [ 2719.2, 73.1 ], [ 2719.9, 71.8 ], [ 2722.4, 68.5 ], [ 2724.3, 66.6 ], [ 2726.4, 65.2 ], [ 2730.8, 64.5 ], [ 2732.6, 63.5 ], [ 2734.3, 61.3 ], [ 2735.9, 57.6 ], [ 2736.7, 54.0 ], [ 2737.3, 52.7 ], [ 2738.2, 53.0 ], [ 2739.9, 54.9 ], [ 2740.8, 55.6 ], [ 2751.1, 57.2 ], [ 2754.7, 59.0 ], [ 2755.6, 59.8 ], [ 2756.1, 60.8 ], [ 2756.3, 62.3 ], [ 2756.2, 64.2 ], [ 2756.3, 65.7 ], [ 2756.8, 66.7 ], [ 2757.7, 67.1 ], [ 2762.1, 66.8 ], [ 2763.3, 67.3 ], [ 2764.0, 68.6 ], [ 2765.1, 73.8 ], [ 2766.2, 76.6 ], [ 2766.7, 78.1 ], [ 2766.8, 79.7 ], [ 2766.3, 81.0 ], [ 2765.1, 82.6 ], [ 2763.7, 83.8 ], [ 2761.3, 85.0 ], [ 2756.1, 90.4 ], [ 2763.2, 86.3 ], [ 2766.7, 85.6 ], [ 2769.7, 86.7 ], [ 2774.3, 90.8 ], [ 2775.4, 92.8 ], [ 2775.4, 95.1 ], [ 2773.1, 102.8 ], [ 2775.1, 100.7 ], [ 2777.2, 97.4 ], [ 2778.5, 93.3 ], [ 2777.9, 89.2 ], [ 2777.2, 88.7 ], [ 2773.4, 87.7 ], [ 2772.9, 87.0 ], [ 2772.1, 85.2 ], [ 2769.5, 77.1 ], [ 2768.9, 75.7 ], [ 2768.1, 74.5 ], [ 2767.4, 73.1 ], [ 2767.0, 68.9 ], [ 2766.6, 67.6 ], [ 2766.7, 66.7 ], [ 2768.0, 65.5 ], [ 2771.3, 64.8 ], [ 2779.3, 64.6 ], [ 2781.6, 61.8 ], [ 2782.7, 60.3 ], [ 2783.7, 60.1 ], [ 2789.8, 61.9 ], [ 2790.6, 62.6 ], [ 2792.3, 64.8 ], [ 2794.5, 66.0 ], [ 2799.5, 66.8 ], [ 2799.5, 65.6 ], [ 2798.2, 65.4 ], [ 2797.2, 65.0 ], [ 2796.3, 64.3 ], [ 2793.8, 60.9 ], [ 2793.0, 60.1 ], [ 2794.1, 58.7 ], [ 2797.6, 56.4 ], [ 2798.4, 55.5 ], [ 2799.4, 53.7 ], [ 2801.5, 52.7 ], [ 2812.9, 52.2 ], [ 2816.6, 51.0 ], [ 2819.7, 47.2 ], [ 2817.1, 47.5 ], [ 2815.1, 48.2 ], [ 2812.5, 50.0 ], [ 2801.1, 52.0 ], [ 2796.5, 51.7 ], [ 2794.4, 50.4 ], [ 2793.5, 47.9 ], [ 2793.5, 46.2 ], [ 2793.3, 43.2 ], [ 2793.3, 41.6 ], [ 2793.1, 39.7 ], [ 2792.5, 39.0 ], [ 2791.8, 38.6 ], [ 2791.4, 37.7 ], [ 2791.6, 34.4 ], [ 2794.9, 31.8 ], [ 2795.8, 29.0 ], [ 2796.2, 25.5 ], [ 2797.1, 23.8 ], [ 2800.2, 21.2 ], [ 2801.4, 19.3 ], [ 2802.6, 16.9 ], [ 2803.9, 14.8 ], [ 2805.4, 13.9 ], [ 2807.2, 13.5 ], [ 2809.1, 12.2 ], [ 2810.8, 10.2 ], [ 2811.9, 7.8 ], [ 2805.6, 11.4 ], [ 2794.6, 22.1 ], [ 2792.9, 22.5 ], [ 2790.1, 21.1 ], [ 2788.4, 20.8 ], [ 2789.7, 22.8 ], [ 2790.9, 24.3 ], [ 2791.6, 25.9 ], [ 2791.2, 28.3 ], [ 2786.5, 34.3 ], [ 2786.0, 35.9 ], [ 2787.4, 38.2 ], [ 2789.0, 39.7 ], [ 2790.2, 41.8 ], [ 2790.8, 48.4 ], [ 2791.6, 50.4 ], [ 2792.9, 51.7 ], [ 2794.3, 52.7 ], [ 2791.2, 56.2 ], [ 2790.1, 56.8 ], [ 2789.1, 56.9 ], [ 2788.2, 56.7 ], [ 2786.5, 55.6 ], [ 2786.0, 55.1 ], [ 2785.0, 53.8 ], [ 2784.5, 53.4 ], [ 2783.3, 53.4 ], [ 2780.4, 54.5 ], [ 2779.3, 55.3 ], [ 2779.1, 55.9 ], [ 2778.9, 56.7 ], [ 2778.6, 57.7 ], [ 2778.2, 58.5 ], [ 2777.4, 59.0 ], [ 2767.7, 61.2 ], [ 2764.9, 63.1 ], [ 2763.3, 63.7 ], [ 2762.0, 63.2 ], [ 2760.8, 59.8 ], [ 2762.7, 57.4 ], [ 2765.7, 55.3 ], [ 2767.6, 52.7 ], [ 2763.5, 55.1 ], [ 2761.3, 55.8 ], [ 2759.2, 55.5 ], [ 2753.1, 52.4 ], [ 2742.3, 49.8 ], [ 2734.5, 44.9 ], [ 2735.5, 42.5 ], [ 2738.4, 40.0 ], [ 2739.7, 38.2 ], [ 2742.9, 30.4 ], [ 2743.6, 29.5 ], [ 2745.3, 27.5 ], [ 2745.7, 26.9 ], [ 2745.8, 25.7 ], [ 2746.4, 22.8 ], [ 2746.7, 22.2 ], [ 2747.1, 21.4 ], [ 2747.6, 19.8 ], [ 2747.6, 18.4 ], [ 2746.6, 17.9 ], [ 2746.3, 18.4 ], [ 2741.1, 32.1 ], [ 2738.3, 36.7 ], [ 2735.3, 38.6 ], [ 2734.5, 38.0 ], [ 2733.4, 35.7 ], [ 2732.7, 35.1 ], [ 2732.1, 35.6 ], [ 2731.3, 36.7 ], [ 2730.6, 38.0 ], [ 2730.4, 38.8 ], [ 2731.4, 41.2 ], [ 2732.0, 43.6 ], [ 2732.0, 44.5 ], [ 2731.9, 45.5 ], [ 2732.0, 46.7 ], [ 2732.8, 48.0 ], [ 2727.9, 46.6 ], [ 2727.4, 47.2 ], [ 2728.2, 48.2 ], [ 2729.1, 48.8 ], [ 2729.8, 49.7 ], [ 2730.0, 51.5 ], [ 2730.0, 53.6 ], [ 2730.2, 55.2 ], [ 2730.0, 56.7 ], [ 2729.2, 58.3 ], [ 2728.3, 59.1 ], [ 2724.3, 61.4 ], [ 2719.7, 61.3 ], [ 2713.0, 59.2 ], [ 2707.3, 55.3 ], [ 2705.4, 49.7 ], [ 2701.9, 53.3 ], [ 2697.5, 54.8 ], [ 2693.1, 54.4 ], [ 2689.3, 52.0 ], [ 2692.8, 49.9 ], [ 2694.5, 48.4 ], [ 2695.3, 46.0 ], [ 2687.8, 50.9 ], [ 2682.7, 52.4 ], [ 2677.4, 52.5 ], [ 2675.9, 51.0 ], [ 2676.0, 48.1 ], [ 2676.2, 46.1 ], [ 2675.2, 46.9 ], [ 2674.6, 48.3 ], [ 2674.1, 51.0 ], [ 2673.3, 52.2 ], [ 2672.3, 52.3 ], [ 2671.0, 52.0 ], [ 2669.8, 52.1 ], [ 2669.1, 53.5 ], [ 2667.7, 54.0 ], [ 2658.7, 54.3 ], [ 2657.1, 55.0 ], [ 2652.1, 60.4 ], [ 2648.1, 62.4 ], [ 2644.6, 62.1 ], [ 2641.6, 59.3 ], [ 2639.2, 54.2 ], [ 2637.8, 56.1 ], [ 2636.1, 57.0 ], [ 2632.0, 57.1 ], [ 2631.5, 57.4 ], [ 2631.1, 57.3 ], [ 2630.5, 56.3 ], [ 2629.8, 54.6 ], [ 2629.5, 54.0 ], [ 2628.8, 53.5 ], [ 2629.7, 51.9 ], [ 2631.1, 51.9 ], [ 2632.7, 52.2 ], [ 2634.1, 51.7 ], [ 2632.4, 51.0 ], [ 2630.8, 49.8 ], [ 2629.3, 49.3 ], [ 2627.8, 50.8 ], [ 2626.4, 50.8 ], [ 2621.6, 48.5 ], [ 2620.5, 47.6 ], [ 2622.0, 43.9 ], [ 2626.3, 44.5 ], [ 2633.9, 48.5 ], [ 2633.8, 47.9 ], [ 2633.6, 46.1 ], [ 2633.5, 45.4 ], [ 2636.2, 45.5 ], [ 2632.5, 41.1 ], [ 2630.4, 39.4 ], [ 2628.4, 38.7 ], [ 2619.4, 39.3 ], [ 2617.1, 37.9 ], [ 2618.6, 37.2 ], [ 2620.4, 37.2 ], [ 2621.9, 36.8 ], [ 2623.0, 35.0 ], [ 2620.4, 36.0 ], [ 2619.0, 36.1 ], [ 2618.1, 35.2 ], [ 2617.5, 33.6 ], [ 2617.0, 32.9 ], [ 2616.3, 32.8 ], [ 2614.9, 33.4 ], [ 2615.7, 31.4 ], [ 2617.0, 30.0 ], [ 2619.9, 28.4 ], [ 2621.7, 27.8 ], [ 2623.5, 27.7 ], [ 2624.3, 27.4 ], [ 2625.6, 26.0 ], [ 2626.0, 25.7 ], [ 2629.3, 26.1 ], [ 2630.8, 25.4 ], [ 2632.5, 21.2 ], [ 2634.3, 20.8 ], [ 2636.3, 21.4 ], [ 2637.9, 22.3 ], [ 2639.0, 23.3 ], [ 2639.9, 24.5 ], [ 2640.5, 25.9 ], [ 2641.0, 27.7 ], [ 2641.6, 33.0 ], [ 2642.2, 35.3 ], [ 2643.3, 34.8 ], [ 2643.6, 32.9 ], [ 2643.6, 30.0 ], [ 2643.3, 27.1 ], [ 2642.9, 25.3 ], [ 2641.9, 23.5 ], [ 2639.5, 21.8 ], [ 2638.5, 20.2 ], [ 2652.4, 18.2 ], [ 2666.7, 19.9 ], [ 2664.3, 17.6 ], [ 2661.0, 17.0 ], [ 2631.7, 18.5 ], [ 2630.6, 19.2 ], [ 2628.8, 20.9 ], [ 2626.1, 22.4 ], [ 2623.4, 23.0 ], [ 2621.9, 22.1 ], [ 2621.2, 20.4 ], [ 2619.8, 19.0 ], [ 2619.2, 16.8 ], [ 2619.6, 14.5 ], [ 2620.7, 12.3 ], [ 2622.1, 10.8 ], [ 2623.3, 10.7 ], [ 2624.0, 12.3 ], [ 2624.1, 14.2 ], [ 2624.3, 15.2 ], [ 2625.6, 13.9 ], [ 2625.7, 13.2 ], [ 2625.8, 10.6 ], [ 2625.9, 9.7 ], [ 2626.5, 9.3 ], [ 2629.0, 9.0 ], [ 2629.0, 8.3 ], [ 2628.9, 7.8 ], [ 2628.8, 7.4 ], [ 2628.6, 6.8 ], [ 2627.1, 8.3 ], [ 2625.5, 8.7 ], [ 2622.3, 8.5 ], [ 2619.3, 9.1 ], [ 2616.2, 9.1 ], [ 2616.3, 8.1 ], [ 2624.7, 4.4 ], [ 2632.7, 3.9 ], [ 2634.7, 1.9 ], [ 2634.2, 0.7 ], [ 2636.9, 1.6 ], [ 2640.4, 3.8 ], [ 2643.6, 4.9 ], [ 2645.8, 2.6 ], [ 2656.3, 8.5 ], [ 2658.9, 8.9 ], [ 2660.8, 7.9 ], [ 2660.4, 6.8 ], [ 2661.9, 6.0 ], [ 2665.1, 5.8 ], [ 2666.6, 5.0 ], [ 2667.4, 4.0 ], [ 2668.2, 2.7 ], [ 2669.2, 1.5 ], [ 2670.5, 1.0 ], [ 2673.9, 1.0 ], [ 2675.6, 1.5 ], [ 2676.7, 2.9 ], [ 2677.8, 6.2 ], [ 2678.7, 6.9 ], [ 2680.3, 6.9 ], [ 2680.4, 5.9 ], [ 2678.8, 4.6 ], [ 2676.4, 0.2 ], [ 2676.1, 0.0 ] ] } },
{ "type": "Feature", "properties": { "scalerank": 0, "featurecla": "Coastline" }, "geometry": { "type": "LineString", "coordinates": [ [ 2667.6, 0.0 ], [ 2666.4, 0.8 ], [ 2664.1, 3.4 ], [ 2663.4, 3.8 ], [ 2659.6, 3.6 ], [ 2657.1, 5.1 ], [ 2654.8, 5.1 ], [ 2653.2, 3.8 ], [ 2653.6, 0.9 ], [ 2651.5, 0.0 ] ] } },
{ "type": "Feature", "properties": { "scalerank": 0, "featurecla": "Coastline" }, "geometry": { "type": "LineString", "coordinates": [ [ 2644.1, 0.0 ], [ 2642.4, 0.1 ], [ 2642.3, 0.0 ] ] } }
]
}
