{"type":"FeatureCollection","features":[{"type":"Feature","properties":{"id":"prov_agenais","index":1,"name":"Agenais et Bazadais","owner":"fac_france","centroid":[1940.4,2594.4],"capital_px":[1950.1,2617.5],"neighbors":["prov_albret","prov_armagnac","prov_gascogne","prov_guyenne","prov_perigord","prov_quercy","prov_rouergue","prov_toulousain"],"sea_neighbors":[],"area_px":11102},"geometry":{"type":"Polygon","coordinates":[[[1923.0,2527.0],[1898.0,2551.0],[1892.0,2566.0],[1886.0,2571.0],[1882.0,2581.0],[1867.0,2595.0],[1872.0,2602.0],[1872.0,2610.0],[1880.0,2622.0],[1880.0,2630.0],[1892.0,2650.0],[1892.0,2663.0],[1894.0,2664.0],[1898.0,2660.0],[1910.0,2656.0],[1918.0,2648.0],[1926.0,2648.0],[1930.0,2644.0],[1942.0,2644.0],[1945.0,2641.0],[1966.0,2648.0],[1971.0,2654.0],[1978.0,2656.0],[1982.0,2660.0],[1994.0,2653.0],[2001.0,2637.0],[2000.0,2614.0],[1996.0,2610.0],[1996.0,2602.0],[1988.0,2590.0],[1988.0,2553.0],[1982.0,2548.0],[1974.0,2548.0],[1954.0,2536.0],[1946.0,2536.0],[1934.0,2528.0],[1923.0,2527.0]],[[1902.0,2608.0],[1918.0,2608.0],[1928.0,2614.0],[1928.0,2630.0],[1924.0,2634.0],[1922.0,2641.0],[1918.0,2644.0],[1894.0,2644.0],[1892.0,2642.0],[1892.0,2634.0],[1888.0,2630.0],[1888.0,2622.0],[1902.0,2608.0]]]}},{"type":"Feature","properties":{"id":"prov_albret","index":2,"name":"Albret","owner":"fac_albret","centroid":[1908.6,2626.3],"capital_px":[1918.2,2623.9],"neighbors":["prov_agenais"],"sea_neighbors":[],"area_px":1188},"geometry":{"type":"Polygon","coordinates":[[[1902.0,2608.0],[1888.0,2622.0],[1888.0,2630.0],[1892.0,2634.0],[1892.0,2642.0],[1894.0,2644.0],[1918.0,2644.0],[1922.0,2641.0],[1924.0,2634.0],[1928.0,2630.0],[1928.0,2614.0],[1918.0,2608.0],[1902.0,2608.0]]]}},{"type":"Feature","properties":{"id":"prov_alencon","index":3,"name":"Alen\u00e7on (Perche)","owner":"fac_alencon","centroid":[1970.3,1951.1],"capital_px":[1975.7,1961.7],"neighbors":["prov_maine","prov_normandie_ouest"],"sea_neighbors":[],"area_px":4360},"geometry":{"type":"Polygon","coordinates":[[[1966.0,1920.0],[1954.0,1928.0],[1943.0,1930.0],[1930.0,1943.0],[1926.0,1953.0],[1916.0,1963.0],[1930.0,1968.0],[1935.0,1974.0],[1950.0,1980.0],[1954.0,1984.0],[1958.0,1984.0],[1962.0,1980.0],[1990.0,1980.0],[1999.0,1970.0],[2006.0,1968.0],[2008.0,1966.0],[2008.0,1958.0],[2012.0,1954.0],[2012.0,1942.0],[2016.0,1938.0],[2014.0,1931.0],[2006.0,1924.0],[1998.0,1924.0],[1995.0,1920.0],[1966.0,1920.0]]]}},{"type":"Feature","properties":{"id":"prov_alentejo","index":4,"name":"Alentejo et Algarve","owner":"fac_portugal","centroid":[801.3,3382.1],"capital_px":[829.8,3294.0],"neighbors":["prov_extremadura","prov_lisboa","prov_sevilla"],"sea_neighbors":[],"area_px":56176},"geometry":{"type":"Polygon","coordinates":[[[868.0,3205.0],[862.0,3208.0],[854.0,3208.0],[842.0,3216.0],[822.0,3216.0],[810.0,3224.0],[802.0,3224.0],[790.0,3232.0],[782.0,3232.0],[778.0,3236.0],[770.0,3236.0],[766.0,3240.0],[759.0,3242.0],[754.0,3253.0],[729.0,3276.0],[730.0,3279.0],[727.0,3282.0],[727.0,3287.0],[736.0,3295.0],[742.0,3297.0],[735.0,3297.0],[726.0,3291.0],[720.0,3290.0],[720.0,3287.0],[714.0,3284.0],[709.0,3277.0],[706.0,3278.0],[717.0,3294.0],[718.0,3306.0],[715.0,3327.0],[704.0,3347.0],[697.0,3356.0],[693.0,3357.0],[701.0,3365.0],[701.0,3377.0],[697.0,3384.0],[695.0,3395.0],[702.0,3395.0],[702.0,3397.0],[701.0,3399.0],[695.0,3399.0],[693.0,3402.0],[689.0,3411.0],[690.0,3427.0],[688.0,3433.0],[680.0,3448.0],[673.0,3453.0],[673.0,3461.0],[670.0,3467.0],[664.0,3470.0],[663.0,3477.0],[651.0,3489.0],[649.0,3495.0],[651.0,3494.0],[653.0,3498.0],[678.0,3493.0],[689.0,3495.0],[694.0,3491.0],[704.0,3492.0],[719.0,3503.0],[728.0,3502.0],[736.0,3508.0],[750.0,3509.0],[763.0,3518.0],[769.0,3527.0],[771.0,3526.0],[773.0,3529.0],[776.0,3527.0],[791.0,3533.0],[831.0,3516.0],[841.0,3516.0],[845.0,3520.0],[847.0,3519.0],[846.0,3517.0],[850.0,3519.0],[853.0,3517.0],[863.0,3518.0],[866.0,3511.0],[890.0,3489.0],[896.0,3474.0],[900.0,3470.0],[900.0,3462.0],[908.0,3450.0],[908.0,3442.0],[912.0,3438.0],[918.0,3423.0],[926.0,3417.0],[929.0,3411.0],[924.0,3406.0],[922.0,3395.0],[904.0,3378.0],[904.0,3362.0],[900.0,3358.0],[900.0,3354.0],[896.0,3350.0],[896.0,3342.0],[892.0,3338.0],[892.0,3290.0],[884.0,3278.0],[884.0,3242.0],[880.0,3238.0],[880.0,3230.0],[868.0,3210.0],[868.0,3205.0]]]}},{"type":"Feature","properties":{"id":"prov_alicante","index":5,"name":"Alicante","owner":"fac_aragon","centroid":[1705.2,3488.1],"capital_px":[1713.9,3496.3],"neighbors":["prov_murcia","prov_valencia","prov_villena"],"sea_neighbors":[],"area_px":3393},"geometry":{"type":"Polygon","coordinates":[[[1719.0,3451.0],[1711.0,3454.0],[1698.0,3468.0],[1683.0,3474.0],[1680.0,3477.0],[1680.0,3486.0],[1674.0,3491.0],[1672.0,3498.0],[1668.0,3502.0],[1668.0,3518.0],[1672.0,3522.0],[1674.0,3529.0],[1686.0,3540.0],[1688.0,3540.0],[1689.0,3529.0],[1693.0,3521.0],[1697.0,3518.0],[1708.0,3518.0],[1708.0,3502.0],[1710.0,3497.0],[1715.0,3498.0],[1715.0,3495.0],[1723.0,3494.0],[1725.0,3487.0],[1732.0,3483.0],[1733.0,3480.0],[1760.0,3473.0],[1758.0,3467.0],[1750.0,3460.0],[1742.0,3460.0],[1730.0,3452.0],[1719.0,3451.0]]]}},{"type":"Feature","properties":{"id":"prov_alsace","index":6,"name":"Alsace","owner":"fac_empire","centroid":[2744.1,2038.2],"capital_px":[2761.7,2004.8],"neighbors":["prov_baden","prov_franche_comte","prov_lorraine","prov_palatinate","prov_swabia","prov_waldstatten"],"sea_neighbors":[],"area_px":26576},"geometry":{"type":"Polygon","coordinates":[[[2725.0,1904.0],[2716.0,1914.0],[2716.0,1918.0],[2700.0,1946.0],[2700.0,1970.0],[2688.0,1990.0],[2688.0,2010.0],[2676.0,2030.0],[2676.0,2034.0],[2680.0,2038.0],[2680.0,2058.0],[2676.0,2062.0],[2676.0,2074.0],[2672.0,2078.0],[2672.0,2086.0],[2668.0,2090.0],[2668.0,2110.0],[2672.0,2114.0],[2671.0,2121.0],[2703.0,2153.0],[2710.0,2148.0],[2730.0,2148.0],[2742.0,2140.0],[2750.0,2140.0],[2770.0,2128.0],[2778.0,2128.0],[2790.0,2120.0],[2798.0,2120.0],[2802.0,2116.0],[2809.0,2114.0],[2816.0,2106.0],[2816.0,2094.0],[2812.0,2090.0],[2812.0,2082.0],[2820.0,2074.0],[2820.0,2066.0],[2824.0,2062.0],[2824.0,2046.0],[2828.0,2042.0],[2828.0,2025.0],[2822.0,2020.0],[2811.0,2018.0],[2806.0,2007.0],[2798.0,2000.0],[2792.0,1998.0],[2792.0,1990.0],[2788.0,1986.0],[2788.0,1978.0],[2796.0,1966.0],[2796.0,1941.0],[2782.0,1932.0],[2774.0,1932.0],[2762.0,1920.0],[2758.0,1920.0],[2730.0,1904.0],[2725.0,1904.0]]]}},{"type":"Feature","properties":{"id":"prov_ancona","index":7,"name":"Marche d'Anc\u00f4ne et Ombrie","owner":"fac_papacy","centroid":[3344.7,2818.8],"capital_px":[3388.4,2764.4],"neighbors":["prov_firenze","prov_lazio","prov_perugia","prov_rimini","prov_urbino"],"sea_neighbors":[],"area_px":16334},"geometry":{"type":"Polygon","coordinates":[[[3321.0,2723.0],[3319.0,2731.0],[3320.0,2758.0],[3314.0,2763.0],[3310.0,2773.0],[3302.0,2780.0],[3298.0,2780.0],[3286.0,2788.0],[3282.0,2788.0],[3278.0,2784.0],[3269.0,2784.0],[3260.0,2798.0],[3259.0,2805.0],[3274.0,2819.0],[3287.0,2845.0],[3284.0,2850.0],[3284.0,2875.0],[3294.0,2876.0],[3298.0,2880.0],[3302.0,2880.0],[3306.0,2884.0],[3314.0,2884.0],[3318.0,2888.0],[3342.0,2888.0],[3346.0,2884.0],[3374.0,2884.0],[3387.0,2870.0],[3397.0,2866.0],[3406.0,2856.0],[3410.0,2856.0],[3414.0,2852.0],[3431.0,2852.0],[3428.0,2838.0],[3421.0,2827.0],[3421.0,2821.0],[3402.0,2783.0],[3400.0,2772.0],[3395.0,2771.0],[3388.0,2762.0],[3382.0,2765.0],[3358.0,2753.0],[3321.0,2723.0]]]}},{"type":"Feature","properties":{"id":"prov_angoumois","index":8,"name":"Angoumois","owner":"fac_navarre","centroid":[1928.9,2389.0],"capital_px":[1927.6,2389.7],"neighbors":["prov_guyenne","prov_limousin","prov_perigord","prov_poitou","prov_saintonge"],"sea_neighbors":[],"area_px":8350},"geometry":{"type":"Polygon","coordinates":[[[1933.0,2333.0],[1930.0,2336.0],[1922.0,2336.0],[1910.0,2344.0],[1896.0,2345.0],[1896.0,2362.0],[1892.0,2366.0],[1892.0,2370.0],[1888.0,2374.0],[1888.0,2382.0],[1884.0,2386.0],[1884.0,2402.0],[1880.0,2406.0],[1880.0,2414.0],[1876.0,2418.0],[1875.0,2425.0],[1880.0,2430.0],[1882.0,2436.0],[1890.0,2436.0],[1902.0,2448.0],[1906.0,2444.0],[1918.0,2444.0],[1922.0,2440.0],[1929.0,2438.0],[1938.0,2428.0],[1946.0,2428.0],[1950.0,2424.0],[1954.0,2424.0],[1959.0,2418.0],[1969.0,2414.0],[1981.0,2401.0],[1980.0,2390.0],[1984.0,2386.0],[1984.0,2382.0],[1980.0,2378.0],[1980.0,2357.0],[1970.0,2348.0],[1966.0,2348.0],[1954.0,2340.0],[1946.0,2340.0],[1942.0,2336.0],[1933.0,2333.0]]]}},{"type":"Feature","properties":{"id":"prov_anjou","index":9,"name":"Anjou","owner":"fac_france","centroid":[1897.8,2098.0],"capital_px":[1889.5,2098.7],"neighbors":["prov_bretagne","prov_maine","prov_poitou","prov_touraine"],"sea_neighbors":[],"area_px":12012},"geometry":{"type":"Polygon","coordinates":[[[1898.0,2016.0],[1894.0,2020.0],[1887.0,2022.0],[1873.0,2038.0],[1863.0,2042.0],[1850.0,2055.0],[1844.0,2070.0],[1840.0,2074.0],[1840.0,2102.0],[1852.0,2122.0],[1852.0,2142.0],[1856.0,2146.0],[1858.0,2153.0],[1870.0,2160.0],[1898.0,2160.0],[1902.0,2156.0],[1918.0,2156.0],[1922.0,2152.0],[1942.0,2152.0],[1952.0,2143.0],[1952.0,2138.0],[1956.0,2134.0],[1956.0,2122.0],[1964.0,2110.0],[1965.0,2099.0],[1938.0,2073.0],[1934.0,2059.0],[1906.0,2033.0],[1898.0,2016.0]]]}},{"type":"Feature","properties":{"id":"prov_aragon","index":10,"name":"Aragon","owner":"fac_aragon","centroid":[1719.4,3016.0],"capital_px":[1730.8,2985.5],"neighbors":["prov_barcelona","prov_bearn","prov_castilla_vieja","prov_luna","prov_navarra","prov_ribagorca","prov_toledo","prov_valencia"],"sea_neighbors":[],"area_px":93056},"geometry":{"type":"Polygon","coordinates":[[[1755.0,2827.0],[1730.0,2851.0],[1726.0,2861.0],[1717.0,2870.0],[1706.0,2872.0],[1702.0,2876.0],[1698.0,2876.0],[1686.0,2884.0],[1678.0,2884.0],[1674.0,2888.0],[1638.0,2888.0],[1634.0,2884.0],[1626.0,2884.0],[1622.0,2888.0],[1602.0,2888.0],[1594.0,2880.0],[1589.0,2880.0],[1588.0,2886.0],[1576.0,2906.0],[1576.0,2914.0],[1568.0,2926.0],[1568.0,2934.0],[1560.0,2946.0],[1560.0,2954.0],[1542.0,2971.0],[1540.0,2978.0],[1536.0,2982.0],[1536.0,3046.0],[1544.0,3058.0],[1544.0,3066.0],[1556.0,3086.0],[1556.0,3094.0],[1564.0,3106.0],[1564.0,3114.0],[1568.0,3118.0],[1576.0,3138.0],[1605.0,3168.0],[1654.0,3168.0],[1658.0,3164.0],[1866.0,3164.0],[1870.0,3168.0],[1876.0,3167.0],[1876.0,3154.0],[1872.0,3150.0],[1872.0,3122.0],[1876.0,3118.0],[1876.0,3038.0],[1872.0,3034.0],[1872.0,3006.0],[1876.0,3002.0],[1876.0,2998.0],[1880.0,2994.0],[1880.0,2986.0],[1884.0,2982.0],[1884.0,2965.0],[1874.0,2957.0],[1869.0,2946.0],[1860.0,2942.0],[1852.0,2918.0],[1856.0,2914.0],[1856.0,2906.0],[1860.0,2902.0],[1862.0,2895.0],[1873.0,2890.0],[1878.0,2884.0],[1891.0,2884.0],[1900.0,2870.0],[1900.0,2865.0],[1886.0,2864.0],[1882.0,2860.0],[1822.0,2860.0],[1802.0,2848.0],[1794.0,2848.0],[1782.0,2840.0],[1774.0,2840.0],[1755.0,2827.0]],[[1741.0,2909.0],[1756.0,2914.0],[1756.0,2926.0],[1750.0,2936.0],[1738.0,2936.0],[1734.0,2944.0],[1722.0,2948.0],[1714.0,2941.0],[1712.0,2934.0],[1718.0,2924.0],[1726.0,2924.0],[1728.0,2922.0],[1728.0,2914.0],[1730.0,2912.0],[1738.0,2912.0],[1741.0,2909.0]]]}},{"type":"Feature","properties":{"id":"prov_armagnac","index":11,"name":"Armagnac","owner":"fac_armagnac","centroid":[1932.6,2675.1],"capital_px":[1946.2,2658.5],"neighbors":["prov_agenais","prov_bearn","prov_gascogne","prov_toulousain"],"sea_neighbors":[],"area_px":4140},"geometry":{"type":"Polygon","coordinates":[[[1945.0,2641.0],[1942.0,2644.0],[1930.0,2644.0],[1926.0,2648.0],[1918.0,2648.0],[1910.0,2656.0],[1906.0,2656.0],[1892.0,2665.0],[1892.0,2687.0],[1896.0,2690.0],[1902.0,2705.0],[1907.0,2709.0],[1938.0,2708.0],[1943.0,2702.0],[1953.0,2698.0],[1972.0,2678.0],[1972.0,2670.0],[1981.0,2659.0],[1971.0,2654.0],[1966.0,2648.0],[1945.0,2641.0]]]}},{"type":"Feature","properties":{"id":"prov_artois","index":12,"name":"Artois","owner":"fac_burgundy","centroid":[2259.9,1673.7],"capital_px":[2277.9,1707.4],"neighbors":["prov_boulonnais","prov_flandre","prov_flandre_wallonne","prov_hainaut","prov_picardie","prov_ponthieu"],"sea_neighbors":[],"area_px":10768},"geometry":{"type":"Polygon","coordinates":[[[2241.0,1586.0],[2228.0,1588.0],[2228.0,1598.0],[2224.0,1602.0],[2224.0,1622.0],[2220.0,1626.0],[2220.0,1634.0],[2216.0,1638.0],[2208.0,1658.0],[2201.0,1666.0],[2192.0,1670.0],[2196.0,1674.0],[2198.0,1681.0],[2206.0,1687.0],[2211.0,1697.0],[2214.0,1696.0],[2219.0,1702.0],[2226.0,1704.0],[2234.0,1712.0],[2245.0,1714.0],[2266.0,1736.0],[2274.0,1736.0],[2278.0,1740.0],[2290.0,1740.0],[2294.0,1736.0],[2314.0,1736.0],[2326.0,1728.0],[2331.0,1728.0],[2332.0,1706.0],[2328.0,1702.0],[2328.0,1697.0],[2314.0,1696.0],[2290.0,1673.0],[2288.0,1662.0],[2284.0,1658.0],[2284.0,1634.0],[2280.0,1630.0],[2281.0,1627.0],[2258.0,1605.0],[2253.0,1594.0],[2246.0,1592.0],[2241.0,1586.0]]]}},{"type":"Feature","properties":{"id":"prov_austria","index":13,"name":"Autriche et Styrie","owner":"fac_austria","centroid":[3759.0,2341.5],"capital_px":[3434.6,2036.6],"neighbors":["prov_bohemia","prov_oberbayern","prov_venezia"],"sea_neighbors":["prov_napoli"],"area_px":608171},"geometry":{"type":"MultiPolygon","coordinates":[[[[3490.0,2509.0],[3488.0,2525.0],[3482.0,2526.0],[3482.0,2530.0],[3479.0,2530.0],[3478.0,2534.0],[3484.0,2540.0],[3489.0,2541.0],[3499.0,2541.0],[3497.0,2539.0],[3500.0,2538.0],[3501.0,2548.0],[3511.0,2553.0],[3515.0,2552.0],[3514.0,2548.0],[3520.0,2548.0],[3520.0,2543.0],[3512.0,2537.0],[3512.0,2532.0],[3506.0,2533.0],[3503.0,2530.0],[3504.0,2521.0],[3496.0,2520.0],[3498.0,2516.0],[3493.0,2507.0],[3488.0,2508.0],[3490.0,2509.0]]],[[[3466.0,2533.0],[3473.0,2549.0],[3477.0,2552.0],[3477.0,2554.0],[3475.0,2553.0],[3476.0,2559.0],[3472.0,2560.0],[3472.0,2566.0],[3477.0,2578.0],[3475.0,2583.0],[3477.0,2584.0],[3477.0,2591.0],[3486.0,2604.0],[3492.0,2604.0],[3493.0,2600.0],[3491.0,2600.0],[3490.0,2595.0],[3485.0,2589.0],[3486.0,2582.0],[3483.0,2578.0],[3485.0,2576.0],[3482.0,2569.0],[3484.0,2549.0],[3476.0,2545.0],[3470.0,2531.0],[3470.0,2523.0],[3466.0,2533.0]]],[[[3509.0,2568.0],[3513.0,2575.0],[3506.0,2576.0],[3510.0,2580.0],[3515.0,2580.0],[3516.0,2578.0],[3528.0,2589.0],[3528.0,2583.0],[3525.0,2579.0],[3514.0,2571.0],[3516.0,2567.0],[3512.0,2566.0],[3512.0,2568.0],[3509.0,2568.0]]],[[[3472.0,2593.0],[3477.0,2606.0],[3475.0,2612.0],[3483.0,2612.0],[3479.0,2606.0],[3478.0,2594.0],[3476.0,2592.0],[3472.0,2593.0]]],[[[3516.0,2591.0],[3536.0,2616.0],[3536.0,2622.0],[3548.0,2628.0],[3552.0,2635.0],[3556.0,2633.0],[3560.0,2635.0],[3558.0,2638.0],[3560.0,2642.0],[3558.0,2643.0],[3562.0,2647.0],[3567.0,2648.0],[3562.0,2644.0],[3572.0,2646.0],[3572.0,2642.0],[3576.0,2642.0],[3554.0,2623.0],[3552.0,2623.0],[3552.0,2626.0],[3555.0,2628.0],[3553.0,2629.0],[3545.0,2618.0],[3536.0,2613.0],[3536.0,2611.0],[3547.0,2615.0],[3547.0,2618.0],[3555.0,2621.0],[3551.0,2614.0],[3545.0,2613.0],[3536.0,2603.0],[3532.0,2603.0],[3531.0,2607.0],[3516.0,2591.0]],[[3572.0,2642.0],[3571.0,2641.0],[3572.0,2641.0],[3572.0,2642.0]],[[3567.0,2638.0],[3566.0,2639.0],[3566.0,2638.0],[3567.0,2638.0]],[[3569.0,2639.0],[3568.0,2640.0],[3568.0,2639.0],[3569.0,2639.0]]],[[[3484.0,2616.0],[3489.0,2623.0],[3495.0,2625.0],[3491.0,2618.0],[3484.0,2616.0]]],[[[3520.0,2641.0],[3523.0,2644.0],[3527.0,2644.0],[3524.0,2633.0],[3521.0,2633.0],[3522.0,2639.0],[3520.0,2641.0]]],[[[3559.0,2649.0],[3561.0,2652.0],[3563.0,2651.0],[3561.0,2648.0],[3551.0,2645.0],[3551.0,2650.0],[3557.0,2651.0],[3559.0,2649.0]]],[[[3557.0,2675.0],[3569.0,2686.0],[3576.0,2686.0],[3579.0,2690.0],[3574.0,2682.0],[3557.0,2671.0],[3557.0,2675.0]]],[[[3531.0,2674.0],[3532.0,2676.0],[3536.0,2675.0],[3545.0,2685.0],[3551.0,2687.0],[3556.0,2698.0],[3567.0,2710.0],[3569.0,2710.0],[3567.0,2707.0],[3576.0,2710.0],[3576.0,2707.0],[3569.0,2704.0],[3564.0,2697.0],[3555.0,2692.0],[3553.0,2684.0],[3550.0,2684.0],[3551.0,2682.0],[3545.0,2681.0],[3544.0,2677.0],[3535.0,2670.0],[3531.0,2674.0]],[[3534.0,2673.0],[3535.0,2674.0],[3534.0,2674.0],[3534.0,2673.0]]],[[[3580.0,2692.0],[3592.0,2706.0],[3602.0,2709.0],[3599.0,2703.0],[3595.0,2702.0],[3594.0,2697.0],[3580.0,2692.0]]],[[[3578.0,2713.0],[3589.0,2725.0],[3594.0,2726.0],[3581.0,2713.0],[3578.0,2713.0]]],[[[3617.0,2718.0],[3623.0,2726.0],[3628.0,2727.0],[3625.0,2722.0],[3621.0,2721.0],[3620.0,2717.0],[3617.0,2718.0]]],[[[3698.0,1920.0],[3686.0,1928.0],[3678.0,1928.0],[3677.0,1932.0],[3666.0,1932.0],[3654.0,1940.0],[3646.0,1940.0],[3642.0,1944.0],[3634.0,1944.0],[3622.0,1952.0],[3614.0,1952.0],[3602.0,1960.0],[3598.0,1960.0],[3594.0,1956.0],[3586.0,1956.0],[3558.0,1940.0],[3550.0,1940.0],[3546.0,1936.0],[3538.0,1936.0],[3534.0,1932.0],[3334.0,1932.0],[3322.0,1940.0],[3314.0,1940.0],[3302.0,1948.0],[3297.0,1948.0],[3296.0,1958.0],[3300.0,1962.0],[3300.0,1974.0],[3296.0,1978.0],[3296.0,1982.0],[3300.0,1986.0],[3300.0,2042.0],[3304.0,2046.0],[3304.0,2126.0],[3300.0,2130.0],[3300.0,2158.0],[3296.0,2162.0],[3296.0,2174.0],[3292.0,2178.0],[3292.0,2186.0],[3289.0,2189.0],[3292.0,2194.0],[3292.0,2202.0],[3296.0,2206.0],[3296.0,2218.0],[3292.0,2222.0],[3292.0,2226.0],[3288.0,2230.0],[3288.0,2234.0],[3284.0,2238.0],[3284.0,2242.0],[3272.0,2263.0],[3291.0,2282.0],[3301.0,2286.0],[3318.0,2304.0],[3322.0,2304.0],[3334.0,2312.0],[3342.0,2312.0],[3362.0,2324.0],[3370.0,2324.0],[3374.0,2333.0],[3394.0,2351.0],[3398.0,2361.0],[3414.0,2375.0],[3418.0,2385.0],[3434.0,2399.0],[3438.0,2409.0],[3454.0,2423.0],[3456.0,2426.0],[3456.0,2446.0],[3460.0,2450.0],[3460.0,2466.0],[3464.0,2470.0],[3464.0,2486.0],[3468.0,2493.0],[3484.0,2498.0],[3486.0,2501.0],[3493.0,2500.0],[3492.0,2504.0],[3504.0,2516.0],[3524.0,2527.0],[3533.0,2547.0],[3530.0,2574.0],[3532.0,2579.0],[3531.0,2586.0],[3534.0,2592.0],[3545.0,2607.0],[3557.0,2614.0],[3563.0,2623.0],[3581.0,2639.0],[3593.0,2643.0],[3599.0,2649.0],[3607.0,2650.0],[3607.0,2652.0],[3593.0,2651.0],[3577.0,2643.0],[3579.0,2647.0],[3582.0,2647.0],[3580.0,2649.0],[3581.0,2655.0],[3573.0,2649.0],[3569.0,2650.0],[3571.0,2652.0],[3569.0,2656.0],[3566.0,2651.0],[3562.0,2652.0],[3561.0,2655.0],[3567.0,2661.0],[3565.0,2665.0],[3573.0,2671.0],[3573.0,2674.0],[3586.0,2687.0],[3593.0,2691.0],[3604.0,2705.0],[3609.0,2705.0],[3616.0,2713.0],[3629.0,2718.0],[3622.0,2719.0],[3629.0,2721.0],[3632.0,2727.0],[3642.0,2727.0],[3658.0,2738.0],[3660.0,2735.0],[3661.0,2738.0],[3659.0,2740.0],[3661.0,2742.0],[3658.0,2743.0],[3663.0,2744.0],[3658.0,2745.0],[3658.0,2754.0],[3661.0,2754.0],[3660.0,2757.0],[3663.0,2757.0],[3663.0,2759.0],[3666.0,2758.0],[3665.0,2764.0],[3681.0,2767.0],[3681.0,2765.0],[3688.0,2765.0],[3687.0,2762.0],[3681.0,2761.0],[3683.0,2759.0],[3697.0,2758.0],[3706.0,2753.0],[3720.0,2753.0],[3720.0,2756.0],[3712.0,2759.0],[3728.0,2758.0],[3729.0,2761.0],[3740.0,2767.0],[3747.0,2767.0],[3753.0,2770.0],[3769.0,2770.0],[3797.0,2798.0],[3821.0,2808.0],[3831.0,2819.0],[3835.0,2817.0],[3836.0,2822.0],[3843.0,2821.0],[3840.0,2825.0],[3845.0,2832.0],[3857.0,2835.0],[3851.0,2836.0],[3864.0,2842.0],[3869.0,2841.0],[3871.0,2847.0],[3866.0,2843.0],[3863.0,2844.0],[3850.0,2838.0],[3848.0,2840.0],[3841.0,2839.0],[3837.0,2833.0],[3814.0,2825.0],[3793.0,2827.0],[3788.0,2824.0],[3790.0,2831.0],[3795.0,2833.0],[3813.0,2832.0],[3828.0,2840.0],[3839.0,2842.0],[3840.0,2847.0],[3868.0,2852.0],[3874.0,2854.0],[3875.0,2858.0],[3877.0,2856.0],[3874.0,2852.0],[3879.0,2854.0],[3882.0,2851.0],[3891.0,2854.0],[3893.0,2860.0],[3901.0,2862.0],[3906.0,2867.0],[3910.0,2866.0],[3914.0,2873.0],[3932.0,2876.0],[3932.0,2883.0],[3934.0,2885.0],[3955.0,2895.0],[3956.0,2898.0],[3964.0,2900.0],[3967.0,2905.0],[3968.0,2899.0],[3966.0,2897.0],[3979.0,2898.0],[3984.0,2896.0],[3987.0,2891.0],[3990.0,2904.0],[3974.0,2899.0],[3972.0,2903.0],[3980.0,2909.0],[3985.0,2909.0],[3985.0,2906.0],[3988.0,2906.0],[3992.0,2915.0],[3999.0,2919.0],[4000.0,2922.0],[4003.0,2919.0],[4012.0,2918.0],[4015.0,2926.0],[4022.0,2930.0],[4029.0,2939.0],[4034.0,2938.0],[4038.0,2942.0],[4038.0,2947.0],[4046.0,2952.0],[4047.0,2962.0],[4050.0,2963.0],[4051.0,2968.0],[4068.0,2972.0],[4074.0,2978.0],[4085.0,2975.0],[4096.0,2979.0],[4096.0,1944.0],[4086.0,1944.0],[4082.0,1940.0],[4030.0,1940.0],[4026.0,1936.0],[3970.0,1936.0],[3966.0,1932.0],[3914.0,1932.0],[3910.0,1928.0],[3854.0,1928.0],[3850.0,1924.0],[3798.0,1924.0],[3794.0,1920.0],[3734.0,1920.0],[3730.0,1924.0],[3710.0,1924.0],[3706.0,1920.0],[3698.0,1920.0]],[[3490.0,2499.0],[3489.0,2498.0],[3490.0,2498.0],[3490.0,2499.0]],[[3857.0,2836.0],[3858.0,2837.0],[3857.0,2837.0],[3857.0,2836.0]],[[3871.0,2847.0],[3873.0,2848.0],[3871.0,2848.0],[3871.0,2847.0]],[[3874.0,2852.0],[3873.0,2851.0],[3874.0,2851.0],[3874.0,2852.0]],[[3404.0,1967.0],[3413.0,1968.0],[3411.0,1976.0],[3426.0,1985.0],[3419.0,1986.0],[3408.0,1979.0],[3406.0,1972.0],[3399.0,1968.0],[3399.0,1964.0],[3402.0,1964.0],[3404.0,1967.0]],[[3703.0,2084.0],[3695.0,2099.0],[3695.0,2109.0],[3700.0,2108.0],[3702.0,2110.0],[3701.0,2115.0],[3695.0,2112.0],[3691.0,2105.0],[3690.0,2097.0],[3692.0,2082.0],[3696.0,2076.0],[3704.0,2075.0],[3703.0,2084.0]],[[3690.0,2105.0],[3692.0,2108.0],[3690.0,2109.0],[3690.0,2105.0]],[[3365.0,2095.0],[3361.0,2117.0],[3356.0,2119.0],[3360.0,2111.0],[3360.0,2099.0],[3365.0,2095.0]],[[3388.0,2099.0],[3389.0,2113.0],[3387.0,2113.0],[3386.0,2099.0],[3388.0,2099.0]],[[3841.0,2196.0],[3855.0,2201.0],[3855.0,2205.0],[3853.0,2211.0],[3848.0,2216.0],[3830.0,2223.0],[3823.0,2232.0],[3799.0,2244.0],[3788.0,2255.0],[3762.0,2256.0],[3764.0,2249.0],[3774.0,2250.0],[3778.0,2243.0],[3789.0,2244.0],[3794.0,2238.0],[3802.0,2236.0],[3806.0,2229.0],[3820.0,2223.0],[3821.0,2220.0],[3828.0,2223.0],[3828.0,2219.0],[3824.0,2216.0],[3837.0,2207.0],[3841.0,2196.0]],[[3432.0,2294.0],[3445.0,2297.0],[3425.0,2298.0],[3432.0,2294.0]],[[3613.0,2700.0],[3616.0,2703.0],[3624.0,2712.0],[3611.0,2705.0],[3609.0,2701.0],[3613.0,2700.0]],[[3650.0,2721.0],[3651.0,2727.0],[3648.0,2725.0],[3648.0,2714.0],[3652.0,2716.0],[3650.0,2721.0]],[[3651.0,2728.0],[3654.0,2728.0],[3654.0,2730.0],[3651.0,2728.0]],[[3654.0,2730.0],[3655.0,2731.0],[3654.0,2731.0],[3654.0,2730.0]],[[3787.0,2725.0],[3785.0,2733.0],[3776.0,2731.0],[3775.0,2723.0],[3789.0,2724.0],[3787.0,2725.0]],[[3954.0,2838.0],[3957.0,2844.0],[3959.0,2851.0],[3957.0,2851.0],[3956.0,2846.0],[3947.0,2837.0],[3954.0,2838.0]],[[3959.0,2851.0],[3960.0,2852.0],[3959.0,2852.0],[3959.0,2851.0]],[[3960.0,2852.0],[3961.0,2853.0],[3960.0,2853.0],[3960.0,2852.0]],[[4074.0,2903.0],[4068.0,2920.0],[4083.0,2932.0],[4084.0,2944.0],[4077.0,2944.0],[4057.0,2936.0],[4051.0,2931.0],[4048.0,2923.0],[4039.0,2923.0],[4037.0,2914.0],[4042.0,2917.0],[4065.0,2917.0],[4062.0,2913.0],[4067.0,2913.0],[4069.0,2906.0],[4074.0,2903.0]],[[4037.0,2914.0],[4035.0,2912.0],[4036.0,2912.0],[4037.0,2914.0]]],[[[3693.0,2764.0],[3710.0,2764.0],[3710.0,2762.0],[3697.0,2760.0],[3693.0,2764.0]]],[[[3693.0,2780.0],[3712.0,2787.0],[3714.0,2785.0],[3707.0,2778.0],[3704.0,2779.0],[3703.0,2776.0],[3692.0,2776.0],[3693.0,2780.0]]],[[[3721.0,2782.0],[3717.0,2788.0],[3734.0,2795.0],[3762.0,2793.0],[3771.0,2786.0],[3770.0,2783.0],[3766.0,2783.0],[3764.0,2780.0],[3760.0,2781.0],[3761.0,2779.0],[3751.0,2777.0],[3718.0,2777.0],[3721.0,2782.0]]],[[[3730.0,2801.0],[3737.0,2807.0],[3727.0,2803.0],[3714.0,2808.0],[3747.0,2816.0],[3806.0,2810.0],[3803.0,2808.0],[3789.0,2810.0],[3772.0,2809.0],[3770.0,2807.0],[3752.0,2809.0],[3745.0,2801.0],[3739.0,2801.0],[3738.0,2803.0],[3730.0,2801.0]]],[[[3681.0,2829.0],[3679.0,2832.0],[3683.0,2833.0],[3682.0,2839.0],[3686.0,2839.0],[3697.0,2835.0],[3702.0,2830.0],[3702.0,2827.0],[3690.0,2826.0],[3681.0,2829.0]]],[[[3776.0,2837.0],[3775.0,2839.0],[3763.0,2839.0],[3757.0,2836.0],[3748.0,2836.0],[3747.0,2839.0],[3755.0,2839.0],[3748.0,2846.0],[3776.0,2848.0],[3789.0,2842.0],[3811.0,2843.0],[3803.0,2835.0],[3788.0,2834.0],[3776.0,2837.0]]],[[[3887.0,2864.0],[3895.0,2867.0],[3893.0,2862.0],[3886.0,2860.0],[3887.0,2864.0]]],[[[3828.0,2861.0],[3831.0,2864.0],[3840.0,2863.0],[3876.0,2870.0],[3867.0,2864.0],[3858.0,2865.0],[3859.0,2863.0],[3847.0,2860.0],[3831.0,2858.0],[3828.0,2861.0]]],[[[3773.0,2866.0],[3769.0,2873.0],[3772.0,2875.0],[3783.0,2872.0],[3783.0,2867.0],[3779.0,2866.0],[3773.0,2866.0]]],[[[4092.0,3040.0],[4092.0,3045.0],[4088.0,3048.0],[4090.0,3058.0],[4096.0,3060.0],[4096.0,3036.0],[4092.0,3040.0]]]]}},{"type":"Feature","properties":{"id":"prov_auvergne","index":14,"name":"Auvergne","owner":"fac_france","centroid":[2239.4,2445.5],"capital_px":[2244.9,2405.6],"neighbors":["prov_beaucaire","prov_bourbonnais","prov_limousin","prov_lyonnais","prov_rouergue"],"sea_neighbors":[],"area_px":36686},"geometry":{"type":"Polygon","coordinates":[[[2278.0,2348.0],[2274.0,2352.0],[2246.0,2352.0],[2234.0,2360.0],[2222.0,2360.0],[2218.0,2356.0],[2198.0,2356.0],[2194.0,2360.0],[2178.0,2360.0],[2174.0,2356.0],[2158.0,2356.0],[2154.0,2352.0],[2145.0,2352.0],[2144.0,2394.0],[2148.0,2398.0],[2148.0,2410.0],[2144.0,2414.0],[2144.0,2418.0],[2140.0,2422.0],[2140.0,2430.0],[2128.0,2450.0],[2128.0,2466.0],[2120.0,2474.0],[2120.0,2478.0],[2112.0,2490.0],[2112.0,2495.0],[2134.0,2508.0],[2142.0,2508.0],[2162.0,2520.0],[2174.0,2520.0],[2178.0,2524.0],[2182.0,2524.0],[2194.0,2532.0],[2202.0,2532.0],[2214.0,2540.0],[2222.0,2540.0],[2226.0,2544.0],[2246.0,2544.0],[2250.0,2548.0],[2263.0,2553.0],[2270.0,2552.0],[2274.0,2548.0],[2282.0,2548.0],[2294.0,2540.0],[2302.0,2540.0],[2306.0,2536.0],[2313.0,2534.0],[2330.0,2516.0],[2338.0,2516.0],[2342.0,2512.0],[2346.0,2512.0],[2349.0,2507.0],[2344.0,2502.0],[2342.0,2495.0],[2336.0,2490.0],[2336.0,2454.0],[2332.0,2450.0],[2332.0,2426.0],[2340.0,2414.0],[2340.0,2402.0],[2344.0,2398.0],[2344.0,2374.0],[2352.0,2366.0],[2352.0,2361.0],[2342.0,2360.0],[2338.0,2356.0],[2330.0,2356.0],[2326.0,2352.0],[2318.0,2352.0],[2314.0,2348.0],[2278.0,2348.0]]]}},{"type":"Feature","properties":{"id":"prov_baden","index":15,"name":"Bade","owner":"fac_baden","centroid":[2826.2,1973.9],"capital_px":[2813.2,1977.2],"neighbors":["prov_alsace","prov_palatinate","prov_swabia","prov_wurttemberg"],"sea_neighbors":[],"area_px":5132},"geometry":{"type":"Polygon","coordinates":[[[2826.0,1928.0],[2814.0,1936.0],[2802.0,1936.0],[2796.0,1941.0],[2796.0,1966.0],[2788.0,1978.0],[2788.0,1986.0],[2792.0,1990.0],[2792.0,1998.0],[2798.0,2000.0],[2806.0,2007.0],[2811.0,2018.0],[2822.0,2020.0],[2829.0,2025.0],[2834.0,2020.0],[2841.0,2018.0],[2852.0,2006.0],[2852.0,1998.0],[2856.0,1995.0],[2856.0,1974.0],[2864.0,1962.0],[2864.0,1949.0],[2855.0,1946.0],[2852.0,1938.0],[2846.0,1932.0],[2838.0,1932.0],[2834.0,1928.0],[2826.0,1928.0]]]}},{"type":"Feature","properties":{"id":"prov_bamberg","index":16,"name":"\u00c9v\u00each\u00e9 de Bamberg","owner":"fac_bamberg","centroid":[3084.5,1782.9],"capital_px":[3081.2,1802.8],"neighbors":["prov_franconia","prov_meissen","prov_nuremberg","prov_thuringia"],"sea_neighbors":[],"area_px":9548},"geometry":{"type":"Polygon","coordinates":[[[3046.0,1736.0],[3042.0,1740.0],[3024.0,1741.0],[3024.0,1746.0],[3028.0,1750.0],[3028.0,1758.0],[3032.0,1762.0],[3032.0,1794.0],[3036.0,1798.0],[3036.0,1810.0],[3040.0,1814.0],[3041.0,1832.0],[3046.0,1832.0],[3049.0,1835.0],[3054.0,1832.0],[3070.0,1832.0],[3074.0,1836.0],[3082.0,1836.0],[3094.0,1828.0],[3106.0,1828.0],[3114.0,1820.0],[3118.0,1820.0],[3122.0,1816.0],[3129.0,1814.0],[3134.0,1808.0],[3146.0,1804.0],[3148.0,1798.0],[3157.0,1793.0],[3150.0,1779.0],[3142.0,1773.0],[3140.0,1766.0],[3132.0,1758.0],[3130.0,1751.0],[3118.0,1744.0],[3114.0,1744.0],[3110.0,1740.0],[3106.0,1740.0],[3103.0,1736.0],[3046.0,1736.0]]]}},{"type":"Feature","properties":{"id":"prov_bar","index":17,"name":"Barrois","owner":"fac_france","centroid":[2512.5,1961.8],"capital_px":[2498.0,1961.2],"neighbors":["prov_champagne","prov_lorraine"],"sea_neighbors":[],"area_px":8057},"geometry":{"type":"Polygon","coordinates":[[[2518.0,1896.0],[2514.0,1904.0],[2498.0,1904.0],[2494.0,1913.0],[2474.0,1931.0],[2472.0,1934.0],[2472.0,1946.0],[2468.0,1950.0],[2468.0,1966.0],[2472.0,1970.0],[2472.0,1986.0],[2478.0,1991.0],[2482.0,2001.0],[2495.0,2014.0],[2505.0,2018.0],[2514.0,2027.0],[2516.0,2034.0],[2519.0,2036.0],[2526.0,2029.0],[2528.0,2022.0],[2534.0,2017.0],[2536.0,2010.0],[2542.0,2005.0],[2544.0,1998.0],[2548.0,1994.0],[2548.0,1978.0],[2552.0,1974.0],[2552.0,1934.0],[2548.0,1930.0],[2546.0,1923.0],[2540.0,1918.0],[2540.0,1914.0],[2532.0,1902.0],[2532.0,1896.0],[2518.0,1896.0]]]}},{"type":"Feature","properties":{"id":"prov_barcelona","index":18,"name":"Catalogne","owner":"fac_aragon","centroid":[2007.1,3012.6],"capital_px":[2080.1,3070.0],"neighbors":["prov_aragon","prov_bearn","prov_cerdagne","prov_emporda","prov_foix","prov_pallars","prov_ribagorca","prov_roussillon","prov_toulousain","prov_urgell","prov_valencia"],"sea_neighbors":[],"area_px":44497},"geometry":{"type":"Polygon","coordinates":[[[1921.0,2856.0],[1918.0,2860.0],[1910.0,2860.0],[1906.0,2864.0],[1901.0,2864.0],[1896.0,2878.0],[1891.0,2883.0],[1894.0,2888.0],[1898.0,2888.0],[1906.0,2895.0],[1908.0,2906.0],[1920.0,2918.0],[1920.0,2930.0],[1924.0,2934.0],[1924.0,2938.0],[1920.0,2942.0],[1920.0,2950.0],[1912.0,2959.0],[1918.0,2960.0],[1922.0,2957.0],[1924.0,2950.0],[1928.0,2946.0],[1928.0,2938.0],[1930.0,2936.0],[1938.0,2936.0],[1942.0,2932.0],[1954.0,2928.0],[1959.0,2934.0],[1966.0,2936.0],[1972.0,2942.0],[1972.0,2966.0],[1961.0,2978.0],[1948.0,2982.0],[1948.0,2998.0],[1933.0,3014.0],[1930.0,3016.0],[1906.0,3016.0],[1902.0,3003.0],[1889.0,2991.0],[1892.0,2986.0],[1892.0,2978.0],[1896.0,2974.0],[1896.0,2969.0],[1890.0,2964.0],[1884.0,2965.0],[1884.0,2982.0],[1880.0,2986.0],[1880.0,2994.0],[1872.0,3006.0],[1872.0,3034.0],[1876.0,3038.0],[1876.0,3118.0],[1872.0,3122.0],[1872.0,3150.0],[1876.0,3154.0],[1877.0,3168.0],[1899.0,3165.0],[1899.0,3168.0],[1892.0,3174.0],[1884.0,3172.0],[1885.0,3176.0],[1896.0,3174.0],[1906.0,3162.0],[1916.0,3160.0],[1918.0,3153.0],[1914.0,3152.0],[1907.0,3143.0],[1905.0,3143.0],[1906.0,3146.0],[1900.0,3144.0],[1899.0,3140.0],[1937.0,3107.0],[1945.0,3104.0],[1953.0,3104.0],[1960.0,3107.0],[1963.0,3101.0],[2002.0,3092.0],[2014.0,3093.0],[2036.0,3088.0],[2065.0,3086.0],[2073.0,3083.0],[2083.0,3074.0],[2093.0,3060.0],[2104.0,3057.0],[2116.0,3049.0],[2152.0,3038.0],[2161.0,3030.0],[2173.0,3029.0],[2176.0,3024.0],[2190.0,3017.0],[2191.0,3012.0],[2200.0,3010.0],[2211.0,2995.0],[2209.0,2991.0],[2206.0,2996.0],[2182.0,2996.0],[2178.0,2992.0],[2171.0,2990.0],[2166.0,2984.0],[2155.0,2982.0],[2152.0,2974.0],[2146.0,2969.0],[2141.0,2959.0],[2130.0,2960.0],[2126.0,2956.0],[2122.0,2956.0],[2118.0,2952.0],[2098.0,2944.0],[2087.0,2932.0],[2070.0,2932.0],[2065.0,2935.0],[2054.0,2928.0],[2046.0,2928.0],[2040.0,2918.0],[2040.0,2914.0],[2032.0,2906.0],[2032.0,2902.0],[2036.0,2898.0],[2036.0,2877.0],[2026.0,2876.0],[2022.0,2872.0],[2010.0,2868.0],[2002.0,2860.0],[1980.0,2861.0],[1982.0,2864.0],[1989.0,2866.0],[1994.0,2872.0],[2001.0,2874.0],[2004.0,2878.0],[2004.0,2902.0],[1998.0,2907.0],[1994.0,2916.0],[1986.0,2916.0],[1982.0,2920.0],[1966.0,2920.0],[1962.0,2916.0],[1950.0,2916.0],[1946.0,2912.0],[1938.0,2912.0],[1930.0,2905.0],[1928.0,2898.0],[1920.0,2890.0],[1920.0,2886.0],[1924.0,2882.0],[1924.0,2866.0],[1928.0,2862.0],[1927.0,2856.0],[1921.0,2856.0]]]}},{"type":"Feature","properties":{"id":"prov_bearn","index":19,"name":"B\u00e9arn et Bigorre","owner":"fac_foix_bearn","centroid":[1833.2,2771.7],"capital_px":[1782.2,2706.3],"neighbors":["prov_aragon","prov_armagnac","prov_barcelona","prov_gascogne","prov_navarra","prov_toulousain"],"sea_neighbors":[],"area_px":26880},"geometry":{"type":"Polygon","coordinates":[[[1778.0,2680.0],[1774.0,2684.0],[1758.0,2684.0],[1755.0,2686.0],[1748.0,2698.0],[1748.0,2702.0],[1744.0,2706.0],[1744.0,2722.0],[1748.0,2726.0],[1748.0,2738.0],[1745.0,2743.0],[1748.0,2746.0],[1748.0,2754.0],[1752.0,2758.0],[1752.0,2766.0],[1756.0,2770.0],[1756.0,2774.0],[1752.0,2778.0],[1751.0,2791.0],[1752.0,2814.0],[1756.0,2818.0],[1756.0,2827.0],[1766.0,2836.0],[1770.0,2836.0],[1774.0,2840.0],[1782.0,2840.0],[1794.0,2848.0],[1802.0,2848.0],[1822.0,2860.0],[1882.0,2860.0],[1886.0,2864.0],[1899.0,2865.0],[1906.0,2864.0],[1910.0,2860.0],[1918.0,2860.0],[1921.0,2855.0],[1920.0,2850.0],[1916.0,2846.0],[1916.0,2774.0],[1920.0,2770.0],[1920.0,2766.0],[1908.0,2746.0],[1908.0,2709.0],[1900.0,2702.0],[1896.0,2690.0],[1891.0,2687.0],[1886.0,2692.0],[1874.0,2692.0],[1870.0,2696.0],[1850.0,2696.0],[1846.0,2692.0],[1838.0,2692.0],[1834.0,2688.0],[1826.0,2688.0],[1822.0,2684.0],[1810.0,2684.0],[1806.0,2680.0],[1778.0,2680.0]]]}},{"type":"Feature","properties":{"id":"prov_beaucaire","index":20,"name":"N\u00eemois et Vivarais","owner":"fac_france","centroid":[2337.4,2644.9],"capital_px":[2360.8,2715.9],"neighbors":["prov_auvergne","prov_carcassonne","prov_comtat_venaissin","prov_dauphine","prov_lyonnais","prov_montpellier","prov_provence","prov_rouergue"],"sea_neighbors":[],"area_px":37132},"geometry":{"type":"MultiPolygon","coordinates":[[[[2349.0,2509.0],[2338.0,2516.0],[2327.0,2518.0],[2310.0,2536.0],[2306.0,2536.0],[2302.0,2540.0],[2294.0,2540.0],[2282.0,2548.0],[2274.0,2548.0],[2270.0,2552.0],[2264.0,2553.0],[2264.0,2558.0],[2256.0,2570.0],[2256.0,2622.0],[2248.0,2634.0],[2248.0,2694.0],[2244.0,2698.0],[2244.0,2706.0],[2240.0,2710.0],[2240.0,2718.0],[2236.0,2721.0],[2236.0,2726.0],[2242.0,2731.0],[2248.0,2746.0],[2252.0,2750.0],[2252.0,2758.0],[2260.0,2770.0],[2261.0,2779.0],[2272.0,2768.0],[2276.0,2767.0],[2264.0,2746.0],[2266.0,2739.0],[2274.0,2733.0],[2276.0,2726.0],[2282.0,2720.0],[2302.0,2720.0],[2306.0,2724.0],[2313.0,2726.0],[2320.0,2734.0],[2320.0,2738.0],[2324.0,2742.0],[2324.0,2757.0],[2329.0,2757.0],[2332.0,2760.0],[2330.0,2765.0],[2333.0,2770.0],[2339.0,2773.0],[2358.0,2776.0],[2375.0,2776.0],[2382.0,2781.0],[2379.0,2790.0],[2391.0,2794.0],[2398.0,2780.0],[2399.0,2765.0],[2396.0,2759.0],[2400.0,2764.0],[2401.0,2777.0],[2412.0,2758.0],[2412.0,2754.0],[2416.0,2750.0],[2416.0,2742.0],[2424.0,2730.0],[2423.0,2728.0],[2410.0,2728.0],[2407.0,2726.0],[2402.0,2715.0],[2396.0,2710.0],[2392.0,2698.0],[2396.0,2694.0],[2398.0,2683.0],[2407.0,2674.0],[2416.0,2670.0],[2416.0,2654.0],[2418.0,2651.0],[2440.0,2629.0],[2436.0,2626.0],[2436.0,2622.0],[2428.0,2610.0],[2428.0,2602.0],[2424.0,2598.0],[2424.0,2594.0],[2420.0,2590.0],[2420.0,2582.0],[2412.0,2570.0],[2412.0,2550.0],[2410.0,2547.0],[2387.0,2524.0],[2382.0,2524.0],[2370.0,2516.0],[2362.0,2516.0],[2358.0,2512.0],[2349.0,2509.0]],[[2396.0,2759.0],[2395.0,2758.0],[2396.0,2758.0],[2396.0,2759.0]],[[2339.0,2755.0],[2345.0,2759.0],[2346.0,2766.0],[2352.0,2763.0],[2352.0,2770.0],[2341.0,2769.0],[2343.0,2762.0],[2339.0,2759.0],[2339.0,2755.0]],[[2374.0,2756.0],[2386.0,2757.0],[2389.0,2763.0],[2385.0,2767.0],[2374.0,2767.0],[2374.0,2771.0],[2367.0,2772.0],[2366.0,2764.0],[2377.0,2764.0],[2372.0,2758.0],[2374.0,2756.0]]],[[[2281.0,2772.0],[2267.0,2780.0],[2264.0,2783.0],[2264.0,2787.0],[2272.0,2780.0],[2289.0,2774.0],[2288.0,2772.0],[2281.0,2772.0]]]]}},{"type":"Feature","properties":{"id":"prov_berg","index":21,"name":"Berg","owner":"fac_berg","centroid":[2683.4,1584.2],"capital_px":[2679.1,1590.8],"neighbors":["prov_cologne"],"sea_neighbors":[],"area_px":692},"geometry":{"type":"Polygon","coordinates":[[[2681.0,1565.0],[2673.0,1569.0],[2675.0,1575.0],[2672.0,1578.0],[2672.0,1598.0],[2674.0,1600.0],[2690.0,1600.0],[2696.0,1594.0],[2696.0,1578.0],[2685.0,1566.0],[2681.0,1565.0]]]}},{"type":"Feature","properties":{"id":"prov_bern","index":22,"name":"Berne","owner":"fac_swiss","centroid":[2711.9,2278.2],"capital_px":[2722.0,2254.8],"neighbors":["prov_franche_comte","prov_savoie","prov_waldstatten"],"sea_neighbors":[],"area_px":18808},"geometry":{"type":"Polygon","coordinates":[[[2703.0,2155.0],[2672.0,2202.0],[2672.0,2218.0],[2660.0,2238.0],[2660.0,2247.0],[2662.0,2249.0],[2662.0,2247.0],[2675.0,2242.0],[2679.0,2244.0],[2679.0,2248.0],[2651.0,2270.0],[2652.0,2278.0],[2648.0,2282.0],[2648.0,2286.0],[2644.0,2290.0],[2644.0,2298.0],[2640.0,2302.0],[2640.0,2321.0],[2662.0,2330.0],[2671.0,2342.0],[2678.0,2344.0],[2687.0,2354.0],[2697.0,2358.0],[2714.0,2376.0],[2738.0,2376.0],[2742.0,2380.0],[2759.0,2380.0],[2764.0,2374.0],[2764.0,2366.0],[2768.0,2362.0],[2772.0,2350.0],[2768.0,2346.0],[2768.0,2302.0],[2760.0,2290.0],[2760.0,2270.0],[2764.0,2266.0],[2764.0,2254.0],[2756.0,2242.0],[2756.0,2218.0],[2752.0,2214.0],[2750.0,2207.0],[2744.0,2202.0],[2740.0,2190.0],[2732.0,2182.0],[2726.0,2167.0],[2718.0,2160.0],[2710.0,2160.0],[2703.0,2155.0]],[[2699.0,2224.0],[2700.0,2226.0],[2697.0,2232.0],[2692.0,2237.0],[2684.0,2237.0],[2685.0,2234.0],[2696.0,2228.0],[2699.0,2224.0]],[[2680.0,2254.0],[2688.0,2251.0],[2687.0,2255.0],[2680.0,2259.0],[2680.0,2254.0]],[[2741.0,2286.0],[2752.0,2294.0],[2760.0,2296.0],[2760.0,2299.0],[2755.0,2300.0],[2747.0,2296.0],[2741.0,2290.0],[2741.0,2286.0]]]}},{"type":"Feature","properties":{"id":"prov_berry","index":23,"name":"Berry","owner":"fac_france","centroid":[2157.6,2207.6],"capital_px":[2190.5,2197.8],"neighbors":["prov_bourbonnais","prov_limousin","prov_nivernais","prov_orleanais","prov_poitou","prov_touraine"],"sea_neighbors":[],"area_px":22144},"geometry":{"type":"Polygon","coordinates":[[[2230.0,2116.0],[2218.0,2124.0],[2190.0,2124.0],[2186.0,2128.0],[2178.0,2128.0],[2166.0,2136.0],[2158.0,2136.0],[2154.0,2140.0],[2142.0,2140.0],[2130.0,2148.0],[2106.0,2148.0],[2102.0,2152.0],[2098.0,2152.0],[2086.0,2159.0],[2084.0,2170.0],[2080.0,2174.0],[2076.0,2186.0],[2071.0,2191.0],[2072.0,2210.0],[2076.0,2214.0],[2076.0,2222.0],[2088.0,2242.0],[2088.0,2258.0],[2092.0,2262.0],[2092.0,2291.0],[2095.0,2294.0],[2106.0,2296.0],[2118.0,2304.0],[2130.0,2304.0],[2142.0,2296.0],[2150.0,2296.0],[2154.0,2292.0],[2166.0,2288.0],[2186.0,2268.0],[2190.0,2268.0],[2194.0,2264.0],[2202.0,2264.0],[2224.0,2251.0],[2224.0,2246.0],[2228.0,2242.0],[2228.0,2214.0],[2236.0,2202.0],[2236.0,2182.0],[2240.0,2178.0],[2240.0,2166.0],[2244.0,2162.0],[2244.0,2146.0],[2240.0,2142.0],[2240.0,2134.0],[2236.0,2130.0],[2236.0,2126.0],[2230.0,2116.0]]]}},{"type":"Feature","properties":{"id":"prov_biscay","index":24,"name":"Biscaye et Guipuscoa","owner":"fac_lara","centroid":[1550.7,2731.4],"capital_px":[1536.0,2702.2],"neighbors":["prov_castilla_vieja","prov_gascogne","prov_navarra"],"sea_neighbors":[],"area_px":12638},"geometry":{"type":"Polygon","coordinates":[[[1474.0,2656.0],[1472.0,2658.0],[1472.0,2702.0],[1476.0,2706.0],[1478.0,2713.0],[1484.0,2718.0],[1486.0,2725.0],[1494.0,2731.0],[1498.0,2740.0],[1506.0,2740.0],[1511.0,2746.0],[1520.0,2750.0],[1520.0,2754.0],[1524.0,2758.0],[1524.0,2766.0],[1528.0,2770.0],[1528.0,2774.0],[1534.0,2784.0],[1538.0,2784.0],[1543.0,2790.0],[1550.0,2792.0],[1559.0,2802.0],[1566.0,2804.0],[1570.0,2808.0],[1583.0,2808.0],[1588.0,2802.0],[1590.0,2795.0],[1608.0,2778.0],[1608.0,2774.0],[1620.0,2754.0],[1620.0,2746.0],[1624.0,2743.0],[1620.0,2738.0],[1620.0,2730.0],[1612.0,2718.0],[1612.0,2708.0],[1606.0,2708.0],[1598.0,2704.0],[1590.0,2698.0],[1589.0,2694.0],[1572.0,2685.0],[1568.0,2685.0],[1566.0,2690.0],[1565.0,2682.0],[1561.0,2677.0],[1539.0,2676.0],[1539.0,2679.0],[1528.0,2683.0],[1529.0,2685.0],[1528.0,2691.0],[1522.0,2683.0],[1517.0,2685.0],[1503.0,2674.0],[1491.0,2669.0],[1484.0,2669.0],[1484.0,2667.0],[1481.0,2669.0],[1477.0,2665.0],[1481.0,2663.0],[1486.0,2665.0],[1486.0,2661.0],[1474.0,2656.0]]]}},{"type":"Feature","properties":{"id":"prov_blois","index":25,"name":"Blois","owner":"fac_blois","centroid":[2082.8,2110.5],"capital_px":[2087.8,2107.8],"neighbors":["prov_orleanais","prov_touraine"],"sea_neighbors":[],"area_px":2600},"geometry":{"type":"Polygon","coordinates":[[[2070.0,2080.0],[2056.0,2089.0],[2056.0,2110.0],[2060.0,2114.0],[2066.0,2129.0],[2082.0,2143.0],[2084.0,2150.0],[2087.0,2152.0],[2096.0,2142.0],[2098.0,2135.0],[2108.0,2126.0],[2108.0,2102.0],[2104.0,2098.0],[2102.0,2091.0],[2090.0,2080.0],[2070.0,2080.0]]]}},{"type":"Feature","properties":{"id":"prov_bohemia","index":26,"name":"Boh\u00eame","owner":"fac_bohemia","centroid":[3759.3,1660.4],"capital_px":[3434.0,1762.6],"neighbors":["prov_austria","prov_brandenburg","prov_meissen","prov_nuremberg","prov_oberbayern"],"sea_neighbors":[],"area_px":408821},"geometry":{"type":"Polygon","coordinates":[[[4096.0,1072.0],[4076.0,1090.0],[4076.0,1102.0],[4072.0,1106.0],[4072.0,1111.0],[4075.0,1111.0],[4075.0,1114.0],[4071.0,1116.0],[4069.0,1122.0],[4064.0,1121.0],[4070.0,1131.0],[4061.0,1126.0],[4055.0,1128.0],[4053.0,1120.0],[4050.0,1124.0],[4051.0,1134.0],[4049.0,1133.0],[4048.0,1125.0],[4026.0,1147.0],[4022.0,1157.0],[3998.0,1179.0],[3994.0,1189.0],[3970.0,1211.0],[3966.0,1221.0],[3942.0,1243.0],[3938.0,1253.0],[3916.0,1274.0],[3916.0,1282.0],[3920.0,1286.0],[3920.0,1294.0],[3923.0,1299.0],[3898.0,1323.0],[3897.0,1327.0],[3904.0,1338.0],[3904.0,1346.0],[3912.0,1358.0],[3912.0,1366.0],[3916.0,1370.0],[3916.0,1374.0],[3919.0,1377.0],[3918.0,1380.0],[3862.0,1380.0],[3861.0,1383.0],[3864.0,1386.0],[3864.0,1394.0],[3862.0,1396.0],[3826.0,1396.0],[3822.0,1400.0],[3790.0,1400.0],[3786.0,1404.0],[3782.0,1404.0],[3754.0,1420.0],[3746.0,1420.0],[3718.0,1436.0],[3710.0,1436.0],[3706.0,1440.0],[3702.0,1440.0],[3682.0,1452.0],[3674.0,1452.0],[3646.0,1468.0],[3638.0,1468.0],[3618.0,1480.0],[3610.0,1480.0],[3598.0,1488.0],[3590.0,1488.0],[3582.0,1496.0],[3574.0,1496.0],[3546.0,1512.0],[3537.0,1512.0],[3536.0,1518.0],[3528.0,1526.0],[3524.0,1538.0],[3518.0,1543.0],[3516.0,1550.0],[3510.0,1555.0],[3508.0,1562.0],[3500.0,1570.0],[3496.0,1582.0],[3490.0,1587.0],[3485.0,1598.0],[3470.0,1604.0],[3466.0,1608.0],[3462.0,1608.0],[3458.0,1612.0],[3454.0,1612.0],[3450.0,1616.0],[3446.0,1616.0],[3441.0,1622.0],[3431.0,1626.0],[3414.0,1643.0],[3410.0,1653.0],[3398.0,1664.0],[3394.0,1664.0],[3382.0,1672.0],[3374.0,1672.0],[3370.0,1676.0],[3350.0,1684.0],[3333.0,1702.0],[3326.0,1704.0],[3322.0,1708.0],[3314.0,1708.0],[3312.0,1714.0],[3305.0,1722.0],[3295.0,1726.0],[3258.0,1763.0],[3250.0,1781.0],[3230.0,1799.0],[3226.0,1808.0],[3214.0,1812.0],[3209.0,1818.0],[3202.0,1820.0],[3196.0,1825.0],[3196.0,1830.0],[3200.0,1834.0],[3200.0,1842.0],[3212.0,1862.0],[3212.0,1875.0],[3227.0,1890.0],[3237.0,1894.0],[3267.0,1926.0],[3277.0,1930.0],[3284.0,1938.0],[3284.0,1942.0],[3290.0,1944.0],[3295.0,1949.0],[3302.0,1948.0],[3314.0,1940.0],[3322.0,1940.0],[3334.0,1932.0],[3534.0,1932.0],[3538.0,1936.0],[3546.0,1936.0],[3550.0,1940.0],[3558.0,1940.0],[3586.0,1956.0],[3594.0,1956.0],[3598.0,1960.0],[3602.0,1960.0],[3606.0,1956.0],[3610.0,1956.0],[3614.0,1952.0],[3622.0,1952.0],[3634.0,1944.0],[3642.0,1944.0],[3646.0,1940.0],[3654.0,1940.0],[3666.0,1932.0],[3675.0,1932.0],[3674.0,1929.0],[3662.0,1929.0],[3655.0,1932.0],[3661.0,1926.0],[3674.0,1925.0],[3677.0,1929.0],[3686.0,1928.0],[3698.0,1920.0],[3706.0,1920.0],[3710.0,1924.0],[3730.0,1924.0],[3734.0,1920.0],[3794.0,1920.0],[3798.0,1924.0],[3850.0,1924.0],[3854.0,1928.0],[3910.0,1928.0],[3914.0,1932.0],[3966.0,1932.0],[3970.0,1936.0],[4026.0,1936.0],[4030.0,1940.0],[4082.0,1940.0],[4086.0,1944.0],[4096.0,1944.0],[4096.0,1072.0]],[[4083.0,1126.0],[4087.0,1130.0],[4081.0,1131.0],[4074.0,1136.0],[4073.0,1134.0],[4079.0,1131.0],[4076.0,1131.0],[4076.0,1128.0],[4079.0,1129.0],[4083.0,1126.0]],[[4054.0,1129.0],[4055.0,1128.0],[4055.0,1129.0],[4054.0,1129.0]],[[3901.0,1332.0],[3904.0,1332.0],[3907.0,1335.0],[3905.0,1335.0],[3901.0,1332.0]],[[3823.0,1449.0],[3826.0,1451.0],[3826.0,1457.0],[3823.0,1459.0],[3823.0,1467.0],[3821.0,1468.0],[3820.0,1459.0],[3823.0,1449.0]],[[3950.0,1495.0],[3954.0,1496.0],[3946.0,1504.0],[3950.0,1495.0]],[[3945.0,1505.0],[3946.0,1504.0],[3946.0,1505.0],[3945.0,1505.0]],[[3943.0,1507.0],[3945.0,1505.0],[3945.0,1507.0],[3943.0,1507.0]],[[3875.0,1742.0],[3882.0,1742.0],[3883.0,1744.0],[3877.0,1748.0],[3875.0,1746.0],[3869.0,1748.0],[3875.0,1742.0]],[[3875.0,1749.0],[3876.0,1748.0],[3876.0,1749.0],[3875.0,1749.0]],[[3954.0,1816.0],[3959.0,1809.0],[3958.0,1819.0],[3953.0,1820.0],[3947.0,1817.0],[3949.0,1814.0],[3954.0,1816.0]],[[3411.0,1843.0],[3414.0,1837.0],[3416.0,1862.0],[3414.0,1862.0],[3411.0,1843.0]],[[3954.0,1859.0],[3958.0,1859.0],[3963.0,1864.0],[3956.0,1864.0],[3954.0,1866.0],[3954.0,1859.0]]]}},{"type":"Feature","properties":{"id":"prov_bologna","index":27,"name":"Bologne","owner":"fac_bologna","centroid":[3171.0,2645.9],"capital_px":[3141.3,2636.8],"neighbors":["prov_ferrara","prov_firenze","prov_mantova","prov_rimini","prov_venezia"],"sea_neighbors":[],"area_px":12859},"geometry":{"type":"Polygon","coordinates":[[[3134.0,2592.0],[3130.0,2596.0],[3095.0,2595.0],[3085.0,2606.0],[3077.0,2608.0],[3076.0,2610.0],[3080.0,2614.0],[3080.0,2638.0],[3082.0,2641.0],[3110.0,2668.0],[3122.0,2668.0],[3126.0,2672.0],[3138.0,2672.0],[3141.0,2675.0],[3146.0,2672.0],[3154.0,2672.0],[3166.0,2683.0],[3170.0,2692.0],[3178.0,2692.0],[3182.0,2696.0],[3189.0,2698.0],[3194.0,2704.0],[3234.0,2704.0],[3237.0,2702.0],[3244.0,2694.0],[3244.0,2686.0],[3248.0,2682.0],[3248.0,2678.0],[3254.0,2668.0],[3246.0,2639.0],[3245.0,2615.0],[3242.0,2608.0],[3239.0,2609.0],[3241.0,2616.0],[3239.0,2621.0],[3228.0,2625.0],[3225.0,2619.0],[3225.0,2611.0],[3228.0,2609.0],[3222.0,2604.0],[3215.0,2603.0],[3210.0,2608.0],[3206.0,2608.0],[3202.0,2612.0],[3194.0,2612.0],[3190.0,2616.0],[3178.0,2616.0],[3166.0,2608.0],[3158.0,2608.0],[3154.0,2604.0],[3150.0,2604.0],[3141.0,2594.0],[3134.0,2592.0]]]}},{"type":"Feature","properties":{"id":"prov_boulonnais","index":28,"name":"Boulonnais et Calaisis","owner":"fac_france","centroid":[2193.7,1629.8],"capital_px":[2170.9,1628.1],"neighbors":["prov_artois","prov_ponthieu"],"sea_neighbors":["prov_flandre","prov_kent"],"area_px":3840},"geometry":{"type":"Polygon","coordinates":[[[2227.0,1588.0],[2209.0,1589.0],[2187.0,1595.0],[2178.0,1604.0],[2170.0,1606.0],[2171.0,1621.0],[2165.0,1632.0],[2165.0,1652.0],[2167.0,1656.0],[2164.0,1657.0],[2162.0,1672.0],[2191.0,1672.0],[2206.0,1661.0],[2212.0,1646.0],[2216.0,1642.0],[2216.0,1638.0],[2220.0,1634.0],[2220.0,1626.0],[2224.0,1622.0],[2224.0,1602.0],[2228.0,1598.0],[2227.0,1588.0]]]}},{"type":"Feature","properties":{"id":"prov_bourbonnais","index":29,"name":"Bourbonnais et Marche","owner":"fac_bourbon","centroid":[2255.4,2304.1],"capital_px":[2281.9,2286.6],"neighbors":["prov_auvergne","prov_berry","prov_bourgogne","prov_charolais","prov_limousin","prov_lyonnais","prov_nivernais"],"sea_neighbors":[],"area_px":21346},"geometry":{"type":"Polygon","coordinates":[[[2338.0,2228.0],[2334.0,2232.0],[2330.0,2232.0],[2302.0,2248.0],[2278.0,2248.0],[2274.0,2252.0],[2246.0,2252.0],[2242.0,2256.0],[2230.0,2256.0],[2223.0,2251.0],[2218.0,2256.0],[2214.0,2256.0],[2202.0,2264.0],[2194.0,2264.0],[2190.0,2268.0],[2186.0,2268.0],[2166.0,2288.0],[2162.0,2288.0],[2150.0,2296.0],[2142.0,2296.0],[2130.0,2304.0],[2125.0,2304.0],[2124.0,2318.0],[2128.0,2322.0],[2132.0,2334.0],[2140.0,2338.0],[2140.0,2346.0],[2145.0,2352.0],[2154.0,2352.0],[2158.0,2356.0],[2174.0,2356.0],[2178.0,2360.0],[2194.0,2360.0],[2198.0,2356.0],[2218.0,2356.0],[2222.0,2360.0],[2234.0,2360.0],[2246.0,2352.0],[2274.0,2352.0],[2278.0,2348.0],[2314.0,2348.0],[2318.0,2352.0],[2326.0,2352.0],[2330.0,2356.0],[2338.0,2356.0],[2342.0,2360.0],[2358.0,2360.0],[2361.0,2355.0],[2354.0,2349.0],[2352.0,2342.0],[2348.0,2338.0],[2348.0,2310.0],[2352.0,2306.0],[2358.0,2291.0],[2369.0,2286.0],[2373.0,2279.0],[2370.0,2271.0],[2346.0,2249.0],[2344.0,2238.0],[2338.0,2228.0]]]}},{"type":"Feature","properties":{"id":"prov_bourgogne","index":30,"name":"Bourgogne (duch\u00e9)","owner":"fac_burgundy","centroid":[2438.3,2177.4],"capital_px":[2471.2,2184.2],"neighbors":["prov_bourbonnais","prov_champagne","prov_charolais","prov_franche_comte","prov_lorraine","prov_lyonnais","prov_nivernais"],"sea_neighbors":[],"area_px":30226},"geometry":{"type":"Polygon","coordinates":[[[2527.0,2075.0],[2522.0,2080.0],[2514.0,2080.0],[2510.0,2076.0],[2494.0,2076.0],[2490.0,2080.0],[2482.0,2080.0],[2478.0,2084.0],[2470.0,2084.0],[2461.0,2094.0],[2454.0,2096.0],[2450.0,2100.0],[2438.0,2100.0],[2434.0,2104.0],[2410.0,2104.0],[2406.0,2108.0],[2402.0,2108.0],[2398.0,2112.0],[2390.0,2112.0],[2386.0,2116.0],[2354.0,2116.0],[2350.0,2120.0],[2344.0,2121.0],[2348.0,2126.0],[2348.0,2190.0],[2344.0,2194.0],[2344.0,2222.0],[2339.0,2227.0],[2340.0,2234.0],[2344.0,2238.0],[2344.0,2246.0],[2370.0,2271.0],[2373.0,2280.0],[2378.0,2276.0],[2382.0,2276.0],[2386.0,2280.0],[2394.0,2280.0],[2398.0,2284.0],[2410.0,2288.0],[2414.0,2297.0],[2428.0,2310.0],[2429.0,2324.0],[2433.0,2321.0],[2432.0,2302.0],[2436.0,2298.0],[2436.0,2290.0],[2454.0,2273.0],[2458.0,2263.0],[2470.0,2253.0],[2480.0,2222.0],[2494.0,2209.0],[2498.0,2199.0],[2510.0,2189.0],[2518.0,2171.0],[2538.0,2157.0],[2544.0,2142.0],[2548.0,2138.0],[2548.0,2134.0],[2552.0,2130.0],[2552.0,2126.0],[2556.0,2122.0],[2556.0,2118.0],[2560.0,2114.0],[2560.0,2106.0],[2565.0,2099.0],[2546.0,2088.0],[2542.0,2088.0],[2533.0,2078.0],[2527.0,2075.0]]]}},{"type":"Feature","properties":{"id":"prov_brabant","index":31,"name":"Brabant","owner":"fac_brabant","centroid":[2490.2,1611.7],"capital_px":[2474.2,1632.8],"neighbors":["prov_cologne","prov_flandre","prov_gueldre","prov_hainaut","prov_holland","prov_liege","prov_namur"],"sea_neighbors":[],"area_px":15953},"geometry":{"type":"Polygon","coordinates":[[[2437.0,1552.0],[2439.0,1563.0],[2436.0,1561.0],[2435.0,1555.0],[2433.0,1555.0],[2432.0,1562.0],[2428.0,1566.0],[2428.0,1602.0],[2424.0,1606.0],[2424.0,1622.0],[2416.0,1634.0],[2416.0,1642.0],[2412.0,1647.0],[2426.0,1659.0],[2434.0,1677.0],[2453.0,1696.0],[2466.0,1684.0],[2470.0,1684.0],[2474.0,1680.0],[2482.0,1680.0],[2486.0,1676.0],[2494.0,1676.0],[2498.0,1680.0],[2507.0,1680.0],[2516.0,1670.0],[2524.0,1646.0],[2542.0,1629.0],[2546.0,1619.0],[2554.0,1616.0],[2556.0,1610.0],[2563.0,1602.0],[2578.0,1596.0],[2583.0,1590.0],[2590.0,1588.0],[2597.0,1581.0],[2589.0,1570.0],[2579.0,1566.0],[2575.0,1560.0],[2558.0,1560.0],[2554.0,1556.0],[2478.0,1556.0],[2474.0,1552.0],[2437.0,1552.0]],[[2440.0,1564.0],[2443.0,1565.0],[2441.0,1570.0],[2440.0,1570.0],[2440.0,1564.0]]]}},{"type":"Feature","properties":{"id":"prov_brandenburg","index":32,"name":"Brandebourg et Mecklembourg","owner":"fac_empire","centroid":[3665.8,1173.1],"capital_px":[3313.8,1390.2],"neighbors":["prov_bohemia","prov_brunswick","prov_gotaland","prov_holstein","prov_mecklenburg","prov_meissen"],"sea_neighbors":[],"area_px":397609},"geometry":{"type":"MultiPolygon","coordinates":[[[[4032.0,495.0],[4020.0,500.0],[3987.0,528.0],[3967.0,533.0],[3964.0,536.0],[3957.0,559.0],[3952.0,566.0],[3951.0,575.0],[3947.0,580.0],[3948.0,604.0],[3952.0,616.0],[3951.0,627.0],[3943.0,637.0],[3940.0,645.0],[3928.0,655.0],[3931.0,671.0],[3929.0,703.0],[3936.0,707.0],[3940.0,722.0],[3940.0,726.0],[3938.0,726.0],[3936.0,724.0],[3936.0,714.0],[3933.0,707.0],[3931.0,707.0],[3933.0,713.0],[3931.0,728.0],[3935.0,740.0],[3935.0,751.0],[3946.0,772.0],[3950.0,793.0],[3950.0,806.0],[3956.0,825.0],[3959.0,826.0],[3958.0,831.0],[3962.0,846.0],[3963.0,863.0],[3959.0,886.0],[3948.0,914.0],[3934.0,938.0],[3921.0,952.0],[3914.0,956.0],[3897.0,956.0],[3884.0,960.0],[3879.0,957.0],[3877.0,959.0],[3875.0,972.0],[3881.0,985.0],[3878.0,1006.0],[3873.0,1018.0],[3858.0,1040.0],[3868.0,1031.0],[3879.0,1010.0],[3884.0,1009.0],[3882.0,1006.0],[3883.0,996.0],[3889.0,995.0],[3893.0,1004.0],[3901.0,997.0],[3917.0,995.0],[3923.0,996.0],[3916.0,1000.0],[3913.0,1006.0],[3898.0,1015.0],[3896.0,1019.0],[3888.0,1018.0],[3883.0,1032.0],[3875.0,1036.0],[3873.0,1041.0],[3869.0,1042.0],[3868.0,1050.0],[3845.0,1065.0],[3840.0,1078.0],[3840.0,1071.0],[3828.0,1071.0],[3828.0,1066.0],[3825.0,1063.0],[3839.0,1059.0],[3848.0,1050.0],[3843.0,1051.0],[3837.0,1056.0],[3805.0,1065.0],[3801.0,1063.0],[3798.0,1065.0],[3781.0,1063.0],[3775.0,1058.0],[3770.0,1058.0],[3764.0,1054.0],[3762.0,1037.0],[3756.0,1028.0],[3756.0,1024.0],[3752.0,1026.0],[3750.0,1015.0],[3744.0,1011.0],[3747.0,1001.0],[3731.0,996.0],[3697.0,1002.0],[3681.0,1010.0],[3661.0,1015.0],[3666.0,1016.0],[3666.0,1019.0],[3656.0,1029.0],[3643.0,1022.0],[3628.0,1031.0],[3633.0,1033.0],[3634.0,1037.0],[3627.0,1038.0],[3625.0,1033.0],[3616.0,1045.0],[3580.0,1057.0],[3573.0,1065.0],[3576.0,1066.0],[3575.0,1069.0],[3572.0,1070.0],[3571.0,1068.0],[3561.0,1085.0],[3564.0,1086.0],[3564.0,1090.0],[3552.0,1097.0],[3555.0,1098.0],[3555.0,1102.0],[3551.0,1102.0],[3552.0,1104.0],[3543.0,1106.0],[3544.0,1103.0],[3542.0,1103.0],[3537.0,1106.0],[3523.0,1108.0],[3507.0,1118.0],[3473.0,1129.0],[3447.0,1143.0],[3429.0,1148.0],[3404.0,1161.0],[3395.0,1169.0],[3380.0,1169.0],[3376.0,1167.0],[3357.0,1148.0],[3346.0,1144.0],[3338.0,1132.0],[3334.0,1134.0],[3334.0,1138.0],[3339.0,1141.0],[3339.0,1143.0],[3329.0,1137.0],[3328.0,1136.0],[3330.0,1135.0],[3329.0,1133.0],[3321.0,1139.0],[3309.0,1141.0],[3312.0,1147.0],[3307.0,1146.0],[3304.0,1138.0],[3300.0,1138.0],[3302.0,1134.0],[3294.0,1136.0],[3296.0,1133.0],[3290.0,1125.0],[3274.0,1119.0],[3274.0,1114.0],[3271.0,1111.0],[3272.0,1104.0],[3266.0,1101.0],[3266.0,1096.0],[3259.0,1097.0],[3254.0,1102.0],[3253.0,1107.0],[3248.0,1108.0],[3251.0,1114.0],[3260.0,1118.0],[3262.0,1124.0],[3268.0,1126.0],[3268.0,1130.0],[3264.0,1134.0],[3264.0,1146.0],[3260.0,1150.0],[3260.0,1174.0],[3256.0,1178.0],[3256.0,1186.0],[3259.0,1186.0],[3259.0,1191.0],[3252.0,1198.0],[3252.0,1210.0],[3248.0,1214.0],[3248.0,1218.0],[3232.0,1234.0],[3234.0,1243.0],[3226.0,1244.0],[3221.0,1250.0],[3214.0,1252.0],[3206.0,1260.0],[3198.0,1260.0],[3174.0,1276.0],[3158.0,1276.0],[3145.0,1290.0],[3135.0,1294.0],[3122.0,1308.0],[3098.0,1308.0],[3094.0,1312.0],[3077.0,1312.0],[3074.0,1316.0],[3070.0,1316.0],[3067.0,1319.0],[3076.0,1330.0],[3076.0,1334.0],[3085.0,1338.0],[3098.0,1351.0],[3104.0,1366.0],[3108.0,1370.0],[3108.0,1374.0],[3112.0,1378.0],[3112.0,1382.0],[3116.0,1386.0],[3116.0,1390.0],[3120.0,1394.0],[3120.0,1402.0],[3124.0,1406.0],[3124.0,1410.0],[3128.0,1414.0],[3128.0,1422.0],[3136.0,1434.0],[3136.0,1474.0],[3140.0,1478.0],[3141.0,1488.0],[3170.0,1488.0],[3174.0,1492.0],[3182.0,1492.0],[3186.0,1496.0],[3194.0,1496.0],[3198.0,1500.0],[3226.0,1500.0],[3230.0,1504.0],[3318.0,1504.0],[3330.0,1496.0],[3350.0,1496.0],[3354.0,1500.0],[3426.0,1500.0],[3431.0,1497.0],[3434.0,1500.0],[3458.0,1500.0],[3462.0,1504.0],[3486.0,1504.0],[3490.0,1508.0],[3510.0,1508.0],[3514.0,1512.0],[3546.0,1512.0],[3574.0,1496.0],[3582.0,1496.0],[3590.0,1488.0],[3598.0,1488.0],[3602.0,1484.0],[3606.0,1484.0],[3610.0,1480.0],[3618.0,1480.0],[3638.0,1468.0],[3646.0,1468.0],[3674.0,1452.0],[3682.0,1452.0],[3710.0,1436.0],[3718.0,1436.0],[3746.0,1420.0],[3754.0,1420.0],[3758.0,1416.0],[3762.0,1416.0],[3790.0,1400.0],[3822.0,1400.0],[3826.0,1396.0],[3862.0,1396.0],[3864.0,1394.0],[3862.0,1380.0],[3919.0,1379.0],[3916.0,1370.0],[3912.0,1366.0],[3912.0,1358.0],[3904.0,1346.0],[3904.0,1338.0],[3900.0,1332.0],[3892.0,1332.0],[3876.0,1325.0],[3861.0,1325.0],[3850.0,1320.0],[3878.0,1323.0],[3886.0,1328.0],[3900.0,1331.0],[3897.0,1327.0],[3898.0,1323.0],[3923.0,1299.0],[3920.0,1294.0],[3920.0,1286.0],[3916.0,1282.0],[3918.0,1271.0],[3938.0,1253.0],[3942.0,1243.0],[3966.0,1221.0],[3970.0,1211.0],[3994.0,1189.0],[3998.0,1179.0],[4022.0,1157.0],[4026.0,1147.0],[4046.0,1129.0],[4051.0,1120.0],[4048.0,1115.0],[4054.0,1118.0],[4053.0,1115.0],[4058.0,1116.0],[4072.0,1111.0],[4072.0,1106.0],[4076.0,1102.0],[4076.0,1090.0],[4091.0,1074.0],[4096.0,1072.0],[4096.0,568.0],[4085.0,546.0],[4075.0,544.0],[4059.0,531.0],[4040.0,521.0],[4032.0,510.0],[4032.0,495.0]],[[3959.0,828.0],[3960.0,829.0],[3959.0,829.0],[3959.0,828.0]],[[3960.0,829.0],[3961.0,830.0],[3960.0,830.0],[3960.0,829.0]],[[3962.0,830.0],[3979.0,869.0],[3975.0,884.0],[3981.0,879.0],[3981.0,883.0],[3986.0,889.0],[3984.0,892.0],[3986.0,904.0],[3979.0,904.0],[3979.0,911.0],[3990.0,944.0],[3978.0,953.0],[3974.0,952.0],[3969.0,955.0],[3957.0,955.0],[3953.0,951.0],[3929.0,954.0],[3927.0,949.0],[3940.0,935.0],[3950.0,918.0],[3954.0,905.0],[3960.0,899.0],[3964.0,878.0],[3967.0,874.0],[3964.0,871.0],[3966.0,859.0],[3962.0,830.0]],[[4048.0,1115.0],[4047.0,1114.0],[4048.0,1114.0],[4048.0,1115.0]],[[4088.0,558.0],[4090.0,567.0],[4093.0,570.0],[4089.0,570.0],[4089.0,565.0],[4084.0,564.0],[4084.0,555.0],[4088.0,558.0]],[[4010.0,580.0],[4015.0,588.0],[4014.0,597.0],[4006.0,589.0],[4010.0,580.0]],[[3997.0,879.0],[4000.0,884.0],[3994.0,886.0],[3992.0,880.0],[3997.0,879.0]],[[4001.0,884.0],[4003.0,887.0],[4002.0,891.0],[4004.0,893.0],[4000.0,891.0],[4001.0,884.0]],[[4048.0,1054.0],[4051.0,1052.0],[4052.0,1056.0],[4054.0,1056.0],[4053.0,1053.0],[4060.0,1053.0],[4055.0,1058.0],[4052.0,1058.0],[4052.0,1060.0],[4056.0,1060.0],[4058.0,1063.0],[4057.0,1066.0],[4053.0,1067.0],[4057.0,1075.0],[4056.0,1077.0],[4052.0,1076.0],[4052.0,1071.0],[4048.0,1066.0],[4046.0,1073.0],[4043.0,1073.0],[4043.0,1070.0],[4041.0,1070.0],[4045.0,1063.0],[4052.0,1063.0],[4047.0,1060.0],[4045.0,1051.0],[4048.0,1054.0]],[[4065.0,1079.0],[4064.0,1086.0],[4057.0,1098.0],[4054.0,1099.0],[4058.0,1089.0],[4061.0,1087.0],[4058.0,1077.0],[4065.0,1079.0]],[[4039.0,1100.0],[4045.0,1106.0],[4047.0,1113.0],[4037.0,1103.0],[4037.0,1099.0],[4041.0,1096.0],[4039.0,1100.0]],[[3278.0,1121.0],[3279.0,1122.0],[3278.0,1122.0],[3278.0,1121.0]],[[3873.0,1144.0],[3874.0,1149.0],[3877.0,1148.0],[3875.0,1152.0],[3876.0,1157.0],[3870.0,1170.0],[3868.0,1170.0],[3874.0,1156.0],[3868.0,1151.0],[3865.0,1143.0],[3868.0,1145.0],[3869.0,1141.0],[3873.0,1144.0]],[[3877.0,1148.0],[3878.0,1147.0],[3878.0,1148.0],[3877.0,1148.0]],[[3339.0,1145.0],[3336.0,1157.0],[3334.0,1154.0],[3339.0,1145.0]],[[3337.0,1158.0],[3341.0,1153.0],[3345.0,1152.0],[3344.0,1159.0],[3347.0,1158.0],[3350.0,1154.0],[3350.0,1149.0],[3354.0,1149.0],[3358.0,1156.0],[3361.0,1155.0],[3362.0,1157.0],[3362.0,1167.0],[3359.0,1167.0],[3360.0,1164.0],[3354.0,1167.0],[3355.0,1160.0],[3348.0,1160.0],[3348.0,1164.0],[3352.0,1169.0],[3352.0,1175.0],[3342.0,1180.0],[3344.0,1183.0],[3341.0,1182.0],[3341.0,1179.0],[3349.0,1172.0],[3349.0,1168.0],[3344.0,1166.0],[3343.0,1161.0],[3337.0,1158.0]],[[3398.0,1175.0],[3410.0,1177.0],[3412.0,1179.0],[3411.0,1184.0],[3414.0,1183.0],[3416.0,1178.0],[3416.0,1191.0],[3411.0,1192.0],[3410.0,1196.0],[3412.0,1207.0],[3417.0,1209.0],[3415.0,1217.0],[3409.0,1208.0],[3398.0,1206.0],[3389.0,1197.0],[3387.0,1197.0],[3387.0,1203.0],[3381.0,1204.0],[3379.0,1202.0],[3384.0,1199.0],[3382.0,1194.0],[3377.0,1198.0],[3369.0,1198.0],[3356.0,1193.0],[3346.0,1185.0],[3346.0,1183.0],[3357.0,1182.0],[3362.0,1177.0],[3370.0,1178.0],[3376.0,1176.0],[3384.0,1184.0],[3390.0,1185.0],[3389.0,1183.0],[3396.0,1181.0],[3396.0,1176.0],[3393.0,1176.0],[3392.0,1173.0],[3398.0,1171.0],[3398.0,1175.0]],[[3557.0,1200.0],[3565.0,1208.0],[3565.0,1210.0],[3559.0,1209.0],[3559.0,1206.0],[3556.0,1207.0],[3558.0,1204.0],[3557.0,1200.0]],[[3424.0,1227.0],[3428.0,1240.0],[3423.0,1242.0],[3424.0,1246.0],[3421.0,1247.0],[3421.0,1243.0],[3418.0,1242.0],[3418.0,1239.0],[3421.0,1239.0],[3421.0,1227.0],[3424.0,1227.0]],[[3239.0,1241.0],[3250.0,1253.0],[3250.0,1259.0],[3246.0,1260.0],[3243.0,1268.0],[3242.0,1258.0],[3236.0,1257.0],[3236.0,1253.0],[3232.0,1252.0],[3238.0,1239.0],[3241.0,1239.0],[3239.0,1241.0]],[[3232.0,1252.0],[3231.0,1253.0],[3231.0,1252.0],[3232.0,1252.0]],[[3447.0,1253.0],[3448.0,1274.0],[3446.0,1274.0],[3443.0,1266.0],[3447.0,1253.0]],[[3252.0,1286.0],[3252.0,1282.0],[3253.0,1282.0],[3254.0,1286.0],[3252.0,1286.0]],[[3254.0,1284.0],[3256.0,1283.0],[3257.0,1286.0],[3255.0,1286.0],[3254.0,1284.0]],[[3774.0,1329.0],[3775.0,1330.0],[3774.0,1330.0],[3774.0,1329.0]],[[3775.0,1330.0],[3776.0,1331.0],[3775.0,1331.0],[3775.0,1330.0]],[[3777.0,1331.0],[3779.0,1340.0],[3777.0,1339.0],[3776.0,1345.0],[3777.0,1331.0]],[[3777.0,1347.0],[3779.0,1346.0],[3779.0,1348.0],[3777.0,1347.0]],[[3779.0,1341.0],[3780.0,1344.0],[3779.0,1344.0],[3779.0,1341.0]],[[3780.0,1344.0],[3781.0,1347.0],[3780.0,1347.0],[3780.0,1344.0]],[[3781.0,1348.0],[3782.0,1354.0],[3781.0,1354.0],[3781.0,1348.0]],[[3296.0,1392.0],[3293.0,1405.0],[3286.0,1405.0],[3293.0,1399.0],[3293.0,1394.0],[3296.0,1392.0]],[[3341.0,1402.0],[3336.0,1403.0],[3335.0,1400.0],[3341.0,1400.0],[3341.0,1402.0]],[[3266.0,1406.0],[3272.0,1409.0],[3273.0,1416.0],[3271.0,1416.0],[3270.0,1410.0],[3266.0,1406.0]],[[3228.0,1415.0],[3224.0,1418.0],[3224.0,1414.0],[3219.0,1412.0],[3228.0,1410.0],[3228.0,1415.0]],[[3272.0,1417.0],[3274.0,1420.0],[3271.0,1422.0],[3272.0,1417.0]],[[3393.0,1449.0],[3394.0,1450.0],[3393.0,1450.0],[3393.0,1449.0]],[[3391.0,1450.0],[3397.0,1454.0],[3395.0,1454.0],[3396.0,1459.0],[3392.0,1464.0],[3393.0,1455.0],[3391.0,1450.0]]],[[[3271.0,1070.0],[3270.0,1084.0],[3273.0,1078.0],[3273.0,1071.0],[3275.0,1070.0],[3276.0,1073.0],[3276.0,1069.0],[3271.0,1070.0]]],[[[3295.0,1055.0],[3282.0,1061.0],[3282.0,1064.0],[3288.0,1062.0],[3285.0,1075.0],[3288.0,1075.0],[3295.0,1067.0],[3302.0,1075.0],[3307.0,1075.0],[3310.0,1081.0],[3307.0,1086.0],[3301.0,1085.0],[3299.0,1078.0],[3294.0,1081.0],[3295.0,1071.0],[3290.0,1075.0],[3290.0,1081.0],[3286.0,1076.0],[3276.0,1078.0],[3279.0,1084.0],[3284.0,1082.0],[3283.0,1085.0],[3287.0,1087.0],[3286.0,1090.0],[3278.0,1094.0],[3278.0,1096.0],[3282.0,1095.0],[3285.0,1097.0],[3285.0,1102.0],[3287.0,1103.0],[3278.0,1103.0],[3276.0,1105.0],[3275.0,1111.0],[3280.0,1114.0],[3277.0,1117.0],[3283.0,1116.0],[3283.0,1120.0],[3293.0,1121.0],[3295.0,1125.0],[3302.0,1126.0],[3302.0,1120.0],[3297.0,1122.0],[3297.0,1119.0],[3308.0,1108.0],[3316.0,1106.0],[3320.0,1108.0],[3326.0,1106.0],[3323.0,1109.0],[3328.0,1109.0],[3328.0,1111.0],[3323.0,1114.0],[3329.0,1113.0],[3328.0,1117.0],[3330.0,1117.0],[3330.0,1110.0],[3333.0,1106.0],[3328.0,1103.0],[3327.0,1099.0],[3318.0,1097.0],[3315.0,1091.0],[3315.0,1085.0],[3322.0,1080.0],[3323.0,1072.0],[3318.0,1069.0],[3306.0,1072.0],[3300.0,1071.0],[3297.0,1068.0],[3296.0,1062.0],[3302.0,1056.0],[3295.0,1055.0]],[[3307.0,1075.0],[3309.0,1073.0],[3309.0,1074.0],[3307.0,1075.0]],[[3293.0,1121.0],[3294.0,1118.0],[3294.0,1121.0],[3293.0,1121.0]],[[3312.0,1095.0],[3307.0,1095.0],[3309.0,1093.0],[3306.0,1090.0],[3307.0,1087.0],[3312.0,1087.0],[3312.0,1095.0]]],[[[3239.0,1098.0],[3254.0,1099.0],[3256.0,1095.0],[3240.0,1094.0],[3239.0,1098.0]]],[[[3990.0,303.0],[3987.0,303.0],[3987.0,311.0],[3984.0,310.0],[3985.0,313.0],[3966.0,319.0],[3954.0,320.0],[3954.0,324.0],[3967.0,329.0],[3973.0,326.0],[3981.0,326.0],[3987.0,331.0],[3989.0,340.0],[3995.0,347.0],[3993.0,352.0],[4003.0,354.0],[4010.0,348.0],[4013.0,331.0],[4018.0,329.0],[4016.0,336.0],[4021.0,337.0],[4024.0,334.0],[4022.0,327.0],[4028.0,326.0],[4028.0,324.0],[4035.0,326.0],[4035.0,322.0],[4025.0,311.0],[4022.0,303.0],[4015.0,301.0],[4005.0,303.0],[4002.0,300.0],[4001.0,292.0],[3992.0,292.0],[3990.0,303.0]]],[[[3772.0,1013.0],[3782.0,1027.0],[3785.0,1027.0],[3782.0,1020.0],[3772.0,1013.0]]],[[[4091.0,94.0],[4050.0,142.0],[4050.0,144.0],[4054.0,142.0],[4060.0,143.0],[4064.0,136.0],[4071.0,133.0],[4072.0,127.0],[4074.0,127.0],[4073.0,131.0],[4076.0,131.0],[4080.0,127.0],[4086.0,128.0],[4087.0,126.0],[4084.0,126.0],[4085.0,123.0],[4091.0,124.0],[4094.0,121.0],[4093.0,118.0],[4096.0,117.0],[4096.0,91.0],[4091.0,94.0]]],[[[4091.0,244.0],[4078.0,245.0],[4076.0,246.0],[4077.0,254.0],[4069.0,251.0],[4065.0,258.0],[4061.0,257.0],[4058.0,260.0],[4065.0,277.0],[4065.0,280.0],[4062.0,280.0],[4059.0,285.0],[4059.0,292.0],[4064.0,295.0],[4070.0,295.0],[4070.0,297.0],[4073.0,290.0],[4076.0,289.0],[4077.0,292.0],[4077.0,296.0],[4074.0,299.0],[4070.0,299.0],[4062.0,304.0],[4067.0,314.0],[4074.0,319.0],[4074.0,321.0],[4070.0,322.0],[4068.0,329.0],[4077.0,326.0],[4080.0,322.0],[4094.0,321.0],[4096.0,319.0],[4096.0,241.0],[4091.0,244.0]],[[4075.0,289.0],[4074.0,287.0],[4075.0,287.0],[4075.0,289.0]],[[4074.0,286.0],[4072.0,286.0],[4071.0,285.0],[4074.0,286.0]],[[4071.0,285.0],[4070.0,284.0],[4071.0,284.0],[4071.0,285.0]]],[[[4041.0,290.0],[4035.0,293.0],[4039.0,302.0],[4044.0,302.0],[4045.0,299.0],[4052.0,300.0],[4053.0,298.0],[4058.0,298.0],[4057.0,292.0],[4053.0,289.0],[4049.0,291.0],[4041.0,290.0]]],[[[4083.0,331.0],[4077.0,330.0],[4076.0,333.0],[4079.0,337.0],[4075.0,338.0],[4080.0,352.0],[4079.0,359.0],[4082.0,360.0],[4084.0,355.0],[4088.0,362.0],[4094.0,361.0],[4096.0,364.0],[4096.0,329.0],[4086.0,328.0],[4083.0,331.0]]],[[[4047.0,355.0],[4043.0,356.0],[4043.0,360.0],[4051.0,362.0],[4058.0,368.0],[4062.0,365.0],[4070.0,366.0],[4072.0,362.0],[4062.0,347.0],[4050.0,346.0],[4047.0,355.0]]],[[[4023.0,360.0],[4018.0,367.0],[4013.0,366.0],[4010.0,368.0],[4006.0,362.0],[4003.0,362.0],[3997.0,370.0],[3985.0,373.0],[3983.0,375.0],[3984.0,386.0],[3980.0,386.0],[3977.0,380.0],[3975.0,386.0],[3971.0,389.0],[3972.0,401.0],[3969.0,400.0],[3968.0,395.0],[3961.0,388.0],[3955.0,389.0],[3955.0,392.0],[3950.0,392.0],[3966.0,410.0],[3963.0,413.0],[3963.0,419.0],[3958.0,415.0],[3956.0,416.0],[3959.0,420.0],[3959.0,422.0],[3955.0,422.0],[3956.0,427.0],[3960.0,430.0],[3970.0,430.0],[3976.0,439.0],[3988.0,441.0],[3985.0,453.0],[3980.0,453.0],[3976.0,469.0],[3973.0,470.0],[3979.0,480.0],[3984.0,477.0],[3992.0,466.0],[3993.0,434.0],[3995.0,431.0],[4000.0,427.0],[4004.0,427.0],[4006.0,423.0],[4009.0,423.0],[4010.0,426.0],[4011.0,421.0],[4015.0,423.0],[4018.0,419.0],[4022.0,420.0],[4023.0,423.0],[4028.0,422.0],[4029.0,419.0],[4026.0,418.0],[4026.0,415.0],[4033.0,414.0],[4036.0,408.0],[4040.0,406.0],[4043.0,400.0],[4041.0,395.0],[4049.0,396.0],[4051.0,392.0],[4050.0,386.0],[4054.0,384.0],[4054.0,378.0],[4057.0,377.0],[4061.0,382.0],[4066.0,382.0],[4063.0,378.0],[4069.0,380.0],[4068.0,375.0],[4052.0,371.0],[4047.0,364.0],[4032.0,359.0],[4028.0,361.0],[4023.0,360.0]],[[3966.0,412.0],[3967.0,413.0],[3966.0,413.0],[3966.0,412.0]]]]}},{"type":"Feature","properties":{"id":"prov_bretagne","index":33,"name":"Bretagne (Nantes et Rennes)","owner":"fac_brittany","centroid":[1778.3,2057.9],"capital_px":[1780.0,2122.9],"neighbors":["prov_anjou","prov_bretagne_ouest","prov_maine","prov_normandie_ouest","prov_penthievre","prov_poitou"],"sea_neighbors":[],"area_px":48628},"geometry":{"type":"MultiPolygon","coordinates":[[[[1771.0,1892.0],[1766.0,1895.0],[1767.0,1904.0],[1770.0,1905.0],[1769.0,1913.0],[1771.0,1916.0],[1767.0,1917.0],[1768.0,1912.0],[1764.0,1897.0],[1757.0,1895.0],[1756.0,1914.0],[1750.0,1919.0],[1748.0,1926.0],[1742.0,1931.0],[1738.0,1940.0],[1734.0,1940.0],[1714.0,1952.0],[1698.0,1952.0],[1690.0,1959.0],[1668.0,2014.0],[1658.0,2023.0],[1656.0,2030.0],[1652.0,2034.0],[1652.0,2041.0],[1656.0,2038.0],[1662.0,2039.0],[1665.0,2037.0],[1667.0,2039.0],[1667.0,2040.0],[1665.0,2040.0],[1665.0,2041.0],[1668.0,2044.0],[1671.0,2044.0],[1670.0,2042.0],[1672.0,2041.0],[1673.0,2043.0],[1667.0,2049.0],[1668.0,2051.0],[1661.0,2051.0],[1659.0,2048.0],[1657.0,2051.0],[1653.0,2047.0],[1648.0,2047.0],[1657.0,2059.0],[1668.0,2058.0],[1671.0,2060.0],[1672.0,2056.0],[1677.0,2057.0],[1677.0,2055.0],[1681.0,2055.0],[1681.0,2057.0],[1676.0,2059.0],[1689.0,2059.0],[1696.0,2064.0],[1702.0,2064.0],[1689.0,2065.0],[1689.0,2071.0],[1693.0,2072.0],[1693.0,2076.0],[1698.0,2077.0],[1697.0,2079.0],[1692.0,2081.0],[1693.0,2078.0],[1688.0,2077.0],[1680.0,2080.0],[1685.0,2086.0],[1684.0,2091.0],[1687.0,2087.0],[1690.0,2095.0],[1685.0,2096.0],[1682.0,2093.0],[1679.0,2094.0],[1687.0,2100.0],[1691.0,2101.0],[1692.0,2098.0],[1696.0,2098.0],[1703.0,2106.0],[1713.0,2104.0],[1720.0,2098.0],[1737.0,2100.0],[1740.0,2104.0],[1748.0,2107.0],[1755.0,2118.0],[1761.0,2120.0],[1755.0,2120.0],[1752.0,2115.0],[1747.0,2114.0],[1743.0,2110.0],[1743.0,2108.0],[1745.0,2109.0],[1743.0,2106.0],[1739.0,2107.0],[1735.0,2103.0],[1719.0,2103.0],[1716.0,2108.0],[1716.0,2120.0],[1709.0,2121.0],[1707.0,2124.0],[1723.0,2130.0],[1730.0,2138.0],[1730.0,2144.0],[1728.0,2144.0],[1724.0,2153.0],[1717.0,2156.0],[1716.0,2160.0],[1713.0,2161.0],[1711.0,2174.0],[1719.0,2180.0],[1725.0,2194.0],[1730.0,2197.0],[1731.0,2203.0],[1735.0,2207.0],[1737.0,2229.0],[1739.0,2230.0],[1740.0,2224.0],[1742.0,2232.0],[1745.0,2232.0],[1748.0,2237.0],[1754.0,2238.0],[1755.0,2243.0],[1767.0,2247.0],[1770.0,2244.0],[1781.0,2242.0],[1856.0,2166.0],[1856.0,2162.0],[1861.0,2155.0],[1852.0,2142.0],[1852.0,2122.0],[1840.0,2102.0],[1840.0,2074.0],[1844.0,2070.0],[1850.0,2055.0],[1863.0,2042.0],[1873.0,2038.0],[1887.0,2022.0],[1894.0,2020.0],[1900.0,2015.0],[1900.0,1977.0],[1897.0,1974.0],[1883.0,1970.0],[1858.0,1944.0],[1854.0,1944.0],[1842.0,1936.0],[1834.0,1936.0],[1830.0,1932.0],[1815.0,1926.0],[1801.0,1906.0],[1785.0,1904.0],[1782.0,1901.0],[1786.0,1893.0],[1785.0,1890.0],[1771.0,1892.0]],[[1770.0,1906.0],[1771.0,1908.0],[1770.0,1908.0],[1770.0,1906.0]],[[1667.0,2040.0],[1668.0,2041.0],[1667.0,2041.0],[1667.0,2040.0]],[[1672.0,2040.0],[1671.0,2039.0],[1672.0,2039.0],[1672.0,2040.0]],[[1719.0,2080.0],[1723.0,2086.0],[1729.0,2088.0],[1729.0,2092.0],[1727.0,2092.0],[1728.0,2089.0],[1723.0,2092.0],[1720.0,2090.0],[1719.0,2080.0]],[[1767.0,2136.0],[1768.0,2141.0],[1766.0,2143.0],[1762.0,2142.0],[1762.0,2136.0],[1767.0,2136.0]]],[[[1699.0,2139.0],[1701.0,2150.0],[1705.0,2149.0],[1712.0,2160.0],[1712.0,2152.0],[1707.0,2148.0],[1707.0,2140.0],[1699.0,2139.0]]],[[[1682.0,2188.0],[1693.0,2190.0],[1689.0,2185.0],[1682.0,2183.0],[1682.0,2188.0]]]]}},{"type":"Feature","properties":{"id":"prov_bretagne_ouest","index":34,"name":"Basse-Bretagne","owner":"fac_brittany","centroid":[1594.3,1929.9],"capital_px":[1538.6,1958.2],"neighbors":["prov_bretagne","prov_penthievre"],"sea_neighbors":[],"area_px":26726},"geometry":{"type":"MultiPolygon","coordinates":[[[[1448.0,1867.0],[1451.0,1867.0],[1452.0,1869.0],[1458.0,1868.0],[1455.0,1864.0],[1448.0,1865.0],[1448.0,1867.0]]],[[[1622.0,1840.0],[1613.0,1847.0],[1613.0,1851.0],[1617.0,1856.0],[1611.0,1856.0],[1611.0,1863.0],[1604.0,1862.0],[1605.0,1859.0],[1599.0,1859.0],[1597.0,1855.0],[1589.0,1854.0],[1588.0,1851.0],[1588.0,1854.0],[1585.0,1854.0],[1584.0,1860.0],[1582.0,1858.0],[1583.0,1864.0],[1581.0,1866.0],[1577.0,1861.0],[1577.0,1857.0],[1573.0,1859.0],[1572.0,1848.0],[1563.0,1850.0],[1562.0,1854.0],[1556.0,1850.0],[1549.0,1851.0],[1546.0,1854.0],[1548.0,1857.0],[1545.0,1855.0],[1536.0,1856.0],[1537.0,1851.0],[1532.0,1849.0],[1524.0,1851.0],[1525.0,1853.0],[1522.0,1854.0],[1510.0,1853.0],[1510.0,1856.0],[1505.0,1855.0],[1506.0,1862.0],[1501.0,1858.0],[1491.0,1859.0],[1485.0,1867.0],[1487.0,1873.0],[1484.0,1873.0],[1482.0,1876.0],[1481.0,1892.0],[1488.0,1893.0],[1492.0,1891.0],[1495.0,1894.0],[1500.0,1894.0],[1513.0,1890.0],[1525.0,1890.0],[1518.0,1893.0],[1512.0,1899.0],[1513.0,1900.0],[1531.0,1899.0],[1525.0,1904.0],[1531.0,1907.0],[1534.0,1906.0],[1538.0,1910.0],[1516.0,1908.0],[1514.0,1905.0],[1504.0,1904.0],[1504.0,1896.0],[1502.0,1896.0],[1499.0,1904.0],[1493.0,1903.0],[1493.0,1907.0],[1500.0,1908.0],[1498.0,1921.0],[1506.0,1913.0],[1517.0,1917.0],[1519.0,1921.0],[1523.0,1922.0],[1525.0,1930.0],[1523.0,1937.0],[1520.0,1938.0],[1517.0,1935.0],[1479.0,1934.0],[1476.0,1939.0],[1488.0,1943.0],[1490.0,1947.0],[1496.0,1945.0],[1504.0,1954.0],[1509.0,1969.0],[1509.0,1977.0],[1506.0,1977.0],[1505.0,1982.0],[1524.0,1985.0],[1528.0,1982.0],[1526.0,1975.0],[1528.0,1975.0],[1528.0,1978.0],[1538.0,1977.0],[1540.0,1981.0],[1542.0,1979.0],[1546.0,1980.0],[1547.0,1975.0],[1550.0,1975.0],[1556.0,1984.0],[1558.0,1993.0],[1564.0,1993.0],[1565.0,1995.0],[1572.0,1993.0],[1573.0,1997.0],[1577.0,1997.0],[1581.0,2001.0],[1591.0,2002.0],[1596.0,2015.0],[1611.0,2017.0],[1618.0,2027.0],[1624.0,2019.0],[1626.0,2020.0],[1625.0,2013.0],[1629.0,2014.0],[1631.0,2022.0],[1622.0,2024.0],[1621.0,2032.0],[1624.0,2033.0],[1625.0,2039.0],[1627.0,2037.0],[1630.0,2039.0],[1630.0,2042.0],[1638.0,2042.0],[1639.0,2038.0],[1639.0,2043.0],[1641.0,2040.0],[1642.0,2044.0],[1646.0,2046.0],[1644.0,2030.0],[1647.0,2035.0],[1646.0,2040.0],[1652.0,2041.0],[1652.0,2034.0],[1656.0,2030.0],[1656.0,2026.0],[1666.0,2017.0],[1672.0,2002.0],[1676.0,1998.0],[1676.0,1990.0],[1684.0,1978.0],[1684.0,1970.0],[1692.0,1957.0],[1670.0,1937.0],[1668.0,1926.0],[1661.0,1915.0],[1664.0,1910.0],[1664.0,1890.0],[1675.0,1878.0],[1681.0,1876.0],[1675.0,1868.0],[1677.0,1862.0],[1667.0,1858.0],[1667.0,1856.0],[1671.0,1855.0],[1671.0,1852.0],[1668.0,1851.0],[1663.0,1854.0],[1665.0,1851.0],[1664.0,1843.0],[1658.0,1844.0],[1652.0,1850.0],[1652.0,1841.0],[1648.0,1844.0],[1634.0,1846.0],[1633.0,1848.0],[1630.0,1848.0],[1630.0,1845.0],[1622.0,1840.0]],[[1573.0,1859.0],[1572.0,1860.0],[1572.0,1859.0],[1573.0,1859.0]],[[1510.0,1856.0],[1511.0,1857.0],[1510.0,1857.0],[1510.0,1856.0]],[[1526.0,1899.0],[1527.0,1898.0],[1527.0,1899.0],[1526.0,1899.0]],[[1534.0,1976.0],[1533.0,1974.0],[1534.0,1974.0],[1534.0,1976.0]],[[1533.0,1974.0],[1532.0,1969.0],[1533.0,1969.0],[1533.0,1974.0]],[[1608.0,2015.0],[1604.0,2011.0],[1609.0,2011.0],[1613.0,2008.0],[1612.0,2012.0],[1608.0,2012.0],[1608.0,2015.0]],[[1663.0,1854.0],[1662.0,1855.0],[1662.0,1854.0],[1663.0,1854.0]],[[1649.0,1850.0],[1650.0,1851.0],[1649.0,1853.0],[1649.0,1850.0]],[[1661.0,1858.0],[1660.0,1857.0],[1661.0,1857.0],[1661.0,1858.0]],[[1660.0,1858.0],[1659.0,1859.0],[1659.0,1858.0],[1660.0,1858.0]],[[1659.0,1859.0],[1658.0,1860.0],[1658.0,1859.0],[1659.0,1859.0]],[[1530.0,1889.0],[1529.0,1888.0],[1530.0,1888.0],[1530.0,1889.0]],[[1527.0,1890.0],[1526.0,1889.0],[1527.0,1889.0],[1527.0,1890.0]],[[1616.0,2007.0],[1615.0,2006.0],[1616.0,2006.0],[1616.0,2007.0]]],[[[1607.0,2067.0],[1608.0,2078.0],[1619.0,2083.0],[1621.0,2078.0],[1618.0,2073.0],[1610.0,2066.0],[1607.0,2067.0]]]]}},{"type":"Feature","properties":{"id":"prov_brunswick","index":35,"name":"Brunswick-Lunebourg","owner":"fac_brunswick","centroid":[3033.8,1433.9],"capital_px":[3042.5,1436.4],"neighbors":["prov_brandenburg","prov_hesse","prov_holstein","prov_lower_saxony","prov_meissen","prov_thuringia","prov_westphalia"],"sea_neighbors":[],"area_px":36784},"geometry":{"type":"Polygon","coordinates":[[[3026.0,1308.0],[3022.0,1312.0],[3005.0,1312.0],[2962.0,1355.0],[2960.0,1366.0],[2954.0,1371.0],[2950.0,1381.0],[2932.0,1398.0],[2934.0,1400.0],[2933.0,1405.0],[2920.0,1409.0],[2920.0,1426.0],[2932.0,1446.0],[2932.0,1454.0],[2940.0,1466.0],[2940.0,1474.0],[2948.0,1486.0],[2948.0,1494.0],[2956.0,1502.0],[2956.0,1507.0],[2966.0,1516.0],[2970.0,1516.0],[2974.0,1520.0],[2982.0,1520.0],[2986.0,1524.0],[3001.0,1530.0],[3021.0,1552.0],[3046.0,1552.0],[3058.0,1544.0],[3066.0,1544.0],[3078.0,1536.0],[3086.0,1536.0],[3090.0,1532.0],[3095.0,1532.0],[3103.0,1522.0],[3113.0,1518.0],[3138.0,1493.0],[3141.0,1487.0],[3140.0,1478.0],[3136.0,1474.0],[3136.0,1434.0],[3128.0,1422.0],[3128.0,1414.0],[3120.0,1402.0],[3120.0,1394.0],[3116.0,1390.0],[3116.0,1386.0],[3112.0,1382.0],[3112.0,1378.0],[3108.0,1374.0],[3100.0,1354.0],[3085.0,1338.0],[3076.0,1334.0],[3076.0,1330.0],[3067.0,1320.0],[3050.0,1320.0],[3046.0,1316.0],[3026.0,1308.0]]]}},{"type":"Feature","properties":{"id":"prov_calatrava","index":36,"name":"Calatrava","owner":"fac_calatrava","centroid":[1320.3,3344.1],"capital_px":[1314.2,3332.0],"neighbors":["prov_cordoba","prov_toledo"],"sea_neighbors":[],"area_px":7048},"geometry":{"type":"Polygon","coordinates":[[[1313.0,3297.0],[1310.0,3300.0],[1294.0,3300.0],[1290.0,3304.0],[1283.0,3306.0],[1278.0,3317.0],[1264.0,3330.0],[1264.0,3339.0],[1268.0,3342.0],[1270.0,3349.0],[1276.0,3354.0],[1278.0,3361.0],[1295.0,3378.0],[1302.0,3380.0],[1306.0,3384.0],[1314.0,3384.0],[1318.0,3388.0],[1334.0,3388.0],[1338.0,3384.0],[1358.0,3384.0],[1372.0,3371.0],[1372.0,3354.0],[1376.0,3350.0],[1376.0,3346.0],[1358.0,3329.0],[1354.0,3319.0],[1341.0,3306.0],[1338.0,3304.0],[1326.0,3304.0],[1322.0,3300.0],[1313.0,3297.0]]]}},{"type":"Feature","properties":{"id":"prov_carcassonne","index":37,"name":"Carcass\u00e8s et Narbonnais","owner":"fac_france","centroid":[2155.4,2784.0],"capital_px":[2127.3,2791.7],"neighbors":["prov_beaucaire","prov_cerdagne","prov_foix","prov_rouergue","prov_roussillon","prov_toulousain"],"sea_neighbors":["prov_montpellier"],"area_px":20483},"geometry":{"type":"Polygon","coordinates":[[[2165.0,2713.0],[2162.0,2716.0],[2154.0,2716.0],[2142.0,2724.0],[2122.0,2724.0],[2110.0,2732.0],[2105.0,2732.0],[2084.0,2754.0],[2076.0,2774.0],[2068.0,2782.0],[2068.0,2794.0],[2064.0,2798.0],[2064.0,2806.0],[2060.0,2809.0],[2068.0,2822.0],[2065.0,2831.0],[2068.0,2834.0],[2069.0,2868.0],[2074.0,2864.0],[2083.0,2864.0],[2094.0,2856.0],[2114.0,2856.0],[2118.0,2852.0],[2130.0,2852.0],[2133.0,2849.0],[2142.0,2852.0],[2150.0,2844.0],[2166.0,2844.0],[2178.0,2836.0],[2203.0,2836.0],[2211.0,2817.0],[2229.0,2799.0],[2243.0,2792.0],[2259.0,2794.0],[2265.0,2788.0],[2260.0,2778.0],[2260.0,2770.0],[2252.0,2758.0],[2252.0,2750.0],[2248.0,2746.0],[2244.0,2734.0],[2236.0,2726.0],[2235.0,2720.0],[2222.0,2720.0],[2218.0,2716.0],[2170.0,2716.0],[2165.0,2713.0]]]}},{"type":"Feature","properties":{"id":"prov_castilla_vieja","index":38,"name":"Vieille-Castille","owner":"fac_castile","centroid":[1397.8,2877.6],"capital_px":[1426.8,2826.7],"neighbors":["prov_aragon","prov_biscay","prov_lara","prov_leon","prov_navarra","prov_toledo"],"sea_neighbors":[],"area_px":99947},"geometry":{"type":"Polygon","coordinates":[[[1430.0,2649.0],[1426.0,2651.0],[1426.0,2654.0],[1410.0,2652.0],[1403.0,2653.0],[1402.0,2655.0],[1385.0,2654.0],[1382.0,2652.0],[1378.0,2654.0],[1372.0,2650.0],[1372.0,2654.0],[1368.0,2658.0],[1368.0,2666.0],[1360.0,2678.0],[1360.0,2686.0],[1356.0,2690.0],[1356.0,2698.0],[1352.0,2702.0],[1352.0,2706.0],[1348.0,2710.0],[1348.0,2718.0],[1340.0,2730.0],[1340.0,2746.0],[1332.0,2758.0],[1332.0,2766.0],[1324.0,2778.0],[1322.0,2789.0],[1306.0,2803.0],[1298.0,2821.0],[1230.0,2887.0],[1226.0,2897.0],[1217.0,2906.0],[1208.0,2910.0],[1208.0,2914.0],[1204.0,2918.0],[1198.0,2933.0],[1185.0,2946.0],[1175.0,2950.0],[1157.0,2970.0],[1147.0,2974.0],[1138.0,2983.0],[1136.0,2987.0],[1139.0,2990.0],[1146.0,2992.0],[1150.0,2996.0],[1158.0,2996.0],[1170.0,3004.0],[1178.0,3004.0],[1190.0,3012.0],[1218.0,3012.0],[1222.0,3016.0],[1230.0,3016.0],[1242.0,3024.0],[1374.0,3024.0],[1378.0,3028.0],[1510.0,3028.0],[1522.0,3036.0],[1530.0,3036.0],[1534.0,3040.0],[1536.0,3039.0],[1536.0,2982.0],[1540.0,2978.0],[1542.0,2971.0],[1560.0,2954.0],[1560.0,2946.0],[1568.0,2934.0],[1568.0,2926.0],[1576.0,2914.0],[1576.0,2906.0],[1588.0,2886.0],[1588.0,2850.0],[1584.0,2846.0],[1584.0,2826.0],[1581.0,2823.0],[1584.0,2818.0],[1584.0,2809.0],[1570.0,2808.0],[1566.0,2804.0],[1559.0,2802.0],[1553.0,2794.0],[1546.0,2792.0],[1538.0,2784.0],[1534.0,2784.0],[1528.0,2774.0],[1528.0,2770.0],[1524.0,2766.0],[1524.0,2758.0],[1520.0,2754.0],[1520.0,2750.0],[1511.0,2746.0],[1506.0,2740.0],[1498.0,2740.0],[1494.0,2731.0],[1486.0,2725.0],[1484.0,2718.0],[1478.0,2713.0],[1476.0,2706.0],[1472.0,2702.0],[1472.0,2658.0],[1476.0,2656.0],[1473.0,2654.0],[1474.0,2651.0],[1453.0,2653.0],[1454.0,2655.0],[1450.0,2654.0],[1451.0,2659.0],[1447.0,2657.0],[1441.0,2660.0],[1440.0,2656.0],[1449.0,2652.0],[1445.0,2649.0],[1430.0,2649.0]],[[1412.0,2717.0],[1425.0,2717.0],[1426.0,2721.0],[1424.0,2723.0],[1408.0,2722.0],[1412.0,2717.0]],[[1404.0,2717.0],[1408.0,2717.0],[1405.0,2719.0],[1407.0,2722.0],[1402.0,2721.0],[1404.0,2717.0]],[[1438.0,2864.0],[1450.0,2864.0],[1453.0,2867.0],[1462.0,2864.0],[1466.0,2868.0],[1470.0,2868.0],[1476.0,2878.0],[1476.0,2890.0],[1474.0,2893.0],[1457.0,2899.0],[1446.0,2888.0],[1435.0,2886.0],[1429.0,2873.0],[1438.0,2864.0]]]}},{"type":"Feature","properties":{"id":"prov_cerdagne","index":39,"name":"Cerdagne","owner":"fac_majorca","centroid":[2070.6,2899.2],"capital_px":[2067.7,2906.4],"neighbors":["prov_barcelona","prov_carcassonne","prov_foix","prov_roussillon"],"sea_neighbors":[],"area_px":3964},"geometry":{"type":"Polygon","coordinates":[[[2083.0,2863.0],[2074.0,2864.0],[2070.0,2868.0],[2058.0,2868.0],[2046.0,2876.0],[2036.0,2877.0],[2036.0,2898.0],[2032.0,2902.0],[2032.0,2906.0],[2040.0,2914.0],[2040.0,2918.0],[2046.0,2928.0],[2054.0,2928.0],[2065.0,2935.0],[2070.0,2932.0],[2089.0,2933.0],[2096.0,2926.0],[2098.0,2919.0],[2104.0,2914.0],[2104.0,2906.0],[2108.0,2902.0],[2108.0,2898.0],[2104.0,2894.0],[2104.0,2882.0],[2089.0,2866.0],[2083.0,2863.0]]]}},{"type":"Feature","properties":{"id":"prov_champagne","index":40,"name":"Champagne","owner":"fac_france","centroid":[2389.3,1966.7],"capital_px":[2381.4,2026.4],"neighbors":["prov_bar","prov_bourgogne","prov_hainaut","prov_ile_de_france","prov_lorraine","prov_luxembourg","prov_nivernais","prov_orleanais","prov_picardie","prov_valois"],"sea_neighbors":[],"area_px":63992},"geometry":{"type":"Polygon","coordinates":[[[2462.0,1784.0],[2458.0,1788.0],[2426.0,1788.0],[2422.0,1792.0],[2406.0,1792.0],[2394.0,1800.0],[2385.0,1800.0],[2374.0,1811.0],[2370.0,1821.0],[2342.0,1847.0],[2338.0,1856.0],[2334.0,1856.0],[2322.0,1864.0],[2312.0,1865.0],[2312.0,1874.0],[2304.0,1886.0],[2304.0,1894.0],[2300.0,1898.0],[2300.0,1902.0],[2297.0,1906.0],[2287.0,1911.0],[2288.0,1922.0],[2284.0,1926.0],[2284.0,1942.0],[2280.0,1946.0],[2280.0,1954.0],[2272.0,1966.0],[2272.0,1986.0],[2269.0,1990.0],[2262.0,1992.0],[2258.0,1996.0],[2250.0,1996.0],[2239.0,2007.0],[2240.0,2030.0],[2244.0,2034.0],[2244.0,2038.0],[2248.0,2042.0],[2248.0,2050.0],[2256.0,2062.0],[2257.0,2092.0],[2266.0,2092.0],[2270.0,2096.0],[2290.0,2096.0],[2310.0,2108.0],[2318.0,2108.0],[2330.0,2116.0],[2338.0,2116.0],[2345.0,2121.0],[2350.0,2120.0],[2354.0,2116.0],[2386.0,2116.0],[2390.0,2112.0],[2398.0,2112.0],[2410.0,2104.0],[2434.0,2104.0],[2438.0,2100.0],[2450.0,2100.0],[2454.0,2096.0],[2461.0,2094.0],[2470.0,2084.0],[2478.0,2084.0],[2482.0,2080.0],[2490.0,2080.0],[2494.0,2076.0],[2510.0,2076.0],[2514.0,2080.0],[2522.0,2080.0],[2528.0,2075.0],[2528.0,2066.0],[2524.0,2062.0],[2524.0,2054.0],[2520.0,2050.0],[2520.0,2037.0],[2516.0,2034.0],[2516.0,2030.0],[2505.0,2018.0],[2495.0,2014.0],[2482.0,2001.0],[2480.0,1994.0],[2472.0,1986.0],[2472.0,1970.0],[2468.0,1966.0],[2468.0,1950.0],[2472.0,1946.0],[2472.0,1934.0],[2494.0,1913.0],[2498.0,1904.0],[2514.0,1904.0],[2518.0,1896.0],[2532.0,1896.0],[2532.0,1894.0],[2520.0,1874.0],[2520.0,1866.0],[2514.0,1861.0],[2510.0,1851.0],[2498.0,1841.0],[2494.0,1831.0],[2476.0,1814.0],[2476.0,1794.0],[2472.0,1790.0],[2472.0,1784.0],[2462.0,1784.0]],[[2451.0,1982.0],[2457.0,1983.0],[2458.0,1987.0],[2463.0,1989.0],[2459.0,1992.0],[2450.0,1990.0],[2449.0,1985.0],[2451.0,1982.0]],[[2409.0,2027.0],[2412.0,2030.0],[2405.0,2035.0],[2404.0,2032.0],[2409.0,2027.0]]]}},{"type":"Feature","properties":{"id":"prov_charolais","index":41,"name":"Charolais","owner":"fac_burgundy","centroid":[2385.2,2318.7],"capital_px":[2380.3,2315.4],"neighbors":["prov_bourbonnais","prov_bourgogne","prov_lyonnais"],"sea_neighbors":[],"area_px":4730},"geometry":{"type":"Polygon","coordinates":[[[2378.0,2276.0],[2369.0,2286.0],[2358.0,2291.0],[2352.0,2306.0],[2348.0,2310.0],[2348.0,2338.0],[2352.0,2342.0],[2352.0,2346.0],[2361.0,2356.0],[2374.0,2356.0],[2377.0,2359.0],[2386.0,2356.0],[2390.0,2352.0],[2394.0,2352.0],[2398.0,2348.0],[2406.0,2348.0],[2410.0,2344.0],[2414.0,2344.0],[2418.0,2335.0],[2429.0,2325.0],[2428.0,2310.0],[2414.0,2297.0],[2410.0,2288.0],[2406.0,2288.0],[2394.0,2280.0],[2386.0,2280.0],[2382.0,2276.0],[2378.0,2276.0]]]}},{"type":"Feature","properties":{"id":"prov_cleve","index":42,"name":"Cl\u00e8ves","owner":"fac_cleve","centroid":[2625.3,1518.6],"capital_px":[2622.0,1501.3],"neighbors":["prov_cologne","prov_gueldre"],"sea_neighbors":[],"area_px":2648},"geometry":{"type":"Polygon","coordinates":[[[2614.0,1488.0],[2610.0,1492.0],[2602.0,1492.0],[2596.0,1498.0],[2596.0,1526.0],[2605.0,1530.0],[2618.0,1543.0],[2621.0,1551.0],[2630.0,1548.0],[2634.0,1544.0],[2642.0,1544.0],[2646.0,1540.0],[2659.0,1540.0],[2660.0,1526.0],[2652.0,1522.0],[2652.0,1514.0],[2642.0,1505.0],[2638.0,1495.0],[2634.0,1492.0],[2622.0,1492.0],[2618.0,1488.0],[2614.0,1488.0]]]}},{"type":"Feature","properties":{"id":"prov_cologne","index":43,"name":"Cologne","owner":"fac_cologne","centroid":[2701.4,1636.6],"capital_px":[2695.4,1636.4],"neighbors":["prov_berg","prov_brabant","prov_cleve","prov_gueldre","prov_julich","prov_liege","prov_mainz","prov_trier","prov_westphalia"],"sea_neighbors":[],"area_px":21988},"geometry":{"type":"Polygon","coordinates":[[[2659.0,1539.0],[2654.0,1544.0],[2650.0,1544.0],[2638.0,1552.0],[2627.0,1554.0],[2609.0,1574.0],[2602.0,1576.0],[2595.0,1583.0],[2603.0,1597.0],[2606.0,1596.0],[2610.0,1600.0],[2638.0,1600.0],[2660.0,1622.0],[2660.0,1654.0],[2646.0,1667.0],[2642.0,1676.0],[2632.0,1677.0],[2632.0,1702.0],[2636.0,1706.0],[2641.0,1720.0],[2670.0,1720.0],[2674.0,1716.0],[2682.0,1716.0],[2694.0,1724.0],[2746.0,1724.0],[2749.0,1721.0],[2748.0,1714.0],[2750.0,1711.0],[2793.0,1669.0],[2792.0,1658.0],[2788.0,1654.0],[2788.0,1642.0],[2780.0,1634.0],[2780.0,1622.0],[2776.0,1618.0],[2776.0,1610.0],[2750.0,1585.0],[2748.0,1578.0],[2742.0,1573.0],[2738.0,1564.0],[2734.0,1564.0],[2730.0,1560.0],[2722.0,1560.0],[2710.0,1552.0],[2702.0,1552.0],[2694.0,1544.0],[2686.0,1544.0],[2682.0,1540.0],[2670.0,1544.0],[2665.0,1539.0],[2659.0,1539.0]],[[2681.0,1565.0],[2685.0,1566.0],[2696.0,1578.0],[2696.0,1594.0],[2690.0,1600.0],[2674.0,1600.0],[2672.0,1598.0],[2672.0,1578.0],[2675.0,1575.0],[2673.0,1569.0],[2681.0,1565.0]]]}},{"type":"Feature","properties":{"id":"prov_comtat_venaissin","index":44,"name":"Comtat Venaissin et Avignon","owner":"fac_papacy","centroid":[2436.9,2680.5],"capital_px":[2411.7,2702.2],"neighbors":["prov_beaucaire","prov_dauphine","prov_provence"],"sea_neighbors":[],"area_px":5162},"geometry":{"type":"Polygon","coordinates":[[[2441.0,2628.0],[2418.0,2651.0],[2416.0,2654.0],[2416.0,2670.0],[2407.0,2674.0],[2398.0,2683.0],[2396.0,2694.0],[2392.0,2698.0],[2396.0,2710.0],[2402.0,2715.0],[2404.0,2722.0],[2410.0,2728.0],[2423.0,2728.0],[2426.0,2724.0],[2432.0,2722.0],[2432.0,2718.0],[2438.0,2712.0],[2446.0,2712.0],[2450.0,2708.0],[2458.0,2708.0],[2470.0,2697.0],[2472.0,2690.0],[2479.0,2683.0],[2476.0,2678.0],[2477.0,2651.0],[2458.0,2640.0],[2454.0,2640.0],[2441.0,2628.0]]]}},{"type":"Feature","properties":{"id":"prov_connacht","index":45,"name":"Connacht","owner":"fac_connacht","centroid":[1300.2,1019.6],"capital_px":[1338.9,1015.7],"neighbors":["prov_ormond","prov_thomond","prov_ulster"],"sea_neighbors":[],"area_px":11341},"geometry":{"type":"Polygon","coordinates":[[[1274.0,965.0],[1270.0,968.0],[1258.0,968.0],[1255.0,970.0],[1248.0,978.0],[1248.0,982.0],[1243.0,985.0],[1241.0,994.0],[1239.0,993.0],[1237.0,997.0],[1232.0,998.0],[1232.0,1004.0],[1238.0,1004.0],[1242.0,1008.0],[1241.0,1019.0],[1253.0,1027.0],[1250.0,1032.0],[1252.0,1039.0],[1250.0,1042.0],[1246.0,1042.0],[1244.0,1034.0],[1246.0,1034.0],[1245.0,1029.0],[1247.0,1029.0],[1247.0,1026.0],[1233.0,1019.0],[1232.0,1034.0],[1240.0,1046.0],[1239.0,1050.0],[1251.0,1050.0],[1258.0,1053.0],[1257.0,1055.0],[1252.0,1055.0],[1255.0,1058.0],[1247.0,1058.0],[1258.0,1062.0],[1256.0,1064.0],[1262.0,1064.0],[1266.0,1068.0],[1271.0,1069.0],[1282.0,1068.0],[1286.0,1072.0],[1294.0,1072.0],[1297.0,1076.0],[1303.0,1076.0],[1314.0,1064.0],[1318.0,1064.0],[1337.0,1075.0],[1341.0,1074.0],[1360.0,1054.0],[1359.0,1049.0],[1351.0,1047.0],[1352.0,1046.0],[1351.0,1036.0],[1354.0,1036.0],[1353.0,1031.0],[1350.0,1032.0],[1348.0,1028.0],[1351.0,1025.0],[1351.0,1018.0],[1355.0,1014.0],[1357.0,1015.0],[1355.0,1018.0],[1356.0,1034.0],[1362.0,1033.0],[1362.0,1035.0],[1365.0,1034.0],[1367.0,1036.0],[1372.0,1030.0],[1372.0,1010.0],[1366.0,1005.0],[1362.0,995.0],[1353.0,986.0],[1346.0,984.0],[1342.0,980.0],[1326.0,980.0],[1302.0,964.0],[1274.0,965.0]],[[1351.0,1043.0],[1350.0,1044.0],[1350.0,1043.0],[1351.0,1043.0]]]}},{"type":"Feature","properties":{"id":"prov_cordoba","index":46,"name":"Andalousie (Cordoue et Ja\u00e9n)","owner":"fac_castile","centroid":[1249.1,3456.4],"capital_px":[1183.6,3478.8],"neighbors":["prov_calatrava","prov_extremadura","prov_granada","prov_malaga","prov_murcia","prov_sevilla","prov_toledo"],"sea_neighbors":[],"area_px":60564},"geometry":{"type":"Polygon","coordinates":[[[1195.0,3331.0],[1190.0,3336.0],[1179.0,3338.0],[1154.0,3364.0],[1150.0,3364.0],[1138.0,3372.0],[1130.0,3372.0],[1110.0,3384.0],[1102.0,3384.0],[1098.0,3388.0],[1094.0,3388.0],[1079.0,3403.0],[1084.0,3410.0],[1084.0,3418.0],[1088.0,3422.0],[1088.0,3430.0],[1092.0,3434.0],[1092.0,3442.0],[1096.0,3446.0],[1096.0,3478.0],[1100.0,3482.0],[1100.0,3486.0],[1104.0,3490.0],[1104.0,3498.0],[1112.0,3510.0],[1112.0,3518.0],[1116.0,3522.0],[1116.0,3542.0],[1120.0,3546.0],[1120.0,3550.0],[1124.0,3554.0],[1129.0,3568.0],[1146.0,3568.0],[1150.0,3564.0],[1154.0,3564.0],[1158.0,3568.0],[1162.0,3568.0],[1166.0,3572.0],[1174.0,3572.0],[1178.0,3576.0],[1194.0,3576.0],[1198.0,3580.0],[1223.0,3580.0],[1226.0,3576.0],[1230.0,3576.0],[1258.0,3560.0],[1266.0,3560.0],[1270.0,3556.0],[1274.0,3556.0],[1286.0,3548.0],[1294.0,3548.0],[1306.0,3540.0],[1330.0,3540.0],[1334.0,3536.0],[1342.0,3536.0],[1346.0,3532.0],[1354.0,3532.0],[1358.0,3528.0],[1366.0,3528.0],[1370.0,3524.0],[1378.0,3524.0],[1398.0,3504.0],[1410.0,3504.0],[1414.0,3500.0],[1422.0,3500.0],[1428.0,3495.0],[1428.0,3482.0],[1432.0,3478.0],[1432.0,3430.0],[1436.0,3426.0],[1435.0,3404.0],[1430.0,3404.0],[1426.0,3400.0],[1414.0,3396.0],[1406.0,3388.0],[1402.0,3388.0],[1398.0,3384.0],[1378.0,3376.0],[1373.0,3371.0],[1367.0,3374.0],[1358.0,3384.0],[1338.0,3384.0],[1334.0,3388.0],[1318.0,3388.0],[1314.0,3384.0],[1306.0,3384.0],[1302.0,3380.0],[1295.0,3378.0],[1278.0,3361.0],[1276.0,3354.0],[1270.0,3349.0],[1265.0,3339.0],[1262.0,3340.0],[1258.0,3336.0],[1250.0,3336.0],[1246.0,3340.0],[1214.0,3340.0],[1210.0,3336.0],[1202.0,3336.0],[1195.0,3331.0]]]}},{"type":"Feature","properties":{"id":"prov_cornwall","index":47,"name":"Cornouailles","owner":"fac_england","centroid":[1553.3,1567.9],"capital_px":[1589.9,1550.9],"neighbors":["prov_devon"],"sea_neighbors":[],"area_px":9025},"geometry":{"type":"Polygon","coordinates":[[[1584.0,1498.0],[1579.0,1506.0],[1577.0,1521.0],[1572.0,1527.0],[1569.0,1527.0],[1561.0,1536.0],[1553.0,1538.0],[1553.0,1542.0],[1547.0,1549.0],[1534.0,1547.0],[1533.0,1553.0],[1539.0,1559.0],[1531.0,1557.0],[1531.0,1551.0],[1523.0,1553.0],[1519.0,1567.0],[1512.0,1571.0],[1506.0,1571.0],[1506.0,1578.0],[1498.0,1581.0],[1487.0,1590.0],[1478.0,1591.0],[1475.0,1596.0],[1471.0,1596.0],[1467.0,1591.0],[1447.0,1596.0],[1444.0,1599.0],[1442.0,1613.0],[1445.0,1615.0],[1455.0,1615.0],[1459.0,1612.0],[1460.0,1606.0],[1468.0,1606.0],[1482.0,1617.0],[1485.0,1624.0],[1484.0,1631.0],[1487.0,1637.0],[1489.0,1637.0],[1493.0,1631.0],[1500.0,1631.0],[1504.0,1627.0],[1505.0,1623.0],[1501.0,1617.0],[1504.0,1617.0],[1504.0,1614.0],[1508.0,1612.0],[1509.0,1604.0],[1512.0,1604.0],[1512.0,1613.0],[1519.0,1606.0],[1528.0,1603.0],[1536.0,1604.0],[1538.0,1597.0],[1542.0,1594.0],[1542.0,1590.0],[1549.0,1589.0],[1550.0,1594.0],[1562.0,1595.0],[1572.0,1595.0],[1579.0,1591.0],[1585.0,1592.0],[1592.0,1595.0],[1594.0,1601.0],[1597.0,1602.0],[1599.0,1597.0],[1596.0,1597.0],[1597.0,1595.0],[1595.0,1594.0],[1598.0,1593.0],[1590.0,1591.0],[1590.0,1589.0],[1596.0,1590.0],[1596.0,1584.0],[1603.0,1582.0],[1600.0,1586.0],[1600.0,1593.0],[1604.0,1596.0],[1608.0,1586.0],[1616.0,1578.0],[1616.0,1566.0],[1620.0,1562.0],[1620.0,1526.0],[1616.0,1522.0],[1614.0,1515.0],[1604.0,1506.0],[1600.0,1495.0],[1585.0,1490.0],[1584.0,1498.0]]]}},{"type":"Feature","properties":{"id":"prov_corsica","index":48,"name":"Corse","owner":"fac_genoa","centroid":[2889.1,2998.3],"capital_px":[2895.5,3116.5],"neighbors":["prov_firenze"],"sea_neighbors":["prov_sardegna"],"area_px":16856},"geometry":{"type":"MultiPolygon","coordinates":[[[[2970.0,2858.0],[2968.0,2865.0],[2973.0,2867.0],[2976.0,2861.0],[2973.0,2857.0],[2970.0,2858.0]]],[[[2919.0,2868.0],[2918.0,2875.0],[2920.0,2877.0],[2914.0,2891.0],[2914.0,2895.0],[2917.0,2898.0],[2917.0,2909.0],[2913.0,2917.0],[2910.0,2918.0],[2909.0,2913.0],[2904.0,2910.0],[2891.0,2909.0],[2883.0,2921.0],[2856.0,2928.0],[2854.0,2935.0],[2845.0,2933.0],[2845.0,2940.0],[2839.0,2943.0],[2838.0,2948.0],[2841.0,2948.0],[2839.0,2955.0],[2834.0,2956.0],[2832.0,2961.0],[2826.0,2962.0],[2826.0,2967.0],[2834.0,2967.0],[2835.0,2970.0],[2831.0,2972.0],[2835.0,2972.0],[2836.0,2975.0],[2841.0,2977.0],[2839.0,2981.0],[2825.0,2984.0],[2829.0,2990.0],[2827.0,2994.0],[2830.0,2994.0],[2829.0,3001.0],[2835.0,3001.0],[2837.0,3005.0],[2842.0,3004.0],[2845.0,3011.0],[2847.0,3011.0],[2847.0,3015.0],[2837.0,3020.0],[2837.0,3025.0],[2829.0,3026.0],[2832.0,3029.0],[2831.0,3035.0],[2851.0,3032.0],[2854.0,3036.0],[2851.0,3040.0],[2852.0,3044.0],[2849.0,3045.0],[2852.0,3049.0],[2843.0,3051.0],[2844.0,3057.0],[2837.0,3060.0],[2842.0,3061.0],[2841.0,3063.0],[2851.0,3061.0],[2852.0,3066.0],[2867.0,3069.0],[2861.0,3076.0],[2852.0,3078.0],[2852.0,3090.0],[2858.0,3091.0],[2858.0,3095.0],[2862.0,3095.0],[2867.0,3100.0],[2876.0,3101.0],[2880.0,3105.0],[2885.0,3102.0],[2884.0,3106.0],[2889.0,3108.0],[2887.0,3114.0],[2895.0,3116.0],[2899.0,3120.0],[2902.0,3119.0],[2905.0,3113.0],[2905.0,3110.0],[2900.0,3113.0],[2902.0,3111.0],[2900.0,3107.0],[2907.0,3104.0],[2907.0,3094.0],[2917.0,3087.0],[2916.0,3083.0],[2909.0,3085.0],[2909.0,3082.0],[2919.0,3078.0],[2919.0,3071.0],[2923.0,3068.0],[2923.0,3029.0],[2941.0,3006.0],[2942.0,3001.0],[2942.0,2975.0],[2939.0,2969.0],[2939.0,2936.0],[2937.0,2932.0],[2936.0,2935.0],[2932.0,2933.0],[2929.0,2924.0],[2930.0,2910.0],[2934.0,2898.0],[2932.0,2877.0],[2930.0,2875.0],[2931.0,2869.0],[2927.0,2866.0],[2919.0,2868.0]]]]}},{"type":"Feature","properties":{"id":"prov_dauphine","index":49,"name":"Dauphin\u00e9","owner":"fac_empire","centroid":[2517.8,2565.7],"capital_px":[2524.7,2517.7],"neighbors":["prov_beaucaire","prov_comtat_venaissin","prov_lyonnais","prov_piemont","prov_provence","prov_savoie"],"sea_neighbors":[],"area_px":32894},"geometry":{"type":"Polygon","coordinates":[[[2470.0,2460.0],[2445.0,2486.0],[2430.0,2492.0],[2426.0,2496.0],[2422.0,2496.0],[2401.0,2518.0],[2390.0,2520.0],[2387.0,2523.0],[2390.0,2529.0],[2412.0,2550.0],[2412.0,2570.0],[2420.0,2582.0],[2420.0,2590.0],[2428.0,2602.0],[2428.0,2610.0],[2432.0,2614.0],[2436.0,2626.0],[2439.0,2629.0],[2445.0,2630.0],[2454.0,2640.0],[2474.0,2648.0],[2477.0,2652.0],[2530.0,2652.0],[2534.0,2648.0],[2566.0,2648.0],[2570.0,2644.0],[2610.0,2644.0],[2622.0,2636.0],[2633.0,2634.0],[2636.0,2631.0],[2636.0,2622.0],[2632.0,2618.0],[2632.0,2578.0],[2636.0,2574.0],[2636.0,2541.0],[2623.0,2538.0],[2605.0,2518.0],[2598.0,2516.0],[2594.0,2512.0],[2586.0,2512.0],[2566.0,2500.0],[2558.0,2500.0],[2538.0,2488.0],[2530.0,2488.0],[2510.0,2476.0],[2502.0,2476.0],[2498.0,2472.0],[2494.0,2472.0],[2490.0,2468.0],[2482.0,2468.0],[2470.0,2460.0]],[[2586.0,2623.0],[2596.0,2622.0],[2586.0,2625.0],[2584.0,2631.0],[2580.0,2630.0],[2586.0,2623.0]],[[2585.0,2632.0],[2587.0,2631.0],[2587.0,2632.0],[2585.0,2632.0]]]}},{"type":"Feature","properties":{"id":"prov_deheubarth","index":50,"name":"Galles du Sud et Marches","owner":"fac_england","centroid":[1672.6,1366.5],"capital_px":[1631.8,1366.0],"neighbors":["prov_gloucester","prov_gwynedd"],"sea_neighbors":["prov_devon"],"area_px":21179},"geometry":{"type":"Polygon","coordinates":[[[1667.0,1290.0],[1654.0,1305.0],[1643.0,1311.0],[1636.0,1311.0],[1622.0,1320.0],[1608.0,1317.0],[1605.0,1318.0],[1604.0,1322.0],[1601.0,1319.0],[1594.0,1326.0],[1589.0,1326.0],[1588.0,1332.0],[1582.0,1329.0],[1575.0,1331.0],[1570.0,1326.0],[1564.0,1326.0],[1565.0,1329.0],[1563.0,1329.0],[1562.0,1334.0],[1541.0,1338.0],[1540.0,1345.0],[1538.0,1346.0],[1547.0,1345.0],[1555.0,1350.0],[1554.0,1363.0],[1547.0,1364.0],[1541.0,1368.0],[1545.0,1371.0],[1544.0,1375.0],[1547.0,1374.0],[1547.0,1371.0],[1550.0,1371.0],[1561.0,1376.0],[1571.0,1376.0],[1573.0,1374.0],[1573.0,1367.0],[1571.0,1366.0],[1577.0,1367.0],[1575.0,1369.0],[1577.0,1377.0],[1565.0,1379.0],[1550.0,1377.0],[1552.0,1381.0],[1556.0,1382.0],[1556.0,1388.0],[1564.0,1394.0],[1571.0,1388.0],[1581.0,1390.0],[1586.0,1388.0],[1588.0,1390.0],[1594.0,1379.0],[1601.0,1378.0],[1614.0,1382.0],[1617.0,1381.0],[1616.0,1376.0],[1619.0,1379.0],[1625.0,1376.0],[1622.0,1381.0],[1627.0,1386.0],[1621.0,1385.0],[1621.0,1387.0],[1627.0,1395.0],[1637.0,1394.0],[1642.0,1399.0],[1648.0,1398.0],[1646.0,1403.0],[1632.0,1403.0],[1632.0,1400.0],[1630.0,1403.0],[1626.0,1403.0],[1625.0,1413.0],[1635.0,1417.0],[1639.0,1414.0],[1654.0,1417.0],[1654.0,1410.0],[1668.0,1410.0],[1674.0,1421.0],[1674.0,1433.0],[1686.0,1441.0],[1690.0,1450.0],[1713.0,1457.0],[1725.0,1456.0],[1727.0,1448.0],[1730.0,1448.0],[1733.0,1443.0],[1743.0,1440.0],[1747.0,1435.0],[1750.0,1438.0],[1752.0,1437.0],[1752.0,1418.0],[1756.0,1414.0],[1756.0,1318.0],[1760.0,1314.0],[1760.0,1309.0],[1714.0,1308.0],[1694.0,1296.0],[1670.0,1296.0],[1667.0,1290.0]],[[1581.0,1366.0],[1578.0,1367.0],[1578.0,1366.0],[1581.0,1366.0]]]}},{"type":"Feature","properties":{"id":"prov_desmond","index":51,"name":"Desmond","owner":"fac_desmond","centroid":[1173.7,1224.7],"capital_px":[1205.4,1152.3],"neighbors":["prov_munster","prov_ormond","prov_thomond"],"sea_neighbors":["prov_ulster"],"area_px":23172},"geometry":{"type":"MultiPolygon","coordinates":[[[[1195.0,1106.0],[1186.0,1118.0],[1175.0,1117.0],[1173.0,1121.0],[1155.0,1131.0],[1143.0,1133.0],[1139.0,1136.0],[1161.0,1138.0],[1163.0,1134.0],[1177.0,1133.0],[1176.0,1130.0],[1177.0,1128.0],[1180.0,1130.0],[1179.0,1134.0],[1183.0,1135.0],[1183.0,1138.0],[1186.0,1140.0],[1202.0,1140.0],[1200.0,1143.0],[1195.0,1144.0],[1198.0,1147.0],[1201.0,1145.0],[1214.0,1145.0],[1220.0,1140.0],[1220.0,1137.0],[1216.0,1134.0],[1214.0,1127.0],[1198.0,1113.0],[1195.0,1106.0]]],[[[1163.0,1143.0],[1160.0,1147.0],[1163.0,1155.0],[1154.0,1153.0],[1144.0,1157.0],[1132.0,1156.0],[1133.0,1160.0],[1141.0,1165.0],[1138.0,1175.0],[1135.0,1175.0],[1136.0,1178.0],[1133.0,1177.0],[1133.0,1180.0],[1136.0,1180.0],[1144.0,1187.0],[1137.0,1186.0],[1137.0,1183.0],[1132.0,1186.0],[1125.0,1184.0],[1120.0,1180.0],[1121.0,1170.0],[1118.0,1170.0],[1118.0,1175.0],[1111.0,1179.0],[1105.0,1178.0],[1107.0,1170.0],[1095.0,1170.0],[1091.0,1174.0],[1086.0,1173.0],[1084.0,1181.0],[1081.0,1181.0],[1080.0,1177.0],[1076.0,1177.0],[1076.0,1181.0],[1073.0,1182.0],[1072.0,1186.0],[1073.0,1191.0],[1081.0,1191.0],[1083.0,1189.0],[1090.0,1193.0],[1087.0,1190.0],[1091.0,1190.0],[1092.0,1193.0],[1096.0,1192.0],[1097.0,1196.0],[1109.0,1195.0],[1116.0,1196.0],[1119.0,1201.0],[1120.0,1197.0],[1137.0,1201.0],[1135.0,1204.0],[1129.0,1204.0],[1123.0,1200.0],[1119.0,1210.0],[1116.0,1209.0],[1117.0,1205.0],[1115.0,1205.0],[1111.0,1210.0],[1085.0,1212.0],[1085.0,1215.0],[1080.0,1215.0],[1083.0,1224.0],[1075.0,1224.0],[1079.0,1222.0],[1075.0,1218.0],[1067.0,1221.0],[1066.0,1224.0],[1070.0,1225.0],[1068.0,1231.0],[1072.0,1232.0],[1070.0,1240.0],[1083.0,1234.0],[1086.0,1241.0],[1081.0,1245.0],[1087.0,1252.0],[1112.0,1247.0],[1114.0,1247.0],[1113.0,1250.0],[1116.0,1250.0],[1117.0,1248.0],[1122.0,1249.0],[1125.0,1246.0],[1143.0,1246.0],[1143.0,1248.0],[1126.0,1249.0],[1118.0,1254.0],[1120.0,1257.0],[1114.0,1255.0],[1111.0,1259.0],[1108.0,1259.0],[1109.0,1256.0],[1101.0,1257.0],[1099.0,1259.0],[1099.0,1261.0],[1102.0,1261.0],[1101.0,1263.0],[1095.0,1266.0],[1087.0,1264.0],[1086.0,1266.0],[1089.0,1267.0],[1089.0,1271.0],[1080.0,1271.0],[1078.0,1275.0],[1085.0,1274.0],[1091.0,1277.0],[1099.0,1276.0],[1104.0,1272.0],[1133.0,1274.0],[1136.0,1271.0],[1140.0,1271.0],[1139.0,1268.0],[1142.0,1265.0],[1142.0,1271.0],[1149.0,1273.0],[1147.0,1278.0],[1132.0,1279.0],[1129.0,1282.0],[1114.0,1284.0],[1112.0,1287.0],[1106.0,1288.0],[1113.0,1290.0],[1127.0,1286.0],[1135.0,1287.0],[1127.0,1289.0],[1121.0,1294.0],[1114.0,1294.0],[1104.0,1298.0],[1105.0,1302.0],[1103.0,1305.0],[1115.0,1304.0],[1114.0,1302.0],[1121.0,1298.0],[1123.0,1303.0],[1144.0,1298.0],[1146.0,1300.0],[1143.0,1305.0],[1144.0,1307.0],[1153.0,1303.0],[1153.0,1305.0],[1147.0,1307.0],[1149.0,1310.0],[1146.0,1313.0],[1156.0,1310.0],[1156.0,1313.0],[1161.0,1314.0],[1164.0,1312.0],[1164.0,1309.0],[1169.0,1311.0],[1174.0,1306.0],[1177.0,1309.0],[1185.0,1308.0],[1188.0,1314.0],[1195.0,1312.0],[1198.0,1307.0],[1213.0,1314.0],[1215.0,1305.0],[1210.0,1304.0],[1210.0,1302.0],[1216.0,1304.0],[1218.0,1299.0],[1224.0,1294.0],[1226.0,1287.0],[1234.0,1281.0],[1236.0,1274.0],[1240.0,1270.0],[1240.0,1238.0],[1244.0,1234.0],[1244.0,1202.0],[1252.0,1198.0],[1252.0,1190.0],[1264.0,1170.0],[1264.0,1153.0],[1258.0,1152.0],[1254.0,1148.0],[1238.0,1146.0],[1229.0,1146.0],[1228.0,1149.0],[1223.0,1149.0],[1222.0,1147.0],[1198.0,1149.0],[1186.0,1145.0],[1180.0,1146.0],[1170.0,1141.0],[1163.0,1143.0]],[[1069.0,1224.0],[1070.0,1223.0],[1070.0,1224.0],[1069.0,1224.0]],[[1155.0,1217.0],[1158.0,1224.0],[1153.0,1226.0],[1150.0,1216.0],[1155.0,1217.0]],[[1074.0,1225.0],[1071.0,1224.0],[1074.0,1224.0],[1074.0,1225.0]]]]}},{"type":"Feature","properties":{"id":"prov_devon","index":52,"name":"Devon et Somerset","owner":"fac_england","centroid":[1676.1,1535.5],"capital_px":[1671.8,1553.9],"neighbors":["prov_cornwall","prov_gloucester","prov_wessex"],"sea_neighbors":["prov_deheubarth"],"area_px":15776},"geometry":{"type":"Polygon","coordinates":[[[1626.0,1467.0],[1619.0,1469.0],[1620.0,1475.0],[1616.0,1475.0],[1618.0,1487.0],[1607.0,1496.0],[1600.0,1496.0],[1604.0,1506.0],[1614.0,1515.0],[1616.0,1522.0],[1620.0,1526.0],[1620.0,1562.0],[1616.0,1566.0],[1616.0,1578.0],[1610.0,1583.0],[1608.0,1590.0],[1604.0,1594.0],[1606.0,1596.0],[1605.0,1602.0],[1609.0,1604.0],[1608.0,1607.0],[1610.0,1609.0],[1619.0,1606.0],[1626.0,1614.0],[1632.0,1626.0],[1636.0,1625.0],[1639.0,1628.0],[1647.0,1627.0],[1647.0,1621.0],[1651.0,1613.0],[1657.0,1612.0],[1658.0,1609.0],[1661.0,1611.0],[1668.0,1602.0],[1662.0,1600.0],[1662.0,1595.0],[1669.0,1594.0],[1669.0,1583.0],[1674.0,1575.0],[1678.0,1573.0],[1677.0,1561.0],[1682.0,1572.0],[1692.0,1571.0],[1697.0,1565.0],[1707.0,1564.0],[1712.0,1566.0],[1716.0,1563.0],[1720.0,1565.0],[1737.0,1563.0],[1752.0,1572.0],[1764.0,1585.0],[1764.0,1538.0],[1768.0,1534.0],[1768.0,1522.0],[1742.0,1497.0],[1737.0,1487.0],[1733.0,1490.0],[1734.0,1486.0],[1731.0,1488.0],[1702.0,1486.0],[1698.0,1485.0],[1695.0,1480.0],[1683.0,1475.0],[1676.0,1475.0],[1666.0,1469.0],[1626.0,1467.0]]]}},{"type":"Feature","properties":{"id":"prov_dublin","index":53,"name":"Pale et Leinster","owner":"fac_england","centroid":[1441.1,1110.0],"capital_px":[1500.9,1101.0],"neighbors":["prov_kildare","prov_leinster","prov_meath","prov_munster","prov_ormond","prov_ulster"],"sea_neighbors":[],"area_px":17583},"geometry":{"type":"Polygon","coordinates":[[[1501.0,1022.0],[1490.0,1024.0],[1484.0,1029.0],[1488.0,1034.0],[1488.0,1038.0],[1484.0,1042.0],[1484.0,1062.0],[1470.0,1076.0],[1458.0,1076.0],[1454.0,1072.0],[1446.0,1072.0],[1429.0,1054.0],[1422.0,1052.0],[1419.0,1048.0],[1410.0,1048.0],[1406.0,1052.0],[1394.0,1052.0],[1390.0,1056.0],[1386.0,1056.0],[1381.0,1062.0],[1374.0,1064.0],[1369.0,1070.0],[1362.0,1072.0],[1357.0,1078.0],[1350.0,1080.0],[1343.0,1087.0],[1348.0,1094.0],[1348.0,1106.0],[1352.0,1110.0],[1352.0,1114.0],[1355.0,1118.0],[1364.0,1122.0],[1364.0,1130.0],[1372.0,1142.0],[1372.0,1150.0],[1376.0,1154.0],[1376.0,1159.0],[1391.0,1174.0],[1406.0,1180.0],[1410.0,1184.0],[1417.0,1185.0],[1434.0,1168.0],[1442.0,1168.0],[1446.0,1164.0],[1458.0,1164.0],[1462.0,1168.0],[1473.0,1170.0],[1488.0,1186.0],[1488.0,1195.0],[1490.0,1196.0],[1490.0,1191.0],[1494.0,1184.0],[1502.0,1179.0],[1503.0,1174.0],[1511.0,1166.0],[1508.0,1155.0],[1513.0,1143.0],[1511.0,1134.0],[1511.0,1118.0],[1513.0,1113.0],[1508.0,1111.0],[1505.0,1101.0],[1515.0,1097.0],[1516.0,1089.0],[1511.0,1085.0],[1517.0,1086.0],[1524.0,1077.0],[1524.0,1070.0],[1518.0,1065.0],[1517.0,1059.0],[1514.0,1057.0],[1520.0,1023.0],[1514.0,1020.0],[1502.0,1020.0],[1501.0,1022.0]],[[1435.0,1109.0],[1445.0,1114.0],[1448.0,1122.0],[1445.0,1126.0],[1438.0,1128.0],[1434.0,1132.0],[1422.0,1132.0],[1416.0,1122.0],[1420.0,1110.0],[1422.0,1108.0],[1435.0,1109.0]],[[1475.0,1120.0],[1474.0,1119.0],[1475.0,1119.0],[1475.0,1120.0]],[[1472.0,1121.0],[1475.0,1129.0],[1468.0,1131.0],[1472.0,1126.0],[1470.0,1123.0],[1472.0,1121.0]],[[1468.0,1124.0],[1469.0,1126.0],[1467.0,1126.0],[1468.0,1124.0]]]}},{"type":"Feature","properties":{"id":"prov_emporda","index":54,"name":"Emp\u00faries","owner":"fac_ribagorca","centroid":[2181.8,2956.8],"capital_px":[2195.9,2946.5],"neighbors":["prov_barcelona","prov_roussillon"],"sea_neighbors":[],"area_px":4009},"geometry":{"type":"Polygon","coordinates":[[[2194.0,2916.0],[2182.0,2924.0],[2174.0,2924.0],[2170.0,2928.0],[2163.0,2930.0],[2140.0,2954.0],[2140.0,2959.0],[2144.0,2962.0],[2146.0,2969.0],[2152.0,2974.0],[2154.0,2981.0],[2158.0,2984.0],[2166.0,2984.0],[2171.0,2990.0],[2178.0,2992.0],[2182.0,2996.0],[2206.0,2996.0],[2209.0,2993.0],[2207.0,2981.0],[2210.0,2976.0],[2200.0,2965.0],[2201.0,2951.0],[2205.0,2947.0],[2211.0,2951.0],[2218.0,2951.0],[2224.0,2941.0],[2223.0,2937.0],[2210.0,2934.0],[2209.0,2925.0],[2211.0,2920.0],[2202.0,2920.0],[2198.0,2916.0],[2194.0,2916.0]]]}},{"type":"Feature","properties":{"id":"prov_evreux","index":55,"name":"\u00c9vreux","owner":"fac_navarre","centroid":[2097.4,1901.6],"capital_px":[2094.5,1884.1],"neighbors":["prov_ile_de_france","prov_normandie","prov_orleanais"],"sea_neighbors":[],"area_px":5082},"geometry":{"type":"Polygon","coordinates":[[[2086.0,1860.0],[2082.0,1864.0],[2075.0,1866.0],[2069.0,1874.0],[2060.0,1878.0],[2060.0,1918.0],[2057.0,1923.0],[2066.0,1924.0],[2070.0,1928.0],[2074.0,1928.0],[2093.0,1948.0],[2098.0,1948.0],[2102.0,1944.0],[2117.0,1938.0],[2136.0,1918.0],[2136.0,1890.0],[2132.0,1886.0],[2130.0,1879.0],[2114.0,1864.0],[2110.0,1864.0],[2106.0,1860.0],[2086.0,1860.0]]]}},{"type":"Feature","properties":{"id":"prov_extremadura","index":56,"name":"Estr\u00e9madure","owner":"fac_castile","centroid":[1035.3,3216.1],"capital_px":[950.4,3273.6],"neighbors":["prov_alentejo","prov_cordoba","prov_leon","prov_lisboa","prov_porto","prov_sevilla","prov_toledo"],"sea_neighbors":[],"area_px":98226},"geometry":{"type":"Polygon","coordinates":[[[1055.0,2975.0],[1047.0,2978.0],[1040.0,2986.0],[1038.0,2993.0],[1030.0,3000.0],[1026.0,3000.0],[1022.0,3004.0],[1014.0,3004.0],[1002.0,3012.0],[992.0,3013.0],[986.0,3033.0],[948.0,3070.0],[948.0,3074.0],[944.0,3078.0],[944.0,3086.0],[936.0,3098.0],[936.0,3106.0],[924.0,3126.0],[924.0,3134.0],[920.0,3138.0],[914.0,3153.0],[868.0,3198.0],[868.0,3210.0],[872.0,3214.0],[872.0,3218.0],[880.0,3230.0],[880.0,3238.0],[884.0,3242.0],[884.0,3278.0],[892.0,3290.0],[892.0,3338.0],[896.0,3342.0],[896.0,3350.0],[904.0,3362.0],[904.0,3378.0],[922.0,3395.0],[924.0,3406.0],[929.0,3412.0],[954.0,3412.0],[958.0,3408.0],[966.0,3408.0],[978.0,3400.0],[986.0,3400.0],[1006.0,3388.0],[1018.0,3388.0],[1022.0,3392.0],[1026.0,3392.0],[1038.0,3400.0],[1046.0,3400.0],[1050.0,3404.0],[1079.0,3404.0],[1094.0,3388.0],[1098.0,3388.0],[1102.0,3384.0],[1110.0,3384.0],[1130.0,3372.0],[1138.0,3372.0],[1142.0,3368.0],[1154.0,3364.0],[1179.0,3338.0],[1190.0,3336.0],[1196.0,3331.0],[1196.0,3262.0],[1190.0,3258.0],[1187.0,3264.0],[1177.0,3266.0],[1173.0,3269.0],[1172.0,3275.0],[1169.0,3275.0],[1175.0,3259.0],[1181.0,3262.0],[1189.0,3258.0],[1194.0,3251.0],[1193.0,3248.0],[1188.0,3246.0],[1188.0,3238.0],[1180.0,3226.0],[1180.0,3218.0],[1168.0,3198.0],[1169.0,3176.0],[1167.0,3174.0],[1161.0,3175.0],[1162.0,3172.0],[1156.0,3174.0],[1148.0,3168.0],[1144.0,3168.0],[1142.0,3171.0],[1132.0,3171.0],[1124.0,3168.0],[1136.0,3169.0],[1153.0,3164.0],[1163.0,3165.0],[1163.0,3160.0],[1166.0,3161.0],[1168.0,3159.0],[1168.0,3138.0],[1156.0,3118.0],[1156.0,3110.0],[1152.0,3106.0],[1152.0,3102.0],[1136.0,3074.0],[1136.0,3066.0],[1120.0,3038.0],[1120.0,3030.0],[1116.0,3026.0],[1116.0,3022.0],[1112.0,3018.0],[1112.0,3014.0],[1108.0,3010.0],[1102.0,2995.0],[1094.0,2988.0],[1086.0,2988.0],[1066.0,2976.0],[1055.0,2975.0]],[[1091.0,3082.0],[1094.0,3082.0],[1095.0,3091.0],[1086.0,3090.0],[1086.0,3087.0],[1090.0,3086.0],[1091.0,3082.0]],[[1095.0,3151.0],[1100.0,3153.0],[1111.0,3164.0],[1124.0,3167.0],[1110.0,3167.0],[1108.0,3162.0],[1105.0,3162.0],[1094.0,3153.0],[1095.0,3151.0]],[[1152.0,3282.0],[1157.0,3283.0],[1149.0,3290.0],[1139.0,3294.0],[1128.0,3294.0],[1124.0,3291.0],[1125.0,3289.0],[1147.0,3287.0],[1152.0,3282.0]],[[1167.0,3296.0],[1170.0,3297.0],[1166.0,3298.0],[1163.0,3305.0],[1163.0,3316.0],[1167.0,3320.0],[1171.0,3320.0],[1181.0,3330.0],[1174.0,3333.0],[1172.0,3341.0],[1172.0,3333.0],[1175.0,3328.0],[1169.0,3326.0],[1156.0,3310.0],[1147.0,3309.0],[1146.0,3311.0],[1141.0,3311.0],[1129.0,3305.0],[1132.0,3301.0],[1138.0,3308.0],[1144.0,3308.0],[1146.0,3305.0],[1156.0,3305.0],[1159.0,3307.0],[1167.0,3296.0]],[[1027.0,3305.0],[1031.0,3305.0],[1034.0,3308.0],[1035.0,3317.0],[1032.0,3317.0],[1027.0,3305.0]]]}},{"type":"Feature","properties":{"id":"prov_ferrara","index":57,"name":"Ferrare","owner":"fac_ferrara","centroid":[3156.8,2574.5],"capital_px":[3170.9,2583.3],"neighbors":["prov_bologna","prov_mantova","prov_venezia","prov_verona"],"sea_neighbors":[],"area_px":6732},"geometry":{"type":"Polygon","coordinates":[[[3122.0,2532.0],[3118.0,2536.0],[3113.0,2536.0],[3108.0,2542.0],[3108.0,2554.0],[3104.0,2558.0],[3104.0,2570.0],[3100.0,2574.0],[3100.0,2582.0],[3096.0,2586.0],[3097.0,2596.0],[3130.0,2596.0],[3134.0,2592.0],[3138.0,2592.0],[3150.0,2604.0],[3154.0,2604.0],[3158.0,2608.0],[3166.0,2608.0],[3178.0,2616.0],[3190.0,2616.0],[3194.0,2612.0],[3202.0,2612.0],[3216.0,2603.0],[3216.0,2582.0],[3212.0,2578.0],[3210.0,2571.0],[3202.0,2565.0],[3198.0,2556.0],[3178.0,2548.0],[3170.0,2540.0],[3165.0,2540.0],[3161.0,2543.0],[3150.0,2536.0],[3142.0,2536.0],[3138.0,2532.0],[3122.0,2532.0]]]}},{"type":"Feature","properties":{"id":"prov_fife","index":58,"name":"Fife et Perth","owner":"fac_scotland","centroid":[1853.4,683.8],"capital_px":[1897.6,708.6],"neighbors":["prov_highlands","prov_lothian","prov_renfrew"],"sea_neighbors":[],"area_px":12591},"geometry":{"type":"Polygon","coordinates":[[[1841.0,633.0],[1822.0,644.0],[1814.0,644.0],[1810.0,648.0],[1798.0,648.0],[1794.0,651.0],[1796.0,654.0],[1771.0,679.0],[1772.0,686.0],[1776.0,690.0],[1778.0,697.0],[1792.0,710.0],[1792.0,714.0],[1796.0,718.0],[1796.0,726.0],[1800.0,730.0],[1802.0,737.0],[1805.0,740.0],[1809.0,740.0],[1808.0,733.0],[1813.0,738.0],[1819.0,740.0],[1824.0,740.0],[1826.0,736.0],[1834.0,736.0],[1848.0,745.0],[1857.0,746.0],[1864.0,736.0],[1867.0,736.0],[1880.0,726.0],[1886.0,727.0],[1892.0,732.0],[1907.0,728.0],[1915.0,720.0],[1908.0,712.0],[1897.0,708.0],[1896.0,703.0],[1900.0,695.0],[1894.0,689.0],[1869.0,698.0],[1855.0,699.0],[1854.0,697.0],[1861.0,698.0],[1878.0,687.0],[1905.0,688.0],[1907.0,690.0],[1910.0,685.0],[1915.0,684.0],[1919.0,679.0],[1927.0,676.0],[1932.0,671.0],[1932.0,665.0],[1937.0,660.0],[1939.0,652.0],[1950.0,645.0],[1942.0,640.0],[1918.0,640.0],[1914.0,636.0],[1862.0,636.0],[1858.0,632.0],[1841.0,633.0]],[[1802.0,653.0],[1797.0,651.0],[1803.0,651.0],[1802.0,653.0]],[[1808.0,731.0],[1806.0,732.0],[1806.0,730.0],[1808.0,731.0]],[[1806.0,728.0],[1805.0,729.0],[1803.0,727.0],[1806.0,728.0]]]}},{"type":"Feature","properties":{"id":"prov_firenze","index":59,"name":"Toscane","owner":"fac_florence","centroid":[3127.4,2774.8],"capital_px":[3133.4,2748.8],"neighbors":["prov_ancona","prov_bologna","prov_corsica","prov_genova","prov_lazio","prov_lucca","prov_mantova","prov_parma","prov_perugia","prov_pisa","prov_rimini","prov_siena","prov_urbino"],"sea_neighbors":[],"area_px":49456},"geometry":{"type":"MultiPolygon","coordinates":[[[[3075.0,2608.0],[3066.0,2615.0],[3062.0,2625.0],[3053.0,2634.0],[3046.0,2636.0],[3042.0,2640.0],[3034.0,2640.0],[3030.0,2644.0],[2998.0,2644.0],[2994.0,2640.0],[2984.0,2640.0],[2984.0,2650.0],[2976.0,2658.0],[2976.0,2662.0],[2968.0,2674.0],[2968.0,2682.0],[2960.0,2696.0],[2966.0,2702.0],[2972.0,2704.0],[2973.0,2707.0],[2975.0,2705.0],[2972.0,2701.0],[2973.0,2698.0],[2976.0,2698.0],[2978.0,2701.0],[2980.0,2700.0],[2988.0,2708.0],[2991.0,2705.0],[2997.0,2707.0],[3004.0,2711.0],[3006.0,2716.0],[3012.0,2721.0],[3031.0,2720.0],[3038.0,2708.0],[3050.0,2708.0],[3053.0,2705.0],[3057.0,2706.0],[3068.0,2718.0],[3072.0,2730.0],[3068.0,2734.0],[3064.0,2746.0],[3060.0,2749.0],[3060.0,2762.0],[3056.0,2766.0],[3056.0,2774.0],[3047.0,2778.0],[3038.0,2788.0],[3028.0,2792.0],[3042.0,2808.0],[3053.0,2832.0],[3054.0,2857.0],[3047.0,2872.0],[3051.0,2880.0],[3055.0,2879.0],[3054.0,2876.0],[3056.0,2875.0],[3068.0,2875.0],[3081.0,2882.0],[3080.0,2894.0],[3076.0,2899.0],[3100.0,2907.0],[3106.0,2912.0],[3107.0,2919.0],[3116.0,2924.0],[3120.0,2934.0],[3126.0,2936.0],[3129.0,2941.0],[3128.0,2952.0],[3126.0,2954.0],[3119.0,2953.0],[3117.0,2958.0],[3124.0,2965.0],[3129.0,2965.0],[3131.0,2957.0],[3140.0,2957.0],[3142.0,2951.0],[3199.0,2894.0],[3209.0,2890.0],[3221.0,2877.0],[3220.0,2862.0],[3217.0,2857.0],[3226.0,2848.0],[3222.0,2840.0],[3223.0,2836.0],[3230.0,2833.0],[3234.0,2823.0],[3243.0,2814.0],[3250.0,2812.0],[3260.0,2803.0],[3260.0,2798.0],[3268.0,2786.0],[3260.0,2774.0],[3260.0,2754.0],[3264.0,2750.0],[3264.0,2741.0],[3258.0,2740.0],[3252.0,2734.0],[3252.0,2730.0],[3244.0,2718.0],[3244.0,2702.0],[3241.0,2699.0],[3234.0,2704.0],[3194.0,2704.0],[3186.0,2696.0],[3182.0,2696.0],[3178.0,2692.0],[3170.0,2692.0],[3166.0,2683.0],[3154.0,2672.0],[3146.0,2672.0],[3141.0,2675.0],[3138.0,2672.0],[3126.0,2672.0],[3122.0,2668.0],[3110.0,2668.0],[3107.0,2666.0],[3080.0,2638.0],[3080.0,2614.0],[3075.0,2608.0]],[[3155.0,2805.0],[3168.0,2818.0],[3168.0,2822.0],[3164.0,2826.0],[3164.0,2834.0],[3160.0,2838.0],[3160.0,2850.0],[3150.0,2856.0],[3142.0,2856.0],[3137.0,2859.0],[3124.0,2846.0],[3124.0,2842.0],[3120.0,2838.0],[3120.0,2830.0],[3128.0,2822.0],[3128.0,2818.0],[3135.0,2806.0],[3138.0,2804.0],[3155.0,2805.0]]],[[[3038.0,2888.0],[3033.0,2898.0],[3029.0,2898.0],[3030.0,2895.0],[3024.0,2895.0],[3023.0,2899.0],[3008.0,2897.0],[3005.0,2899.0],[3004.0,2905.0],[3008.0,2909.0],[3020.0,2909.0],[3020.0,2906.0],[3022.0,2908.0],[3028.0,2906.0],[3029.0,2908.0],[3029.0,2905.0],[3032.0,2905.0],[3037.0,2912.0],[3041.0,2913.0],[3042.0,2910.0],[3038.0,2904.0],[3042.0,2901.0],[3043.0,2891.0],[3041.0,2888.0],[3038.0,2888.0]]],[[[3093.0,2967.0],[3098.0,2973.0],[3100.0,2972.0],[3097.0,2963.0],[3093.0,2962.0],[3093.0,2967.0]]]]}},{"type":"Feature","properties":{"id":"prov_flandre","index":60,"name":"Flandre","owner":"fac_flanders","centroid":[2352.2,1598.7],"capital_px":[2380.6,1598.2],"neighbors":["prov_artois","prov_brabant","prov_flandre_wallonne","prov_hainaut"],"sea_neighbors":["prov_boulonnais","prov_holland"],"area_px":14364},"geometry":{"type":"Polygon","coordinates":[[[2366.0,1541.0],[2327.0,1550.0],[2307.0,1562.0],[2283.0,1572.0],[2272.0,1580.0],[2253.0,1586.0],[2245.0,1584.0],[2241.0,1585.0],[2241.0,1587.0],[2246.0,1592.0],[2254.0,1595.0],[2258.0,1605.0],[2281.0,1628.0],[2310.0,1628.0],[2319.0,1638.0],[2329.0,1642.0],[2332.0,1650.0],[2338.0,1655.0],[2340.0,1662.0],[2345.0,1668.0],[2366.0,1656.0],[2370.0,1656.0],[2374.0,1652.0],[2382.0,1652.0],[2386.0,1648.0],[2411.0,1648.0],[2416.0,1642.0],[2416.0,1634.0],[2424.0,1622.0],[2424.0,1606.0],[2428.0,1602.0],[2428.0,1566.0],[2432.0,1562.0],[2434.0,1554.0],[2429.0,1552.0],[2427.0,1555.0],[2424.0,1555.0],[2419.0,1553.0],[2415.0,1546.0],[2410.0,1546.0],[2409.0,1551.0],[2395.0,1555.0],[2387.0,1553.0],[2384.0,1549.0],[2366.0,1541.0]]]}},{"type":"Feature","properties":{"id":"prov_flandre_wallonne","index":61,"name":"Flandre wallonne","owner":"fac_france","centroid":[2312.7,1661.7],"capital_px":[2310.4,1657.9],"neighbors":["prov_artois","prov_flandre","prov_hainaut"],"sea_neighbors":[],"area_px":2954},"geometry":{"type":"Polygon","coordinates":[[[2281.0,1628.0],[2280.0,1630.0],[2284.0,1634.0],[2284.0,1658.0],[2288.0,1662.0],[2290.0,1673.0],[2314.0,1696.0],[2334.0,1696.0],[2340.0,1686.0],[2340.0,1682.0],[2344.0,1678.0],[2345.0,1667.0],[2340.0,1662.0],[2338.0,1655.0],[2332.0,1650.0],[2330.0,1643.0],[2319.0,1638.0],[2310.0,1628.0],[2281.0,1628.0]]]}},{"type":"Feature","properties":{"id":"prov_foix","index":62,"name":"Foix","owner":"fac_foix_bearn","centroid":[2038.0,2839.8],"capital_px":[2039.3,2820.6],"neighbors":["prov_barcelona","prov_carcassonne","prov_cerdagne","prov_toulousain"],"sea_neighbors":[],"area_px":3900},"geometry":{"type":"Polygon","coordinates":[[[2034.0,2800.0],[2030.0,2804.0],[2023.0,2806.0],[2016.0,2814.0],[2016.0,2818.0],[2012.0,2822.0],[2012.0,2830.0],[2004.0,2838.0],[2004.0,2850.0],[2008.0,2854.0],[2007.0,2865.0],[2010.0,2868.0],[2014.0,2868.0],[2026.0,2876.0],[2037.0,2877.0],[2046.0,2876.0],[2058.0,2868.0],[2068.0,2867.0],[2068.0,2834.0],[2065.0,2831.0],[2068.0,2822.0],[2064.0,2818.0],[2064.0,2814.0],[2058.0,2804.0],[2054.0,2804.0],[2050.0,2800.0],[2034.0,2800.0]]]}},{"type":"Feature","properties":{"id":"prov_franche_comte","index":63,"name":"Comt\u00e9 de Bourgogne","owner":"fac_burgundy","centroid":[2571.7,2227.5],"capital_px":[2516.2,2222.7],"neighbors":["prov_alsace","prov_bern","prov_bourgogne","prov_lorraine","prov_lyonnais","prov_savoie"],"sea_neighbors":[],"area_px":37665},"geometry":{"type":"Polygon","coordinates":[[[2565.0,2100.0],[2560.0,2106.0],[2560.0,2114.0],[2556.0,2118.0],[2556.0,2122.0],[2552.0,2126.0],[2552.0,2130.0],[2548.0,2134.0],[2548.0,2138.0],[2544.0,2142.0],[2538.0,2157.0],[2518.0,2171.0],[2510.0,2189.0],[2498.0,2199.0],[2494.0,2209.0],[2480.0,2222.0],[2470.0,2253.0],[2458.0,2263.0],[2454.0,2273.0],[2436.0,2290.0],[2436.0,2298.0],[2432.0,2302.0],[2432.0,2319.0],[2438.0,2324.0],[2442.0,2324.0],[2446.0,2328.0],[2454.0,2328.0],[2466.0,2336.0],[2474.0,2336.0],[2489.0,2345.0],[2494.0,2340.0],[2502.0,2340.0],[2514.0,2332.0],[2522.0,2332.0],[2526.0,2328.0],[2534.0,2328.0],[2546.0,2320.0],[2574.0,2320.0],[2586.0,2312.0],[2618.0,2312.0],[2621.0,2317.0],[2632.0,2317.0],[2640.0,2321.0],[2640.0,2302.0],[2644.0,2298.0],[2644.0,2290.0],[2652.0,2278.0],[2652.0,2272.0],[2649.0,2271.0],[2639.0,2275.0],[2636.0,2272.0],[2661.0,2251.0],[2660.0,2238.0],[2672.0,2218.0],[2672.0,2202.0],[2676.0,2198.0],[2678.0,2191.0],[2684.0,2186.0],[2686.0,2179.0],[2692.0,2174.0],[2694.0,2167.0],[2700.0,2162.0],[2700.0,2158.0],[2704.0,2153.0],[2671.0,2120.0],[2618.0,2120.0],[2614.0,2116.0],[2606.0,2116.0],[2586.0,2104.0],[2578.0,2104.0],[2574.0,2100.0],[2565.0,2100.0]]]}},{"type":"Feature","properties":{"id":"prov_franconia","index":64,"name":"\u00c9v\u00each\u00e9 de Wurtzbourg","owner":"fac_wurzburg","centroid":[2980.7,1807.3],"capital_px":[2985.8,1819.9],"neighbors":["prov_bamberg","prov_hesse","prov_mainz","prov_nuremberg","prov_palatinate","prov_swabia","prov_thuringia"],"sea_neighbors":[],"area_px":15746},"geometry":{"type":"Polygon","coordinates":[[[2979.0,1719.0],[2970.0,1720.0],[2958.0,1728.0],[2948.0,1729.0],[2948.0,1734.0],[2944.0,1738.0],[2940.0,1750.0],[2932.0,1758.0],[2932.0,1770.0],[2924.0,1782.0],[2924.0,1790.0],[2916.0,1802.0],[2915.0,1809.0],[2920.0,1814.0],[2920.0,1822.0],[2924.0,1826.0],[2924.0,1834.0],[2936.0,1854.0],[2938.0,1865.0],[2957.0,1884.0],[2962.0,1884.0],[2966.0,1888.0],[2974.0,1888.0],[2978.0,1892.0],[2990.0,1896.0],[2994.0,1892.0],[3007.0,1892.0],[3014.0,1875.0],[3032.0,1858.0],[3032.0,1850.0],[3036.0,1846.0],[3041.0,1833.0],[3040.0,1814.0],[3036.0,1810.0],[3036.0,1798.0],[3032.0,1794.0],[3032.0,1762.0],[3028.0,1758.0],[3028.0,1750.0],[3024.0,1746.0],[3024.0,1741.0],[3018.0,1740.0],[3006.0,1732.0],[2998.0,1732.0],[2989.0,1722.0],[2979.0,1719.0]]]}},{"type":"Feature","properties":{"id":"prov_frisia","index":65,"name":"Frise","owner":"fac_empire","centroid":[2680.5,1303.1],"capital_px":[2673.6,1281.9],"neighbors":["prov_gueldre","prov_holland","prov_lower_saxony","prov_utrecht","prov_westphalia"],"sea_neighbors":[],"area_px":25569},"geometry":{"type":"MultiPolygon","coordinates":[[[[2637.0,1237.0],[2635.0,1244.0],[2637.0,1241.0],[2655.0,1236.0],[2644.0,1235.0],[2637.0,1237.0]]],[[[2594.0,1245.0],[2597.0,1243.0],[2614.0,1243.0],[2619.0,1241.0],[2615.0,1239.0],[2590.0,1239.0],[2590.0,1244.0],[2594.0,1245.0]]],[[[2584.0,1241.0],[2568.0,1245.0],[2553.0,1246.0],[2546.0,1249.0],[2545.0,1252.0],[2546.0,1254.0],[2551.0,1254.0],[2562.0,1249.0],[2575.0,1247.0],[2574.0,1244.0],[2583.0,1244.0],[2584.0,1241.0]]],[[[2534.0,1259.0],[2519.0,1270.0],[2520.0,1274.0],[2531.0,1263.0],[2539.0,1260.0],[2534.0,1259.0]]],[[[2740.0,1214.0],[2724.0,1227.0],[2729.0,1236.0],[2727.0,1238.0],[2721.0,1237.0],[2717.0,1248.0],[2717.0,1261.0],[2719.0,1265.0],[2747.0,1269.0],[2747.0,1271.0],[2738.0,1269.0],[2733.0,1280.0],[2723.0,1278.0],[2722.0,1270.0],[2718.0,1271.0],[2709.0,1267.0],[2705.0,1263.0],[2703.0,1249.0],[2700.0,1247.0],[2691.0,1245.0],[2670.0,1247.0],[2654.0,1251.0],[2653.0,1253.0],[2641.0,1251.0],[2644.0,1254.0],[2640.0,1254.0],[2640.0,1257.0],[2645.0,1258.0],[2645.0,1262.0],[2636.0,1261.0],[2638.0,1250.0],[2620.0,1250.0],[2609.0,1256.0],[2584.0,1264.0],[2579.0,1270.0],[2574.0,1271.0],[2567.0,1281.0],[2564.0,1293.0],[2553.0,1298.0],[2534.0,1315.0],[2539.0,1314.0],[2550.0,1304.0],[2562.0,1298.0],[2562.0,1302.0],[2565.0,1305.0],[2565.0,1316.0],[2563.0,1318.0],[2564.0,1322.0],[2559.0,1325.0],[2559.0,1329.0],[2562.0,1332.0],[2572.0,1333.0],[2575.0,1336.0],[2580.0,1334.0],[2591.0,1336.0],[2588.0,1337.0],[2591.0,1342.0],[2609.0,1350.0],[2630.0,1371.0],[2637.0,1388.0],[2646.0,1388.0],[2650.0,1392.0],[2654.0,1388.0],[2666.0,1388.0],[2670.0,1384.0],[2682.0,1384.0],[2702.0,1372.0],[2710.0,1372.0],[2722.0,1364.0],[2730.0,1364.0],[2734.0,1360.0],[2749.0,1354.0],[2772.0,1331.0],[2772.0,1306.0],[2784.0,1286.0],[2784.0,1230.0],[2776.0,1218.0],[2776.0,1212.0],[2768.0,1214.0],[2761.0,1214.0],[2760.0,1212.0],[2740.0,1214.0]],[[2747.0,1271.0],[2748.0,1272.0],[2747.0,1272.0],[2747.0,1271.0]],[[2582.0,1318.0],[2573.0,1321.0],[2570.0,1325.0],[2570.0,1321.0],[2573.0,1318.0],[2583.0,1315.0],[2582.0,1318.0]],[[2601.0,1324.0],[2603.0,1329.0],[2595.0,1330.0],[2597.0,1325.0],[2601.0,1324.0]]],[[[2729.0,1208.0],[2736.0,1210.0],[2745.0,1209.0],[2749.0,1206.0],[2733.0,1206.0],[2729.0,1208.0]]],[[[2685.0,1223.0],[2687.0,1228.0],[2691.0,1227.0],[2693.0,1229.0],[2691.0,1225.0],[2696.0,1224.0],[2697.0,1221.0],[2685.0,1223.0]]]]}},{"type":"Feature","properties":{"id":"prov_galicia","index":66,"name":"Galice","owner":"fac_castile","centroid":[967.2,2654.9],"capital_px":[903.2,2627.3],"neighbors":["prov_leon","prov_porto"],"sea_neighbors":[],"area_px":53948},"geometry":{"type":"Polygon","coordinates":[[[1007.0,2512.0],[994.0,2517.0],[985.0,2516.0],[982.0,2526.0],[979.0,2523.0],[961.0,2532.0],[952.0,2531.0],[953.0,2537.0],[950.0,2537.0],[948.0,2544.0],[966.0,2545.0],[965.0,2548.0],[950.0,2548.0],[954.0,2554.0],[962.0,2556.0],[957.0,2561.0],[956.0,2571.0],[952.0,2565.0],[952.0,2559.0],[946.0,2554.0],[941.0,2562.0],[938.0,2556.0],[927.0,2557.0],[925.0,2560.0],[917.0,2562.0],[914.0,2559.0],[900.0,2561.0],[893.0,2557.0],[889.0,2550.0],[881.0,2551.0],[869.0,2554.0],[875.0,2563.0],[867.0,2563.0],[865.0,2560.0],[859.0,2566.0],[855.0,2566.0],[850.0,2562.0],[840.0,2566.0],[840.0,2570.0],[851.0,2572.0],[846.0,2572.0],[842.0,2576.0],[837.0,2574.0],[832.0,2580.0],[829.0,2580.0],[830.0,2588.0],[823.0,2598.0],[823.0,2603.0],[825.0,2605.0],[829.0,2599.0],[832.0,2599.0],[832.0,2602.0],[835.0,2599.0],[836.0,2603.0],[840.0,2605.0],[837.0,2609.0],[840.0,2620.0],[836.0,2621.0],[838.0,2631.0],[843.0,2630.0],[845.0,2626.0],[857.0,2629.0],[861.0,2624.0],[864.0,2625.0],[861.0,2631.0],[857.0,2631.0],[843.0,2640.0],[835.0,2656.0],[838.0,2658.0],[838.0,2665.0],[840.0,2667.0],[845.0,2661.0],[850.0,2661.0],[850.0,2657.0],[860.0,2657.0],[861.0,2651.0],[864.0,2649.0],[866.0,2656.0],[872.0,2656.0],[872.0,2658.0],[867.0,2664.0],[861.0,2666.0],[858.0,2682.0],[853.0,2681.0],[854.0,2676.0],[846.0,2676.0],[845.0,2679.0],[850.0,2681.0],[850.0,2687.0],[855.0,2692.0],[863.0,2693.0],[871.0,2689.0],[875.0,2691.0],[865.0,2696.0],[859.0,2702.0],[852.0,2700.0],[852.0,2706.0],[851.0,2708.0],[848.0,2706.0],[846.0,2712.0],[852.0,2714.0],[866.0,2712.0],[876.0,2705.0],[875.0,2711.0],[854.0,2720.0],[844.0,2727.0],[846.0,2732.0],[838.0,2731.0],[834.0,2752.0],[854.0,2752.0],[858.0,2756.0],[894.0,2756.0],[898.0,2760.0],[906.0,2760.0],[926.0,2772.0],[934.0,2772.0],[946.0,2780.0],[954.0,2780.0],[958.0,2784.0],[966.0,2784.0],[970.0,2788.0],[974.0,2788.0],[978.0,2792.0],[982.0,2792.0],[986.0,2796.0],[990.0,2796.0],[1018.0,2812.0],[1023.0,2812.0],[1024.0,2806.0],[1028.0,2802.0],[1028.0,2798.0],[1032.0,2794.0],[1032.0,2790.0],[1036.0,2786.0],[1036.0,2782.0],[1052.0,2754.0],[1052.0,2738.0],[1060.0,2726.0],[1060.0,2718.0],[1068.0,2706.0],[1068.0,2698.0],[1072.0,2694.0],[1072.0,2690.0],[1080.0,2678.0],[1080.0,2670.0],[1084.0,2666.0],[1084.0,2622.0],[1088.0,2618.0],[1088.0,2610.0],[1092.0,2606.0],[1092.0,2598.0],[1096.0,2594.0],[1096.0,2586.0],[1100.0,2582.0],[1100.0,2574.0],[1104.0,2567.0],[1096.0,2566.0],[1088.0,2577.0],[1092.0,2566.0],[1073.0,2559.0],[1067.0,2560.0],[1068.0,2555.0],[1063.0,2551.0],[1060.0,2538.0],[1043.0,2526.0],[1037.0,2527.0],[1033.0,2531.0],[1032.0,2521.0],[1026.0,2523.0],[1026.0,2520.0],[1030.0,2517.0],[1029.0,2513.0],[1024.0,2518.0],[1012.0,2520.0],[1011.0,2524.0],[1006.0,2522.0],[1007.0,2527.0],[1003.0,2527.0],[1000.0,2525.0],[1005.0,2525.0],[1004.0,2522.0],[1008.0,2520.0],[1007.0,2512.0]],[[855.0,2656.0],[856.0,2655.0],[856.0,2656.0],[855.0,2656.0]],[[872.0,2656.0],[873.0,2655.0],[873.0,2656.0],[872.0,2656.0]],[[874.0,2655.0],[874.0,2653.0],[875.0,2652.0],[874.0,2655.0]],[[875.0,2652.0],[876.0,2651.0],[876.0,2652.0],[875.0,2652.0]]]}},{"type":"Feature","properties":{"id":"prov_galloway","index":67,"name":"Galloway et Annandale","owner":"fac_england","centroid":[1750.3,874.4],"capital_px":[1791.0,889.1],"neighbors":["prov_lothian","prov_northumberland","prov_renfrew"],"sea_neighbors":["prov_highlands","prov_man","prov_ulster"],"area_px":14600},"geometry":{"type":"MultiPolygon","coordinates":[[[[1801.0,817.0],[1790.0,824.0],[1782.0,824.0],[1770.0,832.0],[1692.0,832.0],[1687.0,844.0],[1680.0,850.0],[1672.0,853.0],[1665.0,867.0],[1664.0,873.0],[1667.0,887.0],[1663.0,889.0],[1660.0,885.0],[1662.0,879.0],[1660.0,869.0],[1658.0,871.0],[1654.0,870.0],[1651.0,876.0],[1651.0,895.0],[1660.0,909.0],[1660.0,916.0],[1663.0,917.0],[1661.0,929.0],[1668.0,933.0],[1669.0,924.0],[1667.0,922.0],[1665.0,906.0],[1675.0,898.0],[1681.0,900.0],[1682.0,906.0],[1696.0,916.0],[1701.0,929.0],[1710.0,935.0],[1715.0,934.0],[1717.0,920.0],[1719.0,919.0],[1718.0,914.0],[1714.0,913.0],[1716.0,901.0],[1719.0,902.0],[1719.0,907.0],[1726.0,913.0],[1730.0,913.0],[1733.0,910.0],[1732.0,919.0],[1737.0,926.0],[1741.0,926.0],[1741.0,920.0],[1744.0,918.0],[1744.0,928.0],[1750.0,929.0],[1764.0,924.0],[1763.0,919.0],[1765.0,919.0],[1765.0,916.0],[1772.0,919.0],[1776.0,916.0],[1787.0,919.0],[1790.0,915.0],[1792.0,901.0],[1795.0,905.0],[1799.0,903.0],[1803.0,906.0],[1828.0,912.0],[1828.0,906.0],[1836.0,894.0],[1836.0,850.0],[1840.0,846.0],[1821.0,826.0],[1801.0,817.0]],[[1767.0,914.0],[1768.0,915.0],[1767.0,915.0],[1767.0,914.0]]],[[[1823.0,913.0],[1815.0,914.0],[1813.0,918.0],[1822.0,920.0],[1825.0,916.0],[1823.0,913.0]]]]}},{"type":"Feature","properties":{"id":"prov_gascogne","index":68,"name":"Gascogne (Landes et Labourd)","owner":"fac_england","centroid":[1768.8,2663.2],"capital_px":[1703.9,2693.9],"neighbors":["prov_agenais","prov_armagnac","prov_bearn","prov_biscay","prov_guyenne","prov_navarra"],"sea_neighbors":[],"area_px":26011},"geometry":{"type":"Polygon","coordinates":[[[1751.0,2540.0],[1749.0,2555.0],[1736.0,2598.0],[1706.0,2681.0],[1694.0,2692.0],[1689.0,2700.0],[1681.0,2705.0],[1667.0,2706.0],[1663.0,2703.0],[1652.0,2708.0],[1652.0,2712.0],[1645.0,2708.0],[1639.0,2711.0],[1631.0,2711.0],[1627.0,2714.0],[1625.0,2711.0],[1622.0,2712.0],[1620.0,2708.0],[1612.0,2709.0],[1612.0,2718.0],[1616.0,2722.0],[1616.0,2726.0],[1620.0,2730.0],[1620.0,2738.0],[1625.0,2744.0],[1630.0,2744.0],[1634.0,2748.0],[1674.0,2748.0],[1686.0,2756.0],[1694.0,2756.0],[1698.0,2760.0],[1710.0,2764.0],[1715.0,2770.0],[1722.0,2772.0],[1727.0,2778.0],[1734.0,2780.0],[1739.0,2786.0],[1746.0,2788.0],[1750.0,2792.0],[1752.0,2791.0],[1752.0,2778.0],[1756.0,2774.0],[1756.0,2770.0],[1752.0,2766.0],[1752.0,2758.0],[1748.0,2754.0],[1748.0,2746.0],[1745.0,2743.0],[1748.0,2738.0],[1748.0,2726.0],[1744.0,2722.0],[1744.0,2706.0],[1748.0,2702.0],[1748.0,2698.0],[1755.0,2686.0],[1758.0,2684.0],[1774.0,2684.0],[1778.0,2680.0],[1806.0,2680.0],[1810.0,2684.0],[1822.0,2684.0],[1826.0,2688.0],[1834.0,2688.0],[1838.0,2692.0],[1846.0,2692.0],[1850.0,2696.0],[1870.0,2696.0],[1874.0,2692.0],[1886.0,2692.0],[1892.0,2687.0],[1893.0,2665.0],[1892.0,2650.0],[1880.0,2630.0],[1880.0,2622.0],[1872.0,2610.0],[1872.0,2602.0],[1865.0,2594.0],[1862.0,2592.0],[1850.0,2592.0],[1846.0,2588.0],[1838.0,2588.0],[1826.0,2580.0],[1818.0,2580.0],[1806.0,2572.0],[1798.0,2572.0],[1794.0,2568.0],[1787.0,2566.0],[1769.0,2547.0],[1757.0,2554.0],[1757.0,2542.0],[1751.0,2540.0]],[[1754.0,2562.0],[1757.0,2562.0],[1764.0,2569.0],[1754.0,2573.0],[1754.0,2562.0]]]}},{"type":"Feature","properties":{"id":"prov_genova","index":69,"name":"Ligurie","owner":"fac_genoa","centroid":[2878.7,2640.7],"capital_px":[2875.5,2651.1],"neighbors":["prov_firenze","prov_milano","prov_montferrat","prov_piemont"],"sea_neighbors":["prov_provence"],"area_px":12731},"geometry":{"type":"Polygon","coordinates":[[[2857.0,2580.0],[2829.0,2610.0],[2819.0,2614.0],[2806.0,2628.0],[2797.0,2628.0],[2792.0,2634.0],[2792.0,2642.0],[2788.0,2646.0],[2788.0,2654.0],[2784.0,2658.0],[2784.0,2670.0],[2780.0,2674.0],[2780.0,2686.0],[2776.0,2690.0],[2776.0,2706.0],[2772.0,2710.0],[2772.0,2722.0],[2774.0,2724.0],[2778.0,2725.0],[2787.0,2719.0],[2786.0,2713.0],[2794.0,2705.0],[2795.0,2696.0],[2801.0,2689.0],[2815.0,2683.0],[2815.0,2678.0],[2820.0,2673.0],[2822.0,2665.0],[2841.0,2653.0],[2847.0,2652.0],[2852.0,2647.0],[2862.0,2647.0],[2864.0,2650.0],[2874.0,2650.0],[2880.0,2654.0],[2893.0,2656.0],[2897.0,2659.0],[2898.0,2664.0],[2904.0,2667.0],[2906.0,2660.0],[2908.0,2660.0],[2922.0,2668.0],[2923.0,2673.0],[2928.0,2674.0],[2929.0,2677.0],[2935.0,2677.0],[2937.0,2681.0],[2943.0,2683.0],[2950.0,2692.0],[2957.0,2693.0],[2960.0,2696.0],[2964.0,2690.0],[2964.0,2686.0],[2968.0,2682.0],[2968.0,2674.0],[2972.0,2670.0],[2976.0,2658.0],[2984.0,2650.0],[2984.0,2640.0],[2974.0,2636.0],[2966.0,2628.0],[2959.0,2626.0],[2953.0,2618.0],[2946.0,2616.0],[2937.0,2606.0],[2930.0,2604.0],[2926.0,2600.0],[2914.0,2600.0],[2910.0,2596.0],[2902.0,2596.0],[2898.0,2592.0],[2890.0,2592.0],[2878.0,2584.0],[2866.0,2584.0],[2862.0,2580.0],[2857.0,2580.0]]]}},{"type":"Feature","properties":{"id":"prov_gloucester","index":70,"name":"Gloucester et Bristol","owner":"fac_england","centroid":[1799.9,1408.4],"capital_px":[1782.4,1457.9],"neighbors":["prov_deheubarth","prov_devon","prov_gwynedd","prov_oxford","prov_warwick","prov_wessex"],"sea_neighbors":[],"area_px":18745},"geometry":{"type":"Polygon","coordinates":[[[1783.0,1299.0],[1778.0,1304.0],[1770.0,1304.0],[1766.0,1308.0],[1761.0,1308.0],[1760.0,1314.0],[1756.0,1318.0],[1756.0,1414.0],[1752.0,1418.0],[1751.0,1439.0],[1764.0,1439.0],[1768.0,1436.0],[1774.0,1436.0],[1799.0,1416.0],[1807.0,1415.0],[1809.0,1412.0],[1810.0,1415.0],[1801.0,1418.0],[1794.0,1424.0],[1772.0,1449.0],[1762.0,1450.0],[1751.0,1461.0],[1746.0,1460.0],[1741.0,1471.0],[1738.0,1471.0],[1737.0,1479.0],[1737.0,1488.0],[1740.0,1490.0],[1740.0,1494.0],[1766.0,1519.0],[1769.0,1528.0],[1774.0,1524.0],[1785.0,1522.0],[1810.0,1496.0],[1821.0,1494.0],[1826.0,1483.0],[1852.0,1459.0],[1848.0,1454.0],[1848.0,1446.0],[1844.0,1442.0],[1844.0,1434.0],[1856.0,1422.0],[1856.0,1418.0],[1864.0,1406.0],[1864.0,1398.0],[1868.0,1394.0],[1869.0,1389.0],[1868.0,1378.0],[1860.0,1370.0],[1860.0,1366.0],[1856.0,1362.0],[1856.0,1354.0],[1852.0,1350.0],[1850.0,1343.0],[1814.0,1308.0],[1806.0,1308.0],[1802.0,1304.0],[1794.0,1304.0],[1790.0,1300.0],[1783.0,1299.0]]]}},{"type":"Feature","properties":{"id":"prov_gotaland","index":71,"name":"G\u00f6taland et Viken","owner":"fac_sweden","centroid":[2807.5,477.5],"capital_px":[3169.3,540.8],"neighbors":["prov_brandenburg"],"sea_neighbors":["prov_sjaelland"],"area_px":603668},"geometry":{"type":"MultiPolygon","coordinates":[[[[2653.0,4.0],[2664.0,4.0],[2667.0,0.0],[2653.0,0.0],[2653.0,4.0]]],[[[2604.0,47.0],[2601.0,48.0],[2601.0,64.0],[2605.0,57.0],[2607.0,57.0],[2609.0,63.0],[2616.0,56.0],[2614.0,43.0],[2610.0,46.0],[2609.0,51.0],[2608.0,41.0],[2606.0,41.0],[2607.0,53.0],[2604.0,47.0]]],[[[2589.0,63.0],[2589.0,67.0],[2594.0,73.0],[2596.0,70.0],[2594.0,58.0],[2589.0,63.0]]],[[[2602.0,85.0],[2604.0,92.0],[2608.0,94.0],[2605.0,82.0],[2598.0,81.0],[2598.0,84.0],[2602.0,85.0]],[[2601.0,83.0],[2602.0,82.0],[2602.0,83.0],[2601.0,83.0]]],[[[2599.0,135.0],[2598.0,124.0],[2595.0,123.0],[2594.0,134.0],[2599.0,135.0]]],[[[2654.0,134.0],[2644.0,139.0],[2642.0,143.0],[2635.0,144.0],[2647.0,162.0],[2655.0,162.0],[2658.0,157.0],[2661.0,157.0],[2664.0,125.0],[2661.0,123.0],[2657.0,124.0],[2654.0,134.0]]],[[[2611.0,150.0],[2614.0,149.0],[2614.0,156.0],[2619.0,159.0],[2618.0,165.0],[2623.0,164.0],[2625.0,158.0],[2622.0,151.0],[2612.0,147.0],[2610.0,142.0],[2607.0,141.0],[2608.0,147.0],[2611.0,150.0]]],[[[2605.0,175.0],[2610.0,181.0],[2603.0,181.0],[2603.0,188.0],[2607.0,193.0],[2609.0,189.0],[2610.0,197.0],[2614.0,198.0],[2615.0,190.0],[2611.0,183.0],[2615.0,182.0],[2615.0,177.0],[2608.0,165.0],[2607.0,158.0],[2605.0,158.0],[2605.0,175.0]]],[[[2618.0,217.0],[2620.0,226.0],[2625.0,229.0],[2628.0,219.0],[2626.0,215.0],[2624.0,216.0],[2623.0,210.0],[2621.0,210.0],[2621.0,214.0],[2618.0,217.0]],[[2622.0,214.0],[2622.0,218.0],[2623.0,221.0],[2621.0,221.0],[2622.0,214.0]]],[[[2611.0,228.0],[2614.0,233.0],[2619.0,232.0],[2620.0,226.0],[2614.0,226.0],[2611.0,228.0]]],[[[2656.0,218.0],[2638.0,223.0],[2639.0,228.0],[2632.0,229.0],[2633.0,234.0],[2638.0,237.0],[2641.0,235.0],[2642.0,245.0],[2646.0,242.0],[2652.0,243.0],[2650.0,235.0],[2655.0,230.0],[2656.0,218.0]]],[[[2626.0,238.0],[2622.0,248.0],[2625.0,253.0],[2626.0,262.0],[2630.0,263.0],[2630.0,261.0],[2633.0,261.0],[2633.0,264.0],[2629.0,265.0],[2635.0,266.0],[2640.0,261.0],[2640.0,249.0],[2637.0,240.0],[2629.0,232.0],[2625.0,233.0],[2626.0,238.0]]],[[[2610.0,255.0],[2607.0,263.0],[2609.0,264.0],[2611.0,261.0],[2611.0,264.0],[2615.0,265.0],[2609.0,275.0],[2609.0,287.0],[2613.0,290.0],[2615.0,288.0],[2615.0,279.0],[2612.0,281.0],[2612.0,277.0],[2616.0,272.0],[2616.0,267.0],[2619.0,266.0],[2620.0,269.0],[2624.0,267.0],[2625.0,274.0],[2621.0,277.0],[2627.0,274.0],[2627.0,270.0],[2622.0,258.0],[2619.0,258.0],[2619.0,254.0],[2616.0,253.0],[2614.0,247.0],[2611.0,247.0],[2613.0,254.0],[2610.0,255.0]]],[[[2612.0,327.0],[2610.0,328.0],[2610.0,333.0],[2613.0,338.0],[2609.0,338.0],[2608.0,346.0],[2610.0,360.0],[2618.0,357.0],[2620.0,349.0],[2619.0,332.0],[2616.0,329.0],[2614.0,318.0],[2611.0,319.0],[2612.0,327.0]]],[[[2669.0,344.0],[2671.0,351.0],[2678.0,350.0],[2682.0,343.0],[2673.0,341.0],[2669.0,344.0]]],[[[2625.0,353.0],[2630.0,359.0],[2632.0,351.0],[2629.0,346.0],[2626.0,346.0],[2625.0,353.0]]],[[[2656.0,358.0],[2657.0,364.0],[2661.0,364.0],[2664.0,360.0],[2661.0,354.0],[2658.0,360.0],[2656.0,358.0]]],[[[2640.0,366.0],[2651.0,373.0],[2655.0,373.0],[2656.0,370.0],[2652.0,365.0],[2640.0,364.0],[2640.0,366.0]]],[[[3077.0,390.0],[3079.0,382.0],[3076.0,383.0],[3074.0,380.0],[3072.0,381.0],[3072.0,390.0],[3077.0,390.0]]],[[[3240.0,440.0],[3240.0,445.0],[3245.0,447.0],[3248.0,444.0],[3248.0,447.0],[3251.0,447.0],[3252.0,441.0],[3249.0,436.0],[3243.0,437.0],[3240.0,440.0]],[[3248.0,444.0],[3249.0,443.0],[3249.0,444.0],[3248.0,444.0]]],[[[2678.0,7.0],[2676.0,1.0],[2669.0,1.0],[2666.0,6.0],[2661.0,6.0],[2660.0,9.0],[2647.0,3.0],[2643.0,5.0],[2635.0,1.0],[2633.0,4.0],[2624.0,4.0],[2616.0,8.0],[2626.0,9.0],[2625.0,15.0],[2624.0,11.0],[2621.0,11.0],[2619.0,15.0],[2623.0,23.0],[2628.0,22.0],[2632.0,18.0],[2650.0,18.0],[2639.0,20.0],[2643.0,25.0],[2643.0,35.0],[2641.0,26.0],[2636.0,21.0],[2632.0,21.0],[2631.0,26.0],[2625.0,26.0],[2615.0,32.0],[2618.0,36.0],[2622.0,36.0],[2618.0,37.0],[2618.0,39.0],[2631.0,39.0],[2635.0,43.0],[2634.0,48.0],[2626.0,44.0],[2622.0,44.0],[2621.0,48.0],[2626.0,51.0],[2629.0,49.0],[2634.0,51.0],[2629.0,52.0],[2630.0,56.0],[2637.0,57.0],[2640.0,55.0],[2644.0,62.0],[2652.0,61.0],[2658.0,54.0],[2674.0,52.0],[2675.0,47.0],[2676.0,52.0],[2686.0,52.0],[2695.0,47.0],[2690.0,51.0],[2694.0,55.0],[2701.0,54.0],[2706.0,50.0],[2707.0,55.0],[2712.0,59.0],[2726.0,61.0],[2730.0,58.0],[2730.0,49.0],[2728.0,47.0],[2733.0,48.0],[2731.0,36.0],[2733.0,35.0],[2736.0,39.0],[2742.0,31.0],[2740.0,39.0],[2735.0,43.0],[2735.0,46.0],[2759.0,56.0],[2765.0,55.0],[2761.0,59.0],[2761.0,62.0],[2764.0,64.0],[2767.0,61.0],[2778.0,59.0],[2780.0,54.0],[2785.0,53.0],[2788.0,57.0],[2794.0,54.0],[2791.0,50.0],[2790.0,41.0],[2786.0,37.0],[2786.0,34.0],[2792.0,27.0],[2789.0,21.0],[2795.0,22.0],[2809.0,9.0],[2811.0,11.0],[2803.0,15.0],[2791.0,36.0],[2794.0,50.0],[2796.0,52.0],[2804.0,52.0],[2819.0,47.0],[2815.0,52.0],[2800.0,53.0],[2798.0,57.0],[2793.0,59.0],[2800.0,67.0],[2794.0,66.0],[2785.0,60.0],[2779.0,65.0],[2767.0,66.0],[2767.0,73.0],[2772.0,86.0],[2778.0,89.0],[2778.0,97.0],[2775.0,101.0],[2775.0,91.0],[2771.0,87.0],[2763.0,86.0],[2759.0,88.0],[2767.0,81.0],[2764.0,68.0],[2757.0,67.0],[2754.0,58.0],[2741.0,56.0],[2739.0,53.0],[2737.0,53.0],[2733.0,64.0],[2722.0,68.0],[2719.0,77.0],[2716.0,77.0],[2719.0,69.0],[2714.0,68.0],[2713.0,71.0],[2710.0,71.0],[2712.0,68.0],[2710.0,63.0],[2701.0,59.0],[2682.0,58.0],[2676.0,66.0],[2675.0,59.0],[2661.0,62.0],[2664.0,66.0],[2659.0,64.0],[2651.0,66.0],[2650.0,75.0],[2648.0,70.0],[2640.0,70.0],[2627.0,61.0],[2620.0,62.0],[2616.0,67.0],[2616.0,76.0],[2623.0,77.0],[2626.0,75.0],[2626.0,78.0],[2622.0,80.0],[2622.0,92.0],[2620.0,91.0],[2621.0,81.0],[2618.0,78.0],[2614.0,78.0],[2614.0,82.0],[2611.0,81.0],[2612.0,96.0],[2616.0,97.0],[2617.0,93.0],[2617.0,97.0],[2623.0,98.0],[2623.0,102.0],[2625.0,102.0],[2626.0,96.0],[2628.0,101.0],[2635.0,102.0],[2640.0,93.0],[2645.0,93.0],[2649.0,89.0],[2651.0,89.0],[2650.0,93.0],[2654.0,94.0],[2653.0,96.0],[2645.0,95.0],[2640.0,97.0],[2640.0,103.0],[2631.0,107.0],[2631.0,111.0],[2640.0,114.0],[2644.0,124.0],[2643.0,126.0],[2640.0,123.0],[2643.0,131.0],[2639.0,127.0],[2639.0,130.0],[2637.0,130.0],[2633.0,116.0],[2626.0,114.0],[2613.0,102.0],[2608.0,102.0],[2614.0,112.0],[2622.0,116.0],[2619.0,119.0],[2625.0,125.0],[2627.0,131.0],[2620.0,125.0],[2618.0,127.0],[2630.0,142.0],[2640.0,139.0],[2644.0,134.0],[2651.0,133.0],[2651.0,123.0],[2658.0,122.0],[2663.0,114.0],[2665.0,115.0],[2662.0,122.0],[2668.0,121.0],[2668.0,130.0],[2666.0,131.0],[2664.0,141.0],[2664.0,157.0],[2659.0,160.0],[2659.0,164.0],[2656.0,166.0],[2647.0,164.0],[2636.0,149.0],[2632.0,147.0],[2627.0,154.0],[2629.0,157.0],[2628.0,163.0],[2631.0,168.0],[2621.0,168.0],[2619.0,170.0],[2619.0,175.0],[2624.0,176.0],[2624.0,178.0],[2620.0,179.0],[2620.0,185.0],[2631.0,187.0],[2624.0,196.0],[2632.0,194.0],[2633.0,196.0],[2630.0,197.0],[2630.0,200.0],[2634.0,202.0],[2633.0,205.0],[2636.0,208.0],[2647.0,196.0],[2656.0,173.0],[2658.0,175.0],[2665.0,170.0],[2663.0,174.0],[2658.0,176.0],[2653.0,187.0],[2653.0,189.0],[2656.0,188.0],[2654.0,193.0],[2660.0,193.0],[2661.0,195.0],[2650.0,198.0],[2650.0,203.0],[2648.0,204.0],[2649.0,208.0],[2656.0,207.0],[2656.0,203.0],[2659.0,200.0],[2667.0,198.0],[2660.0,203.0],[2662.0,209.0],[2659.0,214.0],[2660.0,217.0],[2667.0,216.0],[2665.0,221.0],[2658.0,220.0],[2657.0,222.0],[2661.0,232.0],[2663.0,232.0],[2664.0,227.0],[2665.0,230.0],[2671.0,227.0],[2671.0,207.0],[2677.0,205.0],[2683.0,191.0],[2687.0,190.0],[2691.0,194.0],[2695.0,193.0],[2695.0,184.0],[2699.0,177.0],[2694.0,175.0],[2699.0,173.0],[2703.0,175.0],[2699.0,160.0],[2701.0,160.0],[2704.0,172.0],[2708.0,173.0],[2714.0,167.0],[2729.0,163.0],[2735.0,155.0],[2739.0,154.0],[2731.0,163.0],[2731.0,167.0],[2735.0,168.0],[2744.0,160.0],[2750.0,159.0],[2762.0,144.0],[2764.0,145.0],[2762.0,150.0],[2755.0,157.0],[2770.0,158.0],[2769.0,162.0],[2759.0,159.0],[2746.0,162.0],[2740.0,172.0],[2734.0,176.0],[2728.0,191.0],[2728.0,201.0],[2723.0,211.0],[2723.0,221.0],[2722.0,210.0],[2724.0,195.0],[2729.0,187.0],[2728.0,183.0],[2734.0,169.0],[2724.0,167.0],[2719.0,174.0],[2713.0,175.0],[2706.0,185.0],[2700.0,186.0],[2695.0,199.0],[2689.0,201.0],[2689.0,206.0],[2691.0,215.0],[2696.0,215.0],[2701.0,208.0],[2703.0,208.0],[2703.0,213.0],[2705.0,214.0],[2691.0,217.0],[2683.0,222.0],[2678.0,230.0],[2679.0,238.0],[2663.0,241.0],[2660.0,244.0],[2660.0,249.0],[2657.0,252.0],[2653.0,252.0],[2653.0,255.0],[2657.0,254.0],[2661.0,258.0],[2665.0,266.0],[2673.0,264.0],[2677.0,253.0],[2677.0,260.0],[2674.0,263.0],[2676.0,269.0],[2683.0,268.0],[2694.0,259.0],[2696.0,261.0],[2681.0,272.0],[2676.0,272.0],[2673.0,268.0],[2671.0,268.0],[2670.0,272.0],[2665.0,272.0],[2659.0,279.0],[2659.0,282.0],[2669.0,281.0],[2669.0,284.0],[2661.0,284.0],[2659.0,291.0],[2656.0,291.0],[2657.0,282.0],[2644.0,279.0],[2641.0,285.0],[2640.0,300.0],[2630.0,305.0],[2631.0,299.0],[2637.0,296.0],[2637.0,286.0],[2640.0,280.0],[2640.0,273.0],[2637.0,271.0],[2631.0,279.0],[2633.0,283.0],[2632.0,291.0],[2630.0,283.0],[2626.0,283.0],[2618.0,296.0],[2614.0,298.0],[2617.0,301.0],[2613.0,302.0],[2613.0,316.0],[2616.0,317.0],[2619.0,329.0],[2623.0,328.0],[2623.0,319.0],[2625.0,319.0],[2625.0,336.0],[2628.0,337.0],[2628.0,326.0],[2631.0,321.0],[2630.0,336.0],[2633.0,341.0],[2636.0,341.0],[2642.0,333.0],[2642.0,320.0],[2644.0,320.0],[2647.0,331.0],[2644.0,339.0],[2650.0,337.0],[2651.0,332.0],[2664.0,332.0],[2664.0,325.0],[2660.0,319.0],[2655.0,318.0],[2649.0,322.0],[2654.0,315.0],[2658.0,316.0],[2661.0,314.0],[2661.0,302.0],[2663.0,302.0],[2666.0,310.0],[2669.0,312.0],[2679.0,313.0],[2684.0,310.0],[2688.0,311.0],[2686.0,314.0],[2672.0,317.0],[2667.0,316.0],[2667.0,325.0],[2670.0,331.0],[2675.0,328.0],[2675.0,324.0],[2673.0,324.0],[2675.0,320.0],[2679.0,324.0],[2689.0,316.0],[2697.0,301.0],[2700.0,287.0],[2702.0,287.0],[2700.0,298.0],[2696.0,306.0],[2707.0,301.0],[2720.0,301.0],[2696.0,308.0],[2692.0,319.0],[2679.0,326.0],[2675.0,335.0],[2681.0,334.0],[2682.0,337.0],[2686.0,337.0],[2688.0,334.0],[2688.0,337.0],[2690.0,337.0],[2692.0,333.0],[2694.0,337.0],[2694.0,339.0],[2682.0,339.0],[2685.0,345.0],[2692.0,344.0],[2700.0,337.0],[2711.0,338.0],[2702.0,338.0],[2696.0,344.0],[2688.0,346.0],[2679.0,354.0],[2675.0,361.0],[2675.0,363.0],[2683.0,364.0],[2664.0,369.0],[2663.0,377.0],[2667.0,383.0],[2674.0,382.0],[2676.0,386.0],[2670.0,390.0],[2673.0,400.0],[2676.0,399.0],[2684.0,387.0],[2707.0,381.0],[2722.0,379.0],[2723.0,381.0],[2687.0,389.0],[2682.0,392.0],[2677.0,398.0],[2676.0,404.0],[2680.0,409.0],[2689.0,411.0],[2685.0,412.0],[2678.0,410.0],[2662.0,391.0],[2657.0,391.0],[2656.0,396.0],[2651.0,395.0],[2648.0,404.0],[2649.0,388.0],[2639.0,379.0],[2636.0,379.0],[2635.0,386.0],[2639.0,386.0],[2636.0,389.0],[2642.0,396.0],[2640.0,398.0],[2635.0,391.0],[2637.0,402.0],[2633.0,404.0],[2634.0,413.0],[2628.0,421.0],[2640.0,455.0],[2643.0,458.0],[2649.0,458.0],[2652.0,465.0],[2664.0,466.0],[2665.0,477.0],[2668.0,482.0],[2671.0,482.0],[2678.0,489.0],[2683.0,489.0],[2695.0,499.0],[2709.0,503.0],[2709.0,510.0],[2712.0,509.0],[2713.0,512.0],[2717.0,512.0],[2717.0,508.0],[2711.0,506.0],[2716.0,505.0],[2717.0,494.0],[2723.0,493.0],[2724.0,495.0],[2723.0,498.0],[2719.0,496.0],[2717.0,500.0],[2721.0,509.0],[2734.0,501.0],[2734.0,503.0],[2720.0,511.0],[2719.0,516.0],[2713.0,516.0],[2711.0,523.0],[2708.0,524.0],[2713.0,532.0],[2727.0,535.0],[2728.0,532.0],[2721.0,523.0],[2724.0,516.0],[2723.0,524.0],[2726.0,526.0],[2731.0,525.0],[2729.0,519.0],[2729.0,516.0],[2731.0,516.0],[2735.0,523.0],[2745.0,523.0],[2742.0,526.0],[2730.0,528.0],[2734.0,532.0],[2739.0,529.0],[2738.0,535.0],[2745.0,528.0],[2741.0,537.0],[2745.0,537.0],[2758.0,530.0],[2756.0,536.0],[2753.0,534.0],[2746.0,539.0],[2745.0,545.0],[2752.0,544.0],[2752.0,539.0],[2758.0,537.0],[2760.0,540.0],[2766.0,537.0],[2767.0,540.0],[2776.0,543.0],[2793.0,544.0],[2793.0,540.0],[2797.0,543.0],[2797.0,539.0],[2800.0,539.0],[2800.0,536.0],[2807.0,537.0],[2823.0,534.0],[2823.0,529.0],[2831.0,521.0],[2829.0,513.0],[2832.0,513.0],[2835.0,522.0],[2831.0,525.0],[2832.0,530.0],[2839.0,532.0],[2841.0,525.0],[2844.0,528.0],[2847.0,527.0],[2847.0,522.0],[2851.0,518.0],[2849.0,516.0],[2854.0,515.0],[2857.0,510.0],[2862.0,511.0],[2862.0,506.0],[2870.0,509.0],[2870.0,504.0],[2876.0,495.0],[2879.0,497.0],[2882.0,492.0],[2885.0,492.0],[2891.0,482.0],[2895.0,481.0],[2907.0,468.0],[2907.0,458.0],[2905.0,455.0],[2908.0,458.0],[2910.0,456.0],[2915.0,457.0],[2928.0,446.0],[2927.0,443.0],[2919.0,442.0],[2928.0,442.0],[2929.0,438.0],[2922.0,436.0],[2925.0,439.0],[2921.0,439.0],[2917.0,435.0],[2922.0,434.0],[2934.0,436.0],[2939.0,434.0],[2941.0,429.0],[2945.0,427.0],[2943.0,425.0],[2948.0,420.0],[2934.0,421.0],[2936.0,414.0],[2942.0,416.0],[2944.0,415.0],[2942.0,411.0],[2954.0,411.0],[2951.0,406.0],[2960.0,407.0],[2960.0,403.0],[2967.0,401.0],[2965.0,397.0],[2970.0,397.0],[2971.0,393.0],[2963.0,388.0],[2963.0,384.0],[2956.0,376.0],[2961.0,377.0],[2964.0,375.0],[2965.0,386.0],[2967.0,387.0],[2967.0,381.0],[2969.0,381.0],[2971.0,388.0],[2975.0,387.0],[2978.0,390.0],[2980.0,394.0],[2979.0,402.0],[2992.0,401.0],[2995.0,397.0],[2994.0,390.0],[2999.0,392.0],[3006.0,387.0],[3006.0,391.0],[3002.0,395.0],[3009.0,393.0],[3011.0,391.0],[3009.0,385.0],[3010.0,377.0],[3014.0,389.0],[3014.0,378.0],[3017.0,375.0],[3018.0,364.0],[3021.0,361.0],[3021.0,353.0],[3030.0,357.0],[3033.0,346.0],[3028.0,342.0],[3030.0,328.0],[3022.0,325.0],[3019.0,318.0],[3012.0,312.0],[3011.0,308.0],[3022.0,313.0],[3024.0,300.0],[3022.0,292.0],[3013.0,287.0],[3010.0,282.0],[3015.0,281.0],[3024.0,288.0],[3026.0,314.0],[3032.0,315.0],[3035.0,313.0],[3040.0,306.0],[3041.0,298.0],[3031.0,284.0],[3030.0,262.0],[3034.0,258.0],[3045.0,257.0],[3047.0,254.0],[3051.0,257.0],[3052.0,262.0],[3049.0,280.0],[3046.0,266.0],[3043.0,263.0],[3040.0,266.0],[3036.0,283.0],[3039.0,289.0],[3041.0,287.0],[3045.0,316.0],[3039.0,329.0],[3045.0,332.0],[3046.0,346.0],[3049.0,347.0],[3050.0,343.0],[3054.0,346.0],[3051.0,361.0],[3054.0,356.0],[3055.0,365.0],[3059.0,370.0],[3064.0,365.0],[3064.0,370.0],[3067.0,373.0],[3067.0,366.0],[3069.0,366.0],[3075.0,371.0],[3075.0,375.0],[3080.0,375.0],[3080.0,370.0],[3084.0,372.0],[3083.0,366.0],[3086.0,364.0],[3086.0,369.0],[3089.0,371.0],[3086.0,372.0],[3086.0,375.0],[3088.0,377.0],[3101.0,377.0],[3108.0,394.0],[3106.0,395.0],[3104.0,392.0],[3100.0,379.0],[3088.0,381.0],[3082.0,390.0],[3082.0,395.0],[3086.0,397.0],[3081.0,402.0],[3089.0,406.0],[3089.0,417.0],[3092.0,418.0],[3088.0,439.0],[3091.0,439.0],[3090.0,444.0],[3094.0,448.0],[3094.0,456.0],[3097.0,459.0],[3093.0,469.0],[3097.0,478.0],[3094.0,480.0],[3095.0,483.0],[3091.0,484.0],[3092.0,496.0],[3095.0,492.0],[3100.0,493.0],[3106.0,485.0],[3102.0,495.0],[3105.0,495.0],[3106.0,490.0],[3109.0,488.0],[3108.0,492.0],[3111.0,496.0],[3107.0,496.0],[3105.0,499.0],[3106.0,502.0],[3110.0,500.0],[3107.0,505.0],[3108.0,507.0],[3117.0,497.0],[3119.0,480.0],[3121.0,485.0],[3125.0,481.0],[3128.0,481.0],[3128.0,483.0],[3124.0,485.0],[3123.0,491.0],[3118.0,496.0],[3115.0,505.0],[3116.0,511.0],[3123.0,509.0],[3124.0,505.0],[3133.0,500.0],[3133.0,497.0],[3146.0,495.0],[3140.0,501.0],[3147.0,516.0],[3143.0,518.0],[3143.0,529.0],[3139.0,535.0],[3141.0,545.0],[3136.0,554.0],[3138.0,563.0],[3132.0,566.0],[3133.0,570.0],[3130.0,572.0],[3137.0,581.0],[3142.0,580.0],[3142.0,583.0],[3135.0,589.0],[3134.0,595.0],[3138.0,595.0],[3138.0,592.0],[3143.0,595.0],[3152.0,594.0],[3145.0,598.0],[3147.0,607.0],[3150.0,608.0],[3150.0,605.0],[3152.0,606.0],[3152.0,625.0],[3155.0,626.0],[3152.0,629.0],[3152.0,642.0],[3155.0,642.0],[3155.0,646.0],[3159.0,648.0],[3160.0,634.0],[3163.0,630.0],[3165.0,631.0],[3167.0,635.0],[3167.0,640.0],[3165.0,641.0],[3169.0,642.0],[3164.0,648.0],[3169.0,648.0],[3173.0,656.0],[3169.0,661.0],[3173.0,665.0],[3169.0,666.0],[3177.0,668.0],[3173.0,673.0],[3178.0,674.0],[3183.0,694.0],[3191.0,699.0],[3192.0,713.0],[3202.0,717.0],[3214.0,729.0],[3214.0,737.0],[3226.0,755.0],[3233.0,753.0],[3239.0,755.0],[3244.0,769.0],[3244.0,777.0],[3241.0,784.0],[3235.0,786.0],[3225.0,782.0],[3220.0,784.0],[3218.0,788.0],[3218.0,792.0],[3228.0,799.0],[3231.0,808.0],[3237.0,812.0],[3235.0,819.0],[3225.0,820.0],[3221.0,815.0],[3204.0,809.0],[3209.0,813.0],[3217.0,836.0],[3227.0,847.0],[3228.0,853.0],[3232.0,855.0],[3233.0,863.0],[3236.0,864.0],[3238.0,872.0],[3248.0,880.0],[3249.0,890.0],[3247.0,892.0],[3252.0,893.0],[3252.0,896.0],[3256.0,896.0],[3260.0,900.0],[3258.0,912.0],[3249.0,919.0],[3249.0,927.0],[3255.0,938.0],[3253.0,938.0],[3253.0,943.0],[3251.0,944.0],[3244.0,942.0],[3242.0,950.0],[3257.0,946.0],[3260.0,949.0],[3269.0,949.0],[3281.0,954.0],[3289.0,954.0],[3301.0,946.0],[3309.0,946.0],[3314.0,940.0],[3331.0,940.0],[3335.0,937.0],[3339.0,937.0],[3352.0,944.0],[3361.0,943.0],[3368.0,930.0],[3376.0,922.0],[3376.0,917.0],[3367.0,906.0],[3366.0,898.0],[3359.0,892.0],[3360.0,872.0],[3381.0,841.0],[3387.0,838.0],[3390.0,840.0],[3391.0,838.0],[3393.0,841.0],[3392.0,845.0],[3398.0,845.0],[3399.0,843.0],[3402.0,845.0],[3406.0,841.0],[3400.0,829.0],[3397.0,828.0],[3399.0,820.0],[3405.0,819.0],[3409.0,823.0],[3412.0,822.0],[3412.0,819.0],[3425.0,818.0],[3429.0,820.0],[3428.0,815.0],[3431.0,815.0],[3432.0,819.0],[3437.0,817.0],[3444.0,819.0],[3449.0,813.0],[3452.0,816.0],[3450.0,820.0],[3456.0,820.0],[3458.0,814.0],[3461.0,813.0],[3466.0,817.0],[3466.0,814.0],[3475.0,808.0],[3475.0,815.0],[3477.0,815.0],[3479.0,810.0],[3487.0,813.0],[3487.0,815.0],[3495.0,813.0],[3496.0,816.0],[3493.0,823.0],[3497.0,825.0],[3501.0,823.0],[3504.0,811.0],[3510.0,805.0],[3513.0,798.0],[3515.0,771.0],[3520.0,755.0],[3524.0,752.0],[3525.0,736.0],[3528.0,733.0],[3536.0,733.0],[3533.0,717.0],[3543.0,713.0],[3542.0,711.0],[3537.0,713.0],[3538.0,691.0],[3540.0,687.0],[3536.0,682.0],[3536.0,677.0],[3539.0,676.0],[3536.0,672.0],[3541.0,673.0],[3542.0,669.0],[3548.0,672.0],[3545.0,668.0],[3545.0,662.0],[3541.0,661.0],[3536.0,653.0],[3535.0,644.0],[3537.0,640.0],[3535.0,636.0],[3542.0,630.0],[3542.0,625.0],[3539.0,624.0],[3540.0,620.0],[3547.0,620.0],[3546.0,617.0],[3549.0,614.0],[3546.0,610.0],[3549.0,608.0],[3548.0,605.0],[3550.0,603.0],[3544.0,592.0],[3535.0,592.0],[3537.0,591.0],[3535.0,583.0],[3539.0,587.0],[3543.0,582.0],[3539.0,578.0],[3542.0,575.0],[3538.0,570.0],[3549.0,572.0],[3547.0,571.0],[3549.0,568.0],[3544.0,566.0],[3544.0,563.0],[3538.0,560.0],[3522.0,543.0],[3530.0,547.0],[3525.0,541.0],[3528.0,542.0],[3527.0,539.0],[3535.0,541.0],[3535.0,534.0],[3530.0,533.0],[3527.0,526.0],[3531.0,527.0],[3538.0,534.0],[3538.0,541.0],[3543.0,541.0],[3543.0,537.0],[3547.0,542.0],[3551.0,541.0],[3548.0,537.0],[3551.0,535.0],[3548.0,533.0],[3547.0,528.0],[3544.0,530.0],[3543.0,526.0],[3540.0,526.0],[3537.0,521.0],[3539.0,518.0],[3542.0,523.0],[3544.0,520.0],[3547.0,521.0],[3547.0,518.0],[3542.0,516.0],[3545.0,510.0],[3539.0,504.0],[3539.0,498.0],[3534.0,495.0],[3536.0,494.0],[3548.0,503.0],[3550.0,499.0],[3548.0,495.0],[3551.0,495.0],[3551.0,493.0],[3547.0,487.0],[3548.0,485.0],[3540.0,482.0],[3544.0,479.0],[3546.0,473.0],[3540.0,474.0],[3541.0,477.0],[3539.0,478.0],[3538.0,474.0],[3533.0,471.0],[3544.0,471.0],[3544.0,467.0],[3539.0,468.0],[3537.0,460.0],[3532.0,460.0],[3514.0,451.0],[3522.0,452.0],[3529.0,456.0],[3541.0,457.0],[3549.0,452.0],[3549.0,448.0],[3554.0,448.0],[3555.0,446.0],[3546.0,441.0],[3547.0,439.0],[3542.0,436.0],[3540.0,429.0],[3533.0,431.0],[3531.0,428.0],[3519.0,429.0],[3512.0,426.0],[3511.0,434.0],[3508.0,435.0],[3508.0,431.0],[3505.0,428.0],[3501.0,432.0],[3495.0,432.0],[3498.0,429.0],[3496.0,424.0],[3552.0,426.0],[3560.0,422.0],[3559.0,419.0],[3554.0,419.0],[3555.0,416.0],[3565.0,419.0],[3569.0,413.0],[3563.0,413.0],[3563.0,407.0],[3558.0,405.0],[3564.0,403.0],[3567.0,407.0],[3579.0,407.0],[3579.0,403.0],[3585.0,403.0],[3586.0,399.0],[3583.0,395.0],[3594.0,395.0],[3591.0,392.0],[3592.0,383.0],[3590.0,380.0],[3600.0,385.0],[3601.0,382.0],[3597.0,378.0],[3603.0,378.0],[3602.0,371.0],[3599.0,370.0],[3602.0,363.0],[3599.0,349.0],[3603.0,344.0],[3602.0,337.0],[3605.0,340.0],[3604.0,350.0],[3607.0,353.0],[3609.0,352.0],[3608.0,344.0],[3611.0,342.0],[3613.0,373.0],[3616.0,374.0],[3616.0,379.0],[3618.0,375.0],[3615.0,368.0],[3618.0,372.0],[3623.0,373.0],[3623.0,377.0],[3621.0,376.0],[3619.0,379.0],[3619.0,392.0],[3624.0,392.0],[3625.0,388.0],[3621.0,380.0],[3622.0,378.0],[3625.0,380.0],[3625.0,373.0],[3628.0,374.0],[3630.0,372.0],[3629.0,364.0],[3633.0,356.0],[3631.0,353.0],[3635.0,352.0],[3634.0,349.0],[3639.0,349.0],[3640.0,344.0],[3645.0,342.0],[3646.0,339.0],[3650.0,338.0],[3649.0,343.0],[3651.0,343.0],[3655.0,340.0],[3653.0,338.0],[3654.0,335.0],[3663.0,333.0],[3663.0,328.0],[3660.0,329.0],[3657.0,323.0],[3652.0,322.0],[3652.0,320.0],[3655.0,320.0],[3661.0,324.0],[3661.0,321.0],[3648.0,315.0],[3652.0,313.0],[3648.0,307.0],[3653.0,305.0],[3653.0,308.0],[3669.0,308.0],[3675.0,306.0],[3677.0,302.0],[3671.0,299.0],[3673.0,296.0],[3668.0,294.0],[3664.0,288.0],[3657.0,288.0],[3658.0,291.0],[3663.0,293.0],[3660.0,294.0],[3663.0,303.0],[3659.0,303.0],[3660.0,300.0],[3658.0,299.0],[3650.0,298.0],[3645.0,301.0],[3644.0,307.0],[3628.0,309.0],[3624.0,307.0],[3618.0,314.0],[3619.0,325.0],[3617.0,325.0],[3617.0,320.0],[3614.0,319.0],[3607.0,319.0],[3606.0,321.0],[3610.0,322.0],[3606.0,325.0],[3605.0,323.0],[3607.0,322.0],[3604.0,322.0],[3602.0,318.0],[3596.0,317.0],[3594.0,318.0],[3596.0,323.0],[3595.0,328.0],[3594.0,323.0],[3582.0,315.0],[3575.0,315.0],[3576.0,321.0],[3580.0,325.0],[3565.0,326.0],[3570.0,323.0],[3566.0,316.0],[3570.0,315.0],[3571.0,311.0],[3558.0,308.0],[3549.0,311.0],[3549.0,308.0],[3543.0,305.0],[3540.0,298.0],[3532.0,293.0],[3529.0,296.0],[3521.0,295.0],[3521.0,297.0],[3532.0,305.0],[3537.0,305.0],[3537.0,309.0],[3531.0,309.0],[3520.0,297.0],[3517.0,297.0],[3514.0,301.0],[3507.0,300.0],[3507.0,302.0],[3501.0,301.0],[3484.0,305.0],[3474.0,305.0],[3469.0,302.0],[3468.0,298.0],[3484.0,300.0],[3483.0,297.0],[3487.0,295.0],[3488.0,301.0],[3492.0,302.0],[3492.0,298.0],[3496.0,293.0],[3503.0,295.0],[3504.0,292.0],[3501.0,290.0],[3507.0,289.0],[3508.0,285.0],[3504.0,281.0],[3505.0,277.0],[3508.0,276.0],[3512.0,279.0],[3519.0,288.0],[3524.0,288.0],[3527.0,277.0],[3536.0,278.0],[3540.0,284.0],[3549.0,283.0],[3544.0,278.0],[3546.0,273.0],[3553.0,282.0],[3560.0,282.0],[3570.0,291.0],[3573.0,291.0],[3572.0,287.0],[3577.0,291.0],[3575.0,279.0],[3569.0,270.0],[3570.0,266.0],[3579.0,278.0],[3583.0,279.0],[3586.0,277.0],[3585.0,286.0],[3595.0,285.0],[3598.0,287.0],[3599.0,292.0],[3602.0,293.0],[3605.0,276.0],[3600.0,269.0],[3590.0,266.0],[3586.0,262.0],[3585.0,259.0],[3589.0,256.0],[3588.0,249.0],[3582.0,249.0],[3584.0,251.0],[3581.0,253.0],[3581.0,264.0],[3585.0,274.0],[3579.0,265.0],[3579.0,261.0],[3576.0,260.0],[3579.0,250.0],[3570.0,250.0],[3583.0,247.0],[3586.0,238.0],[3589.0,241.0],[3589.0,246.0],[3593.0,248.0],[3592.0,259.0],[3588.0,262.0],[3598.0,265.0],[3596.0,256.0],[3598.0,253.0],[3601.0,266.0],[3607.0,269.0],[3607.0,275.0],[3610.0,279.0],[3606.0,282.0],[3605.0,297.0],[3608.0,302.0],[3617.0,307.0],[3623.0,305.0],[3630.0,306.0],[3642.0,305.0],[3643.0,299.0],[3634.0,298.0],[3633.0,301.0],[3635.0,303.0],[3628.0,299.0],[3632.0,296.0],[3630.0,292.0],[3632.0,288.0],[3636.0,289.0],[3639.0,287.0],[3640.0,292.0],[3637.0,292.0],[3639.0,295.0],[3649.0,295.0],[3650.0,293.0],[3647.0,293.0],[3646.0,289.0],[3643.0,288.0],[3647.0,287.0],[3644.0,283.0],[3654.0,282.0],[3658.0,274.0],[3672.0,263.0],[3674.0,260.0],[3672.0,255.0],[3676.0,257.0],[3677.0,253.0],[3674.0,252.0],[3679.0,244.0],[3685.0,242.0],[3689.0,236.0],[3691.0,239.0],[3696.0,239.0],[3702.0,234.0],[3702.0,230.0],[3694.0,229.0],[3695.0,225.0],[3691.0,217.0],[3686.0,226.0],[3687.0,231.0],[3675.0,234.0],[3676.0,230.0],[3684.0,228.0],[3688.0,220.0],[3688.0,214.0],[3684.0,208.0],[3696.0,221.0],[3699.0,221.0],[3698.0,211.0],[3695.0,214.0],[3693.0,209.0],[3683.0,204.0],[3675.0,187.0],[3674.0,180.0],[3670.0,181.0],[3670.0,188.0],[3673.0,194.0],[3669.0,190.0],[3667.0,179.0],[3662.0,177.0],[3655.0,178.0],[3657.0,182.0],[3656.0,188.0],[3653.0,175.0],[3649.0,177.0],[3643.0,173.0],[3640.0,167.0],[3642.0,169.0],[3644.0,168.0],[3633.0,159.0],[3632.0,154.0],[3639.0,162.0],[3649.0,165.0],[3654.0,165.0],[3655.0,163.0],[3652.0,160.0],[3641.0,158.0],[3644.0,156.0],[3641.0,148.0],[3629.0,148.0],[3625.0,153.0],[3623.0,148.0],[3626.0,144.0],[3618.0,142.0],[3614.0,138.0],[3613.0,133.0],[3605.0,127.0],[3601.0,127.0],[3603.0,120.0],[3600.0,114.0],[3588.0,117.0],[3583.0,124.0],[3585.0,131.0],[3579.0,131.0],[3573.0,122.0],[3576.0,114.0],[3571.0,110.0],[3567.0,109.0],[3551.0,115.0],[3550.0,113.0],[3553.0,110.0],[3545.0,105.0],[3539.0,106.0],[3548.0,97.0],[3549.0,93.0],[3546.0,93.0],[3545.0,87.0],[3542.0,86.0],[3544.0,81.0],[3541.0,74.0],[3537.0,73.0],[3536.0,68.0],[3532.0,65.0],[3533.0,58.0],[3538.0,56.0],[3536.0,55.0],[3538.0,50.0],[3535.0,51.0],[3535.0,55.0],[3532.0,55.0],[3533.0,42.0],[3529.0,36.0],[3531.0,29.0],[3528.0,28.0],[3532.0,21.0],[3527.0,13.0],[3522.0,11.0],[3527.0,11.0],[3527.0,9.0],[3535.0,10.0],[3534.0,8.0],[3530.0,7.0],[3523.0,0.0],[3263.0,0.0],[3269.0,9.0],[3270.0,14.0],[3268.0,15.0],[3266.0,6.0],[3259.0,4.0],[3256.0,0.0],[3084.0,0.0],[3092.0,15.0],[3091.0,18.0],[3082.0,4.0],[3082.0,0.0],[2677.0,0.0],[2680.0,5.0],[2678.0,7.0]],[[2626.0,8.0],[2628.0,8.0],[2629.0,7.0],[2629.0,9.0],[2626.0,8.0]],[[2622.0,36.0],[2623.0,35.0],[2623.0,36.0],[2622.0,36.0]],[[2742.0,28.0],[2746.0,18.0],[2748.0,18.0],[2743.0,31.0],[2742.0,28.0]],[[2765.0,55.0],[2766.0,54.0],[2766.0,55.0],[2765.0,55.0]],[[2766.0,54.0],[2767.0,53.0],[2767.0,54.0],[2766.0,54.0]],[[2811.0,9.0],[2812.0,8.0],[2812.0,9.0],[2811.0,9.0]],[[2774.0,101.0],[2773.0,102.0],[2773.0,101.0],[2774.0,101.0]],[[2759.0,88.0],[2758.0,89.0],[2758.0,88.0],[2759.0,88.0]],[[2758.0,89.0],[2757.0,90.0],[2757.0,89.0],[2758.0,89.0]],[[2614.0,82.0],[2615.0,84.0],[2614.0,84.0],[2614.0,82.0]],[[2643.0,131.0],[2644.0,132.0],[2643.0,132.0],[2643.0,131.0]],[[2622.0,118.0],[2623.0,119.0],[2622.0,119.0],[2622.0,118.0]],[[2627.0,131.0],[2628.0,133.0],[2627.0,133.0],[2627.0,131.0]],[[2668.0,121.0],[2669.0,120.0],[2669.0,121.0],[2668.0,121.0]],[[2657.0,254.0],[2658.0,253.0],[2658.0,254.0],[2657.0,254.0]],[[2696.0,258.0],[2700.0,256.0],[2704.0,256.0],[2703.0,258.0],[2696.0,258.0]],[[2711.0,338.0],[2712.0,339.0],[2711.0,339.0],[2711.0,338.0]],[[2919.0,443.0],[2917.0,444.0],[2917.0,443.0],[2919.0,443.0]],[[2943.0,426.0],[2942.0,427.0],[2942.0,426.0],[2943.0,426.0]],[[2942.0,412.0],[2941.0,413.0],[2941.0,412.0],[2942.0,412.0]],[[3045.0,318.0],[3047.0,325.0],[3044.0,327.0],[3045.0,318.0]],[[3106.0,485.0],[3107.0,483.0],[3107.0,485.0],[3106.0,485.0]],[[3107.0,483.0],[3108.0,482.0],[3108.0,483.0],[3107.0,483.0]],[[3548.0,536.0],[3547.0,535.0],[3548.0,535.0],[3548.0,536.0]],[[3495.0,430.0],[3493.0,429.0],[3495.0,429.0],[3495.0,430.0]],[[3615.0,368.0],[3614.0,367.0],[3615.0,367.0],[3615.0,368.0]],[[3571.0,266.0],[3572.0,264.0],[3572.0,266.0],[3571.0,266.0]],[[3637.0,305.0],[3636.0,304.0],[3637.0,304.0],[3637.0,305.0]],[[3628.0,298.0],[3627.0,297.0],[3628.0,297.0],[3628.0,298.0]],[[3673.0,194.0],[3674.0,195.0],[3673.0,195.0],[3673.0,194.0]],[[3640.0,167.0],[3639.0,166.0],[3640.0,166.0],[3640.0,167.0]],[[3527.0,9.0],[3526.0,8.0],[3527.0,8.0],[3527.0,9.0]],[[3092.0,18.0],[3093.0,20.0],[3092.0,20.0],[3092.0,18.0]],[[2666.0,20.0],[2655.0,19.0],[2652.0,17.0],[2664.0,17.0],[2666.0,20.0]],[[3500.0,28.0],[3503.0,32.0],[3498.0,27.0],[3486.0,27.0],[3486.0,25.0],[3490.0,21.0],[3501.0,21.0],[3500.0,28.0]],[[3503.0,32.0],[3504.0,33.0],[3503.0,33.0],[3503.0,32.0]],[[2868.0,25.0],[2895.0,30.0],[2899.0,33.0],[2874.0,30.0],[2868.0,25.0]],[[2899.0,33.0],[2902.0,35.0],[2899.0,35.0],[2899.0,33.0]],[[2863.0,36.0],[2861.0,46.0],[2859.0,46.0],[2858.0,40.0],[2855.0,37.0],[2861.0,33.0],[2860.0,29.0],[2862.0,28.0],[2863.0,36.0]],[[2918.0,36.0],[2910.0,38.0],[2905.0,32.0],[2914.0,36.0],[2918.0,30.0],[2921.0,30.0],[2918.0,36.0]],[[3418.0,41.0],[3424.0,59.0],[3413.0,48.0],[3413.0,43.0],[3399.0,39.0],[3398.0,36.0],[3404.0,38.0],[3412.0,35.0],[3409.0,39.0],[3418.0,41.0]],[[3126.0,36.0],[3132.0,44.0],[3134.0,54.0],[3139.0,61.0],[3134.0,57.0],[3129.0,45.0],[3124.0,41.0],[3124.0,37.0],[3126.0,36.0]],[[3139.0,63.0],[3141.0,62.0],[3141.0,64.0],[3139.0,63.0]],[[3141.0,64.0],[3142.0,65.0],[3141.0,65.0],[3141.0,64.0]],[[3373.0,44.0],[3361.0,42.0],[3361.0,41.0],[3367.0,41.0],[3370.0,37.0],[3373.0,40.0],[3373.0,44.0]],[[3337.0,69.0],[3331.0,65.0],[3330.0,56.0],[3333.0,54.0],[3339.0,55.0],[3337.0,69.0]],[[3407.0,72.0],[3399.0,72.0],[3396.0,78.0],[3392.0,77.0],[3399.0,68.0],[3407.0,72.0]],[[3026.0,79.0],[3040.0,91.0],[3048.0,103.0],[3046.0,112.0],[3051.0,120.0],[3057.0,122.0],[3065.0,122.0],[3066.0,120.0],[3066.0,116.0],[3062.0,113.0],[3058.0,103.0],[3061.0,103.0],[3070.0,116.0],[3075.0,118.0],[3074.0,125.0],[3082.0,146.0],[3086.0,149.0],[3090.0,146.0],[3087.0,156.0],[3087.0,177.0],[3082.0,166.0],[3083.0,153.0],[3078.0,149.0],[3073.0,140.0],[3068.0,139.0],[3065.0,134.0],[3061.0,133.0],[3045.0,119.0],[3045.0,104.0],[3038.0,92.0],[3025.0,82.0],[3025.0,69.0],[3026.0,79.0]],[[3339.0,75.0],[3344.0,84.0],[3349.0,84.0],[3360.0,90.0],[3363.0,95.0],[3369.0,89.0],[3378.0,90.0],[3375.0,98.0],[3370.0,98.0],[3371.0,115.0],[3367.0,111.0],[3363.0,111.0],[3363.0,109.0],[3368.0,108.0],[3365.0,100.0],[3356.0,102.0],[3357.0,108.0],[3351.0,106.0],[3352.0,109.0],[3350.0,109.0],[3346.0,98.0],[3332.0,89.0],[3331.0,83.0],[3334.0,85.0],[3337.0,78.0],[3335.0,75.0],[3339.0,75.0]],[[3188.0,83.0],[3185.0,84.0],[3186.0,91.0],[3184.0,91.0],[3179.0,80.0],[3183.0,81.0],[3185.0,78.0],[3188.0,78.0],[3186.0,80.0],[3188.0,83.0]],[[3295.0,86.0],[3301.0,94.0],[3302.0,98.0],[3295.0,97.0],[3290.0,86.0],[3295.0,86.0]],[[2615.0,91.0],[2616.0,88.0],[2616.0,91.0],[2615.0,91.0]],[[3213.0,88.0],[3223.0,94.0],[3223.0,98.0],[3218.0,96.0],[3213.0,88.0]],[[3514.0,108.0],[3510.0,107.0],[3513.0,97.0],[3516.0,98.0],[3514.0,108.0]],[[2841.0,111.0],[2846.0,119.0],[2846.0,124.0],[2849.0,121.0],[2849.0,127.0],[2846.0,126.0],[2843.0,121.0],[2842.0,123.0],[2839.0,121.0],[2839.0,114.0],[2835.0,112.0],[2841.0,111.0]],[[3012.0,125.0],[3018.0,130.0],[3020.0,136.0],[3017.0,157.0],[3022.0,158.0],[3027.0,164.0],[3028.0,174.0],[3025.0,177.0],[3022.0,188.0],[3024.0,201.0],[3019.0,191.0],[3023.0,166.0],[3022.0,162.0],[3015.0,158.0],[3018.0,136.0],[3011.0,127.0],[3009.0,118.0],[3004.0,115.0],[3010.0,116.0],[3012.0,125.0]],[[3520.0,128.0],[3511.0,128.0],[3509.0,133.0],[3503.0,132.0],[3501.0,127.0],[3497.0,129.0],[3499.0,124.0],[3509.0,125.0],[3512.0,118.0],[3519.0,120.0],[3520.0,128.0]],[[2829.0,127.0],[2834.0,133.0],[2833.0,135.0],[2830.0,135.0],[2827.0,128.0],[2822.0,125.0],[2829.0,127.0]],[[3429.0,141.0],[3425.0,142.0],[3426.0,148.0],[3422.0,148.0],[3422.0,145.0],[3420.0,147.0],[3417.0,146.0],[3422.0,143.0],[3424.0,133.0],[3432.0,131.0],[3433.0,135.0],[3432.0,138.0],[3429.0,138.0],[3429.0,141.0]],[[3560.0,142.0],[3553.0,148.0],[3554.0,151.0],[3549.0,154.0],[3547.0,161.0],[3543.0,161.0],[3540.0,164.0],[3540.0,158.0],[3538.0,158.0],[3534.0,161.0],[3532.0,172.0],[3526.0,171.0],[3521.0,173.0],[3520.0,188.0],[3522.0,189.0],[3519.0,189.0],[3519.0,193.0],[3514.0,188.0],[3505.0,188.0],[3504.0,191.0],[3494.0,192.0],[3494.0,189.0],[3498.0,190.0],[3506.0,185.0],[3514.0,186.0],[3515.0,181.0],[3518.0,179.0],[3516.0,172.0],[3526.0,169.0],[3532.0,158.0],[3540.0,154.0],[3540.0,150.0],[3546.0,149.0],[3548.0,143.0],[3554.0,143.0],[3559.0,140.0],[3554.0,135.0],[3556.0,131.0],[3560.0,132.0],[3560.0,142.0]],[[3522.0,189.0],[3523.0,190.0],[3522.0,190.0],[3522.0,189.0]],[[3494.0,189.0],[3493.0,188.0],[3494.0,188.0],[3494.0,189.0]],[[2999.0,160.0],[2996.0,170.0],[2996.0,157.0],[2992.0,156.0],[2991.0,153.0],[2998.0,155.0],[2999.0,160.0]],[[2999.0,170.0],[2999.0,181.0],[2997.0,181.0],[2997.0,170.0],[2999.0,170.0]],[[2906.0,172.0],[2907.0,177.0],[2905.0,183.0],[2904.0,178.0],[2906.0,175.0],[2898.0,172.0],[2898.0,169.0],[2906.0,172.0]],[[2906.0,183.0],[2907.0,186.0],[2906.0,186.0],[2906.0,183.0]],[[2907.0,186.0],[2908.0,188.0],[2907.0,188.0],[2907.0,186.0]],[[3124.0,180.0],[3125.0,191.0],[3119.0,182.0],[3115.0,183.0],[3116.0,172.0],[3119.0,174.0],[3119.0,179.0],[3124.0,180.0]],[[3074.0,184.0],[3079.0,187.0],[3078.0,195.0],[3071.0,185.0],[3071.0,180.0],[3075.0,174.0],[3074.0,184.0]],[[2965.0,182.0],[2969.0,197.0],[2964.0,201.0],[2964.0,212.0],[2970.0,213.0],[2973.0,216.0],[2963.0,213.0],[2962.0,201.0],[2966.0,198.0],[2967.0,194.0],[2961.0,180.0],[2965.0,182.0]],[[2973.0,218.0],[2975.0,217.0],[2975.0,220.0],[2973.0,218.0]],[[3564.0,182.0],[3560.0,189.0],[3554.0,189.0],[3555.0,183.0],[3560.0,180.0],[3564.0,182.0]],[[3385.0,195.0],[3389.0,194.0],[3393.0,201.0],[3390.0,202.0],[3385.0,197.0],[3379.0,197.0],[3380.0,189.0],[3385.0,195.0]],[[3490.0,193.0],[3481.0,200.0],[3482.0,195.0],[3490.0,193.0]],[[2851.0,209.0],[2859.0,219.0],[2859.0,223.0],[2854.0,219.0],[2851.0,209.0]],[[3228.0,217.0],[3237.0,233.0],[3239.0,254.0],[3233.0,228.0],[3228.0,222.0],[3228.0,217.0]],[[3664.0,225.0],[3653.0,222.0],[3659.0,220.0],[3666.0,221.0],[3664.0,225.0]],[[3008.0,234.0],[3010.0,230.0],[3014.0,231.0],[3015.0,225.0],[3018.0,222.0],[3018.0,228.0],[3012.0,235.0],[3013.0,243.0],[3017.0,249.0],[3016.0,256.0],[3012.0,244.0],[3002.0,237.0],[2999.0,237.0],[2992.0,244.0],[2996.0,233.0],[3004.0,222.0],[3006.0,222.0],[3006.0,233.0],[3008.0,234.0]],[[2864.0,227.0],[2863.0,239.0],[2859.0,238.0],[2862.0,228.0],[2853.0,231.0],[2860.0,225.0],[2864.0,227.0]],[[3461.0,236.0],[3456.0,233.0],[3451.0,226.0],[3460.0,225.0],[3459.0,231.0],[3461.0,236.0]],[[3688.0,230.0],[3693.0,229.0],[3693.0,230.0],[3688.0,230.0]],[[2901.0,240.0],[2913.0,263.0],[2917.0,265.0],[2917.0,279.0],[2914.0,265.0],[2910.0,263.0],[2905.0,251.0],[2900.0,249.0],[2901.0,244.0],[2897.0,240.0],[2901.0,240.0]],[[2838.0,244.0],[2840.0,244.0],[2841.0,246.0],[2839.0,246.0],[2838.0,244.0]],[[2842.0,246.0],[2841.0,256.0],[2849.0,257.0],[2851.0,260.0],[2844.0,262.0],[2847.0,270.0],[2850.0,272.0],[2847.0,272.0],[2837.0,259.0],[2837.0,253.0],[2842.0,246.0]],[[2851.0,262.0],[2859.0,264.0],[2859.0,266.0],[2854.0,265.0],[2851.0,262.0]],[[2850.0,272.0],[2851.0,273.0],[2850.0,273.0],[2850.0,272.0]],[[3076.0,246.0],[3085.0,257.0],[3088.0,264.0],[3090.0,294.0],[3087.0,291.0],[3085.0,267.0],[3080.0,264.0],[3079.0,255.0],[3074.0,247.0],[3076.0,246.0]],[[2794.0,251.0],[2795.0,249.0],[2795.0,251.0],[2794.0,251.0]],[[2796.0,251.0],[2797.0,256.0],[2805.0,258.0],[2805.0,263.0],[2802.0,264.0],[2801.0,260.0],[2795.0,257.0],[2796.0,251.0]],[[3242.0,274.0],[3253.0,289.0],[3255.0,305.0],[3253.0,303.0],[3252.0,291.0],[3237.0,271.0],[3238.0,262.0],[3240.0,263.0],[3242.0,274.0]],[[3330.0,264.0],[3331.0,263.0],[3331.0,264.0],[3330.0,264.0]],[[3333.0,276.0],[3330.0,276.0],[3329.0,272.0],[3325.0,271.0],[3328.0,265.0],[3332.0,265.0],[3333.0,276.0]],[[3350.0,282.0],[3346.0,277.0],[3344.0,279.0],[3340.0,273.0],[3343.0,273.0],[3345.0,268.0],[3347.0,269.0],[3347.0,276.0],[3349.0,276.0],[3350.0,282.0]],[[3189.0,280.0],[3191.0,280.0],[3190.0,283.0],[3186.0,281.0],[3186.0,276.0],[3183.0,278.0],[3178.0,273.0],[3187.0,274.0],[3189.0,280.0]],[[3258.0,286.0],[3261.0,286.0],[3261.0,292.0],[3253.0,285.0],[3256.0,284.0],[3255.0,273.0],[3259.0,275.0],[3258.0,286.0]],[[2826.0,281.0],[2823.0,280.0],[2822.0,276.0],[2825.0,278.0],[2826.0,281.0]],[[2828.0,281.0],[2828.0,282.0],[2826.0,282.0],[2826.0,281.0],[2828.0,281.0]],[[2828.0,283.0],[2837.0,281.0],[2838.0,289.0],[2833.0,284.0],[2828.0,283.0]],[[3361.0,286.0],[3366.0,288.0],[3366.0,294.0],[3357.0,286.0],[3357.0,281.0],[3362.0,282.0],[3361.0,286.0]],[[3356.0,284.0],[3355.0,292.0],[3358.0,298.0],[3353.0,294.0],[3353.0,282.0],[3356.0,284.0]],[[2980.0,283.0],[2990.0,292.0],[2994.0,302.0],[2978.0,284.0],[2980.0,283.0]],[[3183.0,288.0],[3184.0,287.0],[3184.0,288.0],[3183.0,288.0]],[[3187.0,288.0],[3192.0,292.0],[3194.0,292.0],[3194.0,289.0],[3197.0,289.0],[3198.0,299.0],[3206.0,301.0],[3208.0,315.0],[3212.0,318.0],[3212.0,321.0],[3206.0,315.0],[3206.0,311.0],[3200.0,308.0],[3192.0,295.0],[3184.0,289.0],[3187.0,288.0]],[[3213.0,321.0],[3218.0,329.0],[3218.0,333.0],[3212.0,326.0],[3213.0,321.0]],[[3223.0,294.0],[3228.0,315.0],[3220.0,324.0],[3220.0,320.0],[3224.0,318.0],[3224.0,308.0],[3221.0,303.0],[3214.0,299.0],[3214.0,294.0],[3219.0,299.0],[3222.0,299.0],[3220.0,287.0],[3224.0,290.0],[3223.0,294.0]],[[2739.0,297.0],[2734.0,298.0],[2728.0,306.0],[2724.0,307.0],[2731.0,298.0],[2739.0,294.0],[2740.0,289.0],[2739.0,297.0]],[[3625.0,297.0],[3626.0,296.0],[3626.0,297.0],[3625.0,297.0]],[[3668.0,298.0],[3670.0,297.0],[3670.0,298.0],[3668.0,298.0]],[[3287.0,307.0],[3288.0,312.0],[3286.0,312.0],[3286.0,308.0],[3283.0,305.0],[3280.0,305.0],[3279.0,309.0],[3279.0,302.0],[3283.0,302.0],[3287.0,307.0]],[[2646.0,313.0],[2643.0,310.0],[2637.0,316.0],[2634.0,312.0],[2639.0,313.0],[2642.0,307.0],[2647.0,305.0],[2646.0,313.0]],[[3334.0,310.0],[3332.0,318.0],[3334.0,320.0],[3340.0,320.0],[3340.0,317.0],[3342.0,317.0],[3339.0,327.0],[3336.0,327.0],[3332.0,319.0],[3329.0,320.0],[3326.0,316.0],[3326.0,313.0],[3329.0,313.0],[3330.0,306.0],[3334.0,310.0]],[[3187.0,309.0],[3192.0,313.0],[3192.0,317.0],[3189.0,320.0],[3181.0,313.0],[3181.0,309.0],[3184.0,311.0],[3187.0,309.0]],[[3140.0,330.0],[3144.0,332.0],[3144.0,326.0],[3151.0,329.0],[3146.0,330.0],[3146.0,335.0],[3143.0,338.0],[3144.0,350.0],[3151.0,359.0],[3155.0,360.0],[3166.0,371.0],[3169.0,377.0],[3167.0,393.0],[3164.0,387.0],[3166.0,386.0],[3165.0,374.0],[3156.0,364.0],[3142.0,354.0],[3140.0,343.0],[3138.0,342.0],[3138.0,364.0],[3141.0,365.0],[3144.0,374.0],[3142.0,386.0],[3146.0,396.0],[3147.0,407.0],[3143.0,396.0],[3139.0,394.0],[3140.0,389.0],[3137.0,377.0],[3140.0,377.0],[3140.0,372.0],[3135.0,365.0],[3134.0,348.0],[3129.0,341.0],[3130.0,339.0],[3134.0,344.0],[3137.0,343.0],[3135.0,332.0],[3137.0,318.0],[3139.0,318.0],[3140.0,330.0]],[[3129.0,339.0],[3128.0,338.0],[3129.0,338.0],[3129.0,339.0]],[[3086.0,333.0],[3081.0,336.0],[3089.0,319.0],[3089.0,325.0],[3086.0,333.0]],[[3081.0,336.0],[3080.0,337.0],[3080.0,336.0],[3081.0,336.0]],[[3080.0,337.0],[3079.0,338.0],[3079.0,337.0],[3080.0,337.0]],[[3079.0,339.0],[3076.0,341.0],[3078.0,345.0],[3075.0,347.0],[3073.0,341.0],[3076.0,338.0],[3079.0,339.0]],[[2751.0,330.0],[2753.0,330.0],[2752.0,338.0],[2748.0,341.0],[2747.0,334.0],[2744.0,332.0],[2742.0,325.0],[2748.0,322.0],[2751.0,330.0]],[[2836.0,324.0],[2841.0,323.0],[2841.0,324.0],[2836.0,324.0]],[[2841.0,324.0],[2843.0,325.0],[2841.0,325.0],[2841.0,324.0]],[[2843.0,326.0],[2861.0,331.0],[2867.0,331.0],[2870.0,333.0],[2854.0,331.0],[2843.0,326.0]],[[3501.0,324.0],[3502.0,323.0],[3502.0,324.0],[3501.0,324.0]],[[3063.0,337.0],[3058.0,336.0],[3058.0,331.0],[3062.0,324.0],[3065.0,331.0],[3063.0,337.0]],[[3282.0,328.0],[3291.0,326.0],[3288.0,332.0],[3289.0,337.0],[3294.0,337.0],[3293.0,331.0],[3295.0,334.0],[3299.0,333.0],[3298.0,337.0],[3303.0,336.0],[3303.0,339.0],[3305.0,339.0],[3305.0,332.0],[3308.0,332.0],[3310.0,338.0],[3312.0,338.0],[3313.0,334.0],[3316.0,336.0],[3313.0,339.0],[3315.0,354.0],[3312.0,363.0],[3307.0,367.0],[3306.0,374.0],[3309.0,378.0],[3316.0,375.0],[3316.0,367.0],[3318.0,367.0],[3321.0,378.0],[3317.0,384.0],[3311.0,385.0],[3311.0,390.0],[3314.0,392.0],[3313.0,405.0],[3310.0,409.0],[3311.0,414.0],[3304.0,416.0],[3306.0,421.0],[3304.0,426.0],[3294.0,433.0],[3291.0,438.0],[3287.0,438.0],[3287.0,434.0],[3285.0,434.0],[3278.0,441.0],[3273.0,440.0],[3270.0,444.0],[3264.0,446.0],[3256.0,465.0],[3249.0,466.0],[3246.0,463.0],[3250.0,449.0],[3234.0,450.0],[3233.0,455.0],[3228.0,457.0],[3231.0,460.0],[3229.0,461.0],[3230.0,465.0],[3227.0,469.0],[3217.0,472.0],[3217.0,475.0],[3211.0,476.0],[3211.0,483.0],[3204.0,490.0],[3200.0,491.0],[3198.0,487.0],[3203.0,483.0],[3206.0,473.0],[3202.0,475.0],[3198.0,485.0],[3181.0,488.0],[3180.0,482.0],[3187.0,472.0],[3192.0,472.0],[3198.0,463.0],[3197.0,459.0],[3205.0,448.0],[3205.0,445.0],[3199.0,446.0],[3194.0,440.0],[3195.0,424.0],[3190.0,427.0],[3187.0,422.0],[3188.0,418.0],[3190.0,418.0],[3191.0,422.0],[3195.0,422.0],[3192.0,419.0],[3192.0,407.0],[3188.0,402.0],[3188.0,398.0],[3196.0,407.0],[3194.0,417.0],[3200.0,420.0],[3201.0,415.0],[3204.0,413.0],[3206.0,392.0],[3209.0,389.0],[3208.0,380.0],[3212.0,383.0],[3214.0,378.0],[3219.0,376.0],[3219.0,378.0],[3223.0,377.0],[3223.0,383.0],[3228.0,382.0],[3228.0,384.0],[3232.0,383.0],[3234.0,386.0],[3237.0,386.0],[3239.0,388.0],[3237.0,395.0],[3240.0,396.0],[3243.0,403.0],[3247.0,403.0],[3250.0,407.0],[3254.0,401.0],[3251.0,396.0],[3247.0,373.0],[3241.0,364.0],[3240.0,350.0],[3237.0,349.0],[3237.0,346.0],[3241.0,347.0],[3240.0,337.0],[3244.0,333.0],[3244.0,339.0],[3247.0,342.0],[3252.0,342.0],[3249.0,338.0],[3252.0,332.0],[3259.0,333.0],[3262.0,331.0],[3263.0,333.0],[3268.0,333.0],[3282.0,324.0],[3282.0,328.0]],[[3497.0,330.0],[3481.0,335.0],[3473.0,341.0],[3465.0,342.0],[3463.0,345.0],[3460.0,345.0],[3463.0,348.0],[3462.0,351.0],[3450.0,355.0],[3445.0,355.0],[3436.0,350.0],[3442.0,343.0],[3434.0,342.0],[3433.0,336.0],[3423.0,340.0],[3407.0,336.0],[3409.0,333.0],[3425.0,335.0],[3433.0,327.0],[3438.0,330.0],[3447.0,329.0],[3451.0,335.0],[3454.0,335.0],[3455.0,326.0],[3457.0,331.0],[3471.0,330.0],[3473.0,333.0],[3478.0,333.0],[3489.0,326.0],[3498.0,327.0],[3501.0,325.0],[3497.0,330.0]],[[3163.0,337.0],[3164.0,354.0],[3167.0,355.0],[3171.0,366.0],[3169.0,366.0],[3165.0,359.0],[3162.0,359.0],[3159.0,348.0],[3160.0,332.0],[3163.0,337.0]],[[2937.0,346.0],[2947.0,353.0],[2955.0,365.0],[2945.0,358.0],[2943.0,352.0],[2935.0,350.0],[2935.0,345.0],[2930.0,341.0],[2928.0,335.0],[2932.0,337.0],[2934.0,333.0],[2934.0,341.0],[2937.0,346.0]],[[3173.0,335.0],[3168.0,343.0],[3169.0,333.0],[3173.0,335.0]],[[2876.0,349.0],[2873.0,356.0],[2875.0,382.0],[2871.0,389.0],[2870.0,383.0],[2873.0,379.0],[2870.0,373.0],[2869.0,356.0],[2872.0,353.0],[2872.0,343.0],[2876.0,349.0]],[[2905.0,347.0],[2891.0,347.0],[2891.0,345.0],[2899.0,343.0],[2905.0,347.0]],[[2905.0,346.0],[2907.0,345.0],[2907.0,346.0],[2905.0,346.0]],[[3180.0,367.0],[3178.0,367.0],[3176.0,362.0],[3171.0,363.0],[3171.0,361.0],[3174.0,359.0],[3173.0,352.0],[3175.0,351.0],[3175.0,357.0],[3179.0,358.0],[3182.0,349.0],[3182.0,359.0],[3179.0,362.0],[3180.0,367.0]],[[2756.0,356.0],[2757.0,355.0],[2757.0,356.0],[2756.0,356.0]],[[2756.0,357.0],[2753.0,361.0],[2746.0,364.0],[2745.0,367.0],[2741.0,366.0],[2748.0,361.0],[2748.0,357.0],[2751.0,359.0],[2753.0,356.0],[2756.0,357.0]],[[3538.0,355.0],[3551.0,362.0],[3554.0,359.0],[3560.0,366.0],[3550.0,363.0],[3542.0,373.0],[3539.0,366.0],[3545.0,366.0],[3545.0,361.0],[3540.0,361.0],[3538.0,355.0]],[[3548.0,359.0],[3549.0,356.0],[3552.0,358.0],[3552.0,359.0],[3548.0,359.0]],[[3560.0,366.0],[3561.0,368.0],[3560.0,368.0],[3560.0,366.0]],[[3539.0,366.0],[3537.0,365.0],[3539.0,365.0],[3539.0,366.0]],[[3533.0,365.0],[3529.0,362.0],[3530.0,360.0],[3537.0,364.0],[3533.0,365.0]],[[2842.0,371.0],[2848.0,378.0],[2853.0,380.0],[2854.0,387.0],[2845.0,380.0],[2842.0,374.0],[2839.0,374.0],[2837.0,370.0],[2838.0,361.0],[2842.0,371.0]],[[2981.0,362.0],[2982.0,361.0],[2982.0,362.0],[2981.0,362.0]],[[2982.0,362.0],[2983.0,363.0],[2982.0,363.0],[2982.0,362.0]],[[2983.0,366.0],[2984.0,364.0],[2984.0,366.0],[2983.0,366.0]],[[2988.0,374.0],[2985.0,373.0],[2984.0,367.0],[2985.0,367.0],[2988.0,374.0]],[[2989.0,374.0],[2992.0,376.0],[2994.0,384.0],[2988.0,376.0],[2988.0,374.0],[2989.0,374.0]],[[3435.0,374.0],[3425.0,375.0],[3425.0,373.0],[3435.0,367.0],[3435.0,374.0]],[[2769.0,379.0],[2763.0,382.0],[2766.0,368.0],[2769.0,369.0],[2769.0,379.0]],[[3079.0,369.0],[3080.0,368.0],[3080.0,369.0],[3079.0,369.0]],[[3358.0,376.0],[3355.0,370.0],[3361.0,372.0],[3363.0,369.0],[3361.0,377.0],[3358.0,376.0]],[[3342.0,388.0],[3340.0,396.0],[3335.0,399.0],[3333.0,399.0],[3331.0,389.0],[3321.0,390.0],[3323.0,387.0],[3333.0,385.0],[3332.0,380.0],[3326.0,379.0],[3326.0,377.0],[3334.0,379.0],[3338.0,373.0],[3342.0,388.0]],[[3464.0,378.0],[3478.0,386.0],[3466.0,384.0],[3468.0,386.0],[3464.0,387.0],[3464.0,378.0]],[[3521.0,385.0],[3525.0,395.0],[3534.0,401.0],[3521.0,398.0],[3520.0,392.0],[3517.0,391.0],[3512.0,384.0],[3521.0,385.0]],[[2939.0,390.0],[2942.0,394.0],[2935.0,389.0],[2930.0,389.0],[2929.0,393.0],[2928.0,388.0],[2930.0,386.0],[2939.0,390.0]],[[2930.0,393.0],[2933.0,396.0],[2929.0,396.0],[2931.0,395.0],[2930.0,393.0]],[[3544.0,390.0],[3536.0,389.0],[3539.0,395.0],[3532.0,391.0],[3535.0,387.0],[3544.0,387.0],[3544.0,390.0]],[[2810.0,412.0],[2808.0,411.0],[2808.0,399.0],[2811.0,402.0],[2810.0,412.0]],[[2811.0,412.0],[2811.0,413.0],[2810.0,413.0],[2810.0,412.0],[2811.0,412.0]],[[2811.0,413.0],[2812.0,414.0],[2811.0,414.0],[2811.0,413.0]],[[2813.0,414.0],[2815.0,422.0],[2819.0,426.0],[2815.0,442.0],[2813.0,437.0],[2817.0,427.0],[2813.0,422.0],[2813.0,414.0]],[[3393.0,406.0],[3391.0,405.0],[3388.0,410.0],[3388.0,416.0],[3392.0,414.0],[3392.0,420.0],[3389.0,428.0],[3390.0,440.0],[3385.0,446.0],[3395.0,448.0],[3394.0,454.0],[3396.0,456.0],[3389.0,465.0],[3382.0,463.0],[3377.0,474.0],[3372.0,477.0],[3369.0,485.0],[3371.0,490.0],[3368.0,497.0],[3369.0,506.0],[3365.0,512.0],[3364.0,521.0],[3359.0,527.0],[3357.0,538.0],[3349.0,546.0],[3345.0,569.0],[3338.0,573.0],[3336.0,572.0],[3335.0,563.0],[3329.0,548.0],[3334.0,539.0],[3341.0,494.0],[3346.0,488.0],[3350.0,472.0],[3353.0,471.0],[3354.0,462.0],[3358.0,460.0],[3358.0,443.0],[3360.0,439.0],[3376.0,424.0],[3383.0,410.0],[3387.0,409.0],[3387.0,400.0],[3393.0,406.0]],[[3394.0,406.0],[3394.0,407.0],[3393.0,407.0],[3393.0,406.0],[3394.0,406.0]],[[3355.0,430.0],[3351.0,429.0],[3351.0,421.0],[3346.0,420.0],[3343.0,413.0],[3349.0,408.0],[3354.0,409.0],[3356.0,412.0],[3356.0,407.0],[3358.0,406.0],[3355.0,430.0]],[[3468.0,422.0],[3469.0,421.0],[3469.0,422.0],[3468.0,422.0]],[[3469.0,422.0],[3470.0,423.0],[3469.0,423.0],[3469.0,422.0]],[[3470.0,423.0],[3471.0,424.0],[3470.0,424.0],[3470.0,423.0]],[[3471.0,424.0],[3478.0,427.0],[3479.0,431.0],[3485.0,434.0],[3485.0,436.0],[3469.0,438.0],[3465.0,431.0],[3470.0,430.0],[3471.0,424.0]],[[3344.0,436.0],[3348.0,448.0],[3355.0,451.0],[3356.0,457.0],[3352.0,460.0],[3353.0,454.0],[3346.0,449.0],[3342.0,440.0],[3337.0,442.0],[3336.0,449.0],[3331.0,448.0],[3333.0,440.0],[3337.0,438.0],[3338.0,434.0],[3344.0,436.0]],[[2725.0,462.0],[2725.0,444.0],[2727.0,441.0],[2725.0,462.0]],[[2724.0,462.0],[2723.0,466.0],[2723.0,462.0],[2724.0,462.0]],[[3420.0,449.0],[3402.0,450.0],[3402.0,448.0],[3405.0,445.0],[3412.0,445.0],[3419.0,446.0],[3420.0,449.0]],[[3461.0,452.0],[3448.0,457.0],[3448.0,463.0],[3440.0,457.0],[3443.0,449.0],[3447.0,447.0],[3475.0,449.0],[3475.0,451.0],[3461.0,452.0]],[[2722.0,473.0],[2723.0,467.0],[2723.0,473.0],[2722.0,473.0]],[[2716.0,488.0],[2711.0,493.0],[2708.0,493.0],[2715.0,485.0],[2712.0,473.0],[2717.0,475.0],[2716.0,488.0]],[[2708.0,493.0],[2707.0,494.0],[2707.0,493.0],[2708.0,493.0]],[[3118.0,478.0],[3119.0,477.0],[3119.0,478.0],[3118.0,478.0]],[[3389.0,482.0],[3381.0,484.0],[3380.0,480.0],[3388.0,477.0],[3389.0,482.0]],[[3513.0,482.0],[3519.0,489.0],[3500.0,484.0],[3506.0,484.0],[3508.0,481.0],[3513.0,482.0]],[[3519.0,489.0],[3520.0,490.0],[3519.0,490.0],[3519.0,489.0]],[[3408.0,528.0],[3415.0,530.0],[3418.0,527.0],[3417.0,522.0],[3419.0,522.0],[3422.0,524.0],[3421.0,528.0],[3423.0,530.0],[3428.0,529.0],[3430.0,531.0],[3432.0,529.0],[3434.0,531.0],[3434.0,538.0],[3429.0,532.0],[3428.0,536.0],[3434.0,544.0],[3434.0,550.0],[3431.0,549.0],[3424.0,534.0],[3421.0,537.0],[3422.0,547.0],[3418.0,546.0],[3416.0,540.0],[3409.0,535.0],[3404.0,527.0],[3406.0,524.0],[3404.0,514.0],[3408.0,519.0],[3408.0,528.0]],[[3474.0,527.0],[3483.0,525.0],[3486.0,528.0],[3472.0,529.0],[3472.0,532.0],[3481.0,538.0],[3473.0,542.0],[3474.0,537.0],[3466.0,531.0],[3466.0,528.0],[3471.0,524.0],[3474.0,527.0]],[[3203.0,534.0],[3197.0,540.0],[3198.0,543.0],[3195.0,546.0],[3196.0,535.0],[3203.0,534.0]],[[3434.0,540.0],[3435.0,539.0],[3435.0,540.0],[3434.0,540.0]],[[3194.0,556.0],[3199.0,554.0],[3197.0,562.0],[3189.0,566.0],[3189.0,569.0],[3184.0,568.0],[3185.0,562.0],[3189.0,559.0],[3192.0,551.0],[3194.0,556.0]],[[3270.0,591.0],[3269.0,589.0],[3272.0,586.0],[3274.0,574.0],[3274.0,588.0],[3270.0,591.0]],[[3265.0,599.0],[3265.0,592.0],[3268.0,591.0],[3268.0,599.0],[3265.0,599.0]],[[3420.0,597.0],[3429.0,606.0],[3425.0,603.0],[3419.0,603.0],[3416.0,598.0],[3420.0,597.0]],[[3194.0,623.0],[3188.0,628.0],[3182.0,629.0],[3179.0,632.0],[3176.0,631.0],[3178.0,628.0],[3189.0,624.0],[3195.0,617.0],[3194.0,623.0]],[[3359.0,645.0],[3362.0,658.0],[3358.0,662.0],[3356.0,650.0],[3354.0,649.0],[3356.0,644.0],[3359.0,645.0]],[[3408.0,658.0],[3409.0,657.0],[3409.0,658.0],[3408.0,658.0]],[[3413.0,658.0],[3415.0,661.0],[3418.0,678.0],[3412.0,668.0],[3413.0,662.0],[3409.0,659.0],[3413.0,658.0]],[[3261.0,662.0],[3259.0,670.0],[3250.0,680.0],[3251.0,675.0],[3257.0,669.0],[3256.0,660.0],[3258.0,659.0],[3258.0,665.0],[3261.0,662.0]],[[3333.0,687.0],[3329.0,697.0],[3327.0,686.0],[3330.0,684.0],[3330.0,676.0],[3334.0,669.0],[3333.0,687.0]],[[3339.0,699.0],[3336.0,701.0],[3335.0,698.0],[3338.0,697.0],[3337.0,685.0],[3340.0,677.0],[3339.0,699.0]],[[3316.0,694.0],[3311.0,699.0],[3312.0,713.0],[3310.0,720.0],[3305.0,725.0],[3304.0,733.0],[3302.0,733.0],[3302.0,727.0],[3299.0,724.0],[3301.0,713.0],[3297.0,714.0],[3301.0,696.0],[3305.0,694.0],[3304.0,688.0],[3308.0,684.0],[3310.0,688.0],[3316.0,689.0],[3316.0,694.0]],[[3300.0,727.0],[3299.0,728.0],[3299.0,727.0],[3300.0,727.0]],[[3403.0,690.0],[3401.0,697.0],[3403.0,700.0],[3398.0,699.0],[3395.0,706.0],[3395.0,700.0],[3391.0,698.0],[3388.0,689.0],[3397.0,693.0],[3396.0,687.0],[3398.0,686.0],[3399.0,690.0],[3403.0,690.0]],[[3433.0,728.0],[3427.0,733.0],[3421.0,722.0],[3426.0,726.0],[3428.0,721.0],[3430.0,721.0],[3433.0,728.0]],[[3383.0,728.0],[3391.0,747.0],[3391.0,742.0],[3394.0,741.0],[3393.0,740.0],[3394.0,733.0],[3398.0,741.0],[3405.0,744.0],[3408.0,750.0],[3407.0,754.0],[3404.0,752.0],[3399.0,753.0],[3403.0,762.0],[3400.0,761.0],[3399.0,757.0],[3394.0,761.0],[3392.0,755.0],[3388.0,753.0],[3383.0,728.0]],[[3353.0,747.0],[3349.0,748.0],[3348.0,757.0],[3345.0,759.0],[3344.0,744.0],[3348.0,738.0],[3353.0,739.0],[3353.0,747.0]],[[3412.0,781.0],[3408.0,783.0],[3406.0,777.0],[3411.0,775.0],[3413.0,777.0],[3412.0,781.0]],[[3371.0,798.0],[3368.0,801.0],[3366.0,807.0],[3364.0,807.0],[3364.0,810.0],[3360.0,813.0],[3366.0,798.0],[3371.0,798.0]],[[3371.0,821.0],[3382.0,825.0],[3379.0,828.0],[3379.0,835.0],[3372.0,837.0],[3371.0,821.0]],[[3362.0,852.0],[3359.0,855.0],[3354.0,845.0],[3361.0,847.0],[3362.0,852.0]],[[3305.0,873.0],[3298.0,873.0],[3301.0,865.0],[3305.0,869.0],[3305.0,873.0]]],[[[3128.0,512.0],[3117.0,515.0],[3108.0,525.0],[3112.0,537.0],[3113.0,533.0],[3117.0,535.0],[3122.0,529.0],[3126.0,533.0],[3128.0,531.0],[3133.0,533.0],[3141.0,528.0],[3141.0,513.0],[3135.0,507.0],[3135.0,504.0],[3130.0,503.0],[3128.0,512.0]]],[[[3117.0,547.0],[3121.0,547.0],[3117.0,548.0],[3118.0,555.0],[3125.0,558.0],[3126.0,555.0],[3129.0,555.0],[3131.0,546.0],[3135.0,549.0],[3135.0,538.0],[3130.0,541.0],[3116.0,541.0],[3117.0,547.0]]],[[[3269.0,345.0],[3274.0,345.0],[3275.0,336.0],[3269.0,335.0],[3266.0,337.0],[3269.0,340.0],[3269.0,345.0]]],[[[3602.0,352.0],[3605.0,375.0],[3608.0,376.0],[3609.0,362.0],[3604.0,351.0],[3602.0,352.0]]],[[[3295.0,423.0],[3300.0,424.0],[3302.0,415.0],[3300.0,412.0],[3296.0,414.0],[3296.0,418.0],[3294.0,413.0],[3290.0,412.0],[3292.0,425.0],[3295.0,423.0]]],[[[3545.0,463.0],[3549.0,473.0],[3555.0,473.0],[3555.0,471.0],[3551.0,471.0],[3548.0,468.0],[3551.0,461.0],[3545.0,463.0]]],[[[3582.0,620.0],[3576.0,628.0],[3577.0,641.0],[3573.0,644.0],[3572.0,662.0],[3565.0,679.0],[3563.0,692.0],[3553.0,699.0],[3540.0,745.0],[3540.0,765.0],[3543.0,771.0],[3543.0,790.0],[3546.0,800.0],[3551.0,799.0],[3557.0,780.0],[3556.0,772.0],[3559.0,763.0],[3560.0,745.0],[3563.0,742.0],[3563.0,733.0],[3567.0,719.0],[3567.0,708.0],[3573.0,702.0],[3573.0,692.0],[3575.0,690.0],[3573.0,681.0],[3578.0,674.0],[3575.0,670.0],[3579.0,667.0],[3583.0,647.0],[3585.0,646.0],[3586.0,639.0],[3583.0,632.0],[3589.0,624.0],[3587.0,620.0],[3586.0,622.0],[3582.0,620.0]]],[[[3487.0,822.0],[3481.0,821.0],[3481.0,826.0],[3486.0,828.0],[3487.0,822.0]]],[[[3408.0,983.0],[3417.0,992.0],[3424.0,993.0],[3433.0,998.0],[3445.0,999.0],[3447.0,996.0],[3446.0,990.0],[3449.0,986.0],[3449.0,976.0],[3434.0,969.0],[3433.0,965.0],[3428.0,966.0],[3415.0,953.0],[3412.0,953.0],[3409.0,962.0],[3408.0,983.0]]],[[[3637.0,145.0],[3651.0,153.0],[3648.0,146.0],[3644.0,146.0],[3638.0,136.0],[3641.0,133.0],[3637.0,130.0],[3637.0,126.0],[3633.0,124.0],[3637.0,145.0]],[[3638.0,134.0],[3637.0,133.0],[3638.0,133.0],[3638.0,134.0]]],[[[3666.0,175.0],[3671.0,175.0],[3672.0,171.0],[3667.0,166.0],[3664.0,166.0],[3666.0,168.0],[3666.0,175.0]]],[[[3691.0,250.0],[3685.0,259.0],[3682.0,263.0],[3687.0,259.0],[3691.0,262.0],[3692.0,256.0],[3696.0,255.0],[3697.0,252.0],[3691.0,250.0]],[[3691.0,253.0],[3692.0,252.0],[3692.0,253.0],[3691.0,253.0]],[[3689.0,256.0],[3690.0,255.0],[3690.0,256.0],[3689.0,256.0]],[[3688.0,258.0],[3689.0,257.0],[3689.0,258.0],[3688.0,258.0]]],[[[3668.0,270.0],[3667.0,280.0],[3663.0,278.0],[3663.0,281.0],[3668.0,289.0],[3671.0,283.0],[3670.0,278.0],[3679.0,270.0],[3672.0,268.0],[3668.0,270.0]]],[[[3675.0,296.0],[3680.0,303.0],[3679.0,305.0],[3680.0,307.0],[3684.0,304.0],[3684.0,298.0],[3681.0,295.0],[3675.0,296.0]]],[[[3688.0,313.0],[3690.0,309.0],[3690.0,306.0],[3686.0,306.0],[3684.0,309.0],[3684.0,312.0],[3688.0,313.0]]],[[[3660.0,315.0],[3672.0,319.0],[3673.0,316.0],[3669.0,317.0],[3668.0,313.0],[3669.0,314.0],[3675.0,313.0],[3666.0,309.0],[3655.0,310.0],[3660.0,315.0]]],[[[3662.0,341.0],[3660.0,347.0],[3658.0,347.0],[3660.0,354.0],[3665.0,353.0],[3665.0,347.0],[3669.0,342.0],[3668.0,337.0],[3662.0,341.0]]],[[[3639.0,355.0],[3636.0,365.0],[3639.0,362.0],[3644.0,363.0],[3644.0,358.0],[3647.0,358.0],[3648.0,353.0],[3639.0,355.0]],[[3644.0,358.0],[3643.0,357.0],[3644.0,357.0],[3644.0,358.0]]],[[[3660.0,359.0],[3646.0,367.0],[3645.0,372.0],[3648.0,369.0],[3651.0,372.0],[3658.0,368.0],[3656.0,365.0],[3660.0,362.0],[3660.0,359.0]],[[3649.0,367.0],[3650.0,368.0],[3649.0,368.0],[3649.0,367.0]]],[[[3722.0,521.0],[3718.0,531.0],[3712.0,518.0],[3706.0,520.0],[3703.0,532.0],[3697.0,532.0],[3693.0,535.0],[3683.0,560.0],[3668.0,581.0],[3668.0,591.0],[3673.0,604.0],[3676.0,606.0],[3676.0,614.0],[3672.0,619.0],[3671.0,626.0],[3677.0,629.0],[3680.0,642.0],[3684.0,644.0],[3685.0,651.0],[3683.0,655.0],[3686.0,655.0],[3690.0,650.0],[3690.0,657.0],[3684.0,662.0],[3685.0,668.0],[3681.0,678.0],[3687.0,678.0],[3695.0,672.0],[3699.0,662.0],[3695.0,658.0],[3695.0,650.0],[3703.0,644.0],[3698.0,643.0],[3699.0,640.0],[3711.0,632.0],[3713.0,627.0],[3723.0,623.0],[3722.0,617.0],[3719.0,618.0],[3718.0,616.0],[3719.0,611.0],[3731.0,598.0],[3738.0,597.0],[3736.0,590.0],[3728.0,591.0],[3723.0,586.0],[3724.0,565.0],[3720.0,565.0],[3720.0,558.0],[3722.0,553.0],[3721.0,546.0],[3731.0,546.0],[3731.0,539.0],[3732.0,537.0],[3735.0,538.0],[3734.0,532.0],[3742.0,528.0],[3735.0,522.0],[3734.0,517.0],[3730.0,517.0],[3729.0,521.0],[3726.0,521.0],[3726.0,516.0],[3724.0,516.0],[3720.0,518.0],[3722.0,521.0]]],[[[3788.0,145.0],[3792.0,145.0],[3793.0,151.0],[3796.0,144.0],[3795.0,141.0],[3790.0,140.0],[3788.0,142.0],[3788.0,145.0]]],[[[3743.0,134.0],[3746.0,134.0],[3749.0,139.0],[3750.0,135.0],[3752.0,135.0],[3755.0,138.0],[3756.0,144.0],[3754.0,145.0],[3752.0,140.0],[3749.0,158.0],[3747.0,158.0],[3744.0,152.0],[3745.0,142.0],[3742.0,142.0],[3743.0,145.0],[3739.0,147.0],[3739.0,152.0],[3738.0,149.0],[3735.0,149.0],[3740.0,163.0],[3747.0,176.0],[3750.0,172.0],[3752.0,175.0],[3755.0,175.0],[3756.0,171.0],[3759.0,171.0],[3763.0,179.0],[3762.0,172.0],[3769.0,172.0],[3767.0,159.0],[3764.0,161.0],[3756.0,155.0],[3759.0,152.0],[3759.0,155.0],[3764.0,157.0],[3765.0,152.0],[3760.0,147.0],[3760.0,144.0],[3763.0,144.0],[3762.0,137.0],[3765.0,137.0],[3764.0,149.0],[3767.0,151.0],[3767.0,155.0],[3769.0,149.0],[3776.0,146.0],[3776.0,148.0],[3770.0,150.0],[3770.0,157.0],[3775.0,158.0],[3777.0,158.0],[3780.0,152.0],[3779.0,148.0],[3782.0,140.0],[3775.0,139.0],[3775.0,135.0],[3767.0,130.0],[3761.0,130.0],[3762.0,133.0],[3760.0,131.0],[3754.0,132.0],[3751.0,125.0],[3745.0,127.0],[3743.0,134.0]],[[3760.0,144.0],[3759.0,143.0],[3760.0,143.0],[3760.0,144.0]]],[[[3729.0,150.0],[3726.0,164.0],[3729.0,170.0],[3733.0,169.0],[3732.0,160.0],[3736.0,165.0],[3739.0,165.0],[3738.0,159.0],[3732.0,150.0],[3729.0,150.0]]],[[[3780.0,168.0],[3787.0,173.0],[3787.0,162.0],[3784.0,161.0],[3785.0,163.0],[3784.0,166.0],[3781.0,161.0],[3780.0,168.0]]],[[[3806.0,179.0],[3814.0,176.0],[3814.0,172.0],[3811.0,170.0],[3806.0,174.0],[3806.0,179.0]]],[[[3769.0,175.0],[3769.0,179.0],[3776.0,181.0],[3776.0,186.0],[3780.0,184.0],[3782.0,184.0],[3782.0,187.0],[3784.0,186.0],[3785.0,182.0],[3779.0,171.0],[3773.0,170.0],[3769.0,175.0]]],[[[3793.0,189.0],[3793.0,185.0],[3799.0,184.0],[3802.0,181.0],[3793.0,179.0],[3790.0,183.0],[3790.0,189.0],[3793.0,189.0]]],[[[3744.0,448.0],[3749.0,446.0],[3750.0,442.0],[3739.0,440.0],[3744.0,448.0]]],[[[3739.0,506.0],[3736.0,517.0],[3742.0,525.0],[3745.0,525.0],[3747.0,521.0],[3745.0,514.0],[3752.0,508.0],[3757.0,508.0],[3760.0,505.0],[3757.0,503.0],[3753.0,505.0],[3745.0,503.0],[3739.0,506.0]]],[[[3839.0,26.0],[3844.0,29.0],[3844.0,34.0],[3838.0,34.0],[3838.0,37.0],[3846.0,36.0],[3846.0,30.0],[3849.0,27.0],[3841.0,22.0],[3839.0,26.0]]],[[[3847.0,81.0],[3851.0,83.0],[3851.0,77.0],[3848.0,72.0],[3845.0,76.0],[3847.0,81.0]]],[[[3858.0,89.0],[3859.0,92.0],[3865.0,96.0],[3867.0,87.0],[3856.0,84.0],[3856.0,91.0],[3858.0,89.0]]],[[[3856.0,96.0],[3854.0,90.0],[3848.0,86.0],[3851.0,96.0],[3856.0,96.0]]],[[[3860.0,142.0],[3870.0,145.0],[3870.0,141.0],[3874.0,140.0],[3861.0,139.0],[3860.0,142.0]]],[[[3879.0,146.0],[3884.0,148.0],[3879.0,150.0],[3881.0,153.0],[3890.0,150.0],[3890.0,147.0],[3888.0,147.0],[3890.0,145.0],[3889.0,141.0],[3883.0,141.0],[3879.0,146.0]]],[[[3853.0,7.0],[3846.0,6.0],[3845.0,8.0],[3848.0,8.0],[3847.0,11.0],[3840.0,9.0],[3849.0,26.0],[3853.0,29.0],[3853.0,31.0],[3849.0,30.0],[3848.0,33.0],[3854.0,35.0],[3852.0,38.0],[3846.0,38.0],[3848.0,44.0],[3846.0,43.0],[3845.0,45.0],[3851.0,45.0],[3856.0,52.0],[3854.0,55.0],[3861.0,57.0],[3858.0,58.0],[3860.0,65.0],[3854.0,65.0],[3854.0,68.0],[3857.0,72.0],[3864.0,75.0],[3860.0,81.0],[3874.0,80.0],[3874.0,82.0],[3869.0,81.0],[3874.0,86.0],[3873.0,90.0],[3871.0,89.0],[3873.0,94.0],[3874.0,90.0],[3875.0,92.0],[3881.0,90.0],[3880.0,78.0],[3884.0,77.0],[3891.0,69.0],[3893.0,73.0],[3891.0,75.0],[3892.0,90.0],[3898.0,90.0],[3895.0,83.0],[3902.0,82.0],[3903.0,87.0],[3910.0,90.0],[3912.0,94.0],[3917.0,90.0],[3917.0,93.0],[3925.0,94.0],[3931.0,99.0],[3936.0,99.0],[3945.0,94.0],[3946.0,98.0],[3952.0,98.0],[3958.0,93.0],[3958.0,97.0],[3955.0,99.0],[3953.0,107.0],[3949.0,112.0],[3949.0,118.0],[3959.0,112.0],[3959.0,119.0],[3956.0,121.0],[3958.0,123.0],[3970.0,116.0],[3982.0,101.0],[3988.0,101.0],[3990.0,94.0],[3993.0,93.0],[3990.0,106.0],[3982.0,120.0],[3984.0,128.0],[3989.0,129.0],[3985.0,131.0],[3983.0,138.0],[3991.0,136.0],[3994.0,132.0],[3994.0,137.0],[3998.0,141.0],[4004.0,141.0],[4011.0,137.0],[4016.0,138.0],[4013.0,146.0],[4007.0,149.0],[4008.0,158.0],[4012.0,153.0],[4015.0,153.0],[4015.0,156.0],[4017.0,155.0],[4022.0,139.0],[4019.0,156.0],[4012.0,158.0],[4013.0,163.0],[3997.0,172.0],[3995.0,178.0],[4021.0,169.0],[4018.0,165.0],[4018.0,160.0],[4027.0,152.0],[4034.0,130.0],[4036.0,130.0],[4038.0,136.0],[4034.0,138.0],[4032.0,148.0],[4040.0,143.0],[4043.0,143.0],[4045.0,146.0],[4049.0,145.0],[4090.0,95.0],[4096.0,91.0],[4096.0,0.0],[3916.0,0.0],[3925.0,14.0],[3925.0,21.0],[3922.0,23.0],[3907.0,9.0],[3902.0,0.0],[3851.0,0.0],[3850.0,3.0],[3853.0,7.0]],[[3891.0,69.0],[3892.0,68.0],[3892.0,69.0],[3891.0,69.0]],[[3959.0,112.0],[3961.0,111.0],[3961.0,112.0],[3959.0,112.0]],[[3995.0,127.0],[3997.0,128.0],[3996.0,132.0],[3995.0,132.0],[3995.0,127.0]],[[4036.0,130.0],[4037.0,129.0],[4037.0,130.0],[4036.0,130.0]],[[4034.0,17.0],[4028.0,19.0],[4026.0,14.0],[4033.0,13.0],[4034.0,17.0]],[[4083.0,71.0],[4081.0,66.0],[4083.0,65.0],[4083.0,71.0]],[[4084.0,71.0],[4084.0,75.0],[4076.0,73.0],[4075.0,78.0],[4073.0,78.0],[4074.0,72.0],[4070.0,72.0],[4069.0,69.0],[4080.0,71.0],[4081.0,73.0],[4083.0,73.0],[4083.0,71.0],[4084.0,71.0]],[[4070.0,89.0],[4064.0,102.0],[4065.0,106.0],[4057.0,104.0],[4058.0,107.0],[4055.0,107.0],[4052.0,111.0],[4048.0,110.0],[4046.0,101.0],[4051.0,93.0],[4056.0,92.0],[4052.0,99.0],[4060.0,95.0],[4064.0,90.0],[4068.0,93.0],[4069.0,91.0],[4066.0,86.0],[4062.0,89.0],[4062.0,86.0],[4067.0,84.0],[4070.0,89.0]],[[4059.0,107.0],[4060.0,111.0],[4057.0,112.0],[4057.0,109.0],[4059.0,107.0]],[[3990.0,130.0],[3991.0,131.0],[3990.0,131.0],[3990.0,130.0]],[[3991.0,131.0],[3992.0,133.0],[3991.0,133.0],[3991.0,131.0]]],[[[3893.0,96.0],[3898.0,101.0],[3895.0,102.0],[3894.0,106.0],[3897.0,109.0],[3904.0,110.0],[3904.0,113.0],[3912.0,111.0],[3910.0,106.0],[3902.0,103.0],[3903.0,101.0],[3906.0,102.0],[3905.0,98.0],[3894.0,92.0],[3893.0,96.0]]],[[[3919.0,105.0],[3923.0,104.0],[3924.0,107.0],[3927.0,107.0],[3933.0,101.0],[3927.0,103.0],[3922.0,101.0],[3919.0,105.0]],[[3925.0,103.0],[3924.0,104.0],[3924.0,103.0],[3925.0,103.0]]],[[[3936.0,106.0],[3936.0,109.0],[3941.0,109.0],[3941.0,112.0],[3948.0,108.0],[3948.0,105.0],[3943.0,105.0],[3942.0,102.0],[3936.0,106.0]]],[[[3926.0,119.0],[3926.0,116.0],[3928.0,116.0],[3932.0,120.0],[3935.0,116.0],[3938.0,117.0],[3939.0,113.0],[3935.0,111.0],[3920.0,112.0],[3919.0,119.0],[3926.0,119.0]]],[[[3932.0,122.0],[3933.0,130.0],[3936.0,129.0],[3936.0,120.0],[3932.0,122.0]]],[[[3980.0,106.0],[3977.0,116.0],[3964.0,120.0],[3954.0,127.0],[3950.0,127.0],[3951.0,121.0],[3949.0,122.0],[3949.0,133.0],[3963.0,132.0],[3955.0,134.0],[3950.0,138.0],[3955.0,141.0],[3957.0,155.0],[3961.0,154.0],[3964.0,148.0],[3965.0,153.0],[3968.0,153.0],[3970.0,148.0],[3972.0,152.0],[3977.0,151.0],[3978.0,146.0],[3976.0,146.0],[3976.0,143.0],[3982.0,136.0],[3979.0,119.0],[3981.0,119.0],[3981.0,114.0],[3985.0,110.0],[3985.0,104.0],[3980.0,106.0]]],[[[3912.0,135.0],[3913.0,140.0],[3918.0,141.0],[3919.0,137.0],[3917.0,135.0],[3921.0,130.0],[3918.0,129.0],[3912.0,135.0]]],[[[3894.0,141.0],[3896.0,141.0],[3895.0,147.0],[3898.0,148.0],[3902.0,145.0],[3903.0,141.0],[3901.0,140.0],[3905.0,140.0],[3904.0,143.0],[3908.0,143.0],[3910.0,139.0],[3905.0,138.0],[3906.0,134.0],[3900.0,134.0],[3894.0,138.0],[3894.0,141.0]]],[[[3946.0,145.0],[3950.0,156.0],[3948.0,157.0],[3949.0,162.0],[3951.0,155.0],[3955.0,156.0],[3952.0,143.0],[3950.0,143.0],[3950.0,148.0],[3946.0,145.0]]]]}},{"type":"Feature","properties":{"id":"prov_granada","index":72,"name":"Grenade et Almer\u00eda","owner":"fac_granada","centroid":[1385.3,3611.2],"capital_px":[1309.1,3613.4],"neighbors":["prov_cordoba","prov_malaga","prov_murcia"],"sea_neighbors":[],"area_px":42160},"geometry":{"type":"Polygon","coordinates":[[[1429.0,3495.0],[1422.0,3500.0],[1414.0,3500.0],[1410.0,3504.0],[1398.0,3504.0],[1378.0,3524.0],[1370.0,3524.0],[1366.0,3528.0],[1358.0,3528.0],[1354.0,3532.0],[1346.0,3532.0],[1342.0,3536.0],[1334.0,3536.0],[1330.0,3540.0],[1306.0,3540.0],[1302.0,3544.0],[1298.0,3544.0],[1294.0,3548.0],[1286.0,3548.0],[1266.0,3560.0],[1258.0,3560.0],[1254.0,3564.0],[1250.0,3564.0],[1246.0,3568.0],[1242.0,3568.0],[1223.0,3579.0],[1224.0,3586.0],[1228.0,3590.0],[1236.0,3610.0],[1244.0,3618.0],[1244.0,3626.0],[1256.0,3646.0],[1256.0,3654.0],[1260.0,3658.0],[1260.0,3666.0],[1264.0,3673.0],[1271.0,3673.0],[1281.0,3679.0],[1298.0,3679.0],[1303.0,3685.0],[1308.0,3684.0],[1315.0,3690.0],[1322.0,3690.0],[1330.0,3685.0],[1345.0,3685.0],[1353.0,3689.0],[1363.0,3689.0],[1372.0,3693.0],[1382.0,3692.0],[1390.0,3702.0],[1394.0,3700.0],[1401.0,3707.0],[1413.0,3707.0],[1418.0,3704.0],[1426.0,3690.0],[1440.0,3690.0],[1443.0,3693.0],[1455.0,3691.0],[1464.0,3698.0],[1468.0,3707.0],[1475.0,3712.0],[1487.0,3707.0],[1489.0,3702.0],[1497.0,3696.0],[1501.0,3688.0],[1513.0,3684.0],[1512.0,3678.0],[1520.0,3667.0],[1529.0,3646.0],[1524.0,3642.0],[1524.0,3626.0],[1516.0,3614.0],[1516.0,3606.0],[1512.0,3602.0],[1510.0,3595.0],[1492.0,3578.0],[1492.0,3570.0],[1484.0,3558.0],[1482.0,3547.0],[1433.0,3498.0],[1429.0,3495.0]]]}},{"type":"Feature","properties":{"id":"prov_gueldre","index":73,"name":"Gueldre","owner":"fac_guelders","centroid":[2615.4,1477.0],"capital_px":[2600.8,1469.5],"neighbors":["prov_brabant","prov_cleve","prov_cologne","prov_frisia","prov_holland","prov_utrecht","prov_westphalia"],"sea_neighbors":[],"area_px":13124},"geometry":{"type":"Polygon","coordinates":[[[2635.0,1387.0],[2613.0,1410.0],[2603.0,1414.0],[2589.0,1430.0],[2570.0,1439.0],[2568.0,1450.0],[2564.0,1454.0],[2564.0,1462.0],[2552.0,1473.0],[2552.0,1478.0],[2556.0,1482.0],[2556.0,1494.0],[2560.0,1498.0],[2560.0,1518.0],[2564.0,1522.0],[2564.0,1538.0],[2568.0,1542.0],[2568.0,1546.0],[2572.0,1550.0],[2578.0,1565.0],[2589.0,1570.0],[2597.0,1580.0],[2609.0,1574.0],[2630.0,1552.0],[2638.0,1552.0],[2642.0,1548.0],[2646.0,1548.0],[2656.0,1542.0],[2655.0,1540.0],[2646.0,1540.0],[2642.0,1544.0],[2634.0,1544.0],[2630.0,1548.0],[2621.0,1551.0],[2618.0,1543.0],[2605.0,1530.0],[2596.0,1526.0],[2596.0,1498.0],[2598.0,1495.0],[2602.0,1492.0],[2610.0,1492.0],[2614.0,1488.0],[2618.0,1488.0],[2622.0,1492.0],[2634.0,1492.0],[2637.0,1494.0],[2642.0,1505.0],[2652.0,1514.0],[2652.0,1522.0],[2660.0,1526.0],[2661.0,1540.0],[2664.0,1539.0],[2664.0,1526.0],[2668.0,1522.0],[2668.0,1506.0],[2672.0,1502.0],[2672.0,1426.0],[2664.0,1418.0],[2664.0,1414.0],[2660.0,1410.0],[2654.0,1395.0],[2646.0,1388.0],[2635.0,1387.0]]]}},{"type":"Feature","properties":{"id":"prov_guyenne","index":74,"name":"Guyenne","owner":"fac_england","centroid":[1836.0,2500.3],"capital_px":[1831.3,2502.8],"neighbors":["prov_agenais","prov_angoumois","prov_gascogne","prov_perigord","prov_saintonge"],"sea_neighbors":[],"area_px":21625},"geometry":{"type":"Polygon","coordinates":[[[1792.0,2384.0],[1784.0,2395.0],[1779.0,2424.0],[1770.0,2448.0],[1754.0,2516.0],[1755.0,2520.0],[1757.0,2512.0],[1766.0,2502.0],[1776.0,2513.0],[1777.0,2521.0],[1768.0,2522.0],[1761.0,2519.0],[1755.0,2532.0],[1751.0,2535.0],[1751.0,2540.0],[1755.0,2542.0],[1763.0,2540.0],[1787.0,2566.0],[1794.0,2568.0],[1798.0,2572.0],[1806.0,2572.0],[1810.0,2576.0],[1814.0,2576.0],[1818.0,2580.0],[1826.0,2580.0],[1838.0,2588.0],[1846.0,2588.0],[1850.0,2592.0],[1862.0,2592.0],[1867.0,2596.0],[1882.0,2581.0],[1884.0,2574.0],[1892.0,2566.0],[1898.0,2551.0],[1924.0,2527.0],[1924.0,2518.0],[1920.0,2514.0],[1920.0,2510.0],[1912.0,2498.0],[1912.0,2490.0],[1904.0,2478.0],[1904.0,2449.0],[1890.0,2436.0],[1882.0,2436.0],[1875.0,2424.0],[1870.0,2428.0],[1846.0,2428.0],[1842.0,2424.0],[1827.0,2424.0],[1828.0,2462.0],[1833.0,2470.0],[1843.0,2476.0],[1842.0,2478.0],[1834.0,2474.0],[1838.0,2478.0],[1836.0,2494.0],[1836.0,2478.0],[1828.0,2471.0],[1822.0,2454.0],[1821.0,2423.0],[1810.0,2406.0],[1795.0,2393.0],[1795.0,2383.0],[1792.0,2384.0]],[[1782.0,2436.0],[1784.0,2439.0],[1783.0,2451.0],[1780.0,2457.0],[1776.0,2458.0],[1777.0,2446.0],[1782.0,2436.0]]]}},{"type":"Feature","properties":{"id":"prov_gwynedd","index":75,"name":"Galles du Nord (Gwynedd)","owner":"fac_england","centroid":[1724.5,1235.0],"capital_px":[1673.8,1171.5],"neighbors":["prov_deheubarth","prov_gloucester","prov_lancashire","prov_warwick"],"sea_neighbors":[],"area_px":17541},"geometry":{"type":"MultiPolygon","coordinates":[[[[1644.0,1136.0],[1641.0,1141.0],[1646.0,1143.0],[1648.0,1150.0],[1651.0,1151.0],[1649.0,1139.0],[1644.0,1136.0]]],[[[1671.0,1125.0],[1655.0,1127.0],[1651.0,1147.0],[1658.0,1165.0],[1661.0,1165.0],[1663.0,1162.0],[1665.0,1163.0],[1661.0,1170.0],[1670.0,1171.0],[1680.0,1166.0],[1682.0,1161.0],[1693.0,1158.0],[1699.0,1152.0],[1698.0,1149.0],[1693.0,1147.0],[1685.0,1149.0],[1684.0,1139.0],[1681.0,1137.0],[1682.0,1133.0],[1678.0,1128.0],[1671.0,1125.0]]],[[[1716.0,1149.0],[1718.0,1156.0],[1704.0,1158.0],[1696.0,1162.0],[1694.0,1160.0],[1683.0,1162.0],[1682.0,1165.0],[1671.0,1172.0],[1669.0,1176.0],[1668.0,1174.0],[1666.0,1175.0],[1663.0,1187.0],[1656.0,1189.0],[1645.0,1197.0],[1638.0,1197.0],[1625.0,1207.0],[1618.0,1216.0],[1636.0,1215.0],[1639.0,1220.0],[1643.0,1220.0],[1644.0,1213.0],[1652.0,1207.0],[1673.0,1206.0],[1675.0,1208.0],[1686.0,1208.0],[1679.0,1212.0],[1679.0,1221.0],[1675.0,1223.0],[1675.0,1226.0],[1681.0,1239.0],[1685.0,1238.0],[1687.0,1239.0],[1680.0,1242.0],[1671.0,1254.0],[1675.0,1266.0],[1686.0,1266.0],[1686.0,1268.0],[1681.0,1270.0],[1674.0,1269.0],[1674.0,1275.0],[1667.0,1289.0],[1670.0,1296.0],[1694.0,1296.0],[1714.0,1308.0],[1761.0,1309.0],[1766.0,1308.0],[1770.0,1304.0],[1778.0,1304.0],[1786.0,1297.0],[1792.0,1282.0],[1796.0,1278.0],[1796.0,1270.0],[1800.0,1266.0],[1801.0,1261.0],[1800.0,1254.0],[1794.0,1249.0],[1792.0,1242.0],[1784.0,1234.0],[1784.0,1226.0],[1774.0,1217.0],[1768.0,1202.0],[1764.0,1198.0],[1764.0,1190.0],[1760.0,1186.0],[1760.0,1174.0],[1756.0,1170.0],[1756.0,1157.0],[1738.0,1161.0],[1728.0,1159.0],[1724.0,1152.0],[1721.0,1153.0],[1720.0,1150.0],[1716.0,1149.0]]]]}},{"type":"Feature","properties":{"id":"prov_hainaut","index":76,"name":"Hainaut","owner":"fac_hainaut","centroid":[2397.1,1723.3],"capital_px":[2395.8,1692.7],"neighbors":["prov_artois","prov_brabant","prov_champagne","prov_flandre","prov_flandre_wallonne","prov_liege","prov_namur","prov_picardie"],"sea_neighbors":[],"area_px":14469},"geometry":{"type":"Polygon","coordinates":[[[2411.0,1647.0],[2386.0,1648.0],[2382.0,1652.0],[2374.0,1652.0],[2370.0,1656.0],[2350.0,1664.0],[2344.0,1669.0],[2344.0,1678.0],[2340.0,1682.0],[2336.0,1694.0],[2328.0,1697.0],[2328.0,1702.0],[2332.0,1706.0],[2331.0,1729.0],[2336.0,1734.0],[2336.0,1742.0],[2340.0,1746.0],[2340.0,1750.0],[2351.0,1762.0],[2361.0,1766.0],[2378.0,1783.0],[2385.0,1800.0],[2394.0,1800.0],[2406.0,1792.0],[2422.0,1792.0],[2426.0,1788.0],[2458.0,1788.0],[2462.0,1784.0],[2472.0,1784.0],[2473.0,1781.0],[2470.0,1775.0],[2462.0,1769.0],[2458.0,1759.0],[2452.0,1754.0],[2452.0,1734.0],[2448.0,1730.0],[2448.0,1722.0],[2452.0,1718.0],[2453.0,1695.0],[2434.0,1677.0],[2426.0,1659.0],[2411.0,1647.0]]]}},{"type":"Feature","properties":{"id":"prov_hesse","index":77,"name":"Hesse","owner":"fac_hesse","centroid":[2933.5,1620.2],"capital_px":[2942.0,1584.4],"neighbors":["prov_brunswick","prov_franconia","prov_mainz","prov_thuringia","prov_westphalia"],"sea_neighbors":[],"area_px":26430},"geometry":{"type":"Polygon","coordinates":[[[2955.0,1507.0],[2942.0,1508.0],[2933.0,1518.0],[2923.0,1522.0],[2913.0,1534.0],[2902.0,1539.0],[2896.0,1554.0],[2892.0,1558.0],[2892.0,1562.0],[2888.0,1566.0],[2888.0,1574.0],[2884.0,1578.0],[2882.0,1585.0],[2868.0,1590.0],[2866.0,1597.0],[2854.0,1607.0],[2850.0,1617.0],[2838.0,1627.0],[2836.0,1634.0],[2832.0,1638.0],[2832.0,1659.0],[2850.0,1675.0],[2855.0,1686.0],[2870.0,1692.0],[2874.0,1696.0],[2882.0,1696.0],[2886.0,1700.0],[2898.0,1704.0],[2914.0,1720.0],[2922.0,1720.0],[2926.0,1724.0],[2938.0,1724.0],[2942.0,1728.0],[2947.0,1729.0],[2958.0,1728.0],[2970.0,1720.0],[2979.0,1720.0],[2980.0,1714.0],[2984.0,1710.0],[2984.0,1690.0],[2988.0,1686.0],[2988.0,1646.0],[2996.0,1638.0],[2996.0,1634.0],[3004.0,1622.0],[3004.0,1614.0],[3012.0,1602.0],[3012.0,1594.0],[3016.0,1590.0],[3016.0,1578.0],[3020.0,1574.0],[3021.0,1553.0],[3018.0,1547.0],[3001.0,1530.0],[2986.0,1524.0],[2982.0,1520.0],[2974.0,1520.0],[2955.0,1507.0]]]}},{"type":"Feature","properties":{"id":"prov_highlands","index":78,"name":"Highlands et Moray","owner":"fac_scotland","centroid":[1815.9,524.8],"capital_px":[1813.2,512.6],"neighbors":["prov_fife","prov_isles","prov_renfrew"],"sea_neighbors":["prov_galloway","prov_ulster"],"area_px":88963},"geometry":{"type":"MultiPolygon","coordinates":[[[[1626.0,355.0],[1632.0,356.0],[1629.0,348.0],[1626.0,348.0],[1626.0,355.0]]],[[[1684.0,320.0],[1678.0,326.0],[1659.0,334.0],[1657.0,337.0],[1642.0,338.0],[1634.0,343.0],[1633.0,351.0],[1636.0,353.0],[1638.0,361.0],[1635.0,363.0],[1632.0,357.0],[1625.0,358.0],[1623.0,360.0],[1623.0,369.0],[1622.0,351.0],[1614.0,346.0],[1611.0,350.0],[1613.0,355.0],[1606.0,354.0],[1607.0,357.0],[1602.0,362.0],[1604.0,373.0],[1608.0,372.0],[1608.0,375.0],[1605.0,375.0],[1605.0,377.0],[1613.0,378.0],[1604.0,379.0],[1599.0,384.0],[1604.0,390.0],[1610.0,391.0],[1612.0,395.0],[1618.0,397.0],[1607.0,400.0],[1609.0,405.0],[1604.0,404.0],[1596.0,410.0],[1594.0,410.0],[1594.0,406.0],[1591.0,406.0],[1599.0,424.0],[1608.0,421.0],[1613.0,416.0],[1612.0,412.0],[1617.0,416.0],[1618.0,414.0],[1621.0,415.0],[1623.0,412.0],[1619.0,406.0],[1620.0,403.0],[1630.0,408.0],[1631.0,404.0],[1629.0,401.0],[1631.0,399.0],[1628.0,396.0],[1627.0,387.0],[1634.0,384.0],[1631.0,388.0],[1632.0,402.0],[1635.0,403.0],[1636.0,397.0],[1637.0,403.0],[1641.0,405.0],[1641.0,401.0],[1645.0,403.0],[1650.0,399.0],[1650.0,396.0],[1644.0,390.0],[1652.0,394.0],[1660.0,391.0],[1657.0,389.0],[1660.0,388.0],[1659.0,379.0],[1643.0,380.0],[1641.0,378.0],[1654.0,378.0],[1656.0,375.0],[1662.0,375.0],[1664.0,372.0],[1663.0,363.0],[1674.0,370.0],[1683.0,367.0],[1684.0,360.0],[1675.0,365.0],[1667.0,362.0],[1667.0,360.0],[1671.0,360.0],[1672.0,356.0],[1678.0,354.0],[1679.0,350.0],[1687.0,347.0],[1684.0,345.0],[1684.0,342.0],[1689.0,336.0],[1688.0,322.0],[1684.0,320.0]],[[1608.0,372.0],[1609.0,371.0],[1609.0,372.0],[1608.0,372.0]],[[1615.0,399.0],[1616.0,400.0],[1615.0,400.0],[1615.0,399.0]],[[1616.0,400.0],[1617.0,401.0],[1616.0,401.0],[1616.0,400.0]],[[1634.0,382.0],[1638.0,381.0],[1642.0,383.0],[1634.0,384.0],[1634.0,382.0]]],[[[1556.0,425.0],[1549.0,435.0],[1553.0,440.0],[1557.0,438.0],[1564.0,444.0],[1563.0,449.0],[1565.0,452.0],[1574.0,454.0],[1579.0,452.0],[1577.0,447.0],[1583.0,443.0],[1579.0,442.0],[1580.0,439.0],[1577.0,438.0],[1578.0,435.0],[1576.0,434.0],[1580.0,434.0],[1584.0,441.0],[1589.0,438.0],[1587.0,434.0],[1580.0,433.0],[1582.0,431.0],[1581.0,427.0],[1571.0,431.0],[1568.0,427.0],[1561.0,430.0],[1564.0,427.0],[1556.0,425.0]],[[1567.0,447.0],[1565.0,445.0],[1569.0,443.0],[1571.0,443.0],[1571.0,446.0],[1577.0,446.0],[1567.0,447.0]]],[[[1554.0,457.0],[1554.0,461.0],[1559.0,467.0],[1569.0,467.0],[1565.0,463.0],[1565.0,461.0],[1571.0,461.0],[1569.0,458.0],[1566.0,458.0],[1567.0,456.0],[1558.0,453.0],[1554.0,457.0]]],[[[1550.0,480.0],[1542.0,489.0],[1544.0,491.0],[1543.0,510.0],[1544.0,512.0],[1548.0,511.0],[1555.0,514.0],[1557.0,513.0],[1553.0,508.0],[1556.0,502.0],[1555.0,494.0],[1558.0,494.0],[1560.0,489.0],[1565.0,487.0],[1563.0,481.0],[1553.0,474.0],[1553.0,469.0],[1555.0,469.0],[1560.0,478.0],[1565.0,479.0],[1560.0,474.0],[1562.0,471.0],[1557.0,466.0],[1550.0,467.0],[1550.0,480.0]],[[1555.0,493.0],[1553.0,493.0],[1550.0,491.0],[1555.0,493.0]],[[1548.0,506.0],[1550.0,504.0],[1552.0,506.0],[1548.0,506.0]]],[[[1533.0,521.0],[1527.0,522.0],[1528.0,526.0],[1524.0,527.0],[1523.0,531.0],[1531.0,534.0],[1532.0,531.0],[1538.0,529.0],[1537.0,518.0],[1535.0,517.0],[1533.0,521.0]]],[[[1625.0,538.0],[1615.0,545.0],[1620.0,551.0],[1620.0,555.0],[1627.0,556.0],[1632.0,549.0],[1630.0,547.0],[1632.0,545.0],[1631.0,542.0],[1625.0,538.0]]],[[[1598.0,654.0],[1602.0,660.0],[1606.0,657.0],[1611.0,659.0],[1619.0,658.0],[1620.0,660.0],[1626.0,658.0],[1625.0,656.0],[1614.0,656.0],[1611.0,650.0],[1608.0,650.0],[1609.0,652.0],[1606.0,653.0],[1603.0,646.0],[1598.0,647.0],[1598.0,654.0]]],[[[1643.0,650.0],[1638.0,658.0],[1639.0,660.0],[1646.0,660.0],[1655.0,655.0],[1655.0,653.0],[1648.0,653.0],[1652.0,650.0],[1652.0,647.0],[1643.0,650.0]],[[1648.0,653.0],[1647.0,654.0],[1647.0,653.0],[1648.0,653.0]]],[[[1662.0,747.0],[1644.0,749.0],[1638.0,758.0],[1632.0,760.0],[1632.0,766.0],[1625.0,775.0],[1622.0,793.0],[1612.0,802.0],[1612.0,816.0],[1628.0,817.0],[1636.0,810.0],[1632.0,799.0],[1636.0,798.0],[1645.0,780.0],[1648.0,779.0],[1647.0,768.0],[1650.0,767.0],[1652.0,760.0],[1658.0,755.0],[1666.0,753.0],[1666.0,743.0],[1662.0,747.0]]],[[[1935.0,277.0],[1930.0,291.0],[1930.0,300.0],[1934.0,303.0],[1937.0,300.0],[1937.0,294.0],[1941.0,291.0],[1942.0,297.0],[1938.0,301.0],[1939.0,310.0],[1946.0,311.0],[1947.0,309.0],[1950.0,310.0],[1950.0,308.0],[1955.0,309.0],[1958.0,306.0],[1960.0,315.0],[1968.0,321.0],[1973.0,316.0],[1979.0,315.0],[1979.0,308.0],[1973.0,310.0],[1973.0,314.0],[1969.0,311.0],[1975.0,307.0],[1974.0,304.0],[1967.0,306.0],[1964.0,299.0],[1960.0,301.0],[1958.0,297.0],[1955.0,300.0],[1948.0,298.0],[1954.0,292.0],[1960.0,291.0],[1960.0,288.0],[1956.0,286.0],[1957.0,282.0],[1955.0,279.0],[1952.0,280.0],[1946.0,274.0],[1940.0,274.0],[1935.0,277.0]]],[[[1925.0,306.0],[1920.0,313.0],[1925.0,314.0],[1924.0,319.0],[1927.0,323.0],[1927.0,328.0],[1934.0,331.0],[1940.0,330.0],[1941.0,327.0],[1933.0,328.0],[1933.0,326.0],[1939.0,325.0],[1936.0,312.0],[1930.0,306.0],[1925.0,306.0]]],[[[1955.0,328.0],[1952.0,330.0],[1954.0,342.0],[1958.0,340.0],[1958.0,331.0],[1962.0,327.0],[1958.0,325.0],[1950.0,326.0],[1955.0,328.0]]],[[[1664.0,483.0],[1660.0,490.0],[1658.0,503.0],[1665.0,502.0],[1664.0,493.0],[1670.0,480.0],[1667.0,478.0],[1667.0,483.0],[1664.0,483.0]]],[[[1647.0,446.0],[1641.0,448.0],[1641.0,457.0],[1644.0,457.0],[1640.0,462.0],[1643.0,477.0],[1639.0,468.0],[1633.0,472.0],[1636.0,467.0],[1633.0,468.0],[1627.0,461.0],[1624.0,450.0],[1622.0,450.0],[1622.0,454.0],[1619.0,457.0],[1623.0,461.0],[1624.0,466.0],[1618.0,466.0],[1620.0,471.0],[1618.0,475.0],[1613.0,463.0],[1609.0,464.0],[1609.0,471.0],[1605.0,470.0],[1605.0,475.0],[1607.0,476.0],[1608.0,486.0],[1615.0,491.0],[1619.0,490.0],[1619.0,484.0],[1623.0,481.0],[1624.0,485.0],[1627.0,484.0],[1627.0,493.0],[1632.0,493.0],[1633.0,497.0],[1630.0,495.0],[1624.0,497.0],[1624.0,503.0],[1628.0,510.0],[1632.0,510.0],[1629.0,513.0],[1630.0,519.0],[1636.0,518.0],[1632.0,523.0],[1645.0,523.0],[1646.0,520.0],[1649.0,522.0],[1648.0,532.0],[1650.0,533.0],[1657.0,524.0],[1656.0,522.0],[1657.0,518.0],[1659.0,528.0],[1669.0,529.0],[1660.0,532.0],[1652.0,543.0],[1651.0,549.0],[1659.0,549.0],[1668.0,540.0],[1673.0,539.0],[1675.0,533.0],[1684.0,531.0],[1690.0,520.0],[1684.0,519.0],[1682.0,516.0],[1668.0,519.0],[1667.0,514.0],[1664.0,514.0],[1661.0,510.0],[1655.0,510.0],[1659.0,508.0],[1658.0,505.0],[1650.0,505.0],[1655.0,503.0],[1654.0,494.0],[1656.0,489.0],[1653.0,488.0],[1658.0,480.0],[1660.0,458.0],[1652.0,442.0],[1649.0,442.0],[1647.0,446.0]],[[1634.0,497.0],[1636.0,499.0],[1637.0,503.0],[1634.0,501.0],[1634.0,497.0]],[[1651.0,489.0],[1652.0,490.0],[1651.0,490.0],[1651.0,489.0]],[[1670.0,528.0],[1671.0,529.0],[1670.0,529.0],[1670.0,528.0]]],[[[1789.0,325.0],[1784.0,338.0],[1776.0,341.0],[1776.0,346.0],[1780.0,351.0],[1774.0,352.0],[1774.0,356.0],[1778.0,356.0],[1777.0,359.0],[1779.0,361.0],[1776.0,361.0],[1770.0,355.0],[1766.0,364.0],[1769.0,377.0],[1772.0,380.0],[1778.0,379.0],[1782.0,382.0],[1777.0,384.0],[1774.0,381.0],[1770.0,381.0],[1767.0,377.0],[1752.0,379.0],[1748.0,374.0],[1745.0,374.0],[1747.0,387.0],[1753.0,394.0],[1749.0,394.0],[1750.0,397.0],[1747.0,404.0],[1740.0,404.0],[1740.0,400.0],[1738.0,398.0],[1735.0,399.0],[1735.0,408.0],[1739.0,409.0],[1743.0,418.0],[1750.0,422.0],[1750.0,427.0],[1747.0,427.0],[1747.0,429.0],[1755.0,437.0],[1756.0,444.0],[1754.0,438.0],[1745.0,429.0],[1740.0,429.0],[1737.0,423.0],[1734.0,423.0],[1733.0,426.0],[1739.0,430.0],[1744.0,439.0],[1732.0,427.0],[1729.0,427.0],[1727.0,433.0],[1723.0,434.0],[1719.0,429.0],[1720.0,423.0],[1715.0,421.0],[1711.0,427.0],[1715.0,436.0],[1713.0,442.0],[1710.0,441.0],[1711.0,444.0],[1709.0,444.0],[1707.0,441.0],[1709.0,429.0],[1704.0,426.0],[1697.0,429.0],[1694.0,445.0],[1700.0,447.0],[1703.0,454.0],[1700.0,455.0],[1698.0,451.0],[1693.0,452.0],[1690.0,460.0],[1694.0,462.0],[1698.0,477.0],[1705.0,476.0],[1710.0,479.0],[1710.0,482.0],[1699.0,480.0],[1698.0,483.0],[1691.0,472.0],[1685.0,469.0],[1679.0,483.0],[1679.0,488.0],[1683.0,490.0],[1681.0,492.0],[1680.0,504.0],[1689.0,505.0],[1697.0,498.0],[1698.0,502.0],[1695.0,504.0],[1701.0,507.0],[1711.0,499.0],[1711.0,503.0],[1708.0,506.0],[1698.0,509.0],[1691.0,507.0],[1685.0,512.0],[1685.0,516.0],[1691.0,516.0],[1694.0,519.0],[1703.0,518.0],[1705.0,515.0],[1709.0,516.0],[1703.0,519.0],[1703.0,523.0],[1708.0,530.0],[1704.0,530.0],[1701.0,523.0],[1695.0,521.0],[1689.0,525.0],[1690.0,529.0],[1684.0,534.0],[1684.0,538.0],[1691.0,541.0],[1693.0,546.0],[1704.0,546.0],[1705.0,549.0],[1702.0,547.0],[1700.0,549.0],[1691.0,547.0],[1687.0,541.0],[1678.0,541.0],[1671.0,550.0],[1674.0,553.0],[1679.0,553.0],[1678.0,559.0],[1683.0,563.0],[1684.0,562.0],[1691.0,563.0],[1680.0,564.0],[1677.0,562.0],[1675.0,555.0],[1671.0,554.0],[1665.0,557.0],[1662.0,565.0],[1659.0,567.0],[1661.0,571.0],[1655.0,571.0],[1657.0,573.0],[1669.0,574.0],[1665.0,578.0],[1668.0,581.0],[1672.0,578.0],[1675.0,580.0],[1671.0,582.0],[1659.0,581.0],[1658.0,586.0],[1661.0,589.0],[1656.0,590.0],[1653.0,588.0],[1655.0,594.0],[1648.0,587.0],[1643.0,589.0],[1628.0,587.0],[1622.0,591.0],[1625.0,599.0],[1634.0,598.0],[1638.0,601.0],[1646.0,602.0],[1648.0,605.0],[1664.0,602.0],[1671.0,608.0],[1678.0,608.0],[1670.0,609.0],[1664.0,604.0],[1655.0,606.0],[1659.0,609.0],[1656.0,614.0],[1657.0,625.0],[1655.0,630.0],[1661.0,636.0],[1670.0,632.0],[1686.0,618.0],[1690.0,618.0],[1695.0,612.0],[1704.0,610.0],[1706.0,604.0],[1711.0,603.0],[1714.0,599.0],[1716.0,601.0],[1709.0,605.0],[1705.0,611.0],[1710.0,615.0],[1724.0,615.0],[1715.0,617.0],[1699.0,616.0],[1696.0,618.0],[1697.0,621.0],[1684.0,633.0],[1686.0,636.0],[1693.0,634.0],[1696.0,636.0],[1686.0,638.0],[1682.0,635.0],[1678.0,644.0],[1683.0,640.0],[1684.0,647.0],[1689.0,646.0],[1700.0,650.0],[1704.0,645.0],[1706.0,644.0],[1708.0,645.0],[1699.0,652.0],[1694.0,652.0],[1687.0,648.0],[1677.0,648.0],[1669.0,656.0],[1668.0,660.0],[1675.0,661.0],[1665.0,661.0],[1662.0,666.0],[1659.0,675.0],[1667.0,673.0],[1668.0,676.0],[1663.0,677.0],[1655.0,689.0],[1656.0,691.0],[1661.0,686.0],[1664.0,686.0],[1658.0,693.0],[1658.0,698.0],[1661.0,698.0],[1670.0,688.0],[1675.0,688.0],[1697.0,667.0],[1701.0,668.0],[1696.0,669.0],[1687.0,680.0],[1698.0,680.0],[1702.0,676.0],[1726.0,676.0],[1730.0,672.0],[1754.0,672.0],[1758.0,676.0],[1766.0,676.0],[1771.0,680.0],[1787.0,663.0],[1775.0,662.0],[1787.0,660.0],[1798.0,648.0],[1810.0,648.0],[1814.0,644.0],[1822.0,644.0],[1842.0,632.0],[1858.0,632.0],[1862.0,636.0],[1914.0,636.0],[1918.0,640.0],[1942.0,640.0],[1946.0,644.0],[1951.0,645.0],[1961.0,636.0],[1965.0,630.0],[1967.0,618.0],[1982.0,601.0],[1980.0,598.0],[1981.0,592.0],[1993.0,570.0],[2004.0,563.0],[2007.0,557.0],[2015.0,551.0],[2013.0,527.0],[2008.0,521.0],[2007.0,516.0],[2002.0,516.0],[2002.0,512.0],[1991.0,510.0],[1987.0,513.0],[1982.0,513.0],[1978.0,509.0],[1974.0,512.0],[1972.0,510.0],[1967.0,512.0],[1961.0,508.0],[1957.0,510.0],[1956.0,507.0],[1949.0,504.0],[1941.0,504.0],[1940.0,501.0],[1930.0,499.0],[1912.0,502.0],[1898.0,491.0],[1888.0,488.0],[1880.0,489.0],[1879.0,493.0],[1875.0,496.0],[1869.0,494.0],[1870.0,498.0],[1866.0,498.0],[1868.0,494.0],[1863.0,494.0],[1848.0,502.0],[1839.0,499.0],[1829.0,499.0],[1831.0,504.0],[1820.0,508.0],[1818.0,511.0],[1812.0,510.0],[1816.0,505.0],[1812.0,501.0],[1819.0,502.0],[1820.0,499.0],[1826.0,499.0],[1826.0,496.0],[1837.0,487.0],[1837.0,484.0],[1826.0,487.0],[1823.0,483.0],[1820.0,483.0],[1809.0,488.0],[1805.0,493.0],[1800.0,494.0],[1803.0,489.0],[1812.0,485.0],[1814.0,481.0],[1827.0,481.0],[1834.0,476.0],[1838.0,478.0],[1836.0,482.0],[1841.0,483.0],[1861.0,465.0],[1861.0,461.0],[1852.0,467.0],[1847.0,467.0],[1848.0,464.0],[1845.0,461.0],[1838.0,464.0],[1833.0,459.0],[1831.0,461.0],[1827.0,455.0],[1818.0,455.0],[1814.0,445.0],[1819.0,453.0],[1828.0,453.0],[1832.0,457.0],[1837.0,455.0],[1843.0,457.0],[1846.0,450.0],[1844.0,446.0],[1840.0,445.0],[1840.0,441.0],[1846.0,446.0],[1847.0,443.0],[1853.0,440.0],[1859.0,440.0],[1864.0,432.0],[1873.0,430.0],[1893.0,419.0],[1905.0,406.0],[1923.0,401.0],[1933.0,390.0],[1935.0,383.0],[1938.0,382.0],[1938.0,378.0],[1933.0,377.0],[1933.0,372.0],[1942.0,363.0],[1946.0,354.0],[1935.0,353.0],[1933.0,349.0],[1929.0,348.0],[1921.0,349.0],[1920.0,344.0],[1915.0,346.0],[1915.0,349.0],[1919.0,352.0],[1918.0,355.0],[1914.0,355.0],[1912.0,352.0],[1904.0,353.0],[1902.0,348.0],[1892.0,348.0],[1886.0,352.0],[1874.0,353.0],[1865.0,350.0],[1863.0,346.0],[1861.0,350.0],[1847.0,350.0],[1845.0,353.0],[1842.0,349.0],[1835.0,350.0],[1824.0,360.0],[1827.0,353.0],[1831.0,350.0],[1831.0,346.0],[1826.0,341.0],[1820.0,340.0],[1816.0,348.0],[1811.0,349.0],[1809.0,353.0],[1802.0,356.0],[1807.0,348.0],[1812.0,346.0],[1813.0,341.0],[1808.0,337.0],[1807.0,333.0],[1802.0,341.0],[1802.0,333.0],[1795.0,327.0],[1789.0,325.0]],[[1780.0,351.0],[1781.0,352.0],[1780.0,352.0],[1780.0,351.0]],[[1778.0,384.0],[1779.0,385.0],[1778.0,385.0],[1778.0,384.0]],[[1779.0,385.0],[1780.0,387.0],[1779.0,387.0],[1779.0,385.0]],[[1744.0,439.0],[1745.0,440.0],[1744.0,440.0],[1744.0,439.0]],[[1716.0,599.0],[1717.0,598.0],[1717.0,599.0],[1716.0,599.0]],[[1701.0,666.0],[1708.0,662.0],[1710.0,663.0],[1708.0,666.0],[1701.0,666.0]],[[1802.0,341.0],[1801.0,343.0],[1801.0,341.0],[1802.0,341.0]],[[1795.0,396.0],[1812.0,413.0],[1816.0,420.0],[1815.0,424.0],[1809.0,413.0],[1795.0,396.0]],[[1716.0,451.0],[1725.0,462.0],[1729.0,470.0],[1720.0,459.0],[1714.0,457.0],[1713.0,452.0],[1716.0,451.0]],[[1801.0,527.0],[1796.0,528.0],[1801.0,524.0],[1801.0,527.0]],[[1796.0,529.0],[1795.0,530.0],[1795.0,529.0],[1796.0,529.0]],[[1795.0,531.0],[1782.0,545.0],[1777.0,546.0],[1791.0,531.0],[1795.0,531.0]],[[1777.0,546.0],[1776.0,547.0],[1776.0,546.0],[1777.0,546.0]],[[1776.0,548.0],[1771.0,553.0],[1766.0,556.0],[1766.0,553.0],[1774.0,547.0],[1776.0,548.0]],[[1747.0,573.0],[1742.0,579.0],[1734.0,583.0],[1745.0,572.0],[1747.0,573.0]],[[1691.0,584.0],[1690.0,585.0],[1690.0,584.0],[1691.0,584.0]],[[1690.0,586.0],[1673.0,596.0],[1667.0,596.0],[1688.0,585.0],[1690.0,586.0]],[[1667.0,595.0],[1666.0,594.0],[1667.0,594.0],[1667.0,595.0]],[[1663.0,589.0],[1662.0,590.0],[1662.0,589.0],[1663.0,589.0]],[[1787.0,599.0],[1786.0,600.0],[1786.0,599.0],[1787.0,599.0]],[[1785.0,600.0],[1785.0,602.0],[1783.0,604.0],[1785.0,600.0]],[[1783.0,606.0],[1776.0,612.0],[1771.0,619.0],[1771.0,615.0],[1782.0,604.0],[1783.0,606.0]],[[1791.0,631.0],[1780.0,631.0],[1771.0,628.0],[1790.0,629.0],[1791.0,631.0]],[[1698.0,634.0],[1697.0,635.0],[1697.0,634.0],[1698.0,634.0]],[[1713.0,637.0],[1712.0,638.0],[1712.0,637.0],[1713.0,637.0]],[[1712.0,638.0],[1711.0,639.0],[1711.0,638.0],[1712.0,638.0]],[[1711.0,639.0],[1710.0,641.0],[1710.0,639.0],[1711.0,639.0]],[[1710.0,641.0],[1709.0,642.0],[1709.0,641.0],[1710.0,641.0]],[[1709.0,642.0],[1708.0,643.0],[1708.0,642.0],[1709.0,642.0]]],[[[1654.0,651.0],[1659.0,651.0],[1658.0,645.0],[1661.0,647.0],[1661.0,643.0],[1659.0,643.0],[1658.0,637.0],[1653.0,635.0],[1652.0,647.0],[1654.0,647.0],[1654.0,651.0]]],[[[1657.0,698.0],[1641.0,713.0],[1641.0,716.0],[1658.0,701.0],[1657.0,698.0]]],[[[1660.0,764.0],[1654.0,774.0],[1656.0,783.0],[1654.0,796.0],[1661.0,804.0],[1670.0,806.0],[1676.0,796.0],[1676.0,790.0],[1671.0,779.0],[1674.0,764.0],[1668.0,760.0],[1660.0,764.0]],[[1666.0,762.0],[1667.0,763.0],[1666.0,763.0],[1666.0,762.0]]],[[[2166.0,52.0],[2166.0,58.0],[2163.0,60.0],[2161.0,70.0],[2170.0,73.0],[2170.0,66.0],[2174.0,63.0],[2175.0,57.0],[2178.0,56.0],[2179.0,49.0],[2175.0,47.0],[2172.0,52.0],[2172.0,47.0],[2170.0,47.0],[2169.0,51.0],[2166.0,52.0]],[[2172.0,52.0],[2171.0,53.0],[2171.0,52.0],[2172.0,52.0]],[[2169.0,53.0],[2170.0,54.0],[2169.0,55.0],[2169.0,53.0]]],[[[2149.0,65.0],[2148.0,79.0],[2146.0,78.0],[2147.0,73.0],[2144.0,73.0],[2142.0,80.0],[2141.0,93.0],[2145.0,98.0],[2146.0,96.0],[2152.0,97.0],[2151.0,89.0],[2154.0,88.0],[2154.0,83.0],[2152.0,83.0],[2151.0,80.0],[2155.0,80.0],[2153.0,72.0],[2156.0,76.0],[2159.0,74.0],[2159.0,62.0],[2153.0,63.0],[2152.0,61.0],[2149.0,65.0]],[[2146.0,96.0],[2145.0,95.0],[2146.0,95.0],[2146.0,96.0]]],[[[2161.0,79.0],[2166.0,89.0],[2165.0,86.0],[2168.0,86.0],[2172.0,89.0],[2174.0,83.0],[2170.0,83.0],[2170.0,80.0],[2161.0,79.0]]],[[[2152.0,116.0],[2147.0,123.0],[2151.0,123.0],[2157.0,116.0],[2152.0,116.0]]],[[[2132.0,79.0],[2129.0,76.0],[2124.0,76.0],[2124.0,81.0],[2118.0,85.0],[2124.0,92.0],[2120.0,92.0],[2117.0,89.0],[2116.0,83.0],[2113.0,84.0],[2112.0,89.0],[2107.0,91.0],[2107.0,94.0],[2111.0,94.0],[2111.0,92.0],[2116.0,94.0],[2115.0,98.0],[2119.0,95.0],[2118.0,103.0],[2122.0,105.0],[2120.0,110.0],[2125.0,110.0],[2124.0,113.0],[2128.0,115.0],[2122.0,118.0],[2121.0,126.0],[2117.0,119.0],[2113.0,126.0],[2112.0,120.0],[2108.0,120.0],[2105.0,123.0],[2103.0,119.0],[2098.0,119.0],[2095.0,122.0],[2096.0,130.0],[2099.0,134.0],[2105.0,132.0],[2105.0,135.0],[2107.0,135.0],[2109.0,131.0],[2110.0,136.0],[2106.0,136.0],[2105.0,140.0],[2110.0,145.0],[2112.0,141.0],[2115.0,141.0],[2115.0,137.0],[2119.0,139.0],[2116.0,130.0],[2120.0,132.0],[2120.0,138.0],[2126.0,133.0],[2121.0,142.0],[2124.0,143.0],[2122.0,147.0],[2124.0,149.0],[2123.0,155.0],[2115.0,170.0],[2115.0,174.0],[2113.0,173.0],[2114.0,177.0],[2109.0,183.0],[2110.0,186.0],[2115.0,187.0],[2113.0,191.0],[2115.0,190.0],[2116.0,193.0],[2121.0,172.0],[2125.0,174.0],[2125.0,166.0],[2129.0,165.0],[2127.0,161.0],[2129.0,157.0],[2127.0,155.0],[2135.0,150.0],[2134.0,154.0],[2138.0,157.0],[2141.0,150.0],[2139.0,145.0],[2135.0,145.0],[2135.0,148.0],[2133.0,147.0],[2134.0,143.0],[2131.0,144.0],[2133.0,141.0],[2132.0,139.0],[2133.0,136.0],[2130.0,135.0],[2133.0,134.0],[2133.0,130.0],[2134.0,134.0],[2141.0,132.0],[2137.0,131.0],[2137.0,128.0],[2143.0,124.0],[2137.0,121.0],[2137.0,119.0],[2145.0,118.0],[2146.0,114.0],[2143.0,113.0],[2141.0,115.0],[2141.0,113.0],[2149.0,106.0],[2143.0,107.0],[2139.0,113.0],[2139.0,109.0],[2138.0,110.0],[2134.0,109.0],[2137.0,106.0],[2140.0,107.0],[2139.0,98.0],[2136.0,96.0],[2134.0,99.0],[2133.0,97.0],[2130.0,98.0],[2134.0,104.0],[2128.0,104.0],[2125.0,109.0],[2123.0,108.0],[2131.0,96.0],[2128.0,96.0],[2128.0,94.0],[2130.0,92.0],[2129.0,87.0],[2134.0,80.0],[2134.0,73.0],[2132.0,79.0]],[[2128.0,116.0],[2130.0,117.0],[2128.0,117.0],[2128.0,116.0]],[[2108.0,121.0],[2109.0,122.0],[2108.0,122.0],[2108.0,121.0]],[[2114.0,177.0],[2115.0,178.0],[2114.0,178.0],[2114.0,177.0]],[[2131.0,144.0],[2130.0,145.0],[2130.0,144.0],[2131.0,144.0]],[[2132.0,139.0],[2131.0,140.0],[2131.0,139.0],[2132.0,139.0]]],[[[1972.0,246.0],[1962.0,248.0],[1965.0,259.0],[1969.0,259.0],[1968.0,256.0],[1970.0,256.0],[1976.0,262.0],[1974.0,266.0],[1979.0,264.0],[1976.0,261.0],[1975.0,255.0],[1968.0,252.0],[1971.0,251.0],[1972.0,246.0]]],[[[1997.0,265.0],[1988.0,272.0],[1988.0,275.0],[1995.0,269.0],[2003.0,269.0],[2004.0,272.0],[2008.0,265.0],[2014.0,265.0],[2014.0,260.0],[2009.0,264.0],[2006.0,263.0],[2001.0,266.0],[1999.0,264.0],[2004.0,262.0],[2004.0,260.0],[1997.0,261.0],[1997.0,265.0]]],[[[1981.0,273.0],[1976.0,276.0],[1978.0,276.0],[1979.0,282.0],[1982.0,282.0],[1982.0,274.0],[1986.0,270.0],[1983.0,267.0],[1984.0,265.0],[1981.0,266.0],[1981.0,273.0]]],[[[1954.0,271.0],[1956.0,279.0],[1962.0,281.0],[1967.0,272.0],[1960.0,272.0],[1960.0,269.0],[1956.0,269.0],[1954.0,271.0]]],[[[1987.0,288.0],[1985.0,292.0],[1991.0,289.0],[1992.0,294.0],[1998.0,294.0],[1997.0,288.0],[1994.0,288.0],[1995.0,283.0],[1993.0,281.0],[1989.0,281.0],[1991.0,288.0],[1987.0,288.0]]]]}},{"type":"Feature","properties":{"id":"prov_holland","index":79,"name":"Hollande et Z\u00e9lande","owner":"fac_hainaut","centroid":[2487.5,1470.8],"capital_px":[2483.7,1488.6],"neighbors":["prov_brabant","prov_frisia","prov_gueldre","prov_utrecht"],"sea_neighbors":["prov_flandre"],"area_px":21572},"geometry":{"type":"MultiPolygon","coordinates":[[[[2514.0,1277.0],[2500.0,1296.0],[2499.0,1302.0],[2503.0,1307.0],[2507.0,1306.0],[2519.0,1292.0],[2517.0,1291.0],[2519.0,1289.0],[2518.0,1278.0],[2514.0,1277.0]]],[[[2501.0,1311.0],[2498.0,1327.0],[2493.0,1335.0],[2489.0,1349.0],[2483.0,1381.0],[2472.0,1408.0],[2452.0,1436.0],[2434.0,1455.0],[2431.0,1457.0],[2421.0,1457.0],[2423.0,1465.0],[2422.0,1474.0],[2425.0,1480.0],[2422.0,1481.0],[2421.0,1479.0],[2414.0,1478.0],[2405.0,1481.0],[2405.0,1486.0],[2417.0,1484.0],[2422.0,1490.0],[2423.0,1499.0],[2432.0,1503.0],[2426.0,1507.0],[2426.0,1512.0],[2429.0,1515.0],[2434.0,1515.0],[2435.0,1519.0],[2424.0,1515.0],[2414.0,1517.0],[2414.0,1519.0],[2422.0,1527.0],[2429.0,1527.0],[2432.0,1530.0],[2438.0,1531.0],[2442.0,1536.0],[2441.0,1542.0],[2423.0,1541.0],[2420.0,1531.0],[2416.0,1527.0],[2402.0,1523.0],[2405.0,1521.0],[2405.0,1517.0],[2401.0,1513.0],[2371.0,1514.0],[2363.0,1518.0],[2361.0,1523.0],[2369.0,1535.0],[2374.0,1537.0],[2383.0,1536.0],[2395.0,1547.0],[2403.0,1546.0],[2407.0,1539.0],[2410.0,1538.0],[2414.0,1539.0],[2422.0,1547.0],[2434.0,1548.0],[2436.0,1546.0],[2436.0,1552.0],[2474.0,1552.0],[2478.0,1556.0],[2554.0,1556.0],[2558.0,1560.0],[2575.0,1560.0],[2576.0,1558.0],[2564.0,1538.0],[2564.0,1522.0],[2560.0,1518.0],[2560.0,1498.0],[2556.0,1494.0],[2556.0,1482.0],[2552.0,1478.0],[2552.0,1473.0],[2550.0,1472.0],[2545.0,1475.0],[2542.0,1472.0],[2526.0,1472.0],[2522.0,1468.0],[2506.0,1468.0],[2504.0,1466.0],[2504.0,1438.0],[2508.0,1434.0],[2508.0,1426.0],[2514.0,1421.0],[2516.0,1414.0],[2521.0,1409.0],[2517.0,1403.0],[2522.0,1403.0],[2529.0,1395.0],[2526.0,1392.0],[2529.0,1381.0],[2525.0,1365.0],[2526.0,1363.0],[2532.0,1363.0],[2534.0,1366.0],[2540.0,1365.0],[2546.0,1360.0],[2547.0,1356.0],[2551.0,1355.0],[2551.0,1349.0],[2545.0,1345.0],[2539.0,1348.0],[2535.0,1344.0],[2535.0,1328.0],[2530.0,1319.0],[2535.0,1316.0],[2534.0,1314.0],[2523.0,1317.0],[2519.0,1321.0],[2511.0,1321.0],[2508.0,1319.0],[2509.0,1311.0],[2501.0,1311.0]]],[[[2389.0,1493.0],[2386.0,1497.0],[2387.0,1502.0],[2394.0,1502.0],[2398.0,1499.0],[2405.0,1505.0],[2408.0,1511.0],[2413.0,1513.0],[2425.0,1510.0],[2425.0,1506.0],[2420.0,1504.0],[2412.0,1494.0],[2401.0,1492.0],[2389.0,1493.0]]]]}},{"type":"Feature","properties":{"id":"prov_holstein","index":80,"name":"Holstein et L\u00fcbeck","owner":"fac_holstein","centroid":[2991.6,1186.6],"capital_px":[3055.3,1189.2],"neighbors":["prov_brandenburg","prov_brunswick","prov_jutland","prov_lower_saxony","prov_mecklenburg","prov_sjaelland"],"sea_neighbors":[],"area_px":37184},"geometry":{"type":"MultiPolygon","coordinates":[[[[3103.0,1045.0],[3092.0,1049.0],[3090.0,1052.0],[3101.0,1055.0],[3122.0,1070.0],[3132.0,1066.0],[3128.0,1061.0],[3107.0,1047.0],[3103.0,1045.0]]],[[[3088.0,1087.0],[3084.0,1092.0],[3083.0,1098.0],[3092.0,1098.0],[3093.0,1104.0],[3099.0,1104.0],[3099.0,1102.0],[3111.0,1103.0],[3102.0,1088.0],[3095.0,1085.0],[3088.0,1087.0]]],[[[2978.0,1060.0],[2970.0,1068.0],[2966.0,1068.0],[2946.0,1080.0],[2938.0,1080.0],[2926.0,1088.0],[2918.0,1088.0],[2906.0,1096.0],[2903.0,1095.0],[2891.0,1104.0],[2876.0,1104.0],[2872.0,1109.0],[2875.0,1112.0],[2866.0,1114.0],[2866.0,1120.0],[2872.0,1126.0],[2877.0,1122.0],[2880.0,1123.0],[2888.0,1121.0],[2894.0,1122.0],[2898.0,1119.0],[2895.0,1126.0],[2887.0,1128.0],[2888.0,1133.0],[2885.0,1137.0],[2888.0,1148.0],[2899.0,1145.0],[2899.0,1149.0],[2903.0,1152.0],[2901.0,1164.0],[2897.0,1164.0],[2894.0,1161.0],[2886.0,1162.0],[2893.0,1178.0],[2901.0,1185.0],[2902.0,1183.0],[2923.0,1185.0],[2934.0,1194.0],[2937.0,1194.0],[2940.0,1207.0],[2950.0,1213.0],[2952.0,1227.0],[2962.0,1234.0],[2973.0,1235.0],[2977.0,1239.0],[2966.0,1238.0],[2954.0,1232.0],[2947.0,1223.0],[2945.0,1216.0],[2937.0,1208.0],[2927.0,1189.0],[2909.0,1189.0],[2903.0,1191.0],[2903.0,1193.0],[2886.0,1194.0],[2878.0,1191.0],[2873.0,1185.0],[2867.0,1184.0],[2862.0,1188.0],[2857.0,1204.0],[2862.0,1204.0],[2866.0,1208.0],[2874.0,1208.0],[2878.0,1212.0],[2886.0,1212.0],[2890.0,1216.0],[2894.0,1216.0],[2915.0,1238.0],[2926.0,1240.0],[2930.0,1244.0],[2945.0,1250.0],[2983.0,1290.0],[2993.0,1294.0],[3002.0,1303.0],[3005.0,1312.0],[3022.0,1312.0],[3026.0,1308.0],[3030.0,1308.0],[3050.0,1320.0],[3067.0,1320.0],[3070.0,1316.0],[3074.0,1316.0],[3077.0,1313.0],[3076.0,1306.0],[3072.0,1302.0],[3072.0,1286.0],[3068.0,1282.0],[3068.0,1270.0],[3072.0,1266.0],[3072.0,1258.0],[3076.0,1254.0],[3076.0,1246.0],[3080.0,1242.0],[3080.0,1234.0],[3084.0,1230.0],[3084.0,1222.0],[3092.0,1210.0],[3092.0,1202.0],[3096.0,1198.0],[3096.0,1194.0],[3104.0,1190.0],[3108.0,1177.0],[3106.0,1176.0],[3106.0,1170.0],[3103.0,1170.0],[3101.0,1165.0],[3089.0,1166.0],[3080.0,1170.0],[3077.0,1174.0],[3073.0,1174.0],[3073.0,1169.0],[3065.0,1168.0],[3061.0,1160.0],[3066.0,1153.0],[3075.0,1152.0],[3080.0,1145.0],[3090.0,1139.0],[3092.0,1131.0],[3089.0,1113.0],[3095.0,1108.0],[3092.0,1107.0],[3087.0,1111.0],[3077.0,1109.0],[3063.0,1120.0],[3055.0,1120.0],[3048.0,1112.0],[3032.0,1106.0],[3025.0,1100.0],[3020.0,1100.0],[3019.0,1103.0],[3012.0,1105.0],[3011.0,1112.0],[3006.0,1118.0],[3006.0,1111.0],[3010.0,1108.0],[3009.0,1099.0],[3011.0,1098.0],[3007.0,1093.0],[3001.0,1092.0],[2985.0,1097.0],[2978.0,1095.0],[2989.0,1091.0],[2994.0,1086.0],[2996.0,1065.0],[2986.0,1064.0],[2989.0,1062.0],[2988.0,1060.0],[2978.0,1060.0]],[[3036.0,1118.0],[3036.0,1122.0],[3028.0,1121.0],[3028.0,1117.0],[3036.0,1118.0]],[[3025.0,1144.0],[3033.0,1144.0],[3031.0,1154.0],[3029.0,1154.0],[3028.0,1148.0],[3023.0,1148.0],[3025.0,1144.0]],[[3072.0,1176.0],[3078.0,1181.0],[3077.0,1184.0],[3074.0,1181.0],[3069.0,1183.0],[3072.0,1176.0]],[[3069.0,1183.0],[3062.0,1185.0],[3060.0,1183.0],[3069.0,1183.0]],[[3080.0,1219.0],[3080.0,1233.0],[3077.0,1236.0],[3076.0,1227.0],[3073.0,1224.0],[3078.0,1224.0],[3080.0,1219.0]]]]}},{"type":"Feature","properties":{"id":"prov_ile_de_france","index":81,"name":"\u00cele-de-France","owner":"fac_france","centroid":[2207.2,1933.0],"capital_px":[2213.3,1924.0],"neighbors":["prov_champagne","prov_evreux","prov_normandie","prov_orleanais","prov_picardie","prov_valois"],"sea_neighbors":[],"area_px":16368},"geometry":{"type":"Polygon","coordinates":[[[2173.0,1860.0],[2168.0,1866.0],[2162.0,1881.0],[2150.0,1891.0],[2148.0,1898.0],[2140.0,1906.0],[2134.0,1921.0],[2112.0,1942.0],[2129.0,1950.0],[2138.0,1960.0],[2153.0,1966.0],[2174.0,1988.0],[2178.0,1988.0],[2182.0,1992.0],[2190.0,1992.0],[2202.0,2000.0],[2218.0,2000.0],[2222.0,2004.0],[2230.0,2004.0],[2234.0,2008.0],[2239.0,2008.0],[2247.0,1998.0],[2258.0,1996.0],[2262.0,1992.0],[2269.0,1990.0],[2272.0,1986.0],[2272.0,1966.0],[2276.0,1962.0],[2276.0,1958.0],[2280.0,1954.0],[2280.0,1946.0],[2284.0,1942.0],[2284.0,1926.0],[2288.0,1922.0],[2288.0,1913.0],[2270.0,1912.0],[2265.0,1906.0],[2255.0,1902.0],[2248.0,1894.0],[2248.0,1890.0],[2240.0,1878.0],[2240.0,1869.0],[2226.0,1860.0],[2173.0,1860.0]]]}},{"type":"Feature","properties":{"id":"prov_isles","index":82,"name":"Seigneurie des \u00celes","owner":"fac_isles","centroid":[1640.5,630.0],"capital_px":[1587.8,729.8],"neighbors":["prov_highlands"],"sea_neighbors":["prov_renfrew","prov_ulster"],"area_px":3834},"geometry":{"type":"MultiPolygon","coordinates":[[[[1599.0,591.0],[1590.0,595.0],[1584.0,602.0],[1579.0,603.0],[1579.0,607.0],[1581.0,605.0],[1587.0,606.0],[1594.0,600.0],[1598.0,600.0],[1603.0,592.0],[1599.0,591.0]]],[[[1573.0,607.0],[1552.0,609.0],[1552.0,616.0],[1559.0,618.0],[1561.0,615.0],[1566.0,615.0],[1567.0,612.0],[1575.0,611.0],[1573.0,607.0]]],[[[1651.0,611.0],[1646.0,607.0],[1638.0,608.0],[1638.0,612.0],[1646.0,623.0],[1653.0,627.0],[1656.0,624.0],[1656.0,614.0],[1659.0,609.0],[1653.0,606.0],[1651.0,611.0]],[[1652.0,611.0],[1652.0,612.0],[1653.0,613.0],[1651.0,613.0],[1651.0,611.0],[1652.0,611.0]]],[[[1612.0,628.0],[1614.0,630.0],[1620.0,631.0],[1617.0,625.0],[1613.0,625.0],[1612.0,628.0]]],[[[1620.0,608.0],[1611.0,607.0],[1612.0,613.0],[1608.0,616.0],[1621.0,624.0],[1622.0,631.0],[1633.0,629.0],[1633.0,633.0],[1626.0,636.0],[1621.0,635.0],[1617.0,641.0],[1614.0,641.0],[1613.0,646.0],[1615.0,648.0],[1624.0,646.0],[1628.0,647.0],[1623.0,650.0],[1612.0,651.0],[1612.0,654.0],[1614.0,656.0],[1630.0,657.0],[1642.0,653.0],[1646.0,648.0],[1651.0,648.0],[1653.0,632.0],[1638.0,626.0],[1637.0,613.0],[1633.0,610.0],[1634.0,607.0],[1630.0,604.0],[1622.0,604.0],[1620.0,608.0]]],[[[1609.0,683.0],[1599.0,688.0],[1595.0,695.0],[1603.0,695.0],[1609.0,683.0]]],[[[1646.0,687.0],[1632.0,696.0],[1624.0,698.0],[1617.0,705.0],[1617.0,710.0],[1624.0,710.0],[1624.0,712.0],[1615.0,712.0],[1606.0,717.0],[1604.0,733.0],[1607.0,736.0],[1614.0,734.0],[1616.0,727.0],[1623.0,724.0],[1625.0,718.0],[1634.0,709.0],[1639.0,700.0],[1647.0,694.0],[1646.0,687.0]]],[[[1597.0,713.0],[1586.0,719.0],[1584.0,726.0],[1582.0,721.0],[1585.0,715.0],[1573.0,719.0],[1571.0,726.0],[1568.0,727.0],[1570.0,731.0],[1564.0,736.0],[1565.0,739.0],[1562.0,744.0],[1567.0,745.0],[1571.0,740.0],[1575.0,739.0],[1579.0,732.0],[1587.0,733.0],[1579.0,740.0],[1583.0,744.0],[1584.0,752.0],[1576.0,755.0],[1576.0,763.0],[1582.0,762.0],[1585.0,757.0],[1594.0,758.0],[1603.0,753.0],[1604.0,739.0],[1601.0,735.0],[1601.0,730.0],[1604.0,712.0],[1597.0,713.0]]]]}},{"type":"Feature","properties":{"id":"prov_julich","index":83,"name":"Juliers","owner":"fac_julich","centroid":[2630.8,1634.6],"capital_px":[2637.0,1636.0],"neighbors":["prov_cologne","prov_liege"],"sea_neighbors":[],"area_px":3480},"geometry":{"type":"Polygon","coordinates":[[[2605.0,1596.0],[2600.0,1602.0],[2600.0,1610.0],[2604.0,1614.0],[2604.0,1642.0],[2612.0,1654.0],[2612.0,1662.0],[2621.0,1666.0],[2631.0,1677.0],[2642.0,1676.0],[2646.0,1667.0],[2660.0,1654.0],[2660.0,1622.0],[2638.0,1600.0],[2610.0,1600.0],[2605.0,1596.0]]]}},{"type":"Feature","properties":{"id":"prov_jutland","index":84,"name":"Jutland","owner":"fac_holstein","centroid":[2937.2,841.8],"capital_px":[2883.2,961.9],"neighbors":["prov_holstein","prov_sjaelland"],"sea_neighbors":[],"area_px":68920},"geometry":{"type":"MultiPolygon","coordinates":[[[[2898.0,711.0],[2896.0,709.0],[2893.0,717.0],[2878.0,720.0],[2878.0,726.0],[2876.0,727.0],[2876.0,730.0],[2879.0,730.0],[2878.0,733.0],[2869.0,735.0],[2869.0,740.0],[2866.0,741.0],[2866.0,744.0],[2873.0,744.0],[2877.0,753.0],[2886.0,751.0],[2893.0,743.0],[2897.0,735.0],[2894.0,721.0],[2897.0,720.0],[2899.0,724.0],[2902.0,707.0],[2898.0,711.0]]],[[[2850.0,950.0],[2855.0,960.0],[2857.0,960.0],[2857.0,946.0],[2853.0,945.0],[2852.0,940.0],[2849.0,941.0],[2850.0,950.0]]],[[[2856.0,1000.0],[2861.0,1002.0],[2864.0,998.0],[2864.0,987.0],[2868.0,985.0],[2866.0,982.0],[2858.0,982.0],[2856.0,1000.0]]],[[[2849.0,1005.0],[2840.0,1026.0],[2838.0,1051.0],[2840.0,1051.0],[2841.0,1033.0],[2843.0,1031.0],[2847.0,1033.0],[2858.0,1031.0],[2846.0,1027.0],[2846.0,1015.0],[2853.0,1007.0],[2849.0,1005.0]]],[[[2855.0,1050.0],[2849.0,1057.0],[2853.0,1060.0],[2865.0,1060.0],[2866.0,1053.0],[2864.0,1051.0],[2855.0,1050.0]]],[[[2845.0,1057.0],[2839.0,1064.0],[2842.0,1069.0],[2844.0,1071.0],[2848.0,1070.0],[2843.0,1061.0],[2845.0,1057.0]]],[[[2875.0,1081.0],[2866.0,1086.0],[2867.0,1091.0],[2873.0,1090.0],[2875.0,1081.0]]],[[[2887.0,1089.0],[2886.0,1095.0],[2894.0,1095.0],[2898.0,1090.0],[2898.0,1086.0],[2890.0,1086.0],[2887.0,1089.0]]],[[[3078.0,654.0],[3078.0,656.0],[3071.0,657.0],[3067.0,662.0],[3064.0,662.0],[3068.0,667.0],[3072.0,667.0],[3076.0,673.0],[3079.0,673.0],[3084.0,665.0],[3082.0,658.0],[3093.0,658.0],[3092.0,652.0],[3078.0,654.0]]],[[[3121.0,750.0],[3127.0,753.0],[3131.0,746.0],[3122.0,747.0],[3121.0,750.0]]],[[[3039.0,588.0],[3021.0,605.0],[3011.0,611.0],[2989.0,613.0],[2972.0,637.0],[2957.0,667.0],[2948.0,676.0],[2934.0,682.0],[2905.0,679.0],[2900.0,685.0],[2894.0,687.0],[2876.0,684.0],[2861.0,702.0],[2844.0,729.0],[2843.0,737.0],[2848.0,739.0],[2851.0,750.0],[2859.0,754.0],[2868.0,766.0],[2873.0,762.0],[2872.0,751.0],[2867.0,753.0],[2857.0,751.0],[2859.0,749.0],[2867.0,750.0],[2867.0,747.0],[2863.0,747.0],[2864.0,735.0],[2873.0,729.0],[2875.0,720.0],[2881.0,710.0],[2889.0,710.0],[2895.0,706.0],[2895.0,703.0],[2898.0,703.0],[2900.0,706.0],[2906.0,700.0],[2910.0,699.0],[2910.0,701.0],[2913.0,701.0],[2918.0,696.0],[2930.0,704.0],[2947.0,697.0],[2960.0,696.0],[2963.0,692.0],[2969.0,695.0],[2976.0,688.0],[2985.0,695.0],[2972.0,695.0],[2966.0,698.0],[2960.0,709.0],[2956.0,708.0],[2957.0,704.0],[2947.0,700.0],[2932.0,704.0],[2932.0,707.0],[2925.0,712.0],[2922.0,718.0],[2922.0,722.0],[2925.0,723.0],[2922.0,735.0],[2924.0,740.0],[2928.0,742.0],[2927.0,748.0],[2922.0,750.0],[2922.0,754.0],[2933.0,750.0],[2935.0,758.0],[2932.0,772.0],[2939.0,771.0],[2939.0,774.0],[2936.0,773.0],[2934.0,777.0],[2929.0,771.0],[2931.0,761.0],[2920.0,760.0],[2920.0,758.0],[2918.0,760.0],[2920.0,764.0],[2916.0,764.0],[2914.0,771.0],[2911.0,770.0],[2911.0,762.0],[2915.0,758.0],[2915.0,754.0],[2922.0,749.0],[2915.0,733.0],[2910.0,735.0],[2903.0,734.0],[2894.0,744.0],[2894.0,747.0],[2900.0,749.0],[2891.0,750.0],[2886.0,759.0],[2880.0,761.0],[2882.0,767.0],[2886.0,769.0],[2885.0,782.0],[2883.0,784.0],[2875.0,784.0],[2872.0,780.0],[2870.0,768.0],[2867.0,773.0],[2864.0,773.0],[2857.0,767.0],[2849.0,767.0],[2847.0,772.0],[2847.0,764.0],[2843.0,764.0],[2842.0,759.0],[2839.0,759.0],[2842.0,751.0],[2841.0,747.0],[2833.0,764.0],[2831.0,831.0],[2828.0,839.0],[2828.0,855.0],[2831.0,858.0],[2832.0,840.0],[2844.0,845.0],[2847.0,854.0],[2846.0,860.0],[2851.0,865.0],[2853.0,872.0],[2849.0,878.0],[2834.0,886.0],[2835.0,875.0],[2832.0,860.0],[2830.0,859.0],[2834.0,899.0],[2825.0,927.0],[2834.0,930.0],[2845.0,939.0],[2844.0,935.0],[2838.0,932.0],[2840.0,930.0],[2838.0,924.0],[2846.0,922.0],[2844.0,926.0],[2855.0,941.0],[2869.0,943.0],[2872.0,947.0],[2874.0,960.0],[2873.0,976.0],[2876.0,991.0],[2872.0,1002.0],[2874.0,1027.0],[2871.0,1040.0],[2875.0,1047.0],[2875.0,1054.0],[2887.0,1064.0],[2889.0,1069.0],[2887.0,1075.0],[2893.0,1075.0],[2894.0,1079.0],[2903.0,1088.0],[2904.0,1096.0],[2918.0,1088.0],[2926.0,1088.0],[2938.0,1080.0],[2946.0,1080.0],[2950.0,1076.0],[2970.0,1068.0],[2978.0,1060.0],[2994.0,1061.0],[2987.0,1047.0],[2983.0,1046.0],[2983.0,1050.0],[2976.0,1051.0],[2974.0,1046.0],[2966.0,1042.0],[2956.0,1041.0],[2955.0,1035.0],[2942.0,1043.0],[2943.0,1038.0],[2952.0,1033.0],[2957.0,1024.0],[2961.0,1026.0],[2958.0,1028.0],[2959.0,1035.0],[2966.0,1036.0],[2968.0,1040.0],[2970.0,1039.0],[2970.0,1034.0],[2966.0,1030.0],[2971.0,1030.0],[2970.0,1019.0],[2967.0,1013.0],[2961.0,1012.0],[2956.0,1006.0],[2945.0,1010.0],[2942.0,1009.0],[2953.0,1002.0],[2951.0,996.0],[2945.0,995.0],[2945.0,993.0],[2949.0,993.0],[2947.0,989.0],[2951.0,988.0],[2954.0,984.0],[2964.0,984.0],[2967.0,977.0],[2967.0,973.0],[2960.0,965.0],[2961.0,960.0],[2957.0,957.0],[2958.0,951.0],[2956.0,949.0],[2956.0,947.0],[2962.0,946.0],[2963.0,940.0],[2958.0,937.0],[2949.0,939.0],[2949.0,937.0],[2953.0,936.0],[2954.0,933.0],[2959.0,934.0],[2967.0,931.0],[2967.0,927.0],[2971.0,926.0],[2979.0,918.0],[2970.0,917.0],[2962.0,906.0],[2954.0,906.0],[2953.0,904.0],[2966.0,904.0],[2972.0,909.0],[2978.0,909.0],[2989.0,904.0],[2994.0,905.0],[2993.0,901.0],[2998.0,898.0],[2994.0,897.0],[2996.0,887.0],[2983.0,885.0],[2981.0,882.0],[2988.0,882.0],[2991.0,878.0],[3002.0,877.0],[3005.0,884.0],[3009.0,885.0],[3009.0,877.0],[3014.0,873.0],[3014.0,861.0],[3016.0,859.0],[3012.0,833.0],[3020.0,826.0],[3027.0,813.0],[3032.0,813.0],[3032.0,815.0],[3036.0,816.0],[3033.0,821.0],[3035.0,826.0],[3033.0,828.0],[3031.0,825.0],[3028.0,825.0],[3024.0,830.0],[3027.0,833.0],[3036.0,832.0],[3038.0,834.0],[3035.0,837.0],[3036.0,842.0],[3041.0,843.0],[3040.0,831.0],[3046.0,822.0],[3052.0,824.0],[3052.0,829.0],[3049.0,831.0],[3052.0,835.0],[3056.0,835.0],[3058.0,822.0],[3064.0,818.0],[3072.0,805.0],[3072.0,795.0],[3075.0,788.0],[3064.0,776.0],[3034.0,779.0],[3026.0,775.0],[3023.0,772.0],[3023.0,767.0],[3020.0,766.0],[3012.0,774.0],[3012.0,786.0],[3009.0,786.0],[3011.0,772.0],[3023.0,760.0],[3021.0,750.0],[3014.0,753.0],[3008.0,752.0],[3008.0,749.0],[3011.0,750.0],[3012.0,748.0],[3021.0,749.0],[3017.0,738.0],[3015.0,721.0],[3016.0,710.0],[3019.0,707.0],[3009.0,706.0],[2997.0,694.0],[3001.0,695.0],[3011.0,705.0],[3020.0,705.0],[3024.0,698.0],[3027.0,681.0],[3030.0,675.0],[3038.0,668.0],[3036.0,657.0],[3038.0,635.0],[3028.0,615.0],[3037.0,596.0],[3046.0,589.0],[3039.0,588.0]],[[3014.0,855.0],[3013.0,856.0],[3013.0,855.0],[3014.0,855.0]],[[3004.0,749.0],[3001.0,754.0],[2997.0,753.0],[2993.0,757.0],[2980.0,761.0],[2976.0,760.0],[2989.0,757.0],[3005.0,747.0],[3008.0,748.0],[3004.0,749.0]],[[2997.0,694.0],[2996.0,693.0],[2997.0,693.0],[2997.0,694.0]],[[2996.0,693.0],[2995.0,692.0],[2996.0,692.0],[2996.0,693.0]],[[2995.0,691.0],[2992.0,691.0],[2989.0,693.0],[2991.0,690.0],[2995.0,691.0]],[[2988.0,694.0],[2989.0,695.0],[2988.0,695.0],[2988.0,694.0]],[[2835.0,788.0],[2838.0,797.0],[2847.0,807.0],[2845.0,811.0],[2841.0,806.0],[2833.0,804.0],[2833.0,789.0],[2835.0,788.0]]],[[[3037.0,867.0],[3043.0,872.0],[3042.0,879.0],[3037.0,883.0],[3037.0,889.0],[3038.0,893.0],[3044.0,896.0],[3047.0,892.0],[3046.0,883.0],[3048.0,879.0],[3046.0,877.0],[3047.0,871.0],[3041.0,866.0],[3041.0,859.0],[3039.0,859.0],[3037.0,867.0]]],[[[3018.0,922.0],[3012.0,920.0],[3008.0,924.0],[2996.0,927.0],[2984.0,935.0],[2978.0,933.0],[2977.0,929.0],[2972.0,929.0],[2964.0,937.0],[2976.0,945.0],[2973.0,946.0],[2967.0,942.0],[2969.0,946.0],[2975.0,947.0],[2975.0,951.0],[2978.0,952.0],[2978.0,954.0],[2973.0,956.0],[2976.0,959.0],[2982.0,959.0],[2982.0,975.0],[2985.0,979.0],[2991.0,981.0],[2991.0,994.0],[2995.0,995.0],[2992.0,984.0],[2996.0,986.0],[3003.0,985.0],[3006.0,994.0],[2998.0,1000.0],[3007.0,1000.0],[3010.0,1004.0],[3010.0,1000.0],[3013.0,999.0],[3020.0,1004.0],[3038.0,1009.0],[3041.0,1009.0],[3045.0,1004.0],[3056.0,1004.0],[3062.0,995.0],[3065.0,983.0],[3061.0,966.0],[3065.0,968.0],[3066.0,966.0],[3062.0,956.0],[3053.0,944.0],[3045.0,943.0],[3045.0,946.0],[3041.0,944.0],[3043.0,942.0],[3055.0,941.0],[3058.0,935.0],[3055.0,933.0],[3051.0,922.0],[3046.0,919.0],[3046.0,933.0],[3042.0,931.0],[3046.0,938.0],[3035.0,942.0],[3034.0,945.0],[3030.0,945.0],[3030.0,941.0],[3036.0,936.0],[3034.0,931.0],[3037.0,930.0],[3032.0,929.0],[3027.0,922.0],[3020.0,918.0],[3018.0,918.0],[3018.0,922.0]]],[[[2966.0,1001.0],[2959.0,1006.0],[2965.0,1006.0],[2963.0,1011.0],[2975.0,1011.0],[2974.0,1015.0],[2978.0,1017.0],[2979.0,1021.0],[2976.0,1022.0],[2971.0,1017.0],[2971.0,1023.0],[2975.0,1029.0],[2984.0,1027.0],[2991.0,1031.0],[2992.0,1034.0],[2998.0,1032.0],[2996.0,1022.0],[2989.0,1011.0],[2979.0,1008.0],[2974.0,1001.0],[2966.0,1001.0]]],[[[3074.0,990.0],[3069.0,1001.0],[3069.0,1007.0],[3054.0,1025.0],[3054.0,1029.0],[3057.0,1028.0],[3057.0,1031.0],[3053.0,1031.0],[3052.0,1036.0],[3047.0,1039.0],[3052.0,1045.0],[3054.0,1054.0],[3059.0,1053.0],[3066.0,1025.0],[3074.0,1008.0],[3077.0,989.0],[3074.0,990.0]]],[[[3012.0,1025.0],[3028.0,1041.0],[3039.0,1037.0],[3037.0,1032.0],[3035.0,1032.0],[3035.0,1031.0],[3034.0,1031.0],[3034.0,1033.0],[3030.0,1033.0],[3029.0,1028.0],[3028.0,1030.0],[3023.0,1030.0],[3019.0,1023.0],[3010.0,1019.0],[3012.0,1025.0]]],[[[3088.0,1021.0],[3083.0,1031.0],[3091.0,1041.0],[3089.0,1043.0],[3084.0,1042.0],[3082.0,1048.0],[3086.0,1051.0],[3091.0,1051.0],[3102.0,1046.0],[3102.0,1043.0],[3094.0,1022.0],[3088.0,1021.0]]]]}},{"type":"Feature","properties":{"id":"prov_kent","index":85,"name":"Kent","owner":"fac_england","centroid":[2097.2,1552.1],"capital_px":[2129.2,1536.8],"neighbors":["prov_middlesex","prov_sussex"],"sea_neighbors":["prov_boulonnais","prov_norfolk"],"area_px":7102},"geometry":{"type":"MultiPolygon","coordinates":[[[[2103.0,1507.0],[2099.0,1515.0],[2102.0,1519.0],[2113.0,1522.0],[2118.0,1520.0],[2115.0,1513.0],[2103.0,1507.0]]],[[[2083.0,1508.0],[2067.0,1514.0],[2060.0,1522.0],[2058.0,1529.0],[2043.0,1543.0],[2044.0,1550.0],[2048.0,1554.0],[2048.0,1574.0],[2052.0,1578.0],[2052.0,1594.0],[2057.0,1598.0],[2079.0,1596.0],[2093.0,1586.0],[2112.0,1592.0],[2113.0,1580.0],[2120.0,1572.0],[2128.0,1568.0],[2136.0,1569.0],[2139.0,1566.0],[2145.0,1566.0],[2157.0,1560.0],[2160.0,1553.0],[2159.0,1533.0],[2164.0,1533.0],[2166.0,1524.0],[2129.0,1523.0],[2119.0,1525.0],[2100.0,1520.0],[2098.0,1511.0],[2095.0,1512.0],[2096.0,1516.0],[2094.0,1516.0],[2084.0,1514.0],[2082.0,1512.0],[2083.0,1508.0]]]]}},{"type":"Feature","properties":{"id":"prov_kildare","index":86,"name":"Kildare","owner":"fac_kildare","centroid":[1430.9,1120.0],"capital_px":[1435.5,1116.2],"neighbors":["prov_dublin"],"sea_neighbors":[],"area_px":564},"geometry":{"type":"Polygon","coordinates":[[[1422.0,1108.0],[1416.0,1118.0],[1416.0,1122.0],[1422.0,1132.0],[1434.0,1132.0],[1438.0,1128.0],[1445.0,1126.0],[1448.0,1122.0],[1448.0,1118.0],[1442.0,1112.0],[1438.0,1112.0],[1434.0,1108.0],[1422.0,1108.0]]]}},{"type":"Feature","properties":{"id":"prov_lancashire","index":87,"name":"Cheshire","owner":"fac_england","centroid":[1821.3,1188.0],"capital_px":[1801.2,1187.8],"neighbors":["prov_gwynedd","prov_lancaster","prov_warwick","prov_yorkshire"],"sea_neighbors":[],"area_px":11059},"geometry":{"type":"Polygon","coordinates":[[[1798.0,1119.0],[1792.0,1128.0],[1797.0,1151.0],[1795.0,1148.0],[1780.0,1151.0],[1780.0,1157.0],[1786.0,1170.0],[1785.0,1178.0],[1782.0,1172.0],[1764.0,1155.0],[1756.0,1157.0],[1756.0,1170.0],[1760.0,1174.0],[1760.0,1186.0],[1764.0,1190.0],[1764.0,1198.0],[1768.0,1202.0],[1772.0,1214.0],[1784.0,1226.0],[1784.0,1234.0],[1790.0,1239.0],[1792.0,1246.0],[1800.0,1254.0],[1800.0,1259.0],[1810.0,1260.0],[1814.0,1256.0],[1829.0,1250.0],[1838.0,1240.0],[1842.0,1240.0],[1846.0,1236.0],[1854.0,1236.0],[1858.0,1227.0],[1874.0,1213.0],[1876.0,1206.0],[1884.0,1198.0],[1885.0,1191.0],[1880.0,1178.0],[1876.0,1174.0],[1876.0,1166.0],[1872.0,1162.0],[1868.0,1150.0],[1853.0,1134.0],[1849.0,1131.0],[1834.0,1132.0],[1822.0,1124.0],[1810.0,1124.0],[1806.0,1120.0],[1798.0,1119.0]],[[1797.0,1151.0],[1800.0,1160.0],[1806.0,1167.0],[1810.0,1169.0],[1815.0,1169.0],[1816.0,1166.0],[1823.0,1167.0],[1819.0,1167.0],[1816.0,1173.0],[1804.0,1173.0],[1799.0,1167.0],[1797.0,1151.0]]]}},{"type":"Feature","properties":{"id":"prov_lancaster","index":88,"name":"Lancastre","owner":"fac_lancaster","centroid":[1841.4,1078.6],"capital_px":[1833.1,1058.4],"neighbors":["prov_lancashire","prov_northumberland","prov_yorkshire"],"sea_neighbors":[],"area_px":5749},"geometry":{"type":"MultiPolygon","coordinates":[[[[1815.0,1028.0],[1808.0,1034.0],[1809.0,1040.0],[1814.0,1036.0],[1815.0,1028.0]]],[[[1822.0,1021.0],[1816.0,1026.0],[1819.0,1030.0],[1819.0,1039.0],[1826.0,1039.0],[1829.0,1034.0],[1836.0,1032.0],[1839.0,1028.0],[1839.0,1031.0],[1832.0,1035.0],[1836.0,1047.0],[1822.0,1058.0],[1823.0,1064.0],[1829.0,1063.0],[1825.0,1067.0],[1826.0,1070.0],[1823.0,1072.0],[1810.0,1072.0],[1806.0,1075.0],[1803.0,1098.0],[1807.0,1103.0],[1816.0,1105.0],[1808.0,1109.0],[1799.0,1119.0],[1806.0,1120.0],[1810.0,1124.0],[1822.0,1124.0],[1834.0,1132.0],[1847.0,1132.0],[1868.0,1110.0],[1868.0,1098.0],[1876.0,1086.0],[1876.0,1082.0],[1872.0,1078.0],[1872.0,1066.0],[1876.0,1062.0],[1876.0,1050.0],[1872.0,1046.0],[1873.0,1043.0],[1868.0,1038.0],[1868.0,1034.0],[1862.0,1028.0],[1858.0,1028.0],[1846.0,1020.0],[1822.0,1021.0]]]]}},{"type":"Feature","properties":{"id":"prov_lara","index":89,"name":"Lara","owner":"fac_lara","centroid":[1454.6,2879.4],"capital_px":[1459.3,2876.1],"neighbors":["prov_castilla_vieja"],"sea_neighbors":[],"area_px":1140},"geometry":{"type":"Polygon","coordinates":[[[1438.0,2864.0],[1429.0,2873.0],[1435.0,2886.0],[1446.0,2888.0],[1457.0,2899.0],[1474.0,2893.0],[1476.0,2890.0],[1476.0,2878.0],[1470.0,2868.0],[1466.0,2868.0],[1462.0,2864.0],[1458.0,2864.0],[1455.0,2867.0],[1450.0,2864.0],[1438.0,2864.0]]]}},{"type":"Feature","properties":{"id":"prov_lazio","index":90,"name":"Latium et Patrimoine","owner":"fac_papacy","centroid":[3321.2,2973.4],"capital_px":[3281.6,3032.8],"neighbors":["prov_ancona","prov_firenze","prov_napoli","prov_perugia"],"sea_neighbors":[],"area_px":49256},"geometry":{"type":"Polygon","coordinates":[[[3414.0,2852.0],[3410.0,2856.0],[3403.0,2858.0],[3397.0,2866.0],[3387.0,2870.0],[3374.0,2884.0],[3346.0,2884.0],[3342.0,2888.0],[3318.0,2888.0],[3314.0,2884.0],[3306.0,2884.0],[3294.0,2876.0],[3285.0,2876.0],[3278.0,2884.0],[3254.0,2892.0],[3250.0,2888.0],[3234.0,2888.0],[3221.0,2876.0],[3209.0,2890.0],[3199.0,2894.0],[3142.0,2951.0],[3140.0,2958.0],[3145.0,2960.0],[3149.0,2960.0],[3148.0,2958.0],[3153.0,2959.0],[3153.0,2961.0],[3170.0,2967.0],[3181.0,2975.0],[3187.0,2982.0],[3194.0,3001.0],[3201.0,3008.0],[3204.0,3015.0],[3215.0,3014.0],[3222.0,3020.0],[3226.0,3020.0],[3227.0,3024.0],[3241.0,3033.0],[3246.0,3040.0],[3249.0,3046.0],[3250.0,3057.0],[3253.0,3060.0],[3264.0,3063.0],[3276.0,3073.0],[3290.0,3088.0],[3299.0,3102.0],[3305.0,3100.0],[3313.0,3106.0],[3326.0,3106.0],[3330.0,3108.0],[3341.0,3118.0],[3348.0,3132.0],[3350.0,3132.0],[3354.0,3123.0],[3364.0,3114.0],[3364.0,3110.0],[3376.0,3090.0],[3376.0,3082.0],[3380.0,3078.0],[3382.0,3071.0],[3394.0,3061.0],[3398.0,3051.0],[3414.0,3037.0],[3416.0,3026.0],[3430.0,3013.0],[3434.0,3003.0],[3450.0,2989.0],[3452.0,2978.0],[3456.0,2974.0],[3456.0,2958.0],[3460.0,2954.0],[3460.0,2942.0],[3464.0,2938.0],[3465.0,2924.0],[3460.0,2920.0],[3445.0,2895.0],[3431.0,2852.0],[3414.0,2852.0]],[[3213.0,2918.0],[3219.0,2919.0],[3221.0,2923.0],[3221.0,2935.0],[3219.0,2937.0],[3212.0,2936.0],[3205.0,2929.0],[3207.0,2922.0],[3213.0,2918.0]],[[3248.0,2993.0],[3253.0,2993.0],[3256.0,2998.0],[3255.0,3002.0],[3251.0,3005.0],[3244.0,3001.0],[3244.0,2996.0],[3248.0,2993.0]]]}},{"type":"Feature","properties":{"id":"prov_leinster","index":91,"name":"Leinster ga\u00e9lique","owner":"fac_leinster","centroid":[1452.9,1201.9],"capital_px":[1451.9,1212.8],"neighbors":["prov_dublin","prov_munster"],"sea_neighbors":[],"area_px":3978},"geometry":{"type":"Polygon","coordinates":[[[1446.0,1164.0],[1442.0,1168.0],[1431.0,1170.0],[1416.0,1186.0],[1424.0,1194.0],[1424.0,1218.0],[1428.0,1222.0],[1428.0,1226.0],[1442.0,1239.0],[1445.0,1245.0],[1448.0,1244.0],[1447.0,1247.0],[1457.0,1250.0],[1459.0,1241.0],[1464.0,1236.0],[1467.0,1236.0],[1478.0,1224.0],[1480.0,1207.0],[1489.0,1197.0],[1488.0,1186.0],[1470.0,1168.0],[1462.0,1168.0],[1458.0,1164.0],[1446.0,1164.0]]]}},{"type":"Feature","properties":{"id":"prov_leon","index":92,"name":"Le\u00f3n et Asturies","owner":"fac_castile","centroid":[1176.9,2766.0],"capital_px":[1224.2,2746.6],"neighbors":["prov_castilla_vieja","prov_extremadura","prov_galicia","prov_porto","prov_toledo"],"sea_neighbors":[],"area_px":91409},"geometry":{"type":"Polygon","coordinates":[[[1104.0,2567.0],[1100.0,2574.0],[1100.0,2582.0],[1096.0,2586.0],[1096.0,2594.0],[1092.0,2598.0],[1092.0,2606.0],[1088.0,2610.0],[1088.0,2618.0],[1084.0,2622.0],[1084.0,2666.0],[1080.0,2670.0],[1080.0,2678.0],[1068.0,2698.0],[1068.0,2706.0],[1060.0,2718.0],[1060.0,2726.0],[1052.0,2738.0],[1052.0,2754.0],[1048.0,2758.0],[1048.0,2762.0],[1044.0,2766.0],[1044.0,2770.0],[1040.0,2774.0],[1040.0,2778.0],[1036.0,2782.0],[1036.0,2786.0],[1032.0,2790.0],[1032.0,2794.0],[1028.0,2798.0],[1023.0,2811.0],[1024.0,2822.0],[1028.0,2826.0],[1028.0,2830.0],[1036.0,2842.0],[1036.0,2850.0],[1040.0,2854.0],[1040.0,2898.0],[1037.0,2903.0],[1040.0,2906.0],[1040.0,2918.0],[1044.0,2922.0],[1044.0,2934.0],[1048.0,2938.0],[1048.0,2950.0],[1052.0,2954.0],[1052.0,2966.0],[1056.0,2970.0],[1057.0,2976.0],[1066.0,2976.0],[1086.0,2988.0],[1094.0,2988.0],[1099.0,2993.0],[1106.0,2992.0],[1110.0,2988.0],[1135.0,2988.0],[1147.0,2974.0],[1157.0,2970.0],[1175.0,2950.0],[1185.0,2946.0],[1200.0,2930.0],[1208.0,2910.0],[1217.0,2906.0],[1226.0,2897.0],[1230.0,2887.0],[1298.0,2821.0],[1306.0,2803.0],[1324.0,2786.0],[1324.0,2778.0],[1328.0,2774.0],[1328.0,2770.0],[1332.0,2766.0],[1332.0,2758.0],[1340.0,2746.0],[1340.0,2730.0],[1348.0,2718.0],[1348.0,2710.0],[1356.0,2698.0],[1356.0,2690.0],[1360.0,2686.0],[1360.0,2678.0],[1364.0,2674.0],[1364.0,2670.0],[1368.0,2666.0],[1368.0,2658.0],[1372.0,2654.0],[1372.0,2650.0],[1367.0,2652.0],[1365.0,2648.0],[1341.0,2642.0],[1321.0,2629.0],[1315.0,2630.0],[1304.0,2623.0],[1294.0,2621.0],[1282.0,2610.0],[1275.0,2609.0],[1273.0,2612.0],[1268.0,2612.0],[1272.0,2608.0],[1270.0,2604.0],[1242.0,2599.0],[1240.0,2595.0],[1237.0,2596.0],[1232.0,2584.0],[1227.0,2579.0],[1224.0,2579.0],[1223.0,2582.0],[1218.0,2581.0],[1217.0,2588.0],[1207.0,2586.0],[1194.0,2587.0],[1185.0,2584.0],[1183.0,2580.0],[1170.0,2582.0],[1158.0,2580.0],[1156.0,2577.0],[1154.0,2577.0],[1154.0,2580.0],[1148.0,2580.0],[1137.0,2572.0],[1127.0,2574.0],[1121.0,2570.0],[1104.0,2567.0]],[[1298.0,2697.0],[1301.0,2704.0],[1289.0,2704.0],[1290.0,2701.0],[1298.0,2697.0]],[[1166.0,2874.0],[1171.0,2874.0],[1171.0,2876.0],[1166.0,2878.0],[1163.0,2883.0],[1159.0,2883.0],[1155.0,2890.0],[1150.0,2891.0],[1149.0,2897.0],[1146.0,2896.0],[1147.0,2883.0],[1149.0,2886.0],[1154.0,2887.0],[1156.0,2882.0],[1166.0,2874.0]],[[1144.0,2881.0],[1145.0,2880.0],[1145.0,2881.0],[1144.0,2881.0]],[[1145.0,2882.0],[1146.0,2881.0],[1146.0,2882.0],[1145.0,2882.0]],[[1146.0,2883.0],[1147.0,2882.0],[1147.0,2883.0],[1146.0,2883.0]],[[1100.0,2925.0],[1107.0,2928.0],[1114.0,2941.0],[1106.0,2934.0],[1101.0,2935.0],[1100.0,2925.0]]]}},{"type":"Feature","properties":{"id":"prov_liege","index":93,"name":"Li\u00e8ge","owner":"fac_liege","centroid":[2567.3,1687.1],"capital_px":[2557.8,1676.7],"neighbors":["prov_brabant","prov_cologne","prov_hainaut","prov_julich","prov_luxembourg","prov_namur","prov_trier"],"sea_neighbors":[],"area_px":15277},"geometry":{"type":"Polygon","coordinates":[[[2594.0,1585.0],[2583.0,1590.0],[2578.0,1596.0],[2563.0,1602.0],[2556.0,1610.0],[2556.0,1614.0],[2547.0,1618.0],[2542.0,1629.0],[2524.0,1646.0],[2516.0,1670.0],[2507.0,1679.0],[2508.0,1714.0],[2512.0,1718.0],[2512.0,1750.0],[2502.0,1759.0],[2500.0,1766.0],[2492.0,1774.0],[2493.0,1776.0],[2498.0,1776.0],[2510.0,1768.0],[2518.0,1768.0],[2522.0,1764.0],[2530.0,1764.0],[2534.0,1760.0],[2554.0,1760.0],[2558.0,1756.0],[2566.0,1756.0],[2586.0,1744.0],[2598.0,1744.0],[2626.0,1728.0],[2631.0,1728.0],[2640.0,1719.0],[2640.0,1714.0],[2632.0,1702.0],[2632.0,1677.0],[2621.0,1666.0],[2612.0,1662.0],[2612.0,1654.0],[2604.0,1642.0],[2604.0,1614.0],[2600.0,1610.0],[2600.0,1602.0],[2604.0,1597.0],[2600.0,1594.0],[2598.0,1587.0],[2594.0,1585.0]]]}},{"type":"Feature","properties":{"id":"prov_limousin","index":94,"name":"Limousin","owner":"fac_france","centroid":[2071.0,2389.4],"capital_px":[2049.3,2376.1],"neighbors":["prov_angoumois","prov_auvergne","prov_berry","prov_bourbonnais","prov_perigord","prov_poitou","prov_quercy","prov_rouergue"],"sea_neighbors":[],"area_px":23860},"geometry":{"type":"Polygon","coordinates":[[[2091.0,2291.0],[2086.0,2296.0],[2070.0,2296.0],[2066.0,2300.0],[2054.0,2300.0],[2050.0,2304.0],[2043.0,2306.0],[2030.0,2320.0],[2022.0,2320.0],[2018.0,2324.0],[2003.0,2330.0],[1979.0,2355.0],[1980.0,2378.0],[1984.0,2382.0],[1984.0,2386.0],[1980.0,2390.0],[1980.0,2399.0],[2003.0,2422.0],[2013.0,2426.0],[2020.0,2434.0],[2022.0,2441.0],[2050.0,2467.0],[2054.0,2477.0],[2064.0,2486.0],[2065.0,2496.0],[2094.0,2496.0],[2099.0,2500.0],[2102.0,2496.0],[2112.0,2495.0],[2112.0,2490.0],[2116.0,2486.0],[2120.0,2474.0],[2128.0,2466.0],[2128.0,2450.0],[2132.0,2446.0],[2132.0,2442.0],[2140.0,2430.0],[2140.0,2422.0],[2148.0,2410.0],[2148.0,2398.0],[2144.0,2394.0],[2145.0,2351.0],[2140.0,2346.0],[2140.0,2338.0],[2132.0,2334.0],[2132.0,2330.0],[2124.0,2318.0],[2124.0,2305.0],[2118.0,2304.0],[2106.0,2296.0],[2098.0,2296.0],[2091.0,2291.0]]]}},{"type":"Feature","properties":{"id":"prov_lisboa","index":95,"name":"Estr\u00e9madure et Beira","owner":"fac_portugal","centroid":[811.6,3124.1],"capital_px":[689.9,3235.2],"neighbors":["prov_alentejo","prov_extremadura","prov_porto"],"sea_neighbors":[],"area_px":51010},"geometry":{"type":"Polygon","coordinates":[[[787.0,2987.0],[778.0,3007.0],[768.0,3019.0],[768.0,3026.0],[775.0,3030.0],[770.0,3032.0],[750.0,3066.0],[732.0,3091.0],[726.0,3108.0],[719.0,3116.0],[711.0,3118.0],[705.0,3124.0],[706.0,3130.0],[703.0,3130.0],[703.0,3127.0],[688.0,3132.0],[681.0,3129.0],[686.0,3139.0],[685.0,3150.0],[682.0,3158.0],[666.0,3179.0],[663.0,3198.0],[658.0,3206.0],[651.0,3210.0],[648.0,3227.0],[659.0,3230.0],[666.0,3237.0],[671.0,3234.0],[678.0,3237.0],[693.0,3237.0],[696.0,3232.0],[697.0,3221.0],[708.0,3212.0],[714.0,3203.0],[718.0,3200.0],[719.0,3202.0],[712.0,3209.0],[712.0,3221.0],[715.0,3221.0],[714.0,3234.0],[703.0,3238.0],[699.0,3242.0],[691.0,3242.0],[691.0,3245.0],[688.0,3241.0],[675.0,3240.0],[679.0,3261.0],[676.0,3271.0],[669.0,3275.0],[671.0,3280.0],[696.0,3280.0],[706.0,3273.0],[724.0,3282.0],[725.0,3278.0],[722.0,3274.0],[725.0,3274.0],[727.0,3270.0],[729.0,3270.0],[729.0,3276.0],[733.0,3274.0],[754.0,3253.0],[756.0,3246.0],[762.0,3240.0],[766.0,3240.0],[770.0,3236.0],[778.0,3236.0],[782.0,3232.0],[790.0,3232.0],[794.0,3228.0],[798.0,3228.0],[802.0,3224.0],[810.0,3224.0],[822.0,3216.0],[842.0,3216.0],[854.0,3208.0],[865.0,3206.0],[870.0,3195.0],[914.0,3153.0],[920.0,3138.0],[924.0,3134.0],[924.0,3126.0],[936.0,3106.0],[936.0,3098.0],[944.0,3086.0],[944.0,3078.0],[948.0,3074.0],[948.0,3070.0],[986.0,3033.0],[988.0,3022.0],[992.0,3018.0],[991.0,3012.0],[978.0,3012.0],[974.0,3008.0],[946.0,3008.0],[942.0,3004.0],[930.0,3004.0],[926.0,3000.0],[922.0,3000.0],[918.0,3004.0],[858.0,3004.0],[854.0,3008.0],[834.0,3008.0],[830.0,3004.0],[822.0,3004.0],[810.0,2996.0],[802.0,2996.0],[789.0,2987.0],[787.0,2987.0]],[[775.0,3030.0],[776.0,3031.0],[775.0,3031.0],[775.0,3030.0]],[[776.0,3031.0],[777.0,3032.0],[776.0,3032.0],[776.0,3031.0]],[[777.0,3032.0],[778.0,3033.0],[777.0,3033.0],[777.0,3032.0]],[[779.0,3033.0],[780.0,3036.0],[775.0,3035.0],[775.0,3034.0],[779.0,3033.0]],[[719.0,3199.0],[725.0,3193.0],[738.0,3194.0],[745.0,3191.0],[738.0,3196.0],[727.0,3195.0],[721.0,3200.0],[719.0,3199.0]],[[774.0,3033.0],[773.0,3032.0],[774.0,3032.0],[774.0,3033.0]]]}},{"type":"Feature","properties":{"id":"prov_lorraine","index":96,"name":"Lorraine","owner":"fac_lorraine","centroid":[2617.2,1999.5],"capital_px":[2601.8,1979.8],"neighbors":["prov_alsace","prov_bar","prov_bourgogne","prov_champagne","prov_franche_comte","prov_luxembourg","prov_palatinate","prov_trier"],"sea_neighbors":[],"area_px":32229},"geometry":{"type":"Polygon","coordinates":[[[2681.0,1888.0],[2678.0,1892.0],[2674.0,1892.0],[2662.0,1900.0],[2542.0,1900.0],[2538.0,1896.0],[2532.0,1896.0],[2532.0,1902.0],[2536.0,1906.0],[2540.0,1918.0],[2546.0,1923.0],[2548.0,1930.0],[2552.0,1934.0],[2552.0,1974.0],[2548.0,1978.0],[2548.0,1994.0],[2544.0,1998.0],[2542.0,2005.0],[2536.0,2010.0],[2534.0,2017.0],[2528.0,2022.0],[2526.0,2029.0],[2519.0,2035.0],[2520.0,2050.0],[2524.0,2054.0],[2524.0,2062.0],[2528.0,2066.0],[2528.0,2075.0],[2539.0,2086.0],[2554.0,2092.0],[2558.0,2096.0],[2562.0,2096.0],[2565.0,2100.0],[2574.0,2100.0],[2578.0,2104.0],[2586.0,2104.0],[2590.0,2108.0],[2594.0,2108.0],[2606.0,2116.0],[2614.0,2116.0],[2618.0,2120.0],[2672.0,2119.0],[2672.0,2114.0],[2668.0,2110.0],[2668.0,2090.0],[2672.0,2086.0],[2672.0,2078.0],[2676.0,2074.0],[2676.0,2062.0],[2680.0,2058.0],[2680.0,2038.0],[2676.0,2034.0],[2676.0,2030.0],[2688.0,2010.0],[2688.0,1990.0],[2700.0,1970.0],[2700.0,1946.0],[2704.0,1942.0],[2704.0,1938.0],[2708.0,1934.0],[2716.0,1914.0],[2725.0,1905.0],[2715.0,1892.0],[2706.0,1892.0],[2702.0,1888.0],[2681.0,1888.0]]]}},{"type":"Feature","properties":{"id":"prov_lothian","index":97,"name":"Lothian et Marches","owner":"fac_england","centroid":[1870.6,799.5],"capital_px":[1853.3,761.4],"neighbors":["prov_fife","prov_galloway","prov_northumberland","prov_renfrew"],"sea_neighbors":[],"area_px":12070},"geometry":{"type":"MultiPolygon","coordinates":[[[[1826.0,737.0],[1824.0,741.0],[1835.0,747.0],[1843.0,748.0],[1849.0,746.0],[1834.0,736.0],[1826.0,737.0]]],[[[1814.0,742.0],[1804.0,741.0],[1804.0,754.0],[1800.0,758.0],[1800.0,815.0],[1806.0,820.0],[1821.0,826.0],[1841.0,848.0],[1878.0,848.0],[1883.0,851.0],[1894.0,844.0],[1926.0,844.0],[1951.0,818.0],[1956.0,816.0],[1949.0,804.0],[1946.0,791.0],[1942.0,788.0],[1942.0,783.0],[1926.0,777.0],[1914.0,764.0],[1907.0,764.0],[1908.0,760.0],[1904.0,754.0],[1889.0,750.0],[1876.0,763.0],[1867.0,765.0],[1861.0,764.0],[1858.0,759.0],[1844.0,756.0],[1843.0,753.0],[1836.0,753.0],[1822.0,745.0],[1814.0,745.0],[1814.0,742.0]]]]}},{"type":"Feature","properties":{"id":"prov_lower_saxony","index":98,"name":"Archev\u00each\u00e9 de Br\u00eame","owner":"fac_bremen","centroid":[2877.7,1309.3],"capital_px":[2880.8,1310.2],"neighbors":["prov_brunswick","prov_frisia","prov_holstein","prov_westphalia"],"sea_neighbors":[],"area_px":31082},"geometry":{"type":"MultiPolygon","coordinates":[[[[2780.0,1199.0],[2778.0,1203.0],[2792.0,1200.0],[2785.0,1198.0],[2780.0,1199.0]]],[[[2856.0,1205.0],[2853.0,1219.0],[2860.0,1236.0],[2860.0,1241.0],[2854.0,1247.0],[2854.0,1265.0],[2852.0,1250.0],[2855.0,1242.0],[2859.0,1239.0],[2858.0,1237.0],[2844.0,1233.0],[2840.0,1226.0],[2832.0,1227.0],[2829.0,1240.0],[2836.0,1240.0],[2837.0,1249.0],[2832.0,1258.0],[2826.0,1258.0],[2822.0,1251.0],[2817.0,1252.0],[2815.0,1250.0],[2813.0,1244.0],[2823.0,1240.0],[2823.0,1234.0],[2819.0,1233.0],[2820.0,1229.0],[2812.0,1221.0],[2812.0,1211.0],[2800.0,1209.0],[2776.0,1212.0],[2776.0,1218.0],[2784.0,1230.0],[2784.0,1286.0],[2772.0,1306.0],[2772.0,1331.0],[2782.0,1339.0],[2786.0,1349.0],[2818.0,1380.0],[2822.0,1380.0],[2826.0,1384.0],[2834.0,1384.0],[2838.0,1388.0],[2842.0,1388.0],[2846.0,1392.0],[2850.0,1392.0],[2878.0,1408.0],[2921.0,1409.0],[2925.0,1407.0],[2927.0,1401.0],[2932.0,1400.0],[2934.0,1395.0],[2950.0,1381.0],[2952.0,1374.0],[2960.0,1366.0],[2962.0,1355.0],[3002.0,1317.0],[3005.0,1313.0],[3004.0,1306.0],[2993.0,1294.0],[2983.0,1290.0],[2945.0,1250.0],[2930.0,1244.0],[2926.0,1240.0],[2918.0,1240.0],[2894.0,1216.0],[2890.0,1216.0],[2886.0,1212.0],[2878.0,1212.0],[2874.0,1208.0],[2866.0,1208.0],[2862.0,1204.0],[2856.0,1205.0]]]]}},{"type":"Feature","properties":{"id":"prov_lucca","index":99,"name":"Lucques","owner":"fac_verona","centroid":[3051.5,2727.0],"capital_px":[3048.8,2738.5],"neighbors":["prov_firenze","prov_pisa"],"sea_neighbors":[],"area_px":1240},"geometry":{"type":"Polygon","coordinates":[[[3053.0,2705.0],[3050.0,2708.0],[3038.0,2708.0],[3031.0,2721.0],[3032.0,2726.0],[3036.0,2730.0],[3036.0,2738.0],[3043.0,2746.0],[3061.0,2749.0],[3072.0,2730.0],[3072.0,2726.0],[3068.0,2722.0],[3066.0,2715.0],[3057.0,2706.0],[3053.0,2705.0]]]}},{"type":"Feature","properties":{"id":"prov_luna","index":100,"name":"Luna","owner":"fac_luna","centroid":[1734.8,2928.0],"capital_px":[1741.3,2927.2],"neighbors":["prov_aragon"],"sea_neighbors":[],"area_px":1012},"geometry":{"type":"Polygon","coordinates":[[[1741.0,2909.0],[1738.0,2912.0],[1730.0,2912.0],[1728.0,2914.0],[1728.0,2922.0],[1726.0,2924.0],[1718.0,2924.0],[1712.0,2934.0],[1714.0,2941.0],[1722.0,2948.0],[1734.0,2944.0],[1738.0,2936.0],[1750.0,2936.0],[1756.0,2926.0],[1756.0,2914.0],[1741.0,2909.0]]]}},{"type":"Feature","properties":{"id":"prov_luxembourg","index":101,"name":"Luxembourg","owner":"fac_bohemia","centroid":[2573.5,1825.0],"capital_px":[2603.6,1837.5],"neighbors":["prov_champagne","prov_liege","prov_lorraine","prov_namur","prov_trier"],"sea_neighbors":[],"area_px":21106},"geometry":{"type":"Polygon","coordinates":[[[2626.0,1728.0],[2598.0,1744.0],[2586.0,1744.0],[2566.0,1756.0],[2558.0,1756.0],[2554.0,1760.0],[2534.0,1760.0],[2530.0,1764.0],[2522.0,1764.0],[2518.0,1768.0],[2510.0,1768.0],[2498.0,1776.0],[2491.0,1775.0],[2486.0,1780.0],[2477.0,1780.0],[2472.0,1784.0],[2472.0,1790.0],[2476.0,1794.0],[2476.0,1814.0],[2494.0,1831.0],[2498.0,1841.0],[2510.0,1851.0],[2512.0,1858.0],[2520.0,1866.0],[2520.0,1874.0],[2524.0,1878.0],[2524.0,1882.0],[2532.0,1896.0],[2538.0,1896.0],[2542.0,1900.0],[2662.0,1900.0],[2681.0,1889.0],[2674.0,1880.0],[2670.0,1880.0],[2666.0,1876.0],[2662.0,1876.0],[2652.0,1870.0],[2652.0,1866.0],[2648.0,1862.0],[2640.0,1842.0],[2632.0,1834.0],[2632.0,1826.0],[2628.0,1822.0],[2628.0,1790.0],[2636.0,1778.0],[2636.0,1754.0],[2632.0,1750.0],[2632.0,1742.0],[2629.0,1739.0],[2632.0,1729.0],[2626.0,1728.0]]]}},{"type":"Feature","properties":{"id":"prov_lyonnais","index":102,"name":"Lyonnais et Forez","owner":"fac_france","centroid":[2410.7,2421.0],"capital_px":[2433.4,2422.9],"neighbors":["prov_auvergne","prov_beaucaire","prov_bourbonnais","prov_bourgogne","prov_charolais","prov_dauphine","prov_franche_comte","prov_savoie"],"sea_neighbors":[],"area_px":22692},"geometry":{"type":"Polygon","coordinates":[[[2433.0,2320.0],[2418.0,2335.0],[2414.0,2344.0],[2410.0,2344.0],[2406.0,2348.0],[2398.0,2348.0],[2379.0,2359.0],[2374.0,2356.0],[2361.0,2356.0],[2358.0,2360.0],[2352.0,2361.0],[2352.0,2366.0],[2344.0,2374.0],[2344.0,2398.0],[2340.0,2402.0],[2340.0,2414.0],[2332.0,2426.0],[2332.0,2450.0],[2336.0,2454.0],[2336.0,2490.0],[2342.0,2495.0],[2344.0,2502.0],[2351.0,2510.0],[2358.0,2512.0],[2362.0,2516.0],[2370.0,2516.0],[2382.0,2524.0],[2387.0,2524.0],[2390.0,2520.0],[2398.0,2520.0],[2419.0,2498.0],[2445.0,2486.0],[2474.0,2457.0],[2476.0,2450.0],[2480.0,2446.0],[2480.0,2438.0],[2488.0,2426.0],[2488.0,2386.0],[2492.0,2382.0],[2492.0,2366.0],[2495.0,2363.0],[2492.0,2354.0],[2488.0,2350.0],[2488.0,2345.0],[2474.0,2336.0],[2466.0,2336.0],[2454.0,2328.0],[2446.0,2328.0],[2433.0,2320.0]]]}},{"type":"Feature","properties":{"id":"prov_maine","index":103,"name":"Maine et Perche","owner":"fac_france","centroid":[1993.7,2010.7],"capital_px":[1978.2,2028.6],"neighbors":["prov_alencon","prov_anjou","prov_bretagne","prov_normandie","prov_normandie_ouest","prov_orleanais","prov_touraine"],"sea_neighbors":[],"area_px":18932},"geometry":{"type":"Polygon","coordinates":[[[2031.0,1919.0],[2026.0,1924.0],[2018.0,1924.0],[2014.0,1920.0],[1996.0,1921.0],[1998.0,1924.0],[2009.0,1926.0],[2016.0,1934.0],[2016.0,1938.0],[2012.0,1942.0],[2012.0,1954.0],[2008.0,1958.0],[2008.0,1966.0],[1999.0,1970.0],[1990.0,1980.0],[1962.0,1980.0],[1958.0,1984.0],[1954.0,1984.0],[1950.0,1980.0],[1938.0,1976.0],[1930.0,1968.0],[1917.0,1963.0],[1900.0,1977.0],[1899.0,2017.0],[1904.0,2030.0],[1934.0,2059.0],[1938.0,2073.0],[1965.0,2100.0],[1986.0,2088.0],[1990.0,2088.0],[1994.0,2084.0],[1998.0,2084.0],[2002.0,2080.0],[2010.0,2080.0],[2014.0,2076.0],[2026.0,2076.0],[2030.0,2072.0],[2035.0,2072.0],[2040.0,2066.0],[2042.0,2059.0],[2048.0,2054.0],[2048.0,2046.0],[2056.0,2034.0],[2056.0,2026.0],[2072.0,1998.0],[2072.0,1990.0],[2076.0,1986.0],[2076.0,1978.0],[2080.0,1974.0],[2080.0,1966.0],[2084.0,1962.0],[2085.0,1951.0],[2075.0,1946.0],[2058.0,1928.0],[2050.0,1928.0],[2038.0,1920.0],[2031.0,1919.0]]]}},{"type":"Feature","properties":{"id":"prov_mainz","index":104,"name":"Mayence","owner":"fac_mainz","centroid":[2835.9,1752.4],"capital_px":[2820.0,1786.7],"neighbors":["prov_cologne","prov_franconia","prov_hesse","prov_palatinate","prov_trier","prov_westphalia"],"sea_neighbors":[],"area_px":23760},"geometry":{"type":"Polygon","coordinates":[[[2831.0,1659.0],[2818.0,1664.0],[2814.0,1668.0],[2793.0,1668.0],[2748.0,1714.0],[2748.0,1719.0],[2752.0,1722.0],[2752.0,1738.0],[2755.0,1741.0],[2752.0,1750.0],[2756.0,1754.0],[2756.0,1762.0],[2752.0,1766.0],[2752.0,1778.0],[2756.0,1782.0],[2756.0,1790.0],[2752.0,1794.0],[2753.0,1820.0],[2766.0,1820.0],[2778.0,1828.0],[2842.0,1828.0],[2846.0,1824.0],[2854.0,1824.0],[2858.0,1820.0],[2882.0,1820.0],[2886.0,1816.0],[2894.0,1816.0],[2906.0,1808.0],[2916.0,1807.0],[2916.0,1802.0],[2924.0,1790.0],[2924.0,1782.0],[2932.0,1770.0],[2932.0,1758.0],[2940.0,1750.0],[2940.0,1746.0],[2948.0,1734.0],[2948.0,1729.0],[2942.0,1728.0],[2938.0,1724.0],[2926.0,1724.0],[2922.0,1720.0],[2914.0,1720.0],[2898.0,1704.0],[2858.0,1688.0],[2852.0,1682.0],[2850.0,1675.0],[2837.0,1662.0],[2831.0,1659.0]]]}},{"type":"Feature","properties":{"id":"prov_malaga","index":105,"name":"M\u00e1laga et Ronda","owner":"fac_granada","centroid":[1146.8,3640.0],"capital_px":[1196.9,3663.8],"neighbors":["prov_cordoba","prov_granada","prov_sevilla"],"sea_neighbors":[],"area_px":19588},"geometry":{"type":"Polygon","coordinates":[[[1150.0,3564.0],[1146.0,3568.0],[1127.0,3567.0],[1123.0,3570.0],[1102.0,3591.0],[1098.0,3601.0],[1082.0,3615.0],[1078.0,3625.0],[1060.0,3642.0],[1060.0,3654.0],[1056.0,3658.0],[1056.0,3670.0],[1052.0,3674.0],[1052.0,3686.0],[1048.0,3690.0],[1048.0,3706.0],[1044.0,3710.0],[1044.0,3722.0],[1040.0,3726.0],[1040.0,3741.0],[1051.0,3740.0],[1056.0,3737.0],[1056.0,3725.0],[1059.0,3721.0],[1066.0,3725.0],[1068.0,3734.0],[1070.0,3722.0],[1077.0,3715.0],[1078.0,3710.0],[1084.0,3708.0],[1091.0,3695.0],[1097.0,3691.0],[1121.0,3690.0],[1130.0,3685.0],[1151.0,3691.0],[1162.0,3691.0],[1169.0,3688.0],[1172.0,3682.0],[1181.0,3683.0],[1196.0,3664.0],[1220.0,3670.0],[1243.0,3668.0],[1251.0,3673.0],[1264.0,3673.0],[1260.0,3666.0],[1260.0,3658.0],[1256.0,3654.0],[1256.0,3646.0],[1244.0,3626.0],[1244.0,3618.0],[1236.0,3610.0],[1236.0,3606.0],[1232.0,3602.0],[1232.0,3598.0],[1228.0,3594.0],[1223.0,3580.0],[1198.0,3580.0],[1194.0,3576.0],[1178.0,3576.0],[1174.0,3572.0],[1166.0,3572.0],[1162.0,3568.0],[1150.0,3564.0]]]}},{"type":"Feature","properties":{"id":"prov_mallorca","index":106,"name":"Majorque","owner":"fac_majorca","centroid":[2148.7,3349.6],"capital_px":[2110.6,3353.7],"neighbors":["prov_valencia"],"sea_neighbors":[],"area_px":9174},"geometry":{"type":"MultiPolygon","coordinates":[[[[2290.0,3291.0],[2256.0,3293.0],[2254.0,3295.0],[2254.0,3300.0],[2258.0,3302.0],[2256.0,3310.0],[2259.0,3312.0],[2274.0,3311.0],[2301.0,3331.0],[2311.0,3332.0],[2312.0,3322.0],[2314.0,3325.0],[2315.0,3322.0],[2312.0,3318.0],[2312.0,3313.0],[2308.0,3313.0],[2308.0,3305.0],[2304.0,3304.0],[2298.0,3297.0],[2299.0,3294.0],[2293.0,3299.0],[2294.0,3296.0],[2290.0,3291.0]]],[[[2180.0,3299.0],[2165.0,3303.0],[2148.0,3304.0],[2138.0,3310.0],[2130.0,3311.0],[2114.0,3323.0],[2111.0,3323.0],[2105.0,3330.0],[2098.0,3331.0],[2089.0,3339.0],[2077.0,3343.0],[2075.0,3352.0],[2079.0,3358.0],[2082.0,3356.0],[2084.0,3358.0],[2088.0,3357.0],[2090.0,3367.0],[2097.0,3365.0],[2099.0,3359.0],[2107.0,3355.0],[2114.0,3355.0],[2122.0,3363.0],[2120.0,3372.0],[2123.0,3384.0],[2131.0,3388.0],[2146.0,3389.0],[2155.0,3404.0],[2158.0,3404.0],[2162.0,3399.0],[2176.0,3393.0],[2181.0,3388.0],[2182.0,3383.0],[2185.0,3383.0],[2188.0,3371.0],[2201.0,3359.0],[2201.0,3353.0],[2207.0,3351.0],[2211.0,3341.0],[2211.0,3335.0],[2206.0,3334.0],[2200.0,3329.0],[2195.0,3329.0],[2192.0,3333.0],[2182.0,3333.0],[2172.0,3327.0],[2171.0,3318.0],[2178.0,3317.0],[2181.0,3310.0],[2170.0,3312.0],[2168.0,3311.0],[2168.0,3306.0],[2171.0,3307.0],[2176.0,3303.0],[2182.0,3302.0],[2180.0,3299.0]]],[[[2145.0,3416.0],[2137.0,3420.0],[2137.0,3423.0],[2138.0,3426.0],[2142.0,3427.0],[2145.0,3424.0],[2145.0,3416.0]]],[[[1971.0,3409.0],[1947.0,3413.0],[1957.0,3440.0],[1964.0,3438.0],[1979.0,3423.0],[1976.0,3411.0],[1971.0,3409.0]]]]}},{"type":"Feature","properties":{"id":"prov_man","index":107,"name":"\u00cele de Man","owner":"fac_england","centroid":[1684.3,1001.1],"capital_px":[1668.2,1022.5],"neighbors":[],"sea_neighbors":["prov_galloway"],"area_px":1119},"geometry":{"type":"Polygon","coordinates":[[[1705.0,975.0],[1690.0,979.0],[1678.0,995.0],[1668.0,999.0],[1664.0,1012.0],[1656.0,1022.0],[1665.0,1020.0],[1667.0,1024.0],[1673.0,1024.0],[1674.0,1021.0],[1678.0,1021.0],[1680.0,1018.0],[1687.0,1016.0],[1687.0,1013.0],[1694.0,1011.0],[1696.0,1004.0],[1699.0,1004.0],[1706.0,996.0],[1706.0,993.0],[1702.0,991.0],[1702.0,983.0],[1706.0,978.0],[1705.0,975.0]]]}},{"type":"Feature","properties":{"id":"prov_mantova","index":108,"name":"Mantoue","owner":"fac_mantua","centroid":[3072.2,2553.7],"capital_px":[3079.9,2535.6],"neighbors":["prov_bologna","prov_ferrara","prov_firenze","prov_milano","prov_parma","prov_verona"],"sea_neighbors":[],"area_px":4770},"geometry":{"type":"Polygon","coordinates":[[[3058.0,2512.0],[3054.0,2516.0],[3047.0,2518.0],[3042.0,2524.0],[3035.0,2526.0],[3028.0,2533.0],[3028.0,2543.0],[3032.0,2546.0],[3032.0,2551.0],[3054.0,2571.0],[3058.0,2581.0],[3066.0,2587.0],[3072.0,2607.0],[3075.0,2609.0],[3082.0,2608.0],[3096.0,2595.0],[3096.0,2586.0],[3100.0,2582.0],[3100.0,2574.0],[3104.0,2570.0],[3104.0,2558.0],[3108.0,2554.0],[3108.0,2542.0],[3112.0,2537.0],[3106.0,2532.0],[3099.0,2530.0],[3093.0,2522.0],[3086.0,2520.0],[3082.0,2516.0],[3070.0,2516.0],[3066.0,2512.0],[3058.0,2512.0]]]}},{"type":"Feature","properties":{"id":"prov_meath","index":109,"name":"Meath","owner":"fac_england","centroid":[1458.1,1046.9],"capital_px":[1460.6,1058.8],"neighbors":["prov_dublin","prov_ulster"],"sea_neighbors":[],"area_px":2600},"geometry":{"type":"Polygon","coordinates":[[[1454.0,1020.0],[1450.0,1024.0],[1439.0,1026.0],[1430.0,1035.0],[1426.0,1045.0],[1420.0,1050.0],[1429.0,1054.0],[1446.0,1072.0],[1454.0,1072.0],[1458.0,1076.0],[1470.0,1076.0],[1484.0,1062.0],[1484.0,1042.0],[1488.0,1038.0],[1488.0,1034.0],[1482.0,1024.0],[1474.0,1024.0],[1470.0,1020.0],[1454.0,1020.0]]]}},{"type":"Feature","properties":{"id":"prov_mecklenburg","index":110,"name":"Mecklembourg","owner":"fac_mecklenburg","centroid":[3168.1,1209.4],"capital_px":[3122.5,1223.8],"neighbors":["prov_brandenburg","prov_holstein","prov_sjaelland"],"sea_neighbors":[],"area_px":23399},"geometry":{"type":"MultiPolygon","coordinates":[[[[3221.0,1089.0],[3212.0,1105.0],[3218.0,1104.0],[3221.0,1107.0],[3223.0,1104.0],[3226.0,1104.0],[3227.0,1100.0],[3240.0,1096.0],[3240.0,1094.0],[3223.0,1094.0],[3221.0,1089.0]]],[[[3234.0,1104.0],[3229.0,1107.0],[3222.0,1107.0],[3223.0,1110.0],[3219.0,1111.0],[3217.0,1116.0],[3211.0,1121.0],[3211.0,1124.0],[3215.0,1125.0],[3214.0,1127.0],[3207.0,1124.0],[3208.0,1120.0],[3206.0,1118.0],[3209.0,1116.0],[3209.0,1111.0],[3212.0,1108.0],[3211.0,1106.0],[3205.0,1118.0],[3199.0,1124.0],[3190.0,1128.0],[3184.0,1137.0],[3187.0,1138.0],[3184.0,1142.0],[3181.0,1136.0],[3180.0,1138.0],[3161.0,1143.0],[3145.0,1143.0],[3140.0,1150.0],[3140.0,1156.0],[3137.0,1157.0],[3135.0,1162.0],[3131.0,1162.0],[3132.0,1164.0],[3129.0,1166.0],[3128.0,1171.0],[3129.0,1163.0],[3123.0,1163.0],[3118.0,1169.0],[3119.0,1172.0],[3127.0,1172.0],[3126.0,1182.0],[3121.0,1177.0],[3116.0,1177.0],[3115.0,1174.0],[3108.0,1177.0],[3104.0,1190.0],[3098.0,1192.0],[3092.0,1202.0],[3092.0,1210.0],[3084.0,1222.0],[3084.0,1230.0],[3080.0,1234.0],[3080.0,1242.0],[3076.0,1246.0],[3076.0,1254.0],[3072.0,1258.0],[3072.0,1266.0],[3068.0,1270.0],[3068.0,1282.0],[3072.0,1286.0],[3072.0,1302.0],[3076.0,1306.0],[3077.0,1312.0],[3094.0,1312.0],[3098.0,1308.0],[3122.0,1308.0],[3135.0,1294.0],[3145.0,1290.0],[3158.0,1276.0],[3174.0,1276.0],[3178.0,1272.0],[3185.0,1270.0],[3190.0,1264.0],[3194.0,1264.0],[3198.0,1260.0],[3206.0,1260.0],[3211.0,1254.0],[3218.0,1252.0],[3223.0,1246.0],[3230.0,1243.0],[3227.0,1239.0],[3232.0,1237.0],[3234.0,1231.0],[3246.0,1221.0],[3248.0,1214.0],[3252.0,1210.0],[3250.0,1194.0],[3256.0,1187.0],[3256.0,1178.0],[3260.0,1174.0],[3260.0,1150.0],[3264.0,1146.0],[3264.0,1134.0],[3268.0,1130.0],[3268.0,1126.0],[3262.0,1124.0],[3258.0,1116.0],[3251.0,1114.0],[3245.0,1104.0],[3236.0,1104.0],[3238.0,1100.0],[3235.0,1100.0],[3234.0,1104.0]],[[3125.0,1168.0],[3123.0,1170.0],[3123.0,1168.0],[3125.0,1168.0]],[[3236.0,1104.0],[3235.0,1106.0],[3235.0,1104.0],[3236.0,1104.0]],[[3183.0,1145.0],[3182.0,1143.0],[3183.0,1143.0],[3183.0,1145.0]],[[3184.0,1145.0],[3184.0,1149.0],[3183.0,1149.0],[3183.0,1145.0],[3184.0,1145.0]],[[3133.0,1201.0],[3131.0,1200.0],[3133.0,1200.0],[3133.0,1201.0]],[[3131.0,1202.0],[3129.0,1203.0],[3130.0,1211.0],[3127.0,1217.0],[3132.0,1227.0],[3126.0,1228.0],[3124.0,1226.0],[3126.0,1221.0],[3124.0,1208.0],[3129.0,1201.0],[3131.0,1202.0]],[[3205.0,1237.0],[3211.0,1245.0],[3207.0,1248.0],[3205.0,1257.0],[3203.0,1255.0],[3203.0,1244.0],[3205.0,1237.0]]]]}},{"type":"Feature","properties":{"id":"prov_meissen","index":111,"name":"Misnie et Thuringe","owner":"fac_empire","centroid":[3279.6,1617.0],"capital_px":[3330.3,1599.8],"neighbors":["prov_bamberg","prov_bohemia","prov_brandenburg","prov_brunswick","prov_nuremberg","prov_thuringia"],"sea_neighbors":[],"area_px":81008},"geometry":{"type":"Polygon","coordinates":[[[3141.0,1488.0],[3113.0,1518.0],[3103.0,1522.0],[3095.0,1531.0],[3104.0,1542.0],[3106.0,1549.0],[3114.0,1555.0],[3118.0,1565.0],[3126.0,1571.0],[3130.0,1581.0],[3140.0,1590.0],[3140.0,1622.0],[3144.0,1626.0],[3144.0,1654.0],[3140.0,1658.0],[3140.0,1678.0],[3132.0,1690.0],[3132.0,1698.0],[3128.0,1702.0],[3128.0,1706.0],[3118.0,1715.0],[3114.0,1725.0],[3106.0,1731.0],[3103.0,1737.0],[3129.0,1750.0],[3134.0,1761.0],[3140.0,1766.0],[3142.0,1773.0],[3152.0,1782.0],[3154.0,1789.0],[3173.0,1798.0],[3182.0,1807.0],[3186.0,1817.0],[3195.0,1825.0],[3209.0,1818.0],[3214.0,1812.0],[3226.0,1808.0],[3230.0,1799.0],[3250.0,1781.0],[3258.0,1763.0],[3295.0,1726.0],[3305.0,1722.0],[3312.0,1714.0],[3314.0,1708.0],[3322.0,1708.0],[3326.0,1704.0],[3330.0,1704.0],[3350.0,1684.0],[3354.0,1684.0],[3374.0,1672.0],[3382.0,1672.0],[3386.0,1668.0],[3398.0,1664.0],[3410.0,1653.0],[3414.0,1643.0],[3431.0,1626.0],[3438.0,1624.0],[3446.0,1616.0],[3450.0,1616.0],[3454.0,1612.0],[3458.0,1612.0],[3462.0,1608.0],[3466.0,1608.0],[3470.0,1604.0],[3485.0,1598.0],[3490.0,1587.0],[3496.0,1582.0],[3500.0,1570.0],[3506.0,1565.0],[3508.0,1558.0],[3514.0,1553.0],[3516.0,1546.0],[3524.0,1538.0],[3528.0,1526.0],[3536.0,1518.0],[3535.0,1512.0],[3514.0,1512.0],[3510.0,1508.0],[3490.0,1508.0],[3486.0,1504.0],[3462.0,1504.0],[3458.0,1500.0],[3434.0,1500.0],[3431.0,1497.0],[3426.0,1500.0],[3354.0,1500.0],[3350.0,1496.0],[3330.0,1496.0],[3318.0,1504.0],[3230.0,1504.0],[3226.0,1500.0],[3198.0,1500.0],[3194.0,1496.0],[3186.0,1496.0],[3182.0,1492.0],[3174.0,1492.0],[3170.0,1488.0],[3141.0,1488.0]],[[3415.0,1517.0],[3417.0,1520.0],[3414.0,1528.0],[3414.0,1521.0],[3415.0,1517.0]]]}},{"type":"Feature","properties":{"id":"prov_middlesex","index":112,"name":"Londres, Middlesex et Essex","owner":"fac_england","centroid":[2039.6,1470.9],"capital_px":[2018.1,1486.7],"neighbors":["prov_kent","prov_norfolk","prov_oxford","prov_sussex","prov_wessex"],"sea_neighbors":[],"area_px":14659},"geometry":{"type":"Polygon","coordinates":[[[2030.0,1400.0],[2026.0,1404.0],[2021.0,1404.0],[1998.0,1427.0],[1994.0,1437.0],[1982.0,1447.0],[1980.0,1454.0],[1972.0,1462.0],[1972.0,1470.0],[1968.0,1474.0],[1966.0,1481.0],[1960.0,1486.0],[1959.0,1493.0],[1964.0,1506.0],[1968.0,1510.0],[1968.0,1515.0],[1974.0,1520.0],[1990.0,1520.0],[2002.0,1528.0],[2010.0,1528.0],[2038.0,1544.0],[2043.0,1544.0],[2058.0,1529.0],[2060.0,1522.0],[2067.0,1514.0],[2074.0,1512.0],[2078.0,1508.0],[2098.0,1507.0],[2097.0,1502.0],[2084.0,1498.0],[2075.0,1498.0],[2071.0,1502.0],[2066.0,1501.0],[2071.0,1500.0],[2074.0,1494.0],[2086.0,1495.0],[2094.0,1492.0],[2107.0,1495.0],[2115.0,1492.0],[2123.0,1485.0],[2123.0,1482.0],[2120.0,1481.0],[2123.0,1480.0],[2125.0,1465.0],[2121.0,1464.0],[2116.0,1467.0],[2109.0,1467.0],[2108.0,1469.0],[2101.0,1465.0],[2108.0,1462.0],[2116.0,1464.0],[2120.0,1461.0],[2121.0,1456.0],[2117.0,1450.0],[2108.0,1446.0],[2106.0,1439.0],[2094.0,1429.0],[2090.0,1420.0],[2086.0,1420.0],[2074.0,1412.0],[2066.0,1412.0],[2054.0,1404.0],[2046.0,1404.0],[2042.0,1400.0],[2030.0,1400.0]]]}},{"type":"Feature","properties":{"id":"prov_milano","index":113,"name":"Milanais","owner":"fac_milan","centroid":[2930.3,2451.6],"capital_px":[2904.2,2488.1],"neighbors":["prov_genova","prov_mantova","prov_montferrat","prov_parma","prov_pavia","prov_piemont","prov_savoie","prov_tirol","prov_trent","prov_verona","prov_waldstatten"],"sea_neighbors":[],"area_px":54340},"geometry":{"type":"Polygon","coordinates":[[[3006.0,2284.0],[3002.0,2288.0],[2998.0,2288.0],[2994.0,2292.0],[2990.0,2292.0],[2986.0,2296.0],[2966.0,2304.0],[2958.0,2312.0],[2954.0,2312.0],[2950.0,2316.0],[2930.0,2324.0],[2901.0,2354.0],[2886.0,2360.0],[2882.0,2364.0],[2874.0,2364.0],[2870.0,2368.0],[2866.0,2368.0],[2854.0,2376.0],[2846.0,2376.0],[2834.0,2384.0],[2826.0,2384.0],[2822.0,2380.0],[2814.0,2380.0],[2810.0,2384.0],[2782.0,2384.0],[2778.0,2388.0],[2768.0,2389.0],[2768.0,2419.0],[2772.0,2422.0],[2772.0,2426.0],[2776.0,2430.0],[2776.0,2434.0],[2780.0,2438.0],[2780.0,2442.0],[2784.0,2446.0],[2792.0,2466.0],[2798.0,2471.0],[2800.0,2478.0],[2804.0,2482.0],[2804.0,2495.0],[2822.0,2496.0],[2831.0,2506.0],[2841.0,2510.0],[2848.0,2518.0],[2848.0,2526.0],[2856.0,2538.0],[2856.0,2570.0],[2853.0,2573.0],[2854.0,2577.0],[2866.0,2584.0],[2878.0,2584.0],[2890.0,2592.0],[2898.0,2592.0],[2902.0,2596.0],[2910.0,2596.0],[2914.0,2600.0],[2926.0,2600.0],[2930.0,2604.0],[2937.0,2606.0],[2943.0,2614.0],[2953.0,2618.0],[2959.0,2626.0],[2966.0,2628.0],[2971.0,2634.0],[2978.0,2636.0],[2982.0,2640.0],[2984.0,2640.0],[2984.0,2606.0],[2981.0,2603.0],[2982.0,2599.0],[2988.0,2594.0],[2992.0,2582.0],[2998.0,2577.0],[3002.0,2567.0],[3010.0,2564.0],[3015.0,2558.0],[3022.0,2556.0],[3028.0,2551.0],[3029.0,2531.0],[3024.0,2526.0],[3024.0,2486.0],[3028.0,2482.0],[3028.0,2462.0],[3036.0,2454.0],[3036.0,2442.0],[3032.0,2438.0],[3032.0,2390.0],[3040.0,2382.0],[3040.0,2378.0],[3045.0,2373.0],[3044.0,2366.0],[3048.0,2362.0],[3048.0,2350.0],[3044.0,2346.0],[3044.0,2334.0],[3049.0,2327.0],[3039.0,2322.0],[3030.0,2313.0],[3026.0,2303.0],[3006.0,2284.0]],[[2866.0,2378.0],[2869.0,2380.0],[2857.0,2390.0],[2858.0,2404.0],[2842.0,2418.0],[2843.0,2433.0],[2838.0,2436.0],[2838.0,2441.0],[2843.0,2446.0],[2841.0,2447.0],[2835.0,2437.0],[2838.0,2432.0],[2838.0,2425.0],[2832.0,2420.0],[2830.0,2413.0],[2838.0,2415.0],[2843.0,2412.0],[2854.0,2399.0],[2852.0,2391.0],[2855.0,2385.0],[2866.0,2378.0]],[[2922.0,2379.0],[2926.0,2381.0],[2919.0,2386.0],[2918.0,2398.0],[2915.0,2402.0],[2918.0,2416.0],[2925.0,2423.0],[2926.0,2427.0],[2918.0,2421.0],[2914.0,2409.0],[2910.0,2408.0],[2907.0,2412.0],[2902.0,2413.0],[2901.0,2424.0],[2892.0,2433.0],[2892.0,2429.0],[2900.0,2422.0],[2899.0,2414.0],[2901.0,2410.0],[2910.0,2406.0],[2915.0,2385.0],[2922.0,2379.0]],[[2880.0,2403.0],[2898.0,2400.0],[2887.0,2403.0],[2881.0,2409.0],[2882.0,2417.0],[2881.0,2415.0],[2873.0,2417.0],[2873.0,2406.0],[2874.0,2414.0],[2877.0,2415.0],[2880.0,2403.0]],[[2926.0,2429.0],[2927.0,2427.0],[2927.0,2429.0],[2926.0,2429.0]],[[2927.0,2429.0],[2929.0,2431.0],[2929.0,2434.0],[2927.0,2433.0],[2927.0,2429.0]],[[3001.0,2433.0],[3003.0,2437.0],[3000.0,2440.0],[3004.0,2447.0],[3004.0,2452.0],[2998.0,2457.0],[2990.0,2457.0],[2991.0,2454.0],[2998.0,2453.0],[2997.0,2439.0],[3001.0,2433.0]],[[2894.0,2520.0],[2906.0,2520.0],[2909.0,2522.0],[2916.0,2530.0],[2916.0,2542.0],[2912.0,2546.0],[2912.0,2562.0],[2902.0,2568.0],[2898.0,2568.0],[2894.0,2572.0],[2890.0,2572.0],[2886.0,2568.0],[2878.0,2568.0],[2876.0,2566.0],[2876.0,2562.0],[2872.0,2558.0],[2872.0,2546.0],[2890.0,2529.0],[2894.0,2520.0]]]}},{"type":"Feature","properties":{"id":"prov_montferrat","index":114,"name":"Montferrat","owner":"fac_montferrat","centroid":[2816.8,2562.5],"capital_px":[2823.1,2537.8],"neighbors":["prov_genova","prov_milano","prov_piemont"],"sea_neighbors":[],"area_px":7290},"geometry":{"type":"Polygon","coordinates":[[[2805.0,2496.0],[2792.0,2518.0],[2792.0,2542.0],[2796.0,2546.0],[2796.0,2554.0],[2786.0,2559.0],[2784.0,2566.0],[2780.0,2570.0],[2780.0,2578.0],[2776.0,2582.0],[2776.0,2598.0],[2780.0,2602.0],[2780.0,2610.0],[2786.0,2615.0],[2788.0,2622.0],[2795.0,2629.0],[2809.0,2626.0],[2819.0,2614.0],[2829.0,2610.0],[2857.0,2581.0],[2853.0,2575.0],[2856.0,2570.0],[2856.0,2538.0],[2848.0,2526.0],[2848.0,2518.0],[2841.0,2510.0],[2831.0,2506.0],[2822.0,2496.0],[2805.0,2496.0]]]}},{"type":"Feature","properties":{"id":"prov_montpellier","index":115,"name":"Seigneurie de Montpellier","owner":"fac_aragon","centroid":[2293.9,2744.9],"capital_px":[2304.1,2746.4],"neighbors":["prov_beaucaire"],"sea_neighbors":["prov_carcassonne"],"area_px":2165},"geometry":{"type":"Polygon","coordinates":[[[2282.0,2720.0],[2276.0,2726.0],[2274.0,2733.0],[2264.0,2742.0],[2264.0,2746.0],[2276.0,2767.0],[2279.0,2765.0],[2282.0,2772.0],[2291.0,2773.0],[2309.0,2759.0],[2324.0,2756.0],[2324.0,2742.0],[2313.0,2726.0],[2306.0,2724.0],[2302.0,2720.0],[2282.0,2720.0]]]}},{"type":"Feature","properties":{"id":"prov_munster","index":116,"name":"Munster","owner":"fac_england","centroid":[1331.0,1228.9],"capital_px":[1384.8,1247.8],"neighbors":["prov_desmond","prov_dublin","prov_leinster","prov_ormond"],"sea_neighbors":[],"area_px":19270},"geometry":{"type":"Polygon","coordinates":[[[1377.0,1159.0],[1363.0,1166.0],[1354.0,1176.0],[1342.0,1176.0],[1330.0,1184.0],[1326.0,1184.0],[1322.0,1180.0],[1306.0,1180.0],[1286.0,1168.0],[1278.0,1168.0],[1273.0,1171.0],[1265.0,1164.0],[1264.0,1170.0],[1252.0,1190.0],[1252.0,1198.0],[1244.0,1202.0],[1244.0,1234.0],[1240.0,1238.0],[1240.0,1270.0],[1236.0,1274.0],[1234.0,1281.0],[1226.0,1287.0],[1224.0,1294.0],[1218.0,1299.0],[1216.0,1305.0],[1227.0,1306.0],[1229.0,1312.0],[1230.0,1306.0],[1235.0,1300.0],[1238.0,1303.0],[1239.0,1299.0],[1243.0,1302.0],[1254.0,1298.0],[1257.0,1295.0],[1257.0,1291.0],[1259.0,1291.0],[1257.0,1289.0],[1259.0,1285.0],[1255.0,1284.0],[1257.0,1278.0],[1250.0,1275.0],[1251.0,1273.0],[1256.0,1275.0],[1263.0,1274.0],[1264.0,1277.0],[1272.0,1278.0],[1270.0,1281.0],[1271.0,1285.0],[1266.0,1286.0],[1263.0,1291.0],[1285.0,1293.0],[1287.0,1288.0],[1299.0,1287.0],[1298.0,1282.0],[1305.0,1278.0],[1306.0,1273.0],[1307.0,1278.0],[1314.0,1281.0],[1318.0,1281.0],[1319.0,1277.0],[1331.0,1278.0],[1332.0,1273.0],[1337.0,1270.0],[1335.0,1266.0],[1330.0,1265.0],[1332.0,1261.0],[1336.0,1261.0],[1336.0,1264.0],[1356.0,1261.0],[1371.0,1265.0],[1376.0,1265.0],[1377.0,1262.0],[1381.0,1264.0],[1381.0,1261.0],[1383.0,1261.0],[1385.0,1263.0],[1381.0,1267.0],[1390.0,1268.0],[1396.0,1264.0],[1394.0,1262.0],[1396.0,1246.0],[1397.0,1253.0],[1401.0,1259.0],[1401.0,1266.0],[1395.0,1270.0],[1396.0,1272.0],[1409.0,1265.0],[1408.0,1264.0],[1410.0,1262.0],[1409.0,1257.0],[1414.0,1258.0],[1416.0,1256.0],[1411.0,1262.0],[1421.0,1263.0],[1430.0,1272.0],[1434.0,1270.0],[1443.0,1270.0],[1442.0,1272.0],[1445.0,1273.0],[1450.0,1271.0],[1448.0,1275.0],[1451.0,1276.0],[1457.0,1267.0],[1453.0,1262.0],[1453.0,1257.0],[1450.0,1258.0],[1450.0,1255.0],[1447.0,1254.0],[1448.0,1250.0],[1445.0,1247.0],[1445.0,1243.0],[1430.0,1229.0],[1428.0,1222.0],[1424.0,1218.0],[1424.0,1194.0],[1415.0,1184.0],[1410.0,1184.0],[1406.0,1180.0],[1394.0,1176.0],[1381.0,1162.0],[1377.0,1159.0]],[[1234.0,1298.0],[1233.0,1301.0],[1230.0,1298.0],[1234.0,1298.0]],[[1239.0,1299.0],[1238.0,1298.0],[1239.0,1298.0],[1239.0,1299.0]],[[1409.0,1260.0],[1408.0,1261.0],[1408.0,1260.0],[1409.0,1260.0]],[[1416.0,1256.0],[1417.0,1255.0],[1417.0,1256.0],[1416.0,1256.0]]]}},{"type":"Feature","properties":{"id":"prov_murcia","index":117,"name":"Murcie","owner":"fac_castile","centroid":[1553.4,3482.0],"capital_px":[1628.1,3538.8],"neighbors":["prov_alicante","prov_cordoba","prov_granada","prov_toledo","prov_valencia","prov_villena"],"sea_neighbors":[],"area_px":51393},"geometry":{"type":"Polygon","coordinates":[[[1537.0,3331.0],[1530.0,3336.0],[1522.0,3336.0],[1518.0,3340.0],[1498.0,3348.0],[1486.0,3360.0],[1467.0,3366.0],[1462.0,3377.0],[1435.0,3403.0],[1436.0,3426.0],[1432.0,3430.0],[1432.0,3478.0],[1428.0,3482.0],[1428.0,3495.0],[1484.0,3550.0],[1484.0,3558.0],[1492.0,3570.0],[1492.0,3578.0],[1510.0,3595.0],[1512.0,3602.0],[1516.0,3606.0],[1516.0,3614.0],[1524.0,3626.0],[1524.0,3642.0],[1528.0,3645.0],[1540.0,3637.0],[1548.0,3625.0],[1569.0,3617.0],[1573.0,3618.0],[1577.0,3609.0],[1582.0,3609.0],[1594.0,3601.0],[1604.0,3602.0],[1608.0,3600.0],[1620.0,3609.0],[1622.0,3609.0],[1621.0,3604.0],[1624.0,3602.0],[1638.0,3604.0],[1644.0,3609.0],[1663.0,3605.0],[1669.0,3606.0],[1673.0,3603.0],[1673.0,3599.0],[1667.0,3599.0],[1661.0,3595.0],[1657.0,3587.0],[1657.0,3580.0],[1662.0,3579.0],[1666.0,3571.0],[1670.0,3575.0],[1670.0,3567.0],[1673.0,3560.0],[1677.0,3553.0],[1685.0,3549.0],[1687.0,3545.0],[1687.0,3540.0],[1674.0,3529.0],[1672.0,3522.0],[1668.0,3518.0],[1668.0,3502.0],[1672.0,3498.0],[1674.0,3491.0],[1680.0,3486.0],[1680.0,3477.0],[1678.0,3476.0],[1673.0,3479.0],[1655.0,3470.0],[1646.0,3451.0],[1638.0,3445.0],[1636.0,3438.0],[1628.0,3430.0],[1628.0,3394.0],[1632.0,3389.0],[1609.0,3366.0],[1599.0,3362.0],[1586.0,3348.0],[1578.0,3348.0],[1574.0,3344.0],[1566.0,3344.0],[1562.0,3340.0],[1554.0,3340.0],[1550.0,3336.0],[1542.0,3336.0],[1537.0,3331.0]]]}},{"type":"Feature","properties":{"id":"prov_namur","index":118,"name":"Namur","owner":"fac_namur","centroid":[2481.3,1726.8],"capital_px":[2486.1,1697.7],"neighbors":["prov_brabant","prov_hainaut","prov_liege","prov_luxembourg"],"sea_neighbors":[],"area_px":5118},"geometry":{"type":"Polygon","coordinates":[[[2486.0,1676.0],[2482.0,1680.0],[2474.0,1680.0],[2470.0,1684.0],[2466.0,1684.0],[2452.0,1697.0],[2452.0,1718.0],[2448.0,1722.0],[2448.0,1730.0],[2452.0,1734.0],[2452.0,1754.0],[2458.0,1759.0],[2462.0,1769.0],[2475.0,1781.0],[2489.0,1778.0],[2498.0,1769.0],[2502.0,1759.0],[2512.0,1750.0],[2512.0,1718.0],[2508.0,1714.0],[2508.0,1681.0],[2498.0,1680.0],[2494.0,1676.0],[2486.0,1676.0]]]}},{"type":"Feature","properties":{"id":"prov_napoli","index":119,"name":"Royaume de Naples","owner":"fac_naples","centroid":[3629.4,3176.5],"capital_px":[3495.0,3185.1],"neighbors":["prov_lazio","prov_sicilia","prov_taranto"],"sea_neighbors":["prov_austria"],"area_px":110590},"geometry":{"type":"MultiPolygon","coordinates":[[[[3448.0,3201.0],[3447.0,3209.0],[3451.0,3212.0],[3460.0,3209.0],[3460.0,3204.0],[3458.0,3203.0],[3448.0,3201.0]]],[[[4094.0,3138.0],[4094.0,3156.0],[4089.0,3160.0],[4089.0,3163.0],[4096.0,3170.0],[4096.0,3137.0],[4094.0,3138.0]]],[[[3464.0,2938.0],[3460.0,2942.0],[3460.0,2954.0],[3456.0,2958.0],[3456.0,2974.0],[3452.0,2978.0],[3452.0,2986.0],[3434.0,3003.0],[3430.0,3013.0],[3416.0,3026.0],[3414.0,3037.0],[3398.0,3051.0],[3394.0,3061.0],[3382.0,3071.0],[3380.0,3078.0],[3376.0,3082.0],[3376.0,3090.0],[3372.0,3094.0],[3364.0,3114.0],[3354.0,3123.0],[3352.0,3130.0],[3348.0,3133.0],[3353.0,3135.0],[3357.0,3130.0],[3373.0,3123.0],[3386.0,3124.0],[3400.0,3130.0],[3402.0,3133.0],[3405.0,3132.0],[3406.0,3135.0],[3411.0,3135.0],[3410.0,3129.0],[3413.0,3127.0],[3429.0,3127.0],[3445.0,3143.0],[3452.0,3155.0],[3452.0,3161.0],[3458.0,3164.0],[3465.0,3174.0],[3470.0,3188.0],[3469.0,3196.0],[3474.0,3197.0],[3473.0,3189.0],[3488.0,3193.0],[3490.0,3188.0],[3499.0,3187.0],[3511.0,3199.0],[3519.0,3200.0],[3521.0,3208.0],[3517.0,3209.0],[3512.0,3217.0],[3505.0,3219.0],[3505.0,3227.0],[3522.0,3217.0],[3531.0,3220.0],[3537.0,3214.0],[3546.0,3214.0],[3552.0,3209.0],[3557.0,3209.0],[3571.0,3223.0],[3585.0,3249.0],[3585.0,3256.0],[3578.0,3259.0],[3577.0,3275.0],[3588.0,3278.0],[3592.0,3284.0],[3604.0,3284.0],[3610.0,3291.0],[3620.0,3297.0],[3620.0,3304.0],[3627.0,3303.0],[3631.0,3308.0],[3641.0,3307.0],[3651.0,3294.0],[3663.0,3293.0],[3663.0,3296.0],[3676.0,3309.0],[3678.0,3316.0],[3683.0,3321.0],[3683.0,3331.0],[3688.0,3351.0],[3693.0,3357.0],[3697.0,3371.0],[3706.0,3377.0],[3716.0,3392.0],[3721.0,3406.0],[3728.0,3443.0],[3738.0,3461.0],[3741.0,3461.0],[3746.0,3456.0],[3814.0,3456.0],[3819.0,3461.0],[3835.0,3454.0],[3840.0,3455.0],[3843.0,3459.0],[3848.0,3456.0],[3852.0,3456.0],[3854.0,3459.0],[3855.0,3455.0],[3861.0,3450.0],[3861.0,3440.0],[3864.0,3438.0],[3858.0,3437.0],[3853.0,3429.0],[3855.0,3411.0],[3850.0,3404.0],[3850.0,3390.0],[3853.0,3381.0],[3846.0,3380.0],[3835.0,3370.0],[3827.0,3369.0],[3823.0,3365.0],[3814.0,3362.0],[3806.0,3353.0],[3782.0,3352.0],[3773.0,3345.0],[3774.0,3339.0],[3769.0,3333.0],[3771.0,3319.0],[3783.0,3303.0],[3778.0,3289.0],[3779.0,3282.0],[3793.0,3264.0],[3795.0,3256.0],[3795.0,3252.0],[3784.0,3242.0],[3784.0,3226.0],[3780.0,3222.0],[3780.0,3202.0],[3792.0,3182.0],[3792.0,3170.0],[3796.0,3166.0],[3798.0,3159.0],[3809.0,3154.0],[3818.0,3144.0],[3825.0,3142.0],[3833.0,3131.0],[3820.0,3125.0],[3763.0,3111.0],[3755.0,3105.0],[3747.0,3104.0],[3687.0,3079.0],[3679.0,3069.0],[3678.0,3055.0],[3683.0,3049.0],[3693.0,3044.0],[3710.0,3027.0],[3709.0,3016.0],[3703.0,3006.0],[3689.0,3003.0],[3664.0,3009.0],[3638.0,3010.0],[3625.0,3014.0],[3585.0,3013.0],[3575.0,3008.0],[3568.0,3001.0],[3555.0,3000.0],[3544.0,2993.0],[3540.0,2993.0],[3534.0,2977.0],[3518.0,2973.0],[3501.0,2958.0],[3494.0,2948.0],[3476.0,2937.0],[3466.0,2925.0],[3464.0,2925.0],[3464.0,2938.0]],[[3694.0,3084.0],[3699.0,3088.0],[3705.0,3089.0],[3706.0,3091.0],[3696.0,3091.0],[3694.0,3088.0],[3689.0,3087.0],[3686.0,3082.0],[3694.0,3084.0]],[[3664.0,3019.0],[3662.0,3021.0],[3653.0,3020.0],[3650.0,3013.0],[3663.0,3011.0],[3664.0,3019.0]],[[3633.0,3014.0],[3625.0,3020.0],[3615.0,3020.0],[3613.0,3022.0],[3608.0,3020.0],[3611.0,3017.0],[3633.0,3014.0]]],[[[3981.0,3222.0],[3984.0,3230.0],[3972.0,3250.0],[3972.0,3258.0],[3968.0,3262.0],[3966.0,3269.0],[3958.0,3276.0],[3954.0,3276.0],[3950.0,3280.0],[3946.0,3279.0],[3945.0,3281.0],[3955.0,3293.0],[3962.0,3295.0],[3966.0,3299.0],[3972.0,3302.0],[3980.0,3301.0],[3987.0,3306.0],[3993.0,3306.0],[3995.0,3303.0],[3995.0,3275.0],[4002.0,3266.0],[4005.0,3252.0],[4002.0,3250.0],[3993.0,3232.0],[3981.0,3222.0]]]]}},{"type":"Feature","properties":{"id":"prov_navarra","index":120,"name":"Navarre","owner":"fac_navarre","centroid":[1662.7,2820.0],"capital_px":[1670.0,2794.9],"neighbors":["prov_aragon","prov_bearn","prov_biscay","prov_castilla_vieja","prov_gascogne"],"sea_neighbors":[],"area_px":18702},"geometry":{"type":"Polygon","coordinates":[[[1623.0,2743.0],[1620.0,2746.0],[1620.0,2754.0],[1616.0,2758.0],[1608.0,2778.0],[1590.0,2795.0],[1588.0,2802.0],[1583.0,2807.0],[1584.0,2818.0],[1581.0,2823.0],[1584.0,2826.0],[1584.0,2846.0],[1588.0,2850.0],[1588.0,2879.0],[1594.0,2880.0],[1602.0,2888.0],[1622.0,2888.0],[1626.0,2884.0],[1634.0,2884.0],[1638.0,2888.0],[1674.0,2888.0],[1678.0,2884.0],[1686.0,2884.0],[1706.0,2872.0],[1717.0,2870.0],[1726.0,2861.0],[1730.0,2851.0],[1756.0,2827.0],[1756.0,2818.0],[1752.0,2814.0],[1752.0,2793.0],[1746.0,2788.0],[1739.0,2786.0],[1734.0,2780.0],[1727.0,2778.0],[1722.0,2772.0],[1715.0,2770.0],[1710.0,2764.0],[1706.0,2764.0],[1694.0,2756.0],[1686.0,2756.0],[1674.0,2748.0],[1634.0,2748.0],[1630.0,2744.0],[1623.0,2743.0]]]}},{"type":"Feature","properties":{"id":"prov_nivernais","index":121,"name":"Nivernais et Auxerrois","owner":"fac_flanders","centroid":[2287.1,2175.4],"capital_px":[2269.1,2219.6],"neighbors":["prov_berry","prov_bourbonnais","prov_bourgogne","prov_champagne","prov_orleanais"],"sea_neighbors":[],"area_px":15838},"geometry":{"type":"Polygon","coordinates":[[[2255.0,2091.0],[2231.0,2115.0],[2232.0,2122.0],[2240.0,2134.0],[2240.0,2142.0],[2244.0,2146.0],[2244.0,2162.0],[2240.0,2166.0],[2240.0,2178.0],[2236.0,2182.0],[2236.0,2202.0],[2228.0,2214.0],[2228.0,2242.0],[2224.0,2246.0],[2224.0,2251.0],[2230.0,2256.0],[2242.0,2256.0],[2246.0,2252.0],[2274.0,2252.0],[2278.0,2248.0],[2302.0,2248.0],[2306.0,2244.0],[2310.0,2244.0],[2314.0,2240.0],[2334.0,2232.0],[2344.0,2222.0],[2344.0,2194.0],[2348.0,2190.0],[2348.0,2126.0],[2346.0,2123.0],[2338.0,2116.0],[2330.0,2116.0],[2318.0,2108.0],[2310.0,2108.0],[2290.0,2096.0],[2270.0,2096.0],[2266.0,2092.0],[2255.0,2091.0]]]}},{"type":"Feature","properties":{"id":"prov_norfolk","index":122,"name":"Est-Anglie et Lincoln","owner":"fac_england","centroid":[2097.6,1333.7],"capital_px":[2175.2,1331.6],"neighbors":["prov_middlesex","prov_oxford","prov_warwick","prov_yorkshire"],"sea_neighbors":["prov_kent"],"area_px":35699},"geometry":{"type":"Polygon","coordinates":[[[2057.0,1205.0],[2046.0,1212.0],[2038.0,1212.0],[2026.0,1220.0],[2018.0,1220.0],[2014.0,1224.0],[2010.0,1224.0],[1988.0,1245.0],[1988.0,1258.0],[1992.0,1262.0],[1992.0,1318.0],[2000.0,1330.0],[2000.0,1354.0],[2004.0,1358.0],[2004.0,1362.0],[2008.0,1366.0],[2008.0,1374.0],[2020.0,1394.0],[2021.0,1404.0],[2026.0,1404.0],[2030.0,1400.0],[2042.0,1400.0],[2046.0,1404.0],[2054.0,1404.0],[2066.0,1412.0],[2074.0,1412.0],[2078.0,1416.0],[2090.0,1420.0],[2094.0,1429.0],[2106.0,1439.0],[2108.0,1446.0],[2117.0,1450.0],[2121.0,1457.0],[2128.0,1454.0],[2131.0,1449.0],[2135.0,1460.0],[2147.0,1460.0],[2160.0,1451.0],[2160.0,1447.0],[2155.0,1449.0],[2152.0,1446.0],[2161.0,1437.0],[2143.0,1435.0],[2142.0,1433.0],[2151.0,1432.0],[2153.0,1435.0],[2160.0,1435.0],[2162.0,1431.0],[2165.0,1438.0],[2167.0,1438.0],[2177.0,1429.0],[2181.0,1422.0],[2183.0,1423.0],[2193.0,1418.0],[2199.0,1402.0],[2200.0,1390.0],[2207.0,1382.0],[2213.0,1365.0],[2217.0,1360.0],[2217.0,1333.0],[2213.0,1316.0],[2188.0,1291.0],[2179.0,1285.0],[2158.0,1277.0],[2149.0,1279.0],[2139.0,1273.0],[2132.0,1273.0],[2127.0,1270.0],[2108.0,1273.0],[2104.0,1277.0],[2100.0,1289.0],[2093.0,1295.0],[2093.0,1299.0],[2091.0,1299.0],[2088.0,1293.0],[2080.0,1294.0],[2075.0,1282.0],[2069.0,1277.0],[2061.0,1277.0],[2061.0,1274.0],[2066.0,1272.0],[2078.0,1259.0],[2096.0,1248.0],[2099.0,1231.0],[2094.0,1205.0],[2057.0,1205.0]],[[2161.0,1431.0],[2160.0,1430.0],[2161.0,1430.0],[2161.0,1431.0]],[[2157.0,1430.0],[2151.0,1425.0],[2151.0,1423.0],[2160.0,1429.0],[2157.0,1430.0]]]}},{"type":"Feature","properties":{"id":"prov_normandie","index":123,"name":"Normandie (Rouen)","owner":"fac_france","centroid":[2084.5,1824.3],"capital_px":[2097.0,1819.5],"neighbors":["prov_evreux","prov_ile_de_france","prov_maine","prov_normandie_ouest","prov_orleanais","prov_picardie"],"sea_neighbors":["prov_ponthieu"],"area_px":20006},"geometry":{"type":"Polygon","coordinates":[[[2121.0,1739.0],[2110.0,1742.0],[2074.0,1749.0],[2055.0,1749.0],[2032.0,1760.0],[2015.0,1765.0],[2009.0,1769.0],[2003.0,1784.0],[1996.0,1793.0],[1999.0,1800.0],[2013.0,1806.0],[2030.0,1808.0],[2036.0,1805.0],[2031.0,1809.0],[2019.0,1810.0],[2020.0,1818.0],[2016.0,1822.0],[2016.0,1834.0],[2020.0,1838.0],[2020.0,1886.0],[2024.0,1890.0],[2024.0,1902.0],[2032.0,1914.0],[2032.0,1919.0],[2038.0,1920.0],[2050.0,1928.0],[2058.0,1928.0],[2075.0,1946.0],[2082.0,1948.0],[2085.0,1952.0],[2092.0,1947.0],[2090.0,1943.0],[2074.0,1928.0],[2070.0,1928.0],[2066.0,1924.0],[2057.0,1923.0],[2060.0,1918.0],[2060.0,1878.0],[2069.0,1874.0],[2075.0,1866.0],[2082.0,1864.0],[2086.0,1860.0],[2106.0,1860.0],[2110.0,1864.0],[2117.0,1866.0],[2132.0,1882.0],[2132.0,1886.0],[2136.0,1890.0],[2136.0,1911.0],[2138.0,1912.0],[2142.0,1903.0],[2148.0,1898.0],[2150.0,1891.0],[2162.0,1881.0],[2168.0,1866.0],[2173.0,1861.0],[2172.0,1850.0],[2168.0,1846.0],[2168.0,1834.0],[2164.0,1830.0],[2164.0,1818.0],[2160.0,1814.0],[2160.0,1806.0],[2152.0,1794.0],[2152.0,1786.0],[2148.0,1782.0],[2142.0,1767.0],[2132.0,1762.0],[2124.0,1742.0],[2121.0,1739.0]]]}},{"type":"Feature","properties":{"id":"prov_normandie_ouest","index":124,"name":"Normandie (Caen)","owner":"fac_france","centroid":[1903.6,1865.2],"capital_px":[1944.6,1840.0],"neighbors":["prov_alencon","prov_bretagne","prov_maine","prov_normandie"],"sea_neighbors":["prov_penthievre"],"area_px":30390},"geometry":{"type":"MultiPolygon","coordinates":[[[[1739.0,1755.0],[1728.0,1761.0],[1723.0,1761.0],[1721.0,1766.0],[1734.0,1768.0],[1737.0,1760.0],[1740.0,1758.0],[1739.0,1755.0]]],[[[1760.0,1808.0],[1758.0,1811.0],[1762.0,1810.0],[1765.0,1813.0],[1769.0,1809.0],[1772.0,1814.0],[1778.0,1816.0],[1781.0,1811.0],[1781.0,1806.0],[1769.0,1800.0],[1763.0,1801.0],[1759.0,1799.0],[1760.0,1808.0]]],[[[1799.0,1739.0],[1807.0,1744.0],[1808.0,1747.0],[1807.0,1758.0],[1802.0,1762.0],[1806.0,1775.0],[1805.0,1788.0],[1809.0,1788.0],[1812.0,1795.0],[1816.0,1793.0],[1817.0,1797.0],[1815.0,1798.0],[1815.0,1801.0],[1818.0,1804.0],[1819.0,1815.0],[1821.0,1813.0],[1825.0,1814.0],[1821.0,1816.0],[1821.0,1827.0],[1823.0,1829.0],[1819.0,1832.0],[1820.0,1839.0],[1818.0,1843.0],[1819.0,1848.0],[1822.0,1844.0],[1825.0,1844.0],[1820.0,1854.0],[1822.0,1860.0],[1821.0,1862.0],[1819.0,1861.0],[1817.0,1870.0],[1813.0,1872.0],[1816.0,1875.0],[1816.0,1890.0],[1819.0,1892.0],[1819.0,1897.0],[1825.0,1903.0],[1830.0,1903.0],[1833.0,1906.0],[1818.0,1907.0],[1811.0,1904.0],[1801.0,1906.0],[1815.0,1926.0],[1830.0,1932.0],[1834.0,1936.0],[1842.0,1936.0],[1846.0,1940.0],[1858.0,1944.0],[1883.0,1970.0],[1894.0,1972.0],[1901.0,1977.0],[1926.0,1953.0],[1930.0,1943.0],[1946.0,1928.0],[1954.0,1928.0],[1966.0,1920.0],[2014.0,1920.0],[2018.0,1924.0],[2026.0,1924.0],[2032.0,1919.0],[2032.0,1914.0],[2024.0,1902.0],[2024.0,1890.0],[2020.0,1886.0],[2020.0,1838.0],[2016.0,1834.0],[2016.0,1822.0],[2020.0,1818.0],[2019.0,1810.0],[2001.0,1812.0],[1985.0,1823.0],[1961.0,1827.0],[1945.0,1815.0],[1936.0,1814.0],[1933.0,1811.0],[1925.0,1812.0],[1920.0,1809.0],[1906.0,1807.0],[1892.0,1799.0],[1877.0,1797.0],[1875.0,1804.0],[1872.0,1804.0],[1871.0,1801.0],[1867.0,1801.0],[1869.0,1790.0],[1860.0,1772.0],[1861.0,1764.0],[1865.0,1764.0],[1869.0,1760.0],[1866.0,1747.0],[1848.0,1744.0],[1841.0,1750.0],[1837.0,1748.0],[1832.0,1750.0],[1831.0,1747.0],[1812.0,1740.0],[1811.0,1736.0],[1807.0,1736.0],[1804.0,1733.0],[1801.0,1733.0],[1799.0,1739.0]],[[1825.0,1815.0],[1827.0,1816.0],[1825.0,1816.0],[1825.0,1815.0]],[[1827.0,1816.0],[1828.0,1817.0],[1827.0,1817.0],[1827.0,1816.0]],[[1825.0,1845.0],[1827.0,1846.0],[1825.0,1846.0],[1825.0,1845.0]]]]}},{"type":"Feature","properties":{"id":"prov_northumberland","index":125,"name":"Northumberland et Cumbrie","owner":"fac_england","centroid":[1891.2,939.4],"capital_px":[1962.6,934.0],"neighbors":["prov_galloway","prov_lancaster","prov_lothian","prov_yorkshire"],"sea_neighbors":[],"area_px":31559},"geometry":{"type":"Polygon","coordinates":[[[1954.0,816.0],[1926.0,844.0],[1894.0,844.0],[1883.0,851.0],[1878.0,848.0],[1841.0,847.0],[1836.0,850.0],[1836.0,894.0],[1828.0,906.0],[1828.0,912.0],[1839.0,912.0],[1840.0,914.0],[1833.0,914.0],[1839.0,917.0],[1828.0,918.0],[1825.0,916.0],[1822.0,920.0],[1815.0,922.0],[1807.0,919.0],[1798.0,932.0],[1798.0,938.0],[1794.0,943.0],[1788.0,945.0],[1777.0,969.0],[1772.0,973.0],[1787.0,1003.0],[1786.0,1016.0],[1790.0,1026.0],[1792.0,1028.0],[1799.0,1028.0],[1799.0,1023.0],[1803.0,1019.0],[1801.0,1030.0],[1797.0,1032.0],[1796.0,1038.0],[1796.0,1043.0],[1801.0,1045.0],[1802.0,1050.0],[1803.0,1046.0],[1809.0,1041.0],[1808.0,1034.0],[1822.0,1020.0],[1846.0,1020.0],[1850.0,1024.0],[1865.0,1030.0],[1868.0,1038.0],[1874.0,1044.0],[1886.0,1036.0],[1897.0,1034.0],[1922.0,1008.0],[1966.0,1008.0],[1970.0,1004.0],[1978.0,1004.0],[1982.0,1000.0],[1994.0,1000.0],[1999.0,996.0],[1997.0,992.0],[1995.0,996.0],[1990.0,994.0],[1994.0,991.0],[1993.0,984.0],[1995.0,982.0],[1989.0,979.0],[1986.0,972.0],[1984.0,956.0],[1985.0,939.0],[1981.0,934.0],[1979.0,920.0],[1977.0,920.0],[1976.0,905.0],[1978.0,901.0],[1975.0,894.0],[1975.0,886.0],[1977.0,884.0],[1975.0,872.0],[1978.0,863.0],[1977.0,841.0],[1971.0,835.0],[1966.0,835.0],[1968.0,834.0],[1967.0,830.0],[1964.0,829.0],[1962.0,831.0],[1957.0,817.0],[1954.0,816.0]]]}},{"type":"Feature","properties":{"id":"prov_nuremberg","index":126,"name":"Nuremberg","owner":"fac_nuremberg","centroid":[3113.9,1874.2],"capital_px":[3101.1,1871.6],"neighbors":["prov_bamberg","prov_bohemia","prov_franconia","prov_meissen","prov_oberbayern","prov_swabia"],"sea_neighbors":[],"area_px":19296},"geometry":{"type":"Polygon","coordinates":[[[3157.0,1792.0],[3154.0,1796.0],[3148.0,1798.0],[3146.0,1804.0],[3134.0,1808.0],[3129.0,1814.0],[3114.0,1820.0],[3106.0,1828.0],[3094.0,1828.0],[3082.0,1836.0],[3074.0,1836.0],[3070.0,1832.0],[3054.0,1832.0],[3051.0,1835.0],[3046.0,1832.0],[3040.0,1833.0],[3040.0,1838.0],[3032.0,1850.0],[3032.0,1858.0],[3014.0,1875.0],[3007.0,1891.0],[3010.0,1897.0],[3018.0,1903.0],[3022.0,1913.0],[3030.0,1919.0],[3035.0,1930.0],[3038.0,1932.0],[3066.0,1932.0],[3070.0,1936.0],[3090.0,1936.0],[3094.0,1940.0],[3102.0,1940.0],[3106.0,1936.0],[3138.0,1936.0],[3142.0,1932.0],[3153.0,1933.0],[3158.0,1928.0],[3166.0,1925.0],[3170.0,1915.0],[3182.0,1905.0],[3186.0,1895.0],[3195.0,1886.0],[3202.0,1884.0],[3212.0,1875.0],[3212.0,1862.0],[3200.0,1842.0],[3200.0,1834.0],[3196.0,1830.0],[3196.0,1825.0],[3186.0,1817.0],[3182.0,1807.0],[3173.0,1798.0],[3166.0,1796.0],[3162.0,1792.0],[3157.0,1792.0]]]}},{"type":"Feature","properties":{"id":"prov_oberbayern","index":127,"name":"Haute-Bavi\u00e8re","owner":"fac_empire","centroid":[3209.4,2068.9],"capital_px":[3156.3,2074.3],"neighbors":["prov_austria","prov_bohemia","prov_nuremberg","prov_swabia","prov_tirol","prov_venezia","prov_waldstatten"],"sea_neighbors":[],"area_px":52447},"geometry":{"type":"Polygon","coordinates":[[[3213.0,1875.0],[3202.0,1884.0],[3195.0,1886.0],[3186.0,1895.0],[3182.0,1905.0],[3170.0,1915.0],[3165.0,1926.0],[3158.0,1928.0],[3152.0,1933.0],[3152.0,1958.0],[3148.0,1962.0],[3148.0,1986.0],[3140.0,1998.0],[3140.0,2022.0],[3136.0,2026.0],[3136.0,2034.0],[3128.0,2042.0],[3128.0,2046.0],[3124.0,2050.0],[3116.0,2070.0],[3108.0,2078.0],[3111.0,2094.0],[3114.0,2095.0],[3112.0,2104.0],[3107.0,2101.0],[3105.0,2089.0],[3104.0,2102.0],[3096.0,2110.0],[3096.0,2114.0],[3088.0,2126.0],[3086.0,2137.0],[2998.0,2223.0],[2995.0,2235.0],[2998.0,2244.0],[3000.0,2243.0],[3000.0,2234.0],[3003.0,2230.0],[3013.0,2226.0],[3023.0,2214.0],[3030.0,2212.0],[3039.0,2202.0],[3049.0,2198.0],[3059.0,2186.0],[3066.0,2184.0],[3074.0,2176.0],[3086.0,2172.0],[3094.0,2164.0],[3106.0,2164.0],[3110.0,2160.0],[3150.0,2160.0],[3154.0,2164.0],[3166.0,2164.0],[3170.0,2168.0],[3186.0,2168.0],[3195.0,2178.0],[3205.0,2182.0],[3211.0,2190.0],[3221.0,2194.0],[3231.0,2206.0],[3240.0,2210.0],[3240.0,2222.0],[3244.0,2226.0],[3244.0,2242.0],[3248.0,2246.0],[3249.0,2264.0],[3271.0,2264.0],[3276.0,2258.0],[3276.0,2254.0],[3280.0,2250.0],[3280.0,2246.0],[3296.0,2218.0],[3296.0,2206.0],[3292.0,2202.0],[3292.0,2194.0],[3289.0,2189.0],[3292.0,2186.0],[3292.0,2178.0],[3296.0,2174.0],[3296.0,2162.0],[3300.0,2158.0],[3300.0,2130.0],[3304.0,2126.0],[3304.0,2046.0],[3300.0,2042.0],[3300.0,1986.0],[3296.0,1982.0],[3296.0,1978.0],[3300.0,1974.0],[3300.0,1962.0],[3296.0,1958.0],[3296.0,1949.0],[3290.0,1944.0],[3286.0,1944.0],[3284.0,1938.0],[3277.0,1930.0],[3267.0,1926.0],[3237.0,1894.0],[3227.0,1890.0],[3217.0,1878.0],[3213.0,1875.0]],[[3133.0,2095.0],[3131.0,2105.0],[3132.0,2121.0],[3129.0,2122.0],[3125.0,2109.0],[3133.0,2095.0]],[[3251.0,2102.0],[3256.0,2107.0],[3255.0,2112.0],[3250.0,2114.0],[3250.0,2116.0],[3240.0,2117.0],[3238.0,2110.0],[3244.0,2110.0],[3247.0,2102.0],[3251.0,2102.0]]]}},{"type":"Feature","properties":{"id":"prov_orleanais","index":128,"name":"Orl\u00e9anais et Bl\u00e9sois","owner":"fac_france","centroid":[2148.8,2050.4],"capital_px":[2152.0,2065.8],"neighbors":["prov_berry","prov_blois","prov_champagne","prov_evreux","prov_ile_de_france","prov_maine","prov_nivernais","prov_normandie","prov_touraine"],"sea_neighbors":[],"area_px":27528},"geometry":{"type":"Polygon","coordinates":[[[2110.0,1940.0],[2098.0,1948.0],[2091.0,1947.0],[2084.0,1953.0],[2084.0,1962.0],[2080.0,1966.0],[2080.0,1974.0],[2076.0,1978.0],[2076.0,1986.0],[2072.0,1990.0],[2072.0,1998.0],[2056.0,2026.0],[2056.0,2034.0],[2048.0,2046.0],[2048.0,2054.0],[2042.0,2059.0],[2040.0,2066.0],[2036.0,2070.0],[2043.0,2078.0],[2053.0,2082.0],[2057.0,2088.0],[2070.0,2080.0],[2090.0,2080.0],[2104.0,2094.0],[2104.0,2098.0],[2108.0,2102.0],[2108.0,2126.0],[2098.0,2135.0],[2094.0,2145.0],[2087.0,2151.0],[2089.0,2156.0],[2094.0,2156.0],[2106.0,2148.0],[2130.0,2148.0],[2142.0,2140.0],[2154.0,2140.0],[2158.0,2136.0],[2166.0,2136.0],[2170.0,2132.0],[2174.0,2132.0],[2178.0,2128.0],[2186.0,2128.0],[2190.0,2124.0],[2218.0,2124.0],[2222.0,2120.0],[2229.0,2118.0],[2256.0,2091.0],[2256.0,2062.0],[2252.0,2058.0],[2252.0,2054.0],[2248.0,2050.0],[2248.0,2042.0],[2240.0,2030.0],[2240.0,2009.0],[2234.0,2008.0],[2230.0,2004.0],[2222.0,2004.0],[2218.0,2000.0],[2202.0,2000.0],[2190.0,1992.0],[2182.0,1992.0],[2178.0,1988.0],[2174.0,1988.0],[2153.0,1966.0],[2138.0,1960.0],[2129.0,1950.0],[2114.0,1944.0],[2110.0,1940.0]]]}},{"type":"Feature","properties":{"id":"prov_ormond","index":129,"name":"Ormond","owner":"fac_ormond","centroid":[1317.8,1133.8],"capital_px":[1308.3,1132.1],"neighbors":["prov_connacht","prov_desmond","prov_dublin","prov_munster","prov_thomond","prov_ulster"],"sea_neighbors":[],"area_px":8009},"geometry":{"type":"Polygon","coordinates":[[[1310.0,1076.0],[1297.0,1076.0],[1294.0,1080.0],[1284.0,1081.0],[1284.0,1098.0],[1280.0,1102.0],[1280.0,1110.0],[1268.0,1130.0],[1268.0,1146.0],[1263.0,1151.0],[1264.0,1163.0],[1273.0,1171.0],[1278.0,1168.0],[1286.0,1168.0],[1306.0,1180.0],[1322.0,1180.0],[1326.0,1184.0],[1330.0,1184.0],[1342.0,1176.0],[1354.0,1176.0],[1363.0,1166.0],[1370.0,1164.0],[1376.0,1159.0],[1376.0,1154.0],[1372.0,1150.0],[1372.0,1142.0],[1364.0,1130.0],[1364.0,1122.0],[1358.0,1120.0],[1352.0,1114.0],[1352.0,1110.0],[1348.0,1106.0],[1348.0,1094.0],[1343.0,1088.0],[1338.0,1088.0],[1326.0,1080.0],[1314.0,1080.0],[1310.0,1076.0]],[[1311.0,1098.0],[1320.0,1102.0],[1311.0,1104.0],[1306.0,1110.0],[1306.0,1117.0],[1303.0,1117.0],[1304.0,1120.0],[1300.0,1121.0],[1301.0,1124.0],[1293.0,1123.0],[1284.0,1133.0],[1284.0,1128.0],[1288.0,1125.0],[1288.0,1121.0],[1283.0,1119.0],[1287.0,1117.0],[1298.0,1118.0],[1300.0,1116.0],[1299.0,1109.0],[1305.0,1106.0],[1311.0,1098.0]]]}},{"type":"Feature","properties":{"id":"prov_oxford","index":130,"name":"Vall\u00e9e de la Tamise (Oxford)","owner":"fac_england","centroid":[1934.0,1421.1],"capital_px":[1916.1,1433.3],"neighbors":["prov_gloucester","prov_middlesex","prov_norfolk","prov_warwick","prov_wessex"],"sea_neighbors":[],"area_px":16286},"geometry":{"type":"Polygon","coordinates":[[[1994.0,1344.0],[1990.0,1348.0],[1982.0,1348.0],[1978.0,1352.0],[1970.0,1352.0],[1966.0,1356.0],[1962.0,1356.0],[1958.0,1360.0],[1950.0,1360.0],[1946.0,1364.0],[1930.0,1364.0],[1926.0,1368.0],[1922.0,1368.0],[1910.0,1376.0],[1902.0,1376.0],[1882.0,1388.0],[1869.0,1388.0],[1868.0,1394.0],[1864.0,1398.0],[1864.0,1406.0],[1860.0,1410.0],[1856.0,1422.0],[1844.0,1434.0],[1844.0,1442.0],[1848.0,1446.0],[1850.0,1457.0],[1867.0,1474.0],[1874.0,1476.0],[1878.0,1480.0],[1902.0,1480.0],[1914.0,1488.0],[1950.0,1488.0],[1954.0,1492.0],[1959.0,1492.0],[1960.0,1486.0],[1966.0,1481.0],[1968.0,1474.0],[1972.0,1470.0],[1972.0,1462.0],[1978.0,1457.0],[1982.0,1447.0],[1994.0,1437.0],[1998.0,1427.0],[2021.0,1405.0],[2020.0,1394.0],[2016.0,1390.0],[2016.0,1386.0],[2008.0,1374.0],[2008.0,1366.0],[2000.0,1354.0],[2000.0,1345.0],[1994.0,1344.0]]]}},{"type":"Feature","properties":{"id":"prov_padova","index":131,"name":"Padoue","owner":"fac_verona","centroid":[3185.8,2501.4],"capital_px":[3197.1,2494.9],"neighbors":["prov_venezia","prov_verona"],"sea_neighbors":[],"area_px":2312},"geometry":{"type":"Polygon","coordinates":[[[3178.0,2472.0],[3168.0,2481.0],[3168.0,2490.0],[3161.0,2501.0],[3164.0,2506.0],[3165.0,2532.0],[3182.0,2532.0],[3186.0,2528.0],[3197.0,2526.0],[3208.0,2514.0],[3208.0,2502.0],[3212.0,2498.0],[3212.0,2494.0],[3208.0,2490.0],[3208.0,2482.0],[3201.0,2474.0],[3198.0,2472.0],[3178.0,2472.0]]]}},{"type":"Feature","properties":{"id":"prov_palatinate","index":132,"name":"Palatinat du Rhin","owner":"fac_palatinate","centroid":[2836.5,1877.5],"capital_px":[2858.4,1879.4],"neighbors":["prov_alsace","prov_baden","prov_franconia","prov_lorraine","prov_mainz","prov_swabia","prov_trier","prov_wurttemberg"],"sea_neighbors":[],"area_px":21988},"geometry":{"type":"Polygon","coordinates":[[[2906.0,1808.0],[2902.0,1812.0],[2898.0,1812.0],[2894.0,1816.0],[2886.0,1816.0],[2882.0,1820.0],[2858.0,1820.0],[2854.0,1824.0],[2846.0,1824.0],[2842.0,1828.0],[2778.0,1828.0],[2766.0,1820.0],[2753.0,1820.0],[2752.0,1826.0],[2740.0,1846.0],[2740.0,1850.0],[2724.0,1866.0],[2724.0,1870.0],[2720.0,1874.0],[2720.0,1886.0],[2715.0,1893.0],[2725.0,1904.0],[2730.0,1904.0],[2734.0,1908.0],[2738.0,1908.0],[2742.0,1912.0],[2762.0,1920.0],[2774.0,1932.0],[2782.0,1932.0],[2795.0,1941.0],[2802.0,1936.0],[2814.0,1936.0],[2826.0,1928.0],[2834.0,1928.0],[2838.0,1932.0],[2849.0,1934.0],[2854.0,1945.0],[2858.0,1948.0],[2863.0,1948.0],[2866.0,1944.0],[2870.0,1944.0],[2898.0,1928.0],[2906.0,1928.0],[2914.0,1920.0],[2923.0,1920.0],[2928.0,1914.0],[2930.0,1907.0],[2946.0,1893.0],[2948.0,1886.0],[2956.0,1883.0],[2936.0,1862.0],[2936.0,1854.0],[2924.0,1834.0],[2924.0,1826.0],[2920.0,1822.0],[2920.0,1814.0],[2915.0,1808.0],[2906.0,1808.0]]]}},{"type":"Feature","properties":{"id":"prov_pallars","index":133,"name":"Pallars","owner":"fac_pallars","centroid":[1962.6,2886.5],"capital_px":[1976.2,2899.1],"neighbors":["prov_barcelona","prov_toulousain"],"sea_neighbors":[],"area_px":4312},"geometry":{"type":"Polygon","coordinates":[[[1950.0,2852.0],[1946.0,2856.0],[1929.0,2856.0],[1928.0,2862.0],[1924.0,2866.0],[1924.0,2882.0],[1920.0,2886.0],[1920.0,2890.0],[1926.0,2895.0],[1930.0,2905.0],[1938.0,2912.0],[1946.0,2912.0],[1950.0,2916.0],[1962.0,2916.0],[1966.0,2920.0],[1982.0,2920.0],[1986.0,2916.0],[1994.0,2916.0],[1998.0,2907.0],[2004.0,2902.0],[2004.0,2878.0],[2002.0,2875.0],[1991.0,2870.0],[1986.0,2864.0],[1982.0,2864.0],[1974.0,2856.0],[1966.0,2856.0],[1962.0,2852.0],[1950.0,2852.0]]]}},{"type":"Feature","properties":{"id":"prov_parma","index":134,"name":"Parme","owner":"fac_verona","centroid":[3025.0,2602.6],"capital_px":[3028.6,2590.8],"neighbors":["prov_firenze","prov_mantova","prov_milano","prov_verona"],"sea_neighbors":[],"area_px":5949},"geometry":{"type":"Polygon","coordinates":[[[3027.0,2551.0],[3022.0,2556.0],[3015.0,2558.0],[3010.0,2564.0],[3002.0,2567.0],[3000.0,2574.0],[2992.0,2582.0],[2988.0,2594.0],[2981.0,2601.0],[2984.0,2606.0],[2984.0,2640.0],[2994.0,2640.0],[2998.0,2644.0],[3030.0,2644.0],[3034.0,2640.0],[3042.0,2640.0],[3046.0,2636.0],[3053.0,2634.0],[3062.0,2625.0],[3066.0,2615.0],[3073.0,2609.0],[3072.0,2602.0],[3068.0,2598.0],[3068.0,2590.0],[3058.0,2581.0],[3054.0,2571.0],[3033.0,2551.0],[3027.0,2551.0]]]}},{"type":"Feature","properties":{"id":"prov_pavia","index":135,"name":"Pavie","owner":"fac_pavia","centroid":[2895.3,2546.6],"capital_px":[2900.3,2531.2],"neighbors":["prov_milano"],"sea_neighbors":[],"area_px":1604},"geometry":{"type":"Polygon","coordinates":[[[2894.0,2520.0],[2890.0,2529.0],[2872.0,2546.0],[2872.0,2558.0],[2876.0,2562.0],[2876.0,2566.0],[2878.0,2568.0],[2886.0,2568.0],[2890.0,2572.0],[2894.0,2572.0],[2898.0,2568.0],[2902.0,2568.0],[2912.0,2562.0],[2912.0,2546.0],[2916.0,2542.0],[2916.0,2530.0],[2914.0,2527.0],[2906.0,2520.0],[2894.0,2520.0]]]}},{"type":"Feature","properties":{"id":"prov_penthievre","index":136,"name":"Penthi\u00e8vre","owner":"fac_penthievre","centroid":[1705.6,1917.8],"capital_px":[1711.6,1915.1],"neighbors":["prov_bretagne","prov_bretagne_ouest"],"sea_neighbors":["prov_normandie_ouest"],"area_px":4640},"geometry":{"type":"Polygon","coordinates":[[[1678.0,1876.0],[1664.0,1890.0],[1664.0,1910.0],[1661.0,1915.0],[1668.0,1926.0],[1670.0,1937.0],[1691.0,1957.0],[1698.0,1952.0],[1714.0,1952.0],[1718.0,1948.0],[1738.0,1940.0],[1742.0,1931.0],[1748.0,1926.0],[1750.0,1919.0],[1756.0,1914.0],[1756.0,1896.0],[1750.0,1900.0],[1750.0,1904.0],[1748.0,1901.0],[1745.0,1903.0],[1743.0,1892.0],[1737.0,1896.0],[1735.0,1895.0],[1741.0,1889.0],[1737.0,1884.0],[1736.0,1887.0],[1730.0,1890.0],[1720.0,1888.0],[1721.0,1892.0],[1709.0,1896.0],[1702.0,1903.0],[1697.0,1902.0],[1695.0,1906.0],[1691.0,1902.0],[1694.0,1897.0],[1685.0,1891.0],[1685.0,1880.0],[1682.0,1876.0],[1678.0,1876.0]]]}},{"type":"Feature","properties":{"id":"prov_perigord","index":137,"name":"P\u00e9rigord","owner":"fac_france","centroid":[1980.2,2480.9],"capital_px":[1979.2,2468.6],"neighbors":["prov_agenais","prov_angoumois","prov_guyenne","prov_limousin","prov_quercy"],"sea_neighbors":[],"area_px":15134},"geometry":{"type":"Polygon","coordinates":[[[1981.0,2400.0],[1969.0,2414.0],[1962.0,2416.0],[1954.0,2424.0],[1950.0,2424.0],[1946.0,2428.0],[1938.0,2428.0],[1929.0,2438.0],[1922.0,2440.0],[1918.0,2444.0],[1906.0,2444.0],[1903.0,2447.0],[1904.0,2478.0],[1908.0,2482.0],[1908.0,2486.0],[1912.0,2490.0],[1912.0,2498.0],[1924.0,2518.0],[1925.0,2528.0],[1934.0,2528.0],[1946.0,2536.0],[1954.0,2536.0],[1974.0,2548.0],[1982.0,2548.0],[1989.0,2553.0],[1998.0,2544.0],[2002.0,2544.0],[2006.0,2540.0],[2010.0,2540.0],[2014.0,2536.0],[2018.0,2536.0],[2022.0,2532.0],[2037.0,2526.0],[2062.0,2501.0],[2065.0,2495.0],[2064.0,2486.0],[2054.0,2477.0],[2050.0,2467.0],[2022.0,2441.0],[2020.0,2434.0],[2013.0,2426.0],[2003.0,2422.0],[1981.0,2400.0]]]}},{"type":"Feature","properties":{"id":"prov_perugia","index":138,"name":"P\u00e9rouse","owner":"fac_perugia","centroid":[3254.7,2852.9],"capital_px":[3263.6,2847.0],"neighbors":["prov_ancona","prov_firenze","prov_lazio"],"sea_neighbors":[],"area_px":3968},"geometry":{"type":"Polygon","coordinates":[[[3258.0,2804.0],[3253.0,2810.0],[3243.0,2814.0],[3234.0,2823.0],[3229.0,2833.0],[3229.0,2835.0],[3240.0,2837.0],[3238.0,2842.0],[3240.0,2849.0],[3230.0,2851.0],[3225.0,2848.0],[3217.0,2857.0],[3220.0,2862.0],[3220.0,2875.0],[3231.0,2886.0],[3234.0,2888.0],[3250.0,2888.0],[3254.0,2892.0],[3258.0,2892.0],[3262.0,2888.0],[3270.0,2888.0],[3274.0,2884.0],[3281.0,2882.0],[3285.0,2877.0],[3284.0,2850.0],[3287.0,2847.0],[3274.0,2819.0],[3258.0,2804.0]]]}},{"type":"Feature","properties":{"id":"prov_picardie","index":139,"name":"Picardie et Vermandois","owner":"fac_france","centroid":[2254.7,1790.8],"capital_px":[2224.0,1763.6],"neighbors":["prov_artois","prov_champagne","prov_hainaut","prov_ile_de_france","prov_normandie","prov_ponthieu","prov_valois"],"sea_neighbors":[],"area_px":26615},"geometry":{"type":"Polygon","coordinates":[[[2213.0,1696.0],[2212.0,1710.0],[2200.0,1722.0],[2200.0,1730.0],[2196.0,1734.0],[2196.0,1738.0],[2187.0,1742.0],[2182.0,1748.0],[2162.0,1748.0],[2142.0,1729.0],[2140.0,1724.0],[2119.0,1738.0],[2124.0,1742.0],[2132.0,1762.0],[2142.0,1767.0],[2148.0,1782.0],[2152.0,1786.0],[2152.0,1794.0],[2156.0,1798.0],[2156.0,1802.0],[2160.0,1806.0],[2160.0,1814.0],[2164.0,1818.0],[2164.0,1830.0],[2168.0,1834.0],[2168.0,1846.0],[2172.0,1850.0],[2172.0,1859.0],[2226.0,1860.0],[2239.0,1868.0],[2251.0,1854.0],[2258.0,1852.0],[2262.0,1848.0],[2270.0,1848.0],[2274.0,1844.0],[2278.0,1844.0],[2282.0,1848.0],[2294.0,1848.0],[2311.0,1865.0],[2322.0,1864.0],[2326.0,1860.0],[2338.0,1856.0],[2342.0,1847.0],[2370.0,1821.0],[2374.0,1811.0],[2385.0,1801.0],[2384.0,1794.0],[2380.0,1790.0],[2378.0,1783.0],[2361.0,1766.0],[2351.0,1762.0],[2342.0,1753.0],[2340.0,1746.0],[2336.0,1742.0],[2336.0,1734.0],[2331.0,1728.0],[2326.0,1728.0],[2314.0,1736.0],[2294.0,1736.0],[2290.0,1740.0],[2278.0,1740.0],[2274.0,1736.0],[2263.0,1734.0],[2245.0,1714.0],[2234.0,1712.0],[2229.0,1706.0],[2222.0,1704.0],[2213.0,1696.0]]]}},{"type":"Feature","properties":{"id":"prov_piemont","index":140,"name":"Pi\u00e9mont","owner":"fac_savoy","centroid":[2722.8,2575.0],"capital_px":[2738.7,2545.5],"neighbors":["prov_dauphine","prov_genova","prov_milano","prov_montferrat","prov_provence","prov_saluzzo","prov_savoie"],"sea_neighbors":[],"area_px":35020},"geometry":{"type":"Polygon","coordinates":[[[2767.0,2419.0],[2758.0,2420.0],[2754.0,2424.0],[2746.0,2424.0],[2742.0,2428.0],[2735.0,2430.0],[2721.0,2446.0],[2711.0,2450.0],[2678.0,2483.0],[2674.0,2493.0],[2646.0,2519.0],[2640.0,2534.0],[2635.0,2539.0],[2636.0,2574.0],[2632.0,2578.0],[2632.0,2618.0],[2636.0,2622.0],[2635.0,2633.0],[2644.0,2646.0],[2644.0,2654.0],[2653.0,2658.0],[2687.0,2694.0],[2697.0,2698.0],[2719.0,2722.0],[2730.0,2724.0],[2734.0,2728.0],[2746.0,2728.0],[2750.0,2732.0],[2758.0,2732.0],[2760.0,2735.0],[2777.0,2727.0],[2772.0,2722.0],[2772.0,2710.0],[2776.0,2706.0],[2776.0,2690.0],[2780.0,2686.0],[2780.0,2674.0],[2784.0,2670.0],[2784.0,2658.0],[2788.0,2654.0],[2788.0,2646.0],[2792.0,2642.0],[2792.0,2634.0],[2796.0,2630.0],[2790.0,2625.0],[2788.0,2618.0],[2780.0,2610.0],[2780.0,2602.0],[2776.0,2598.0],[2776.0,2582.0],[2780.0,2578.0],[2780.0,2570.0],[2784.0,2566.0],[2786.0,2559.0],[2796.0,2554.0],[2796.0,2546.0],[2792.0,2542.0],[2792.0,2518.0],[2796.0,2514.0],[2800.0,2502.0],[2805.0,2497.0],[2804.0,2482.0],[2800.0,2478.0],[2798.0,2471.0],[2792.0,2466.0],[2792.0,2462.0],[2788.0,2458.0],[2788.0,2454.0],[2784.0,2450.0],[2784.0,2446.0],[2780.0,2442.0],[2772.0,2422.0],[2767.0,2419.0]],[[2710.0,2600.0],[2722.0,2604.0],[2728.0,2610.0],[2728.0,2614.0],[2724.0,2618.0],[2724.0,2622.0],[2728.0,2626.0],[2728.0,2642.0],[2719.0,2646.0],[2710.0,2656.0],[2706.0,2656.0],[2702.0,2652.0],[2698.0,2652.0],[2688.0,2646.0],[2688.0,2626.0],[2698.0,2617.0],[2702.0,2607.0],[2710.0,2600.0]]]}},{"type":"Feature","properties":{"id":"prov_pisa","index":141,"name":"Pise","owner":"fac_pisa","centroid":[3036.2,2756.3],"capital_px":[3037.6,2757.1],"neighbors":["prov_firenze","prov_lucca"],"sea_neighbors":[],"area_px":1700},"geometry":{"type":"Polygon","coordinates":[[[3013.0,2720.0],[3022.0,2741.0],[3025.0,2779.0],[3028.0,2792.0],[3030.0,2792.0],[3034.0,2788.0],[3041.0,2786.0],[3047.0,2778.0],[3056.0,2774.0],[3056.0,2766.0],[3060.0,2762.0],[3060.0,2749.0],[3043.0,2746.0],[3036.0,2738.0],[3036.0,2730.0],[3032.0,2726.0],[3031.0,2720.0],[3013.0,2720.0]]]}},{"type":"Feature","properties":{"id":"prov_poitou","index":142,"name":"Poitou","owner":"fac_france","centroid":[1940.0,2248.4],"capital_px":[1964.9,2249.3],"neighbors":["prov_angoumois","prov_anjou","prov_berry","prov_bretagne","prov_limousin","prov_saintonge","prov_touraine"],"sea_neighbors":[],"area_px":42581},"geometry":{"type":"MultiPolygon","coordinates":[[[[1951.0,2144.0],[1942.0,2152.0],[1922.0,2152.0],[1918.0,2156.0],[1902.0,2156.0],[1898.0,2160.0],[1870.0,2160.0],[1866.0,2156.0],[1861.0,2156.0],[1856.0,2162.0],[1854.0,2169.0],[1781.0,2242.0],[1768.0,2246.0],[1771.0,2259.0],[1780.0,2258.0],[1785.0,2264.0],[1789.0,2265.0],[1791.0,2271.0],[1794.0,2272.0],[1797.0,2266.0],[1804.0,2266.0],[1806.0,2276.0],[1797.0,2280.0],[1792.0,2290.0],[1798.0,2292.0],[1798.0,2294.0],[1801.0,2292.0],[1826.0,2292.0],[1830.0,2296.0],[1838.0,2296.0],[1842.0,2300.0],[1846.0,2300.0],[1854.0,2308.0],[1862.0,2308.0],[1866.0,2312.0],[1870.0,2312.0],[1882.0,2323.0],[1886.0,2333.0],[1897.0,2344.0],[1910.0,2344.0],[1922.0,2336.0],[1930.0,2336.0],[1935.0,2333.0],[1946.0,2340.0],[1954.0,2340.0],[1958.0,2344.0],[1970.0,2348.0],[1978.0,2356.0],[2003.0,2330.0],[2018.0,2324.0],[2022.0,2320.0],[2030.0,2320.0],[2046.0,2304.0],[2050.0,2304.0],[2054.0,2300.0],[2066.0,2300.0],[2070.0,2296.0],[2086.0,2296.0],[2089.0,2294.0],[2092.0,2291.0],[2092.0,2262.0],[2088.0,2258.0],[2088.0,2242.0],[2084.0,2238.0],[2084.0,2234.0],[2076.0,2222.0],[2076.0,2214.0],[2072.0,2210.0],[2072.0,2193.0],[2046.0,2192.0],[2042.0,2188.0],[2014.0,2188.0],[2010.0,2184.0],[2002.0,2184.0],[1998.0,2180.0],[1983.0,2174.0],[1976.0,2166.0],[1974.0,2159.0],[1961.0,2146.0],[1951.0,2144.0]]],[[[1757.0,2271.0],[1762.0,2279.0],[1770.0,2279.0],[1779.0,2288.0],[1787.0,2289.0],[1784.0,2282.0],[1771.0,2278.0],[1772.0,2275.0],[1763.0,2276.0],[1763.0,2273.0],[1767.0,2273.0],[1765.0,2270.0],[1757.0,2271.0]]]]}},{"type":"Feature","properties":{"id":"prov_ponthieu","index":143,"name":"Ponthieu","owner":"fac_england","centroid":[2177.9,1710.0],"capital_px":[2182.0,1726.2],"neighbors":["prov_artois","prov_boulonnais","prov_picardie"],"sea_neighbors":["prov_normandie"],"area_px":3654},"geometry":{"type":"Polygon","coordinates":[[[2191.0,1671.0],[2161.0,1672.0],[2160.0,1678.0],[2164.0,1683.0],[2159.0,1683.0],[2156.0,1697.0],[2161.0,1700.0],[2163.0,1706.0],[2167.0,1707.0],[2165.0,1708.0],[2167.0,1712.0],[2157.0,1706.0],[2152.0,1706.0],[2146.0,1718.0],[2140.0,1723.0],[2142.0,1729.0],[2162.0,1748.0],[2182.0,1748.0],[2187.0,1742.0],[2194.0,1740.0],[2200.0,1730.0],[2200.0,1722.0],[2212.0,1710.0],[2212.0,1697.0],[2208.0,1694.0],[2206.0,1687.0],[2198.0,1681.0],[2196.0,1674.0],[2191.0,1671.0]]]}},{"type":"Feature","properties":{"id":"prov_porto","index":144,"name":"Entre-Douro-et-Minho","owner":"fac_portugal","centroid":[924.5,2894.8],"capital_px":[833.3,2884.2],"neighbors":["prov_extremadura","prov_galicia","prov_leon","prov_lisboa"],"sea_neighbors":[],"area_px":50576},"geometry":{"type":"Polygon","coordinates":[[[833.0,2752.0],[831.0,2767.0],[844.0,2762.0],[846.0,2764.0],[829.0,2774.0],[829.0,2780.0],[825.0,2789.0],[826.0,2795.0],[829.0,2798.0],[844.0,2798.0],[841.0,2800.0],[830.0,2799.0],[828.0,2802.0],[828.0,2834.0],[824.0,2843.0],[826.0,2853.0],[824.0,2868.0],[826.0,2881.0],[831.0,2886.0],[827.0,2890.0],[825.0,2909.0],[803.0,2955.0],[807.0,2952.0],[815.0,2934.0],[818.0,2936.0],[814.0,2939.0],[814.0,2945.0],[826.0,2947.0],[821.0,2949.0],[814.0,2948.0],[816.0,2954.0],[813.0,2957.0],[809.0,2955.0],[809.0,2959.0],[805.0,2958.0],[802.0,2961.0],[801.0,2958.0],[788.0,2987.0],[802.0,2996.0],[810.0,2996.0],[814.0,3000.0],[818.0,3000.0],[822.0,3004.0],[830.0,3004.0],[834.0,3008.0],[854.0,3008.0],[858.0,3004.0],[918.0,3004.0],[922.0,3000.0],[926.0,3000.0],[930.0,3004.0],[942.0,3004.0],[946.0,3008.0],[974.0,3008.0],[978.0,3012.0],[993.0,3013.0],[1002.0,3012.0],[1014.0,3004.0],[1022.0,3004.0],[1026.0,3000.0],[1033.0,2998.0],[1040.0,2990.0],[1042.0,2983.0],[1050.0,2976.0],[1056.0,2975.0],[1056.0,2970.0],[1052.0,2966.0],[1052.0,2954.0],[1048.0,2950.0],[1048.0,2938.0],[1044.0,2934.0],[1044.0,2922.0],[1040.0,2918.0],[1040.0,2906.0],[1037.0,2903.0],[1040.0,2898.0],[1040.0,2854.0],[1036.0,2850.0],[1036.0,2842.0],[1024.0,2822.0],[1024.0,2813.0],[1018.0,2812.0],[1014.0,2808.0],[1010.0,2808.0],[1006.0,2804.0],[1002.0,2804.0],[998.0,2800.0],[994.0,2800.0],[966.0,2784.0],[958.0,2784.0],[954.0,2780.0],[946.0,2780.0],[934.0,2772.0],[926.0,2772.0],[922.0,2768.0],[918.0,2768.0],[906.0,2760.0],[898.0,2760.0],[894.0,2756.0],[858.0,2756.0],[854.0,2752.0],[833.0,2752.0]],[[846.0,2762.0],[847.0,2761.0],[847.0,2762.0],[846.0,2762.0]],[[844.0,2798.0],[845.0,2797.0],[845.0,2798.0],[844.0,2798.0]],[[819.0,2935.0],[819.0,2933.0],[820.0,2931.0],[819.0,2935.0]],[[847.0,2759.0],[848.0,2760.0],[847.0,2760.0],[847.0,2759.0]]]}},{"type":"Feature","properties":{"id":"prov_provence","index":145,"name":"Provence","owner":"fac_naples","centroid":[2637.0,2742.5],"capital_px":[2479.6,2771.4],"neighbors":["prov_beaucaire","prov_comtat_venaissin","prov_dauphine","prov_piemont"],"sea_neighbors":["prov_genova"],"area_px":42499},"geometry":{"type":"MultiPolygon","coordinates":[[[[2635.0,2632.0],[2630.0,2636.0],[2622.0,2636.0],[2610.0,2644.0],[2570.0,2644.0],[2566.0,2648.0],[2534.0,2648.0],[2530.0,2652.0],[2477.0,2652.0],[2476.0,2678.0],[2479.0,2681.0],[2478.0,2685.0],[2474.0,2687.0],[2470.0,2697.0],[2461.0,2706.0],[2450.0,2708.0],[2446.0,2712.0],[2438.0,2712.0],[2432.0,2718.0],[2432.0,2722.0],[2423.0,2727.0],[2424.0,2730.0],[2416.0,2742.0],[2416.0,2750.0],[2412.0,2754.0],[2404.0,2774.0],[2400.0,2777.0],[2401.0,2783.0],[2409.0,2789.0],[2411.0,2796.0],[2415.0,2794.0],[2411.0,2786.0],[2422.0,2782.0],[2427.0,2786.0],[2432.0,2786.0],[2429.0,2789.0],[2429.0,2795.0],[2434.0,2800.0],[2455.0,2801.0],[2460.0,2797.0],[2463.0,2798.0],[2468.0,2809.0],[2466.0,2820.0],[2487.0,2821.0],[2490.0,2828.0],[2493.0,2829.0],[2496.0,2829.0],[2497.0,2826.0],[2502.0,2826.0],[2505.0,2833.0],[2514.0,2835.0],[2514.0,2838.0],[2518.0,2839.0],[2514.0,2842.0],[2518.0,2848.0],[2522.0,2849.0],[2524.0,2845.0],[2532.0,2845.0],[2526.0,2838.0],[2532.0,2835.0],[2531.0,2839.0],[2540.0,2841.0],[2541.0,2845.0],[2551.0,2844.0],[2553.0,2846.0],[2553.0,2850.0],[2548.0,2852.0],[2559.0,2852.0],[2555.0,2850.0],[2556.0,2844.0],[2559.0,2841.0],[2568.0,2839.0],[2576.0,2842.0],[2577.0,2845.0],[2581.0,2845.0],[2580.0,2840.0],[2584.0,2836.0],[2597.0,2836.0],[2600.0,2831.0],[2610.0,2833.0],[2616.0,2830.0],[2615.0,2823.0],[2619.0,2819.0],[2607.0,2819.0],[2607.0,2816.0],[2612.0,2814.0],[2616.0,2807.0],[2622.0,2806.0],[2625.0,2796.0],[2637.0,2798.0],[2638.0,2794.0],[2641.0,2796.0],[2645.0,2793.0],[2650.0,2778.0],[2660.0,2779.0],[2663.0,2775.0],[2667.0,2775.0],[2669.0,2778.0],[2669.0,2767.0],[2672.0,2762.0],[2677.0,2761.0],[2679.0,2763.0],[2684.0,2756.0],[2692.0,2758.0],[2696.0,2752.0],[2701.0,2753.0],[2711.0,2742.0],[2735.0,2743.0],[2744.0,2738.0],[2760.0,2735.0],[2758.0,2732.0],[2750.0,2732.0],[2746.0,2728.0],[2734.0,2728.0],[2730.0,2724.0],[2719.0,2722.0],[2697.0,2698.0],[2687.0,2694.0],[2653.0,2658.0],[2644.0,2654.0],[2644.0,2646.0],[2640.0,2642.0],[2640.0,2638.0],[2635.0,2632.0]],[[2432.0,2785.0],[2436.0,2781.0],[2430.0,2772.0],[2432.0,2764.0],[2435.0,2767.0],[2441.0,2768.0],[2444.0,2776.0],[2448.0,2777.0],[2454.0,2774.0],[2454.0,2779.0],[2449.0,2785.0],[2432.0,2785.0]],[[2569.0,2733.0],[2568.0,2734.0],[2568.0,2733.0],[2569.0,2733.0]],[[2568.0,2736.0],[2563.0,2743.0],[2560.0,2743.0],[2560.0,2740.0],[2566.0,2734.0],[2568.0,2736.0]],[[2563.0,2743.0],[2564.0,2744.0],[2563.0,2744.0],[2563.0,2743.0]]],[[[2399.0,2779.0],[2391.0,2794.0],[2407.0,2795.0],[2408.0,2791.0],[2399.0,2783.0],[2399.0,2779.0]]]]}},{"type":"Feature","properties":{"id":"prov_quercy","index":146,"name":"Quercy","owner":"fac_france","centroid":[2052.0,2565.4],"capital_px":[2045.4,2591.2],"neighbors":["prov_agenais","prov_limousin","prov_perigord","prov_rouergue"],"sea_neighbors":[],"area_px":12108},"geometry":{"type":"Polygon","coordinates":[[[2065.0,2496.0],[2037.0,2526.0],[2022.0,2532.0],[2018.0,2536.0],[2014.0,2536.0],[2010.0,2540.0],[2006.0,2540.0],[2002.0,2544.0],[1998.0,2544.0],[1988.0,2553.0],[1988.0,2590.0],[1992.0,2594.0],[1992.0,2598.0],[1996.0,2602.0],[1996.0,2610.0],[2000.0,2614.0],[2001.0,2636.0],[2018.0,2636.0],[2022.0,2632.0],[2042.0,2632.0],[2046.0,2628.0],[2050.0,2628.0],[2071.0,2606.0],[2085.0,2602.0],[2112.0,2574.0],[2112.0,2546.0],[2116.0,2542.0],[2116.0,2522.0],[2112.0,2518.0],[2112.0,2514.0],[2094.0,2496.0],[2065.0,2496.0]]]}},{"type":"Feature","properties":{"id":"prov_renfrew","index":147,"name":"Clydesdale et Renfrew","owner":"fac_scotland","centroid":[1738.5,749.8],"capital_px":[1748.6,753.6],"neighbors":["prov_fife","prov_galloway","prov_highlands","prov_lothian"],"sea_neighbors":["prov_isles"],"area_px":16408},"geometry":{"type":"MultiPolygon","coordinates":[[[[1681.0,733.0],[1681.0,743.0],[1684.0,745.0],[1684.0,755.0],[1688.0,759.0],[1689.0,765.0],[1691.0,765.0],[1690.0,761.0],[1693.0,757.0],[1693.0,751.0],[1690.0,740.0],[1685.0,733.0],[1681.0,733.0]]],[[[1730.0,672.0],[1726.0,676.0],[1702.0,676.0],[1698.0,680.0],[1686.0,680.0],[1682.0,685.0],[1667.0,690.0],[1659.0,698.0],[1659.0,701.0],[1654.0,703.0],[1652.0,706.0],[1654.0,707.0],[1653.0,710.0],[1639.0,723.0],[1639.0,728.0],[1644.0,726.0],[1646.0,727.0],[1639.0,734.0],[1638.0,743.0],[1640.0,745.0],[1651.0,744.0],[1655.0,741.0],[1651.0,747.0],[1662.0,748.0],[1665.0,745.0],[1662.0,737.0],[1663.0,724.0],[1661.0,723.0],[1664.0,711.0],[1665.0,715.0],[1670.0,716.0],[1673.0,709.0],[1677.0,709.0],[1685.0,700.0],[1697.0,696.0],[1703.0,687.0],[1711.0,687.0],[1716.0,683.0],[1714.0,687.0],[1704.0,690.0],[1696.0,700.0],[1687.0,702.0],[1672.0,718.0],[1672.0,725.0],[1669.0,730.0],[1670.0,740.0],[1678.0,745.0],[1677.0,735.0],[1681.0,732.0],[1683.0,726.0],[1684.0,731.0],[1691.0,737.0],[1689.0,722.0],[1691.0,720.0],[1693.0,740.0],[1695.0,743.0],[1699.0,743.0],[1707.0,732.0],[1707.0,728.0],[1704.0,725.0],[1710.0,727.0],[1714.0,708.0],[1713.0,699.0],[1715.0,698.0],[1715.0,709.0],[1719.0,708.0],[1719.0,710.0],[1714.0,716.0],[1713.0,728.0],[1719.0,730.0],[1716.0,719.0],[1718.0,714.0],[1719.0,724.0],[1725.0,729.0],[1726.0,734.0],[1731.0,739.0],[1742.0,743.0],[1741.0,745.0],[1734.0,743.0],[1722.0,738.0],[1718.0,734.0],[1711.0,734.0],[1708.0,737.0],[1705.0,749.0],[1705.0,763.0],[1698.0,770.0],[1706.0,779.0],[1705.0,783.0],[1714.0,788.0],[1715.0,797.0],[1713.0,799.0],[1717.0,802.0],[1717.0,808.0],[1713.0,814.0],[1704.0,816.0],[1700.0,824.0],[1692.0,829.0],[1692.0,832.0],[1770.0,832.0],[1782.0,824.0],[1790.0,824.0],[1801.0,817.0],[1800.0,758.0],[1804.0,754.0],[1805.0,739.0],[1796.0,726.0],[1796.0,718.0],[1792.0,714.0],[1792.0,710.0],[1778.0,697.0],[1769.0,678.0],[1758.0,676.0],[1754.0,672.0],[1730.0,672.0]],[[1646.0,726.0],[1647.0,725.0],[1647.0,726.0],[1646.0,726.0]],[[1647.0,725.0],[1649.0,724.0],[1649.0,725.0],[1647.0,725.0]],[[1649.0,724.0],[1650.0,723.0],[1650.0,724.0],[1649.0,724.0]],[[1655.0,741.0],[1656.0,740.0],[1656.0,741.0],[1655.0,741.0]],[[1656.0,740.0],[1657.0,739.0],[1657.0,740.0],[1656.0,740.0]],[[1719.0,708.0],[1720.0,707.0],[1720.0,708.0],[1719.0,708.0]],[[1721.0,707.0],[1721.0,705.0],[1728.0,697.0],[1728.0,700.0],[1721.0,707.0]],[[1736.0,683.0],[1737.0,710.0],[1739.0,710.0],[1744.0,719.0],[1744.0,722.0],[1738.0,723.0],[1736.0,728.0],[1733.0,723.0],[1735.0,718.0],[1733.0,695.0],[1736.0,683.0]]],[[[1675.0,765.0],[1671.0,779.0],[1675.0,790.0],[1678.0,791.0],[1675.0,765.0]]],[[[1677.0,795.0],[1671.0,803.0],[1670.0,806.0],[1676.0,805.0],[1677.0,795.0]]]]}},{"type":"Feature","properties":{"id":"prov_ribagorca","index":148,"name":"Ribagorce","owner":"fac_ribagorca","centroid":[1888.3,2925.6],"capital_px":[1896.4,2936.9],"neighbors":["prov_aragon","prov_barcelona","prov_urgell"],"sea_neighbors":[],"area_px":4060},"geometry":{"type":"Polygon","coordinates":[[[1878.0,2884.0],[1873.0,2890.0],[1862.0,2895.0],[1860.0,2902.0],[1856.0,2906.0],[1856.0,2914.0],[1852.0,2918.0],[1852.0,2922.0],[1856.0,2926.0],[1856.0,2934.0],[1860.0,2938.0],[1860.0,2942.0],[1870.0,2947.0],[1874.0,2957.0],[1883.0,2965.0],[1890.0,2964.0],[1897.0,2969.0],[1903.0,2962.0],[1911.0,2960.0],[1918.0,2953.0],[1924.0,2934.0],[1920.0,2930.0],[1920.0,2918.0],[1908.0,2906.0],[1906.0,2895.0],[1891.0,2884.0],[1878.0,2884.0]]]}},{"type":"Feature","properties":{"id":"prov_rimini","index":149,"name":"Rimini","owner":"fac_rimini","centroid":[3271.4,2712.2],"capital_px":[3279.2,2699.1],"neighbors":["prov_ancona","prov_bologna","prov_firenze","prov_urbino"],"sea_neighbors":[],"area_px":2678},"geometry":{"type":"Polygon","coordinates":[[[3253.0,2668.0],[3252.0,2674.0],[3244.0,2686.0],[3244.0,2694.0],[3240.0,2699.0],[3244.0,2702.0],[3244.0,2718.0],[3248.0,2722.0],[3248.0,2726.0],[3255.0,2738.0],[3265.0,2741.0],[3270.0,2740.0],[3274.0,2736.0],[3282.0,2736.0],[3286.0,2732.0],[3302.0,2732.0],[3306.0,2728.0],[3314.0,2728.0],[3318.0,2732.0],[3320.0,2731.0],[3321.0,2721.0],[3289.0,2708.0],[3280.0,2696.0],[3277.0,2696.0],[3268.0,2688.0],[3267.0,2684.0],[3261.0,2680.0],[3255.0,2668.0],[3253.0,2668.0]]]}},{"type":"Feature","properties":{"id":"prov_rouergue","index":150,"name":"Rouergue et Armagnac","owner":"fac_france","centroid":[2156.4,2626.4],"capital_px":[2168.6,2619.5],"neighbors":["prov_agenais","prov_auvergne","prov_beaucaire","prov_carcassonne","prov_limousin","prov_quercy","prov_toulousain"],"sea_neighbors":[],"area_px":34706},"geometry":{"type":"Polygon","coordinates":[[[2111.0,2495.0],[2102.0,2496.0],[2099.0,2499.0],[2102.0,2505.0],[2110.0,2511.0],[2112.0,2518.0],[2116.0,2522.0],[2116.0,2542.0],[2112.0,2546.0],[2112.0,2574.0],[2110.0,2577.0],[2085.0,2602.0],[2071.0,2606.0],[2050.0,2628.0],[2046.0,2628.0],[2042.0,2632.0],[2022.0,2632.0],[2018.0,2636.0],[2001.0,2636.0],[1999.0,2645.0],[2002.0,2648.0],[2010.0,2648.0],[2014.0,2652.0],[2022.0,2652.0],[2026.0,2656.0],[2033.0,2658.0],[2051.0,2678.0],[2061.0,2682.0],[2098.0,2719.0],[2100.0,2726.0],[2105.0,2732.0],[2110.0,2732.0],[2122.0,2724.0],[2142.0,2724.0],[2154.0,2716.0],[2162.0,2716.0],[2165.0,2713.0],[2170.0,2716.0],[2218.0,2716.0],[2222.0,2720.0],[2237.0,2721.0],[2240.0,2718.0],[2240.0,2710.0],[2244.0,2706.0],[2244.0,2698.0],[2248.0,2694.0],[2248.0,2634.0],[2256.0,2622.0],[2256.0,2570.0],[2264.0,2558.0],[2264.0,2553.0],[2258.0,2552.0],[2246.0,2544.0],[2226.0,2544.0],[2222.0,2540.0],[2214.0,2540.0],[2210.0,2536.0],[2206.0,2536.0],[2202.0,2532.0],[2194.0,2532.0],[2174.0,2520.0],[2162.0,2520.0],[2142.0,2508.0],[2134.0,2508.0],[2130.0,2504.0],[2126.0,2504.0],[2111.0,2495.0]]]}},{"type":"Feature","properties":{"id":"prov_roussillon","index":151,"name":"Roussillon et Cerdagne","owner":"fac_majorca","centroid":[2147.7,2893.6],"capital_px":[2181.5,2878.3],"neighbors":["prov_barcelona","prov_carcassonne","prov_cerdagne","prov_emporda"],"sea_neighbors":[],"area_px":9629},"geometry":{"type":"Polygon","coordinates":[[[2178.0,2836.0],[2166.0,2844.0],[2150.0,2844.0],[2142.0,2852.0],[2133.0,2849.0],[2130.0,2852.0],[2118.0,2852.0],[2114.0,2856.0],[2094.0,2856.0],[2084.0,2862.0],[2102.0,2879.0],[2104.0,2882.0],[2104.0,2894.0],[2108.0,2898.0],[2108.0,2902.0],[2104.0,2906.0],[2104.0,2914.0],[2098.0,2919.0],[2094.0,2929.0],[2088.0,2933.0],[2095.0,2942.0],[2110.0,2948.0],[2114.0,2952.0],[2118.0,2952.0],[2122.0,2956.0],[2126.0,2956.0],[2130.0,2960.0],[2139.0,2960.0],[2142.0,2951.0],[2166.0,2928.0],[2170.0,2928.0],[2174.0,2924.0],[2182.0,2924.0],[2194.0,2916.0],[2198.0,2916.0],[2202.0,2920.0],[2211.0,2920.0],[2207.0,2912.0],[2208.0,2907.0],[2197.0,2900.0],[2199.0,2863.0],[2203.0,2847.0],[2201.0,2840.0],[2203.0,2836.0],[2178.0,2836.0]]]}},{"type":"Feature","properties":{"id":"prov_saintonge","index":152,"name":"Saintonge et Aunis","owner":"fac_france","centroid":[1842.6,2358.9],"capital_px":[1844.5,2363.1],"neighbors":["prov_angoumois","prov_guyenne","prov_poitou"],"sea_neighbors":[],"area_px":10565},"geometry":{"type":"MultiPolygon","coordinates":[[[[1771.0,2310.0],[1770.0,2317.0],[1781.0,2332.0],[1782.0,2342.0],[1785.0,2343.0],[1790.0,2332.0],[1790.0,2329.0],[1785.0,2325.0],[1786.0,2316.0],[1781.0,2314.0],[1778.0,2309.0],[1771.0,2310.0]]],[[[1800.0,2293.0],[1800.0,2300.0],[1803.0,2301.0],[1803.0,2309.0],[1806.0,2310.0],[1806.0,2314.0],[1804.0,2316.0],[1800.0,2315.0],[1802.0,2330.0],[1801.0,2332.0],[1796.0,2332.0],[1792.0,2339.0],[1795.0,2350.0],[1804.0,2360.0],[1798.0,2357.0],[1790.0,2345.0],[1781.0,2347.0],[1778.0,2359.0],[1785.0,2360.0],[1788.0,2366.0],[1794.0,2368.0],[1799.0,2376.0],[1803.0,2377.0],[1803.0,2382.0],[1817.0,2394.0],[1825.0,2409.0],[1827.0,2424.0],[1842.0,2424.0],[1846.0,2428.0],[1870.0,2428.0],[1876.0,2423.0],[1876.0,2418.0],[1880.0,2414.0],[1880.0,2406.0],[1884.0,2402.0],[1884.0,2386.0],[1888.0,2382.0],[1888.0,2374.0],[1896.0,2362.0],[1897.0,2343.0],[1886.0,2333.0],[1882.0,2323.0],[1870.0,2312.0],[1866.0,2312.0],[1862.0,2308.0],[1854.0,2308.0],[1846.0,2300.0],[1842.0,2300.0],[1838.0,2296.0],[1830.0,2296.0],[1826.0,2292.0],[1800.0,2293.0]],[[1804.0,2360.0],[1805.0,2361.0],[1804.0,2361.0],[1804.0,2360.0]]]]}},{"type":"Feature","properties":{"id":"prov_saluzzo","index":153,"name":"Saluces","owner":"fac_saluzzo","centroid":[2708.9,2629.0],"capital_px":[2715.2,2608.8],"neighbors":["prov_piemont"],"sea_neighbors":[],"area_px":1604},"geometry":{"type":"Polygon","coordinates":[[[2710.0,2600.0],[2702.0,2607.0],[2698.0,2617.0],[2688.0,2626.0],[2688.0,2646.0],[2698.0,2652.0],[2702.0,2652.0],[2706.0,2656.0],[2710.0,2656.0],[2719.0,2646.0],[2728.0,2642.0],[2728.0,2626.0],[2724.0,2622.0],[2728.0,2610.0],[2722.0,2604.0],[2710.0,2600.0]]]}},{"type":"Feature","properties":{"id":"prov_sardegna","index":154,"name":"Sardaigne","owner":"fac_aragon","centroid":[2877.4,3315.9],"capital_px":[2886.3,3448.8],"neighbors":[],"sea_neighbors":["prov_corsica"],"area_px":46725},"geometry":{"type":"MultiPolygon","coordinates":[[[[2790.0,3158.0],[2790.0,3164.0],[2784.0,3168.0],[2782.0,3175.0],[2787.0,3174.0],[2788.0,3166.0],[2798.0,3163.0],[2796.0,3155.0],[2794.0,3158.0],[2790.0,3158.0]]],[[[2896.0,3138.0],[2893.0,3152.0],[2890.0,3152.0],[2888.0,3155.0],[2877.0,3156.0],[2873.0,3163.0],[2865.0,3171.0],[2862.0,3171.0],[2853.0,3185.0],[2848.0,3188.0],[2840.0,3187.0],[2832.0,3191.0],[2831.0,3195.0],[2823.0,3200.0],[2814.0,3202.0],[2792.0,3197.0],[2784.0,3188.0],[2785.0,3180.0],[2781.0,3178.0],[2778.0,3183.0],[2783.0,3190.0],[2772.0,3215.0],[2777.0,3221.0],[2780.0,3221.0],[2778.0,3228.0],[2773.0,3231.0],[2773.0,3237.0],[2775.0,3240.0],[2778.0,3233.0],[2781.0,3233.0],[2780.0,3240.0],[2790.0,3236.0],[2793.0,3239.0],[2795.0,3250.0],[2801.0,3256.0],[2801.0,3275.0],[2805.0,3275.0],[2811.0,3282.0],[2809.0,3303.0],[2812.0,3309.0],[2812.0,3316.0],[2809.0,3320.0],[2799.0,3322.0],[2802.0,3323.0],[2800.0,3341.0],[2805.0,3346.0],[2805.0,3349.0],[2808.0,3345.0],[2806.0,3344.0],[2807.0,3342.0],[2813.0,3342.0],[2820.0,3350.0],[2818.0,3363.0],[2815.0,3364.0],[2813.0,3372.0],[2806.0,3365.0],[2808.0,3394.0],[2798.0,3409.0],[2800.0,3419.0],[2796.0,3423.0],[2797.0,3427.0],[2802.0,3430.0],[2803.0,3438.0],[2796.0,3445.0],[2796.0,3449.0],[2799.0,3451.0],[2800.0,3456.0],[2803.0,3455.0],[2804.0,3463.0],[2807.0,3463.0],[2808.0,3469.0],[2812.0,3468.0],[2813.0,3473.0],[2818.0,3473.0],[2820.0,3488.0],[2824.0,3488.0],[2822.0,3498.0],[2827.0,3498.0],[2827.0,3503.0],[2829.0,3498.0],[2835.0,3493.0],[2840.0,3493.0],[2846.0,3499.0],[2848.0,3497.0],[2851.0,3501.0],[2854.0,3501.0],[2874.0,3483.0],[2877.0,3474.0],[2875.0,3473.0],[2873.0,3463.0],[2881.0,3448.0],[2876.0,3448.0],[2873.0,3442.0],[2879.0,3446.0],[2881.0,3445.0],[2889.0,3454.0],[2892.0,3454.0],[2897.0,3448.0],[2908.0,3450.0],[2925.0,3464.0],[2932.0,3463.0],[2934.0,3467.0],[2942.0,3456.0],[2940.0,3446.0],[2948.0,3438.0],[2944.0,3433.0],[2944.0,3429.0],[2950.0,3411.0],[2948.0,3404.0],[2951.0,3397.0],[2950.0,3384.0],[2954.0,3374.0],[2955.0,3344.0],[2959.0,3341.0],[2959.0,3339.0],[2956.0,3340.0],[2955.0,3333.0],[2961.0,3318.0],[2950.0,3306.0],[2948.0,3288.0],[2955.0,3281.0],[2957.0,3275.0],[2964.0,3271.0],[2970.0,3259.0],[2972.0,3248.0],[2964.0,3240.0],[2963.0,3227.0],[2958.0,3213.0],[2954.0,3207.0],[2952.0,3208.0],[2953.0,3205.0],[2956.0,3205.0],[2955.0,3202.0],[2959.0,3200.0],[2952.0,3198.0],[2952.0,3195.0],[2947.0,3193.0],[2950.0,3188.0],[2943.0,3191.0],[2934.0,3188.0],[2935.0,3186.0],[2942.0,3187.0],[2945.0,3176.0],[2952.0,3178.0],[2952.0,3175.0],[2948.0,3173.0],[2940.0,3175.0],[2940.0,3171.0],[2937.0,3171.0],[2937.0,3174.0],[2935.0,3174.0],[2938.0,3163.0],[2941.0,3163.0],[2942.0,3158.0],[2938.0,3157.0],[2937.0,3153.0],[2935.0,3155.0],[2929.0,3154.0],[2930.0,3157.0],[2927.0,3161.0],[2927.0,3155.0],[2923.0,3152.0],[2925.0,3148.0],[2920.0,3148.0],[2917.0,3144.0],[2914.0,3147.0],[2912.0,3145.0],[2909.0,3146.0],[2909.0,3142.0],[2907.0,3144.0],[2907.0,3139.0],[2903.0,3138.0],[2903.0,3136.0],[2896.0,3138.0]],[[2813.0,3373.0],[2815.0,3373.0],[2820.0,3375.0],[2815.0,3375.0],[2813.0,3373.0]],[[2907.0,3146.0],[2908.0,3145.0],[2908.0,3146.0],[2907.0,3146.0]]],[[[2779.0,3454.0],[2778.0,3459.0],[2782.0,3462.0],[2781.0,3465.0],[2787.0,3466.0],[2788.0,3452.0],[2779.0,3454.0]]],[[[2793.0,3464.0],[2793.0,3475.0],[2799.0,3487.0],[2802.0,3488.0],[2807.0,3473.0],[2805.0,3467.0],[2793.0,3464.0]]],[[[2925.0,3136.0],[2919.0,3140.0],[2920.0,3144.0],[2926.0,3143.0],[2925.0,3136.0]]],[[[2927.0,3143.0],[2927.0,3148.0],[2931.0,3150.0],[2931.0,3139.0],[2927.0,3143.0]]]]}},{"type":"Feature","properties":{"id":"prov_savoie","index":155,"name":"Savoie","owner":"fac_savoy","centroid":[2607.4,2416.5],"capital_px":[2548.8,2461.0],"neighbors":["prov_bern","prov_dauphine","prov_franche_comte","prov_lyonnais","prov_milano","prov_piemont","prov_waldstatten"],"sea_neighbors":[],"area_px":39739},"geometry":{"type":"Polygon","coordinates":[[[2586.0,2312.0],[2574.0,2320.0],[2546.0,2320.0],[2534.0,2328.0],[2526.0,2328.0],[2522.0,2332.0],[2514.0,2332.0],[2510.0,2336.0],[2506.0,2336.0],[2502.0,2340.0],[2494.0,2340.0],[2488.0,2345.0],[2488.0,2350.0],[2495.0,2361.0],[2492.0,2366.0],[2492.0,2382.0],[2488.0,2386.0],[2488.0,2426.0],[2480.0,2438.0],[2480.0,2446.0],[2471.0,2461.0],[2482.0,2468.0],[2490.0,2468.0],[2502.0,2476.0],[2510.0,2476.0],[2530.0,2488.0],[2538.0,2488.0],[2558.0,2500.0],[2566.0,2500.0],[2586.0,2512.0],[2594.0,2512.0],[2598.0,2516.0],[2605.0,2518.0],[2623.0,2538.0],[2635.0,2540.0],[2640.0,2534.0],[2646.0,2519.0],[2674.0,2493.0],[2678.0,2483.0],[2711.0,2450.0],[2721.0,2446.0],[2738.0,2428.0],[2742.0,2428.0],[2746.0,2424.0],[2754.0,2424.0],[2758.0,2420.0],[2768.0,2419.0],[2768.0,2389.0],[2759.0,2380.0],[2742.0,2380.0],[2738.0,2376.0],[2714.0,2376.0],[2697.0,2358.0],[2687.0,2354.0],[2681.0,2346.0],[2671.0,2342.0],[2665.0,2335.0],[2656.0,2337.0],[2643.0,2333.0],[2624.0,2333.0],[2617.0,2334.0],[2616.0,2337.0],[2608.0,2340.0],[2606.0,2343.0],[2603.0,2339.0],[2596.0,2338.0],[2588.0,2348.0],[2583.0,2359.0],[2578.0,2362.0],[2582.0,2349.0],[2597.0,2328.0],[2602.0,2324.0],[2610.0,2324.0],[2621.0,2317.0],[2618.0,2312.0],[2586.0,2312.0]],[[2577.0,2363.0],[2578.0,2362.0],[2578.0,2363.0],[2577.0,2363.0]],[[2576.0,2409.0],[2585.0,2422.0],[2584.0,2426.0],[2582.0,2421.0],[2576.0,2417.0],[2576.0,2409.0]],[[2541.0,2422.0],[2544.0,2423.0],[2547.0,2431.0],[2546.0,2446.0],[2543.0,2443.0],[2544.0,2436.0],[2541.0,2422.0]]]}},{"type":"Feature","properties":{"id":"prov_sevilla","index":156,"name":"Andalousie (S\u00e9ville)","owner":"fac_castile","centroid":[1009.9,3535.7],"capital_px":[1024.2,3524.4],"neighbors":["prov_alentejo","prov_cordoba","prov_extremadura","prov_malaga"],"sea_neighbors":[],"area_px":49252},"geometry":{"type":"Polygon","coordinates":[[[1006.0,3388.0],[986.0,3400.0],[978.0,3400.0],[974.0,3404.0],[970.0,3404.0],[966.0,3408.0],[958.0,3408.0],[954.0,3412.0],[929.0,3412.0],[916.0,3426.0],[892.0,3486.0],[866.0,3511.0],[863.0,3518.0],[880.0,3522.0],[886.0,3520.0],[901.0,3532.0],[904.0,3532.0],[901.0,3522.0],[906.0,3523.0],[914.0,3518.0],[906.0,3525.0],[908.0,3535.0],[921.0,3545.0],[950.0,3576.0],[959.0,3602.0],[964.0,3601.0],[965.0,3595.0],[965.0,3603.0],[962.0,3606.0],[953.0,3607.0],[950.0,3614.0],[954.0,3630.0],[965.0,3633.0],[971.0,3641.0],[970.0,3651.0],[975.0,3651.0],[971.0,3656.0],[968.0,3656.0],[966.0,3654.0],[967.0,3650.0],[961.0,3645.0],[965.0,3653.0],[967.0,3667.0],[972.0,3675.0],[972.0,3684.0],[979.0,3689.0],[981.0,3699.0],[985.0,3705.0],[999.0,3708.0],[1007.0,3718.0],[1010.0,3726.0],[1020.0,3732.0],[1024.0,3732.0],[1030.0,3737.0],[1031.0,3743.0],[1033.0,3743.0],[1040.0,3741.0],[1040.0,3726.0],[1044.0,3722.0],[1044.0,3710.0],[1048.0,3706.0],[1048.0,3690.0],[1052.0,3686.0],[1052.0,3674.0],[1056.0,3670.0],[1056.0,3658.0],[1060.0,3654.0],[1060.0,3642.0],[1078.0,3625.0],[1082.0,3615.0],[1098.0,3601.0],[1102.0,3591.0],[1128.0,3567.0],[1128.0,3562.0],[1116.0,3542.0],[1116.0,3522.0],[1112.0,3518.0],[1112.0,3510.0],[1104.0,3498.0],[1104.0,3490.0],[1096.0,3478.0],[1096.0,3446.0],[1092.0,3442.0],[1092.0,3434.0],[1088.0,3430.0],[1088.0,3422.0],[1084.0,3418.0],[1082.0,3407.0],[1079.0,3404.0],[1050.0,3404.0],[1046.0,3400.0],[1038.0,3400.0],[1018.0,3388.0],[1006.0,3388.0]],[[915.0,3517.0],[916.0,3516.0],[916.0,3517.0],[915.0,3517.0]],[[914.0,3518.0],[915.0,3517.0],[915.0,3518.0],[914.0,3518.0]],[[969.0,3587.0],[975.0,3587.0],[976.0,3589.0],[984.0,3590.0],[970.0,3589.0],[965.0,3595.0],[965.0,3590.0],[969.0,3587.0]],[[984.0,3589.0],[985.0,3588.0],[985.0,3589.0],[984.0,3589.0]],[[1029.0,3638.0],[1035.0,3638.0],[1040.0,3642.0],[1031.0,3641.0],[1029.0,3638.0]]]}},{"type":"Feature","properties":{"id":"prov_sicilia","index":157,"name":"Sicile","owner":"fac_sicily","centroid":[3506.7,3685.6],"capital_px":[3405.2,3610.3],"neighbors":["prov_napoli"],"sea_neighbors":[],"area_px":61602},"geometry":{"type":"MultiPolygon","coordinates":[[[[3666.0,3568.0],[3655.0,3578.0],[3643.0,3583.0],[3635.0,3582.0],[3634.0,3574.0],[3634.0,3580.0],[3628.0,3592.0],[3617.0,3597.0],[3612.0,3593.0],[3606.0,3594.0],[3602.0,3593.0],[3599.0,3589.0],[3593.0,3589.0],[3583.0,3594.0],[3574.0,3594.0],[3563.0,3607.0],[3545.0,3615.0],[3536.0,3614.0],[3523.0,3620.0],[3493.0,3620.0],[3486.0,3617.0],[3476.0,3620.0],[3473.0,3624.0],[3459.0,3630.0],[3438.0,3625.0],[3428.0,3618.0],[3427.0,3612.0],[3424.0,3610.0],[3409.0,3612.0],[3406.0,3601.0],[3400.0,3595.0],[3390.0,3597.0],[3387.0,3602.0],[3371.0,3601.0],[3371.0,3605.0],[3368.0,3607.0],[3370.0,3616.0],[3352.0,3626.0],[3348.0,3626.0],[3344.0,3621.0],[3341.0,3621.0],[3337.0,3617.0],[3332.0,3604.0],[3327.0,3602.0],[3327.0,3612.0],[3325.0,3614.0],[3319.0,3614.0],[3314.0,3622.0],[3308.0,3621.0],[3300.0,3628.0],[3300.0,3636.0],[3296.0,3645.0],[3298.0,3649.0],[3297.0,3658.0],[3295.0,3661.0],[3292.0,3661.0],[3292.0,3664.0],[3296.0,3669.0],[3299.0,3680.0],[3303.0,3684.0],[3312.0,3685.0],[3321.0,3698.0],[3345.0,3695.0],[3360.0,3697.0],[3364.0,3700.0],[3366.0,3707.0],[3387.0,3708.0],[3388.0,3711.0],[3396.0,3715.0],[3400.0,3722.0],[3421.0,3735.0],[3437.0,3738.0],[3454.0,3753.0],[3468.0,3756.0],[3478.0,3763.0],[3484.0,3763.0],[3488.0,3760.0],[3507.0,3759.0],[3519.0,3764.0],[3541.0,3782.0],[3554.0,3806.0],[3567.0,3807.0],[3576.0,3810.0],[3581.0,3815.0],[3591.0,3816.0],[3591.0,3818.0],[3602.0,3812.0],[3609.0,3813.0],[3616.0,3818.0],[3620.0,3815.0],[3627.0,3821.0],[3632.0,3822.0],[3636.0,3819.0],[3636.0,3816.0],[3630.0,3799.0],[3636.0,3780.0],[3639.0,3776.0],[3650.0,3772.0],[3650.0,3767.0],[3653.0,3765.0],[3657.0,3766.0],[3657.0,3762.0],[3651.0,3761.0],[3651.0,3757.0],[3653.0,3758.0],[3654.0,3754.0],[3652.0,3751.0],[3645.0,3750.0],[3643.0,3745.0],[3646.0,3744.0],[3641.0,3744.0],[3638.0,3741.0],[3638.0,3731.0],[3643.0,3733.0],[3646.0,3729.0],[3642.0,3725.0],[3635.0,3724.0],[3625.0,3718.0],[3623.0,3695.0],[3632.0,3681.0],[3635.0,3663.0],[3637.0,3662.0],[3635.0,3652.0],[3642.0,3644.0],[3654.0,3619.0],[3667.0,3602.0],[3675.0,3584.0],[3674.0,3578.0],[3677.0,3574.0],[3684.0,3571.0],[3684.0,3569.0],[3673.0,3566.0],[3666.0,3568.0]]],[[[3233.0,3813.0],[3234.0,3819.0],[3240.0,3825.0],[3248.0,3826.0],[3250.0,3823.0],[3248.0,3816.0],[3243.0,3812.0],[3242.0,3814.0],[3237.0,3811.0],[3233.0,3813.0]]],[[[3579.0,3532.0],[3586.0,3535.0],[3587.0,3530.0],[3579.0,3529.0],[3579.0,3532.0]]],[[[3746.0,3456.0],[3740.0,3462.0],[3745.0,3463.0],[3747.0,3468.0],[3747.0,3484.0],[3744.0,3492.0],[3737.0,3497.0],[3722.0,3497.0],[3703.0,3509.0],[3703.0,3514.0],[3714.0,3524.0],[3714.0,3535.0],[3702.0,3567.0],[3683.0,3576.0],[3685.0,3586.0],[3683.0,3599.0],[3687.0,3603.0],[3685.0,3611.0],[3689.0,3617.0],[3696.0,3621.0],[3733.0,3620.0],[3743.0,3614.0],[3747.0,3589.0],[3755.0,3575.0],[3767.0,3559.0],[3784.0,3550.0],[3795.0,3537.0],[3795.0,3523.0],[3791.0,3512.0],[3789.0,3496.0],[3787.0,3496.0],[3791.0,3481.0],[3808.0,3466.0],[3817.0,3462.0],[3814.0,3456.0],[3746.0,3456.0]]],[[[3591.0,3539.0],[3591.0,3545.0],[3599.0,3548.0],[3597.0,3545.0],[3600.0,3544.0],[3598.0,3538.0],[3591.0,3539.0]]],[[[3597.0,3553.0],[3601.0,3561.0],[3604.0,3560.0],[3604.0,3556.0],[3599.0,3551.0],[3597.0,3553.0]]],[[[3521.0,3919.0],[3522.0,3924.0],[3526.0,3926.0],[3534.0,3926.0],[3541.0,3923.0],[3533.0,3917.0],[3521.0,3919.0]]],[[[3540.0,3933.0],[3542.0,3935.0],[3543.0,3947.0],[3548.0,3952.0],[3566.0,3957.0],[3567.0,3953.0],[3571.0,3952.0],[3570.0,3944.0],[3564.0,3942.0],[3563.0,3937.0],[3553.0,3932.0],[3543.0,3932.0],[3546.0,3929.0],[3541.0,3930.0],[3540.0,3933.0]]]]}},{"type":"Feature","properties":{"id":"prov_siena","index":158,"name":"Sienne","owner":"fac_siena","centroid":[3144.0,2830.4],"capital_px":[3143.0,2818.2],"neighbors":["prov_firenze"],"sea_neighbors":[],"area_px":1812},"geometry":{"type":"Polygon","coordinates":[[[3138.0,2804.0],[3132.0,2810.0],[3126.0,2825.0],[3120.0,2830.0],[3120.0,2838.0],[3124.0,2842.0],[3124.0,2846.0],[3137.0,2859.0],[3142.0,2856.0],[3150.0,2856.0],[3160.0,2850.0],[3160.0,2838.0],[3164.0,2834.0],[3164.0,2826.0],[3168.0,2822.0],[3166.0,2815.0],[3154.0,2804.0],[3138.0,2804.0]]]}},{"type":"Feature","properties":{"id":"prov_sjaelland","index":159,"name":"Seeland et Scanie","owner":"fac_holstein","centroid":[3157.2,931.7],"capital_px":[3174.7,911.9],"neighbors":["prov_holstein","prov_jutland","prov_mecklenburg"],"sea_neighbors":["prov_gotaland"],"area_px":16846},"geometry":{"type":"MultiPolygon","coordinates":[[[[3093.0,1021.0],[3102.0,1045.0],[3121.0,1056.0],[3131.0,1065.0],[3140.0,1064.0],[3151.0,1067.0],[3158.0,1062.0],[3158.0,1058.0],[3155.0,1057.0],[3159.0,1052.0],[3158.0,1046.0],[3152.0,1042.0],[3152.0,1038.0],[3149.0,1037.0],[3141.0,1026.0],[3139.0,1027.0],[3140.0,1033.0],[3133.0,1035.0],[3135.0,1040.0],[3133.0,1041.0],[3115.0,1032.0],[3113.0,1026.0],[3105.0,1020.0],[3093.0,1021.0]]],[[[3221.0,901.0],[3213.0,914.0],[3217.0,925.0],[3227.0,917.0],[3221.0,901.0]]],[[[3183.0,838.0],[3168.0,852.0],[3156.0,859.0],[3153.0,864.0],[3154.0,866.0],[3163.0,863.0],[3169.0,865.0],[3171.0,882.0],[3176.0,898.0],[3173.0,910.0],[3168.0,908.0],[3170.0,906.0],[3168.0,903.0],[3164.0,909.0],[3160.0,910.0],[3165.0,900.0],[3170.0,901.0],[3172.0,898.0],[3171.0,888.0],[3166.0,878.0],[3166.0,871.0],[3161.0,867.0],[3159.0,867.0],[3159.0,872.0],[3163.0,879.0],[3162.0,884.0],[3155.0,887.0],[3153.0,894.0],[3155.0,899.0],[3150.0,909.0],[3146.0,899.0],[3138.0,900.0],[3139.0,897.0],[3147.0,896.0],[3145.0,889.0],[3133.0,891.0],[3137.0,886.0],[3143.0,886.0],[3143.0,881.0],[3137.0,871.0],[3142.0,870.0],[3141.0,872.0],[3145.0,872.0],[3144.0,868.0],[3147.0,862.0],[3137.0,866.0],[3130.0,866.0],[3119.0,863.0],[3114.0,864.0],[3103.0,859.0],[3105.0,863.0],[3120.0,866.0],[3124.0,871.0],[3122.0,882.0],[3118.0,882.0],[3115.0,885.0],[3111.0,884.0],[3111.0,896.0],[3103.0,900.0],[3096.0,899.0],[3099.0,903.0],[3097.0,905.0],[3091.0,901.0],[3091.0,898.0],[3086.0,900.0],[3069.0,899.0],[3077.0,901.0],[3078.0,905.0],[3086.0,908.0],[3087.0,911.0],[3081.0,910.0],[3074.0,911.0],[3087.0,915.0],[3093.0,923.0],[3093.0,929.0],[3088.0,930.0],[3088.0,934.0],[3093.0,933.0],[3095.0,935.0],[3099.0,952.0],[3088.0,958.0],[3090.0,962.0],[3094.0,958.0],[3097.0,959.0],[3097.0,962.0],[3094.0,963.0],[3102.0,969.0],[3102.0,974.0],[3106.0,974.0],[3106.0,976.0],[3102.0,976.0],[3103.0,981.0],[3109.0,983.0],[3108.0,981.0],[3119.0,978.0],[3139.0,984.0],[3142.0,980.0],[3145.0,980.0],[3145.0,988.0],[3153.0,989.0],[3153.0,991.0],[3145.0,992.0],[3145.0,994.0],[3155.0,1004.0],[3149.0,1002.0],[3147.0,1003.0],[3157.0,1007.0],[3160.0,1016.0],[3154.0,1020.0],[3148.0,1017.0],[3145.0,1021.0],[3148.0,1023.0],[3149.0,1033.0],[3161.0,1049.0],[3160.0,1053.0],[3163.0,1054.0],[3160.0,1065.0],[3164.0,1072.0],[3169.0,1070.0],[3168.0,1059.0],[3174.0,1052.0],[3177.0,1044.0],[3186.0,1037.0],[3186.0,1034.0],[3180.0,1027.0],[3172.0,1027.0],[3168.0,1020.0],[3165.0,1020.0],[3164.0,1024.0],[3160.0,1021.0],[3162.0,1010.0],[3167.0,1011.0],[3172.0,1016.0],[3185.0,1011.0],[3185.0,1006.0],[3181.0,1000.0],[3186.0,996.0],[3185.0,991.0],[3174.0,990.0],[3171.0,988.0],[3171.0,985.0],[3177.0,983.0],[3177.0,989.0],[3180.0,989.0],[3180.0,981.0],[3185.0,976.0],[3205.0,971.0],[3210.0,966.0],[3208.0,954.0],[3203.0,949.0],[3194.0,948.0],[3188.0,944.0],[3186.0,934.0],[3191.0,924.0],[3198.0,917.0],[3202.0,915.0],[3211.0,916.0],[3212.0,911.0],[3216.0,909.0],[3220.0,901.0],[3220.0,886.0],[3211.0,868.0],[3215.0,855.0],[3220.0,848.0],[3209.0,840.0],[3200.0,840.0],[3195.0,836.0],[3183.0,838.0]],[[3149.0,909.0],[3148.0,910.0],[3148.0,909.0],[3149.0,909.0]],[[3173.0,853.0],[3182.0,861.0],[3172.0,864.0],[3174.0,857.0],[3170.0,859.0],[3170.0,856.0],[3173.0,853.0]]],[[[3193.0,1001.0],[3197.0,1007.0],[3196.0,1013.0],[3192.0,1015.0],[3187.0,1013.0],[3187.0,1016.0],[3183.0,1017.0],[3184.0,1021.0],[3182.0,1021.0],[3181.0,1026.0],[3191.0,1028.0],[3195.0,1021.0],[3203.0,1016.0],[3220.0,1017.0],[3219.0,1010.0],[3216.0,1007.0],[3198.0,1005.0],[3196.0,1001.0],[3193.0,1001.0]]]]}},{"type":"Feature","properties":{"id":"prov_sussex","index":160,"name":"Sussex et Surrey","owner":"fac_england","centroid":[1992.2,1564.5],"capital_px":[1940.7,1580.6],"neighbors":["prov_kent","prov_middlesex","prov_wessex"],"sea_neighbors":[],"area_px":7437},"geometry":{"type":"MultiPolygon","coordinates":[[[[1969.0,1517.0],[1960.0,1530.0],[1960.0,1538.0],[1956.0,1542.0],[1956.0,1546.0],[1939.0,1550.0],[1933.0,1558.0],[1924.0,1562.0],[1924.0,1566.0],[1916.0,1574.0],[1917.0,1576.0],[1926.0,1577.0],[1932.0,1583.0],[1932.0,1585.0],[1927.0,1586.0],[1930.0,1592.0],[1938.0,1597.0],[1940.0,1590.0],[1943.0,1592.0],[1957.0,1589.0],[1972.0,1591.0],[1985.0,1589.0],[2000.0,1590.0],[2019.0,1601.0],[2023.0,1601.0],[2026.0,1605.0],[2040.0,1609.0],[2051.0,1599.0],[2057.0,1598.0],[2052.0,1594.0],[2052.0,1578.0],[2048.0,1574.0],[2048.0,1554.0],[2044.0,1550.0],[2043.0,1544.0],[2038.0,1544.0],[2010.0,1528.0],[2002.0,1528.0],[1990.0,1520.0],[1974.0,1520.0],[1969.0,1517.0]]],[[[1920.0,1580.0],[1917.0,1585.0],[1924.0,1587.0],[1924.0,1580.0],[1920.0,1580.0]]]]}},{"type":"Feature","properties":{"id":"prov_swabia","index":161,"name":"Souabe","owner":"fac_austria","centroid":[2989.8,2050.6],"capital_px":[3085.0,2039.1],"neighbors":["prov_alsace","prov_baden","prov_franconia","prov_nuremberg","prov_oberbayern","prov_palatinate","prov_waldstatten","prov_wurttemberg"],"sea_neighbors":[],"area_px":65790},"geometry":{"type":"Polygon","coordinates":[[[2962.0,1884.0],[2948.0,1886.0],[2946.0,1893.0],[2930.0,1907.0],[2928.0,1914.0],[2923.0,1919.0],[2930.0,1933.0],[2944.0,1946.0],[2944.0,1950.0],[2940.0,1954.0],[2940.0,1978.0],[2934.0,1983.0],[2932.0,1990.0],[2925.0,1998.0],[2918.0,2000.0],[2910.0,2008.0],[2898.0,2008.0],[2894.0,2012.0],[2878.0,2012.0],[2873.0,2006.0],[2863.0,2002.0],[2857.0,1995.0],[2852.0,1998.0],[2850.0,2009.0],[2841.0,2018.0],[2834.0,2020.0],[2828.0,2025.0],[2828.0,2042.0],[2824.0,2046.0],[2824.0,2062.0],[2820.0,2066.0],[2820.0,2074.0],[2812.0,2082.0],[2812.0,2090.0],[2816.0,2094.0],[2816.0,2106.0],[2811.0,2113.0],[2814.0,2116.0],[2825.0,2118.0],[2846.0,2140.0],[2862.0,2140.0],[2874.0,2148.0],[2881.0,2148.0],[2888.0,2143.0],[2882.0,2136.0],[2883.0,2135.0],[2885.0,2137.0],[2890.0,2136.0],[2899.0,2142.0],[2902.0,2152.0],[2906.0,2152.0],[2910.0,2156.0],[2917.0,2156.0],[2909.0,2151.0],[2907.0,2148.0],[2909.0,2144.0],[2904.0,2133.0],[2892.0,2126.0],[2892.0,2124.0],[2895.0,2124.0],[2906.0,2133.0],[2910.0,2133.0],[2911.0,2139.0],[2921.0,2146.0],[2928.0,2146.0],[2941.0,2151.0],[2942.0,2157.0],[2945.0,2160.0],[2950.0,2160.0],[2958.0,2166.0],[2965.0,2168.0],[2965.0,2171.0],[2960.0,2171.0],[2959.0,2174.0],[2955.0,2174.0],[2955.0,2172.0],[2952.0,2174.0],[2945.0,2172.0],[2943.0,2174.0],[2948.0,2178.0],[2948.0,2182.0],[2952.0,2186.0],[2952.0,2206.0],[2971.0,2226.0],[2986.0,2232.0],[2990.0,2236.0],[2995.0,2236.0],[2998.0,2223.0],[3088.0,2134.0],[3088.0,2126.0],[3092.0,2122.0],[3096.0,2110.0],[3104.0,2102.0],[3104.0,2090.0],[3107.0,2088.0],[3108.0,2078.0],[3116.0,2070.0],[3116.0,2066.0],[3120.0,2062.0],[3128.0,2042.0],[3136.0,2034.0],[3136.0,2026.0],[3140.0,2022.0],[3140.0,1998.0],[3148.0,1986.0],[3148.0,1962.0],[3152.0,1958.0],[3152.0,1933.0],[3142.0,1932.0],[3138.0,1936.0],[3106.0,1936.0],[3102.0,1940.0],[3094.0,1940.0],[3090.0,1936.0],[3070.0,1936.0],[3066.0,1932.0],[3038.0,1932.0],[3032.0,1926.0],[3030.0,1919.0],[3022.0,1913.0],[3018.0,1903.0],[3007.0,1892.0],[2994.0,1892.0],[2990.0,1896.0],[2986.0,1896.0],[2974.0,1888.0],[2966.0,1888.0],[2962.0,1884.0]],[[2888.0,2136.0],[2887.0,2135.0],[2888.0,2135.0],[2888.0,2136.0]],[[2887.0,2135.0],[2886.0,2134.0],[2887.0,2134.0],[2887.0,2135.0]]]}},{"type":"Feature","properties":{"id":"prov_taranto","index":162,"name":"Tarente","owner":"fac_taranto","centroid":[3876.9,3202.7],"capital_px":[3849.3,3217.9],"neighbors":["prov_napoli"],"sea_neighbors":[],"area_px":14040},"geometry":{"type":"Polygon","coordinates":[[[3833.0,3131.0],[3825.0,3142.0],[3818.0,3144.0],[3809.0,3154.0],[3799.0,3158.0],[3792.0,3170.0],[3792.0,3182.0],[3780.0,3202.0],[3780.0,3222.0],[3784.0,3226.0],[3784.0,3242.0],[3786.0,3245.0],[3796.0,3252.0],[3812.0,3222.0],[3825.0,3212.0],[3840.0,3212.0],[3842.0,3216.0],[3848.0,3212.0],[3858.0,3212.0],[3856.0,3216.0],[3848.0,3216.0],[3850.0,3222.0],[3845.0,3225.0],[3846.0,3227.0],[3880.0,3239.0],[3924.0,3237.0],[3932.0,3242.0],[3934.0,3254.0],[3945.0,3263.0],[3945.0,3269.0],[3941.0,3272.0],[3948.0,3275.0],[3947.0,3280.0],[3961.0,3274.0],[3968.0,3266.0],[3968.0,3262.0],[3972.0,3258.0],[3972.0,3250.0],[3984.0,3230.0],[3984.0,3226.0],[3977.0,3216.0],[3966.0,3206.0],[3955.0,3203.0],[3942.0,3195.0],[3942.0,3187.0],[3938.0,3184.0],[3937.0,3180.0],[3931.0,3181.0],[3930.0,3177.0],[3917.0,3176.0],[3905.0,3168.0],[3873.0,3160.0],[3866.0,3153.0],[3855.0,3148.0],[3847.0,3138.0],[3833.0,3131.0]]]}},{"type":"Feature","properties":{"id":"prov_thomond","index":163,"name":"Thomond","owner":"fac_thomond","centroid":[1242.7,1102.9],"capital_px":[1236.6,1116.0],"neighbors":["prov_connacht","prov_desmond","prov_ormond","prov_ulster"],"sea_neighbors":[],"area_px":5264},"geometry":{"type":"Polygon","coordinates":[[[1222.0,1064.0],[1209.0,1077.0],[1207.0,1082.0],[1196.0,1089.0],[1207.0,1093.0],[1205.0,1097.0],[1198.0,1100.0],[1195.0,1105.0],[1196.0,1110.0],[1214.0,1127.0],[1220.0,1139.0],[1230.0,1129.0],[1236.0,1128.0],[1234.0,1141.0],[1243.0,1142.0],[1258.0,1152.0],[1263.0,1152.0],[1268.0,1146.0],[1268.0,1130.0],[1272.0,1126.0],[1272.0,1122.0],[1280.0,1110.0],[1280.0,1102.0],[1284.0,1098.0],[1284.0,1081.0],[1280.0,1078.0],[1278.0,1072.0],[1274.0,1072.0],[1271.0,1068.0],[1266.0,1068.0],[1262.0,1064.0],[1254.0,1064.0],[1253.0,1072.0],[1250.0,1070.0],[1251.0,1066.0],[1246.0,1067.0],[1244.0,1065.0],[1243.0,1067.0],[1237.0,1065.0],[1236.0,1067.0],[1241.0,1071.0],[1232.0,1072.0],[1226.0,1064.0],[1222.0,1064.0]],[[1244.0,1068.0],[1245.0,1067.0],[1245.0,1068.0],[1244.0,1068.0]],[[1245.0,1070.0],[1246.0,1068.0],[1247.0,1070.0],[1245.0,1070.0]]]}},{"type":"Feature","properties":{"id":"prov_thuringia","index":164,"name":"Thuringe","owner":"fac_meissen","centroid":[3065.7,1645.3],"capital_px":[3093.1,1635.5],"neighbors":["prov_bamberg","prov_brunswick","prov_franconia","prov_hesse","prov_meissen"],"sea_neighbors":[],"area_px":25374},"geometry":{"type":"Polygon","coordinates":[[[3090.0,1532.0],[3086.0,1536.0],[3078.0,1536.0],[3066.0,1544.0],[3058.0,1544.0],[3046.0,1552.0],[3020.0,1553.0],[3020.0,1574.0],[3016.0,1578.0],[3016.0,1590.0],[3012.0,1594.0],[3012.0,1602.0],[3004.0,1614.0],[3004.0,1622.0],[3000.0,1626.0],[2996.0,1638.0],[2988.0,1646.0],[2988.0,1686.0],[2984.0,1690.0],[2984.0,1710.0],[2980.0,1714.0],[2980.0,1719.0],[2989.0,1722.0],[2998.0,1732.0],[3006.0,1732.0],[3010.0,1736.0],[3023.0,1741.0],[3042.0,1740.0],[3046.0,1736.0],[3103.0,1736.0],[3114.0,1725.0],[3116.0,1718.0],[3126.0,1709.0],[3128.0,1702.0],[3132.0,1698.0],[3132.0,1690.0],[3140.0,1678.0],[3140.0,1658.0],[3144.0,1654.0],[3144.0,1626.0],[3140.0,1622.0],[3140.0,1590.0],[3130.0,1581.0],[3126.0,1571.0],[3118.0,1565.0],[3114.0,1555.0],[3106.0,1549.0],[3102.0,1539.0],[3095.0,1532.0],[3090.0,1532.0]]]}},{"type":"Feature","properties":{"id":"prov_tirol","index":165,"name":"Tyrol","owner":"fac_tirol","centroid":[3126.0,2248.5],"capital_px":[3140.4,2208.4],"neighbors":["prov_milano","prov_oberbayern","prov_trent","prov_venezia","prov_waldstatten"],"sea_neighbors":[],"area_px":32094},"geometry":{"type":"Polygon","coordinates":[[[3110.0,2160.0],[3106.0,2164.0],[3094.0,2164.0],[3086.0,2172.0],[3074.0,2176.0],[3069.0,2182.0],[3059.0,2186.0],[3049.0,2198.0],[3039.0,2202.0],[3033.0,2210.0],[3023.0,2214.0],[3013.0,2226.0],[3002.0,2231.0],[2999.0,2245.0],[3004.0,2258.0],[3008.0,2262.0],[3007.0,2285.0],[3026.0,2303.0],[3030.0,2313.0],[3049.0,2328.0],[3054.0,2328.0],[3058.0,2324.0],[3122.0,2324.0],[3126.0,2328.0],[3142.0,2328.0],[3146.0,2332.0],[3159.0,2332.0],[3162.0,2328.0],[3170.0,2328.0],[3182.0,2320.0],[3190.0,2320.0],[3194.0,2316.0],[3206.0,2312.0],[3234.0,2285.0],[3238.0,2275.0],[3249.0,2265.0],[3248.0,2246.0],[3244.0,2242.0],[3244.0,2226.0],[3240.0,2222.0],[3240.0,2210.0],[3231.0,2206.0],[3221.0,2194.0],[3211.0,2190.0],[3205.0,2182.0],[3195.0,2178.0],[3186.0,2168.0],[3170.0,2168.0],[3166.0,2164.0],[3154.0,2164.0],[3150.0,2160.0],[3110.0,2160.0]]]}},{"type":"Feature","properties":{"id":"prov_toledo","index":166,"name":"Nouvelle-Castille","owner":"fac_castile","centroid":[1363.2,3177.3],"capital_px":[1324.8,3196.7],"neighbors":["prov_aragon","prov_calatrava","prov_castilla_vieja","prov_cordoba","prov_extremadura","prov_leon","prov_murcia","prov_valencia"],"sea_neighbors":[],"area_px":127578},"geometry":{"type":"Polygon","coordinates":[[[1135.0,2987.0],[1110.0,2988.0],[1100.0,2994.0],[1104.0,2998.0],[1104.0,3002.0],[1120.0,3030.0],[1120.0,3038.0],[1136.0,3066.0],[1136.0,3074.0],[1140.0,3078.0],[1140.0,3082.0],[1156.0,3110.0],[1156.0,3118.0],[1168.0,3138.0],[1168.0,3160.0],[1170.0,3165.0],[1167.0,3168.0],[1175.0,3178.0],[1185.0,3177.0],[1181.0,3180.0],[1174.0,3180.0],[1168.0,3177.0],[1168.0,3198.0],[1180.0,3218.0],[1180.0,3226.0],[1188.0,3238.0],[1188.0,3246.0],[1194.0,3249.0],[1193.0,3241.0],[1198.0,3245.0],[1205.0,3242.0],[1216.0,3249.0],[1213.0,3250.0],[1203.0,3245.0],[1212.0,3253.0],[1214.0,3265.0],[1220.0,3272.0],[1213.0,3268.0],[1210.0,3256.0],[1206.0,3255.0],[1199.0,3247.0],[1196.0,3248.0],[1196.0,3253.0],[1192.0,3257.0],[1196.0,3262.0],[1196.0,3331.0],[1199.0,3334.0],[1210.0,3336.0],[1214.0,3340.0],[1246.0,3340.0],[1250.0,3336.0],[1258.0,3336.0],[1263.0,3340.0],[1264.0,3330.0],[1278.0,3317.0],[1283.0,3306.0],[1290.0,3304.0],[1294.0,3300.0],[1310.0,3300.0],[1315.0,3297.0],[1326.0,3304.0],[1338.0,3304.0],[1341.0,3306.0],[1354.0,3319.0],[1358.0,3329.0],[1374.0,3343.0],[1376.0,3350.0],[1372.0,3354.0],[1372.0,3371.0],[1375.0,3374.0],[1390.0,3380.0],[1394.0,3384.0],[1398.0,3384.0],[1402.0,3388.0],[1406.0,3388.0],[1414.0,3396.0],[1418.0,3396.0],[1430.0,3404.0],[1435.0,3404.0],[1462.0,3377.0],[1467.0,3366.0],[1486.0,3360.0],[1498.0,3348.0],[1502.0,3348.0],[1522.0,3336.0],[1530.0,3336.0],[1536.0,3331.0],[1536.0,3314.0],[1540.0,3310.0],[1540.0,3302.0],[1548.0,3290.0],[1548.0,3282.0],[1556.0,3270.0],[1556.0,3262.0],[1568.0,3242.0],[1568.0,3234.0],[1572.0,3230.0],[1572.0,3226.0],[1576.0,3222.0],[1576.0,3214.0],[1588.0,3194.0],[1588.0,3186.0],[1592.0,3182.0],[1594.0,3175.0],[1604.0,3166.0],[1576.0,3138.0],[1576.0,3134.0],[1564.0,3114.0],[1564.0,3106.0],[1556.0,3094.0],[1556.0,3086.0],[1544.0,3066.0],[1544.0,3058.0],[1540.0,3054.0],[1540.0,3050.0],[1533.0,3038.0],[1522.0,3036.0],[1510.0,3028.0],[1378.0,3028.0],[1374.0,3024.0],[1242.0,3024.0],[1238.0,3020.0],[1234.0,3020.0],[1230.0,3016.0],[1222.0,3016.0],[1218.0,3012.0],[1190.0,3012.0],[1178.0,3004.0],[1170.0,3004.0],[1158.0,2996.0],[1150.0,2996.0],[1135.0,2987.0]],[[1164.0,3041.0],[1167.0,3042.0],[1166.0,3049.0],[1161.0,3052.0],[1165.0,3045.0],[1164.0,3041.0]],[[1512.0,3096.0],[1515.0,3097.0],[1507.0,3101.0],[1507.0,3100.0],[1512.0,3096.0]],[[1505.0,3103.0],[1507.0,3101.0],[1507.0,3102.0],[1505.0,3103.0]],[[1504.0,3104.0],[1505.0,3103.0],[1505.0,3104.0],[1504.0,3104.0]],[[1503.0,3104.0],[1504.0,3108.0],[1498.0,3114.0],[1500.0,3119.0],[1493.0,3127.0],[1492.0,3123.0],[1496.0,3118.0],[1495.0,3113.0],[1503.0,3104.0]],[[1500.0,3133.0],[1515.0,3136.0],[1516.0,3140.0],[1520.0,3143.0],[1511.0,3137.0],[1498.0,3137.0],[1494.0,3143.0],[1497.0,3147.0],[1494.0,3154.0],[1491.0,3151.0],[1491.0,3142.0],[1485.0,3140.0],[1490.0,3136.0],[1499.0,3136.0],[1500.0,3133.0]],[[1528.0,3255.0],[1533.0,3259.0],[1535.0,3267.0],[1542.0,3272.0],[1544.0,3278.0],[1534.0,3271.0],[1528.0,3255.0]],[[1220.0,3273.0],[1221.0,3272.0],[1221.0,3273.0],[1220.0,3273.0]]]}},{"type":"Feature","properties":{"id":"prov_toulousain","index":167,"name":"Toulousain","owner":"fac_france","centroid":[1994.9,2754.6],"capital_px":[2031.6,2720.6],"neighbors":["prov_agenais","prov_armagnac","prov_barcelona","prov_bearn","prov_carcassonne","prov_foix","prov_pallars","prov_rouergue"],"sea_neighbors":[],"area_px":26438},"geometry":{"type":"Polygon","coordinates":[[[1998.0,2644.0],[1993.0,2654.0],[1983.0,2658.0],[1974.0,2667.0],[1970.0,2681.0],[1953.0,2698.0],[1946.0,2700.0],[1938.0,2708.0],[1908.0,2709.0],[1908.0,2746.0],[1920.0,2766.0],[1920.0,2770.0],[1916.0,2774.0],[1916.0,2846.0],[1920.0,2850.0],[1921.0,2856.0],[1946.0,2856.0],[1950.0,2852.0],[1962.0,2852.0],[1966.0,2856.0],[1974.0,2856.0],[1979.0,2861.0],[2002.0,2860.0],[2007.0,2864.0],[2008.0,2854.0],[2004.0,2850.0],[2004.0,2838.0],[2012.0,2830.0],[2012.0,2822.0],[2016.0,2818.0],[2018.0,2811.0],[2034.0,2800.0],[2050.0,2800.0],[2062.0,2808.0],[2064.0,2806.0],[2064.0,2798.0],[2068.0,2794.0],[2068.0,2782.0],[2076.0,2774.0],[2084.0,2754.0],[2105.0,2733.0],[2098.0,2719.0],[2061.0,2682.0],[2051.0,2678.0],[2033.0,2658.0],[2026.0,2656.0],[2022.0,2652.0],[2014.0,2652.0],[2010.0,2648.0],[2002.0,2648.0],[1998.0,2644.0]]]}},{"type":"Feature","properties":{"id":"prov_touraine","index":168,"name":"Touraine","owner":"fac_france","centroid":[2021.2,2135.7],"capital_px":[2016.6,2129.0],"neighbors":["prov_anjou","prov_berry","prov_blois","prov_maine","prov_orleanais","prov_poitou"],"sea_neighbors":[],"area_px":10898},"geometry":{"type":"Polygon","coordinates":[[[2035.0,2071.0],[2030.0,2072.0],[2026.0,2076.0],[2014.0,2076.0],[2010.0,2080.0],[2002.0,2080.0],[1998.0,2084.0],[1994.0,2084.0],[1990.0,2088.0],[1986.0,2088.0],[1982.0,2092.0],[1967.0,2098.0],[1964.0,2101.0],[1964.0,2110.0],[1956.0,2122.0],[1956.0,2134.0],[1952.0,2138.0],[1952.0,2143.0],[1961.0,2146.0],[1974.0,2159.0],[1976.0,2166.0],[1983.0,2174.0],[1998.0,2180.0],[2002.0,2184.0],[2010.0,2184.0],[2014.0,2188.0],[2042.0,2188.0],[2046.0,2192.0],[2071.0,2192.0],[2084.0,2170.0],[2084.0,2162.0],[2089.0,2155.0],[2084.0,2150.0],[2082.0,2143.0],[2066.0,2129.0],[2060.0,2114.0],[2056.0,2110.0],[2057.0,2087.0],[2053.0,2082.0],[2046.0,2080.0],[2035.0,2071.0]]]}},{"type":"Feature","properties":{"id":"prov_trent","index":169,"name":"\u00c9v\u00each\u00e9 de Trente","owner":"fac_trent","centroid":[3107.5,2372.7],"capital_px":[3113.3,2394.7],"neighbors":["prov_milano","prov_tirol","prov_venezia","prov_verona"],"sea_neighbors":[],"area_px":10973},"geometry":{"type":"Polygon","coordinates":[[[3058.0,2324.0],[3054.0,2328.0],[3049.0,2328.0],[3044.0,2334.0],[3044.0,2346.0],[3048.0,2350.0],[3048.0,2362.0],[3044.0,2366.0],[3044.0,2371.0],[3048.0,2374.0],[3048.0,2390.0],[3055.0,2402.0],[3065.0,2406.0],[3071.0,2414.0],[3081.0,2418.0],[3086.0,2425.0],[3102.0,2424.0],[3106.0,2428.0],[3126.0,2428.0],[3130.0,2424.0],[3142.0,2424.0],[3147.0,2418.0],[3157.0,2414.0],[3166.0,2405.0],[3171.0,2395.0],[3168.0,2390.0],[3168.0,2358.0],[3164.0,2354.0],[3168.0,2342.0],[3159.0,2332.0],[3146.0,2332.0],[3142.0,2328.0],[3126.0,2328.0],[3122.0,2324.0],[3058.0,2324.0]]]}},{"type":"Feature","properties":{"id":"prov_trier","index":170,"name":"Tr\u00e8ves","owner":"fac_trier","centroid":[2691.5,1796.9],"capital_px":[2655.9,1817.6],"neighbors":["prov_cologne","prov_liege","prov_lorraine","prov_luxembourg","prov_mainz","prov_palatinate"],"sea_neighbors":[],"area_px":17920},"geometry":{"type":"Polygon","coordinates":[[[2674.0,1716.0],[2670.0,1720.0],[2639.0,1719.0],[2631.0,1727.0],[2632.0,1734.0],[2629.0,1739.0],[2632.0,1742.0],[2632.0,1750.0],[2636.0,1754.0],[2636.0,1778.0],[2628.0,1790.0],[2628.0,1822.0],[2632.0,1826.0],[2632.0,1834.0],[2640.0,1842.0],[2640.0,1846.0],[2644.0,1850.0],[2644.0,1854.0],[2648.0,1858.0],[2648.0,1862.0],[2654.0,1872.0],[2674.0,1880.0],[2681.0,1888.0],[2702.0,1888.0],[2706.0,1892.0],[2715.0,1892.0],[2720.0,1886.0],[2720.0,1874.0],[2724.0,1870.0],[2724.0,1866.0],[2738.0,1853.0],[2744.0,1838.0],[2748.0,1834.0],[2748.0,1830.0],[2752.0,1826.0],[2752.0,1794.0],[2756.0,1790.0],[2756.0,1782.0],[2752.0,1778.0],[2752.0,1766.0],[2756.0,1762.0],[2756.0,1754.0],[2752.0,1750.0],[2752.0,1746.0],[2755.0,1743.0],[2752.0,1738.0],[2752.0,1722.0],[2749.0,1720.0],[2746.0,1724.0],[2694.0,1724.0],[2682.0,1716.0],[2674.0,1716.0]]]}},{"type":"Feature","properties":{"id":"prov_tyrone","index":171,"name":"Tyrone","owner":"fac_tyrone","centroid":[1493.6,911.5],"capital_px":[1496.8,916.4],"neighbors":["prov_ulster"],"sea_neighbors":[],"area_px":2213},"geometry":{"type":"Polygon","coordinates":[[[1478.0,884.0],[1464.0,898.0],[1464.0,910.0],[1475.0,922.0],[1482.0,924.0],[1486.0,933.0],[1494.0,940.0],[1514.0,940.0],[1520.0,930.0],[1520.0,921.0],[1514.0,919.0],[1512.0,912.0],[1516.0,912.0],[1522.0,904.0],[1514.0,896.0],[1510.0,896.0],[1490.0,884.0],[1478.0,884.0]]]}},{"type":"Feature","properties":{"id":"prov_ulster","index":172,"name":"Ulster et Connacht","owner":"fac_england","centroid":[1411.0,923.9],"capital_px":[1588.3,903.4],"neighbors":["prov_connacht","prov_dublin","prov_meath","prov_ormond","prov_thomond","prov_tyrone"],"sea_neighbors":["prov_desmond","prov_galloway","prov_highlands","prov_isles"],"area_px":65599},"geometry":{"type":"MultiPolygon","coordinates":[[[[1182.0,946.0],[1184.0,949.0],[1191.0,949.0],[1189.0,944.0],[1182.0,946.0]]],[[[1190.0,1031.0],[1192.0,1033.0],[1188.0,1035.0],[1188.0,1040.0],[1193.0,1041.0],[1195.0,1039.0],[1193.0,1033.0],[1197.0,1032.0],[1193.0,1029.0],[1190.0,1031.0]]],[[[1175.0,1051.0],[1185.0,1062.0],[1188.0,1062.0],[1185.0,1054.0],[1175.0,1051.0]]],[[[1364.0,800.0],[1360.0,807.0],[1367.0,808.0],[1366.0,802.0],[1364.0,800.0]]],[[[1475.0,770.0],[1478.0,780.0],[1483.0,788.0],[1478.0,787.0],[1479.0,783.0],[1477.0,781.0],[1472.0,784.0],[1469.0,784.0],[1467.0,781.0],[1466.0,783.0],[1461.0,782.0],[1460.0,788.0],[1456.0,791.0],[1456.0,796.0],[1460.0,803.0],[1459.0,817.0],[1456.0,820.0],[1450.0,820.0],[1450.0,822.0],[1439.0,828.0],[1435.0,827.0],[1448.0,819.0],[1447.0,816.0],[1442.0,815.0],[1452.0,811.0],[1455.0,806.0],[1450.0,795.0],[1452.0,786.0],[1449.0,780.0],[1444.0,783.0],[1439.0,781.0],[1436.0,785.0],[1435.0,789.0],[1439.0,794.0],[1432.0,790.0],[1436.0,781.0],[1431.0,783.0],[1429.0,785.0],[1430.0,794.0],[1427.0,797.0],[1424.0,796.0],[1427.0,794.0],[1424.0,793.0],[1425.0,789.0],[1416.0,788.0],[1421.0,785.0],[1420.0,782.0],[1417.0,782.0],[1414.0,787.0],[1406.0,788.0],[1402.0,792.0],[1400.0,791.0],[1403.0,787.0],[1396.0,788.0],[1391.0,784.0],[1386.0,791.0],[1383.0,803.0],[1381.0,797.0],[1379.0,801.0],[1375.0,801.0],[1374.0,805.0],[1370.0,804.0],[1375.0,815.0],[1367.0,813.0],[1367.0,818.0],[1369.0,823.0],[1372.0,823.0],[1373.0,820.0],[1376.0,821.0],[1377.0,826.0],[1371.0,825.0],[1372.0,831.0],[1363.0,829.0],[1361.0,826.0],[1354.0,828.0],[1362.0,836.0],[1364.0,842.0],[1359.0,835.0],[1354.0,835.0],[1355.0,838.0],[1343.0,835.0],[1335.0,838.0],[1333.0,842.0],[1328.0,842.0],[1328.0,848.0],[1335.0,853.0],[1336.0,857.0],[1342.0,858.0],[1344.0,861.0],[1346.0,859.0],[1353.0,859.0],[1352.0,862.0],[1354.0,864.0],[1355.0,861.0],[1359.0,859.0],[1358.0,863.0],[1361.0,863.0],[1360.0,866.0],[1369.0,862.0],[1369.0,867.0],[1385.0,865.0],[1382.0,871.0],[1379.0,869.0],[1377.0,873.0],[1373.0,874.0],[1373.0,878.0],[1367.0,880.0],[1371.0,885.0],[1349.0,888.0],[1349.0,884.0],[1347.0,884.0],[1346.0,890.0],[1325.0,897.0],[1326.0,900.0],[1334.0,901.0],[1338.0,904.0],[1338.0,906.0],[1333.0,904.0],[1332.0,907.0],[1337.0,908.0],[1339.0,912.0],[1331.0,911.0],[1330.0,909.0],[1326.0,911.0],[1334.0,922.0],[1327.0,921.0],[1322.0,909.0],[1316.0,909.0],[1314.0,906.0],[1307.0,907.0],[1300.0,900.0],[1297.0,901.0],[1294.0,898.0],[1289.0,898.0],[1286.0,904.0],[1279.0,908.0],[1277.0,914.0],[1273.0,905.0],[1275.0,895.0],[1272.0,895.0],[1272.0,890.0],[1268.0,887.0],[1259.0,888.0],[1253.0,883.0],[1234.0,878.0],[1230.0,873.0],[1222.0,873.0],[1222.0,878.0],[1226.0,879.0],[1224.0,880.0],[1226.0,885.0],[1221.0,880.0],[1216.0,883.0],[1214.0,878.0],[1211.0,879.0],[1208.0,876.0],[1208.0,872.0],[1201.0,875.0],[1195.0,880.0],[1199.0,884.0],[1195.0,886.0],[1195.0,889.0],[1189.0,895.0],[1189.0,901.0],[1193.0,902.0],[1194.0,892.0],[1199.0,892.0],[1199.0,889.0],[1202.0,889.0],[1202.0,885.0],[1207.0,888.0],[1208.0,890.0],[1208.0,893.0],[1206.0,893.0],[1207.0,897.0],[1205.0,896.0],[1207.0,903.0],[1200.0,902.0],[1200.0,904.0],[1202.0,909.0],[1206.0,909.0],[1210.0,904.0],[1214.0,904.0],[1209.0,909.0],[1210.0,911.0],[1205.0,914.0],[1205.0,919.0],[1208.0,921.0],[1207.0,928.0],[1209.0,929.0],[1210.0,927.0],[1211.0,929.0],[1210.0,936.0],[1208.0,935.0],[1209.0,931.0],[1205.0,927.0],[1196.0,926.0],[1198.0,921.0],[1200.0,921.0],[1198.0,915.0],[1193.0,913.0],[1183.0,914.0],[1179.0,911.0],[1177.0,914.0],[1171.0,915.0],[1179.0,920.0],[1188.0,921.0],[1186.0,929.0],[1190.0,930.0],[1193.0,937.0],[1196.0,936.0],[1196.0,941.0],[1214.0,939.0],[1228.0,944.0],[1227.0,949.0],[1220.0,954.0],[1224.0,959.0],[1208.0,958.0],[1205.0,955.0],[1193.0,955.0],[1193.0,959.0],[1188.0,966.0],[1188.0,974.0],[1196.0,982.0],[1191.0,978.0],[1181.0,979.0],[1174.0,977.0],[1178.0,983.0],[1175.0,986.0],[1174.0,982.0],[1170.0,980.0],[1166.0,979.0],[1166.0,982.0],[1158.0,980.0],[1158.0,982.0],[1163.0,983.0],[1163.0,990.0],[1166.0,992.0],[1165.0,996.0],[1167.0,998.0],[1162.0,999.0],[1158.0,997.0],[1155.0,999.0],[1155.0,1002.0],[1158.0,1001.0],[1160.0,1004.0],[1165.0,1004.0],[1166.0,1009.0],[1171.0,1012.0],[1176.0,1011.0],[1177.0,1006.0],[1181.0,1008.0],[1180.0,1012.0],[1187.0,1009.0],[1188.0,1011.0],[1185.0,1011.0],[1188.0,1013.0],[1187.0,1015.0],[1178.0,1016.0],[1175.0,1020.0],[1175.0,1023.0],[1180.0,1023.0],[1183.0,1028.0],[1189.0,1027.0],[1199.0,1017.0],[1198.0,1027.0],[1202.0,1026.0],[1202.0,1020.0],[1207.0,1020.0],[1203.0,1023.0],[1206.0,1028.0],[1204.0,1030.0],[1200.0,1029.0],[1196.0,1042.0],[1199.0,1042.0],[1201.0,1036.0],[1204.0,1035.0],[1202.0,1041.0],[1205.0,1046.0],[1217.0,1045.0],[1239.0,1050.0],[1240.0,1046.0],[1232.0,1034.0],[1233.0,1018.0],[1231.0,1014.0],[1227.0,1009.0],[1216.0,1006.0],[1216.0,1003.0],[1218.0,1006.0],[1232.0,1004.0],[1232.0,998.0],[1224.0,996.0],[1229.0,995.0],[1229.0,993.0],[1224.0,991.0],[1232.0,989.0],[1241.0,980.0],[1243.0,985.0],[1246.0,984.0],[1248.0,978.0],[1255.0,970.0],[1258.0,968.0],[1270.0,968.0],[1274.0,964.0],[1302.0,964.0],[1326.0,980.0],[1342.0,980.0],[1346.0,984.0],[1353.0,986.0],[1362.0,995.0],[1366.0,1005.0],[1372.0,1010.0],[1372.0,1030.0],[1367.0,1037.0],[1357.0,1043.0],[1360.0,1054.0],[1341.0,1074.0],[1337.0,1075.0],[1318.0,1064.0],[1314.0,1064.0],[1304.0,1075.0],[1310.0,1076.0],[1314.0,1080.0],[1326.0,1080.0],[1338.0,1088.0],[1343.0,1088.0],[1347.0,1082.0],[1354.0,1080.0],[1359.0,1074.0],[1366.0,1072.0],[1371.0,1066.0],[1378.0,1064.0],[1386.0,1056.0],[1390.0,1056.0],[1394.0,1052.0],[1406.0,1052.0],[1410.0,1048.0],[1421.0,1049.0],[1428.0,1042.0],[1430.0,1035.0],[1442.0,1024.0],[1450.0,1024.0],[1454.0,1020.0],[1470.0,1020.0],[1474.0,1024.0],[1482.0,1024.0],[1486.0,1028.0],[1490.0,1024.0],[1498.0,1024.0],[1502.0,1020.0],[1512.0,1020.0],[1510.0,1011.0],[1513.0,1003.0],[1516.0,1001.0],[1515.0,998.0],[1521.0,1000.0],[1530.0,1008.0],[1534.0,1008.0],[1538.0,1004.0],[1526.0,987.0],[1533.0,989.0],[1534.0,993.0],[1541.0,997.0],[1538.0,998.0],[1540.0,1001.0],[1547.0,1001.0],[1561.0,993.0],[1566.0,976.0],[1579.0,975.0],[1584.0,977.0],[1584.0,980.0],[1588.0,976.0],[1592.0,976.0],[1598.0,969.0],[1599.0,961.0],[1597.0,958.0],[1589.0,960.0],[1585.0,959.0],[1589.0,958.0],[1595.0,949.0],[1595.0,939.0],[1593.0,937.0],[1597.0,936.0],[1591.0,933.0],[1593.0,926.0],[1599.0,930.0],[1603.0,937.0],[1603.0,948.0],[1598.0,953.0],[1601.0,966.0],[1608.0,959.0],[1608.0,954.0],[1612.0,950.0],[1613.0,944.0],[1608.0,913.0],[1596.0,913.0],[1593.0,910.0],[1589.0,910.0],[1576.0,918.0],[1575.0,913.0],[1581.0,906.0],[1596.0,903.0],[1601.0,896.0],[1600.0,885.0],[1597.0,882.0],[1594.0,883.0],[1597.0,891.0],[1592.0,887.0],[1593.0,879.0],[1589.0,872.0],[1589.0,866.0],[1586.0,861.0],[1582.0,860.0],[1586.0,850.0],[1583.0,846.0],[1579.0,846.0],[1579.0,843.0],[1582.0,839.0],[1584.0,828.0],[1579.0,821.0],[1567.0,820.0],[1559.0,812.0],[1553.0,813.0],[1549.0,809.0],[1541.0,813.0],[1518.0,814.0],[1510.0,812.0],[1508.0,808.0],[1505.0,808.0],[1502.0,817.0],[1499.0,818.0],[1494.0,827.0],[1487.0,828.0],[1481.0,823.0],[1475.0,823.0],[1478.0,817.0],[1486.0,810.0],[1491.0,810.0],[1501.0,805.0],[1508.0,805.0],[1509.0,803.0],[1509.0,799.0],[1506.0,799.0],[1493.0,789.0],[1491.0,780.0],[1488.0,777.0],[1475.0,770.0]],[[1439.0,794.0],[1440.0,795.0],[1439.0,795.0],[1439.0,794.0]],[[1440.0,803.0],[1441.0,788.0],[1443.0,788.0],[1443.0,801.0],[1440.0,803.0]],[[1372.0,831.0],[1374.0,833.0],[1373.0,833.0],[1372.0,831.0]],[[1355.0,839.0],[1357.0,839.0],[1360.0,841.0],[1355.0,839.0]],[[1339.0,912.0],[1340.0,913.0],[1339.0,913.0],[1339.0,912.0]],[[1226.0,880.0],[1227.0,881.0],[1226.0,881.0],[1226.0,880.0]],[[1216.0,887.0],[1211.0,889.0],[1206.0,884.0],[1207.0,882.0],[1209.0,885.0],[1216.0,883.0],[1216.0,887.0]],[[1200.0,932.0],[1196.0,935.0],[1199.0,927.0],[1200.0,927.0],[1200.0,932.0]],[[1196.0,982.0],[1199.0,983.0],[1196.0,983.0],[1196.0,982.0]],[[1204.0,983.0],[1205.0,985.0],[1199.0,984.0],[1199.0,983.0],[1204.0,983.0]],[[1166.0,993.0],[1167.0,994.0],[1166.0,994.0],[1166.0,993.0]],[[1167.0,995.0],[1169.0,995.0],[1171.0,996.0],[1167.0,995.0]],[[1181.0,1008.0],[1183.0,1007.0],[1183.0,1008.0],[1181.0,1008.0]],[[1183.0,1007.0],[1184.0,1006.0],[1184.0,1007.0],[1183.0,1007.0]],[[1224.0,995.0],[1223.0,994.0],[1224.0,994.0],[1224.0,995.0]],[[1597.0,891.0],[1598.0,893.0],[1597.0,893.0],[1597.0,891.0]],[[1439.0,805.0],[1440.0,804.0],[1440.0,805.0],[1439.0,805.0]],[[1490.0,884.0],[1506.0,892.0],[1510.0,896.0],[1514.0,896.0],[1522.0,905.0],[1528.0,885.0],[1531.0,885.0],[1530.0,891.0],[1534.0,894.0],[1549.0,893.0],[1550.0,899.0],[1541.0,906.0],[1540.0,909.0],[1544.0,910.0],[1544.0,914.0],[1536.0,917.0],[1536.0,920.0],[1533.0,921.0],[1534.0,926.0],[1528.0,927.0],[1526.0,922.0],[1520.0,921.0],[1520.0,930.0],[1514.0,940.0],[1494.0,940.0],[1486.0,933.0],[1484.0,926.0],[1475.0,922.0],[1464.0,910.0],[1464.0,898.0],[1475.0,886.0],[1478.0,884.0],[1490.0,884.0]],[[1404.0,887.0],[1413.0,890.0],[1411.0,895.0],[1413.0,896.0],[1412.0,902.0],[1415.0,907.0],[1415.0,916.0],[1413.0,910.0],[1403.0,897.0],[1390.0,894.0],[1393.0,889.0],[1404.0,887.0]],[[1390.0,893.0],[1388.0,892.0],[1390.0,892.0],[1390.0,893.0]],[[1369.0,890.0],[1378.0,894.0],[1379.0,900.0],[1369.0,890.0]],[[1598.0,895.0],[1599.0,894.0],[1599.0,895.0],[1598.0,895.0]],[[1276.0,917.0],[1277.0,915.0],[1277.0,917.0],[1276.0,917.0]],[[1264.0,920.0],[1266.0,925.0],[1264.0,929.0],[1266.0,938.0],[1259.0,936.0],[1260.0,930.0],[1258.0,926.0],[1261.0,919.0],[1264.0,920.0]],[[1421.0,940.0],[1425.0,942.0],[1425.0,954.0],[1421.0,954.0],[1422.0,948.0],[1419.0,946.0],[1419.0,941.0],[1414.0,938.0],[1414.0,935.0],[1420.0,933.0],[1421.0,940.0]],[[1367.0,940.0],[1374.0,940.0],[1374.0,944.0],[1372.0,950.0],[1367.0,955.0],[1367.0,940.0]],[[1368.0,987.0],[1370.0,986.0],[1369.0,991.0],[1365.0,983.0],[1368.0,984.0],[1368.0,987.0]]],[[[1273.0,1070.0],[1280.0,1074.0],[1280.0,1078.0],[1283.0,1081.0],[1294.0,1080.0],[1297.0,1077.0],[1294.0,1072.0],[1286.0,1072.0],[1282.0,1068.0],[1273.0,1068.0],[1273.0,1070.0]]]]}},{"type":"Feature","properties":{"id":"prov_urbino","index":173,"name":"Urbin","owner":"fac_urbino","centroid":[3289.8,2757.2],"capital_px":[3288.5,2751.4],"neighbors":["prov_ancona","prov_firenze","prov_rimini"],"sea_neighbors":[],"area_px":2682},"geometry":{"type":"Polygon","coordinates":[[[3306.0,2728.0],[3302.0,2732.0],[3286.0,2732.0],[3282.0,2736.0],[3274.0,2736.0],[3270.0,2740.0],[3264.0,2741.0],[3264.0,2750.0],[3260.0,2754.0],[3260.0,2774.0],[3267.0,2785.0],[3278.0,2784.0],[3282.0,2788.0],[3286.0,2788.0],[3290.0,2784.0],[3302.0,2780.0],[3310.0,2773.0],[3312.0,2766.0],[3320.0,2758.0],[3320.0,2733.0],[3314.0,2728.0],[3306.0,2728.0]]]}},{"type":"Feature","properties":{"id":"prov_urgell","index":174,"name":"Urgell","owner":"fac_urgell","centroid":[1932.3,2973.6],"capital_px":[1928.6,2990.0],"neighbors":["prov_barcelona","prov_ribagorca"],"sea_neighbors":[],"area_px":4280},"geometry":{"type":"Polygon","coordinates":[[[1950.0,2928.0],[1938.0,2936.0],[1930.0,2936.0],[1928.0,2938.0],[1928.0,2946.0],[1921.0,2958.0],[1918.0,2960.0],[1906.0,2960.0],[1896.0,2969.0],[1896.0,2974.0],[1892.0,2978.0],[1892.0,2986.0],[1889.0,2991.0],[1902.0,3003.0],[1906.0,3016.0],[1930.0,3016.0],[1933.0,3014.0],[1948.0,2998.0],[1948.0,2982.0],[1950.0,2980.0],[1958.0,2980.0],[1972.0,2966.0],[1972.0,2942.0],[1966.0,2936.0],[1959.0,2934.0],[1954.0,2928.0],[1950.0,2928.0]]]}},{"type":"Feature","properties":{"id":"prov_utrecht","index":175,"name":"Utrecht","owner":"fac_utrecht","centroid":[2602.2,1406.5],"capital_px":[2527.8,1448.6],"neighbors":["prov_frisia","prov_gueldre","prov_holland"],"sea_neighbors":[],"area_px":7802},"geometry":{"type":"MultiPolygon","coordinates":[[[[2582.0,1373.0],[2575.0,1374.0],[2572.0,1378.0],[2566.0,1379.0],[2563.0,1386.0],[2533.0,1402.0],[2533.0,1410.0],[2542.0,1411.0],[2550.0,1415.0],[2557.0,1422.0],[2569.0,1421.0],[2571.0,1409.0],[2578.0,1408.0],[2580.0,1404.0],[2594.0,1401.0],[2602.0,1389.0],[2600.0,1378.0],[2582.0,1373.0]]],[[[2588.0,1338.0],[2580.0,1347.0],[2579.0,1364.0],[2584.0,1372.0],[2601.0,1373.0],[2603.0,1380.0],[2603.0,1391.0],[2601.0,1395.0],[2592.0,1405.0],[2578.0,1410.0],[2573.0,1415.0],[2570.0,1423.0],[2564.0,1425.0],[2556.0,1425.0],[2544.0,1415.0],[2535.0,1415.0],[2530.0,1410.0],[2521.0,1408.0],[2516.0,1414.0],[2514.0,1421.0],[2508.0,1426.0],[2508.0,1434.0],[2504.0,1438.0],[2504.0,1466.0],[2506.0,1468.0],[2522.0,1468.0],[2526.0,1472.0],[2542.0,1472.0],[2545.0,1475.0],[2550.0,1472.0],[2553.0,1473.0],[2564.0,1462.0],[2564.0,1454.0],[2568.0,1450.0],[2570.0,1439.0],[2589.0,1430.0],[2603.0,1414.0],[2613.0,1410.0],[2636.0,1387.0],[2636.0,1382.0],[2632.0,1378.0],[2630.0,1371.0],[2609.0,1350.0],[2594.0,1344.0],[2588.0,1338.0]]]]}},{"type":"Feature","properties":{"id":"prov_valencia","index":176,"name":"Valence","owner":"fac_aragon","centroid":[1694.4,3281.7],"capital_px":[1747.8,3326.6],"neighbors":["prov_alicante","prov_aragon","prov_barcelona","prov_mallorca","prov_murcia","prov_toledo","prov_villena"],"sea_neighbors":[],"area_px":57656},"geometry":{"type":"MultiPolygon","coordinates":[[[[1657.0,3165.0],[1654.0,3168.0],[1603.0,3167.0],[1594.0,3175.0],[1592.0,3182.0],[1588.0,3186.0],[1588.0,3194.0],[1576.0,3214.0],[1576.0,3222.0],[1568.0,3234.0],[1568.0,3242.0],[1556.0,3262.0],[1556.0,3270.0],[1548.0,3282.0],[1548.0,3290.0],[1540.0,3302.0],[1540.0,3310.0],[1536.0,3314.0],[1536.0,3331.0],[1542.0,3336.0],[1550.0,3336.0],[1554.0,3340.0],[1562.0,3340.0],[1566.0,3344.0],[1574.0,3344.0],[1578.0,3348.0],[1586.0,3348.0],[1599.0,3362.0],[1609.0,3366.0],[1631.0,3389.0],[1658.0,3388.0],[1662.0,3392.0],[1682.0,3400.0],[1688.0,3406.0],[1691.0,3414.0],[1698.0,3416.0],[1706.0,3423.0],[1708.0,3430.0],[1716.0,3438.0],[1721.0,3452.0],[1730.0,3452.0],[1742.0,3460.0],[1750.0,3460.0],[1758.0,3467.0],[1760.0,3473.0],[1766.0,3474.0],[1769.0,3472.0],[1772.0,3462.0],[1787.0,3462.0],[1786.0,3459.0],[1789.0,3456.0],[1797.0,3454.0],[1802.0,3448.0],[1807.0,3448.0],[1808.0,3444.0],[1803.0,3441.0],[1802.0,3435.0],[1797.0,3430.0],[1780.0,3424.0],[1768.0,3410.0],[1759.0,3386.0],[1758.0,3375.0],[1761.0,3374.0],[1761.0,3371.0],[1753.0,3346.0],[1754.0,3322.0],[1764.0,3306.0],[1771.0,3301.0],[1774.0,3291.0],[1786.0,3276.0],[1800.0,3264.0],[1808.0,3250.0],[1818.0,3245.0],[1829.0,3229.0],[1850.0,3213.0],[1881.0,3168.0],[1870.0,3168.0],[1866.0,3164.0],[1657.0,3165.0]],[[1751.0,3347.0],[1746.0,3350.0],[1743.0,3345.0],[1751.0,3343.0],[1751.0,3347.0]]],[[[1948.0,3415.0],[1940.0,3418.0],[1940.0,3429.0],[1930.0,3429.0],[1931.0,3432.0],[1928.0,3440.0],[1932.0,3444.0],[1944.0,3445.0],[1946.0,3450.0],[1950.0,3451.0],[1951.0,3444.0],[1956.0,3440.0],[1956.0,3437.0],[1948.0,3415.0]]],[[[1953.0,3463.0],[1951.0,3467.0],[1946.0,3468.0],[1945.0,3480.0],[1948.0,3480.0],[1953.0,3475.0],[1964.0,3481.0],[1969.0,3480.0],[1968.0,3474.0],[1960.0,3475.0],[1953.0,3463.0]]]]}},{"type":"Feature","properties":{"id":"prov_valois","index":177,"name":"Valois","owner":"fac_france","centroid":[2276.0,1877.5],"capital_px":[2273.1,1871.4],"neighbors":["prov_champagne","prov_ile_de_france","prov_picardie"],"sea_neighbors":[],"area_px":3498},"geometry":{"type":"Polygon","coordinates":[[[2274.0,1844.0],[2270.0,1848.0],[2262.0,1848.0],[2258.0,1852.0],[2251.0,1854.0],[2239.0,1867.0],[2240.0,1878.0],[2244.0,1882.0],[2248.0,1894.0],[2255.0,1902.0],[2262.0,1904.0],[2270.0,1912.0],[2287.0,1912.0],[2300.0,1902.0],[2300.0,1898.0],[2304.0,1894.0],[2304.0,1886.0],[2312.0,1874.0],[2312.0,1865.0],[2294.0,1848.0],[2282.0,1848.0],[2278.0,1844.0],[2274.0,1844.0]]]}},{"type":"Feature","properties":{"id":"prov_venezia","index":178,"name":"V\u00e9n\u00e9tie et Frioul","owner":"fac_venice","centroid":[3298.1,2418.8],"capital_px":[3245.5,2488.5],"neighbors":["prov_austria","prov_bologna","prov_ferrara","prov_oberbayern","prov_padova","prov_tirol","prov_trent","prov_verona"],"sea_neighbors":[],"area_px":53864},"geometry":{"type":"MultiPolygon","coordinates":[[[[3248.0,2265.0],[3238.0,2275.0],[3234.0,2285.0],[3209.0,2310.0],[3194.0,2316.0],[3190.0,2320.0],[3182.0,2320.0],[3170.0,2328.0],[3162.0,2328.0],[3159.0,2331.0],[3168.0,2342.0],[3168.0,2346.0],[3164.0,2350.0],[3164.0,2354.0],[3168.0,2358.0],[3168.0,2390.0],[3171.0,2393.0],[3168.0,2402.0],[3164.0,2406.0],[3168.0,2410.0],[3168.0,2479.0],[3173.0,2478.0],[3178.0,2472.0],[3198.0,2472.0],[3208.0,2482.0],[3208.0,2490.0],[3212.0,2494.0],[3212.0,2498.0],[3208.0,2502.0],[3208.0,2514.0],[3197.0,2526.0],[3186.0,2528.0],[3182.0,2532.0],[3165.0,2532.0],[3164.0,2539.0],[3170.0,2540.0],[3178.0,2548.0],[3182.0,2548.0],[3186.0,2552.0],[3190.0,2552.0],[3200.0,2558.0],[3200.0,2562.0],[3210.0,2571.0],[3212.0,2578.0],[3216.0,2582.0],[3217.0,2604.0],[3222.0,2604.0],[3227.0,2609.0],[3232.0,2609.0],[3233.0,2604.0],[3235.0,2604.0],[3240.0,2609.0],[3241.0,2593.0],[3244.0,2585.0],[3242.0,2583.0],[3247.0,2581.0],[3252.0,2587.0],[3259.0,2587.0],[3259.0,2583.0],[3257.0,2583.0],[3259.0,2579.0],[3256.0,2578.0],[3256.0,2575.0],[3258.0,2571.0],[3261.0,2571.0],[3260.0,2580.0],[3263.0,2583.0],[3267.0,2576.0],[3267.0,2568.0],[3269.0,2568.0],[3271.0,2562.0],[3269.0,2557.0],[3265.0,2559.0],[3256.0,2548.0],[3254.0,2548.0],[3254.0,2553.0],[3251.0,2553.0],[3253.0,2549.0],[3250.0,2544.0],[3244.0,2543.0],[3244.0,2539.0],[3248.0,2541.0],[3244.0,2522.0],[3237.0,2526.0],[3234.0,2520.0],[3236.0,2518.0],[3235.0,2511.0],[3233.0,2511.0],[3232.0,2517.0],[3227.0,2512.0],[3228.0,2508.0],[3235.0,2508.0],[3235.0,2502.0],[3238.0,2501.0],[3239.0,2495.0],[3237.0,2493.0],[3240.0,2484.0],[3248.0,2478.0],[3256.0,2480.0],[3255.0,2477.0],[3252.0,2477.0],[3252.0,2474.0],[3259.0,2477.0],[3258.0,2473.0],[3264.0,2467.0],[3268.0,2473.0],[3273.0,2470.0],[3271.0,2474.0],[3267.0,2475.0],[3266.0,2480.0],[3261.0,2478.0],[3262.0,2481.0],[3260.0,2479.0],[3257.0,2481.0],[3256.0,2488.0],[3258.0,2488.0],[3296.0,2469.0],[3311.0,2457.0],[3327.0,2455.0],[3333.0,2447.0],[3333.0,2445.0],[3327.0,2447.0],[3325.0,2444.0],[3327.0,2440.0],[3331.0,2439.0],[3329.0,2437.0],[3330.0,2434.0],[3333.0,2437.0],[3338.0,2433.0],[3342.0,2433.0],[3344.0,2436.0],[3358.0,2437.0],[3358.0,2439.0],[3364.0,2440.0],[3364.0,2444.0],[3359.0,2446.0],[3362.0,2448.0],[3368.0,2442.0],[3377.0,2438.0],[3374.0,2436.0],[3374.0,2433.0],[3376.0,2429.0],[3380.0,2429.0],[3386.0,2431.0],[3399.0,2444.0],[3399.0,2450.0],[3405.0,2454.0],[3396.0,2457.0],[3400.0,2465.0],[3381.0,2468.0],[3384.0,2471.0],[3383.0,2475.0],[3374.0,2472.0],[3375.0,2485.0],[3380.0,2494.0],[3379.0,2499.0],[3386.0,2501.0],[3383.0,2503.0],[3386.0,2506.0],[3383.0,2509.0],[3386.0,2512.0],[3386.0,2518.0],[3384.0,2519.0],[3386.0,2521.0],[3385.0,2524.0],[3387.0,2524.0],[3386.0,2529.0],[3399.0,2528.0],[3399.0,2530.0],[3388.0,2532.0],[3391.0,2535.0],[3390.0,2539.0],[3395.0,2541.0],[3408.0,2556.0],[3411.0,2562.0],[3410.0,2567.0],[3415.0,2567.0],[3411.0,2571.0],[3416.0,2572.0],[3417.0,2576.0],[3422.0,2578.0],[3422.0,2583.0],[3424.0,2584.0],[3423.0,2577.0],[3420.0,2575.0],[3424.0,2575.0],[3427.0,2578.0],[3433.0,2577.0],[3430.0,2575.0],[3432.0,2569.0],[3430.0,2564.0],[3435.0,2564.0],[3436.0,2555.0],[3438.0,2555.0],[3440.0,2549.0],[3440.0,2555.0],[3444.0,2551.0],[3449.0,2551.0],[3448.0,2534.0],[3450.0,2535.0],[3452.0,2532.0],[3451.0,2527.0],[3454.0,2528.0],[3456.0,2525.0],[3460.0,2498.0],[3464.0,2492.0],[3468.0,2493.0],[3464.0,2486.0],[3464.0,2470.0],[3460.0,2466.0],[3460.0,2450.0],[3456.0,2446.0],[3456.0,2426.0],[3438.0,2409.0],[3434.0,2399.0],[3418.0,2385.0],[3414.0,2375.0],[3398.0,2361.0],[3394.0,2351.0],[3374.0,2333.0],[3370.0,2324.0],[3362.0,2324.0],[3342.0,2312.0],[3334.0,2312.0],[3330.0,2308.0],[3318.0,2304.0],[3301.0,2286.0],[3291.0,2282.0],[3273.0,2263.0],[3248.0,2265.0]],[[3440.0,2549.0],[3436.0,2548.0],[3436.0,2542.0],[3440.0,2547.0],[3440.0,2549.0]]],[[[3466.0,2519.0],[3461.0,2530.0],[3466.0,2535.0],[3470.0,2521.0],[3466.0,2519.0]]],[[[3466.0,2555.0],[3465.0,2562.0],[3467.0,2562.0],[3469.0,2572.0],[3473.0,2574.0],[3475.0,2584.0],[3477.0,2578.0],[3472.0,2566.0],[3472.0,2560.0],[3466.0,2555.0]]]]}},{"type":"Feature","properties":{"id":"prov_verona","index":179,"name":"V\u00e9rone et Vicence","owner":"fac_verona","centroid":[3098.4,2470.4],"capital_px":[3100.5,2491.9],"neighbors":["prov_ferrara","prov_mantova","prov_milano","prov_padova","prov_parma","prov_trent","prov_venezia"],"sea_neighbors":[],"area_px":15008},"geometry":{"type":"Polygon","coordinates":[[[3045.0,2373.0],[3040.0,2378.0],[3038.0,2385.0],[3032.0,2390.0],[3032.0,2438.0],[3036.0,2442.0],[3036.0,2454.0],[3028.0,2462.0],[3028.0,2482.0],[3024.0,2486.0],[3024.0,2526.0],[3026.0,2529.0],[3030.0,2532.0],[3035.0,2526.0],[3042.0,2524.0],[3050.0,2516.0],[3054.0,2516.0],[3058.0,2512.0],[3066.0,2512.0],[3070.0,2516.0],[3082.0,2516.0],[3086.0,2520.0],[3090.0,2520.0],[3099.0,2530.0],[3106.0,2532.0],[3111.0,2537.0],[3118.0,2536.0],[3122.0,2532.0],[3138.0,2532.0],[3142.0,2536.0],[3150.0,2536.0],[3154.0,2540.0],[3163.0,2543.0],[3165.0,2541.0],[3164.0,2506.0],[3161.0,2501.0],[3168.0,2490.0],[3169.0,2481.0],[3168.0,2410.0],[3163.0,2407.0],[3157.0,2414.0],[3150.0,2416.0],[3142.0,2424.0],[3130.0,2424.0],[3126.0,2428.0],[3106.0,2428.0],[3102.0,2424.0],[3086.0,2425.0],[3085.0,2434.0],[3069.0,2460.0],[3067.0,2471.0],[3070.0,2470.0],[3072.0,2479.0],[3070.0,2489.0],[3061.0,2488.0],[3059.0,2483.0],[3057.0,2487.0],[3053.0,2487.0],[3051.0,2483.0],[3048.0,2483.0],[3055.0,2476.0],[3053.0,2472.0],[3055.0,2469.0],[3051.0,2465.0],[3056.0,2463.0],[3070.0,2450.0],[3075.0,2438.0],[3082.0,2430.0],[3084.0,2421.0],[3078.0,2416.0],[3071.0,2414.0],[3065.0,2406.0],[3054.0,2401.0],[3052.0,2394.0],[3048.0,2390.0],[3048.0,2374.0],[3045.0,2373.0]]]}},{"type":"Feature","properties":{"id":"prov_villena","index":180,"name":"Villena","owner":"fac_villena","centroid":[1668.9,3431.9],"capital_px":[1672.8,3445.9],"neighbors":["prov_alicante","prov_murcia","prov_valencia"],"sea_neighbors":[],"area_px":5370},"geometry":{"type":"Polygon","coordinates":[[[1633.0,3388.0],[1628.0,3394.0],[1628.0,3430.0],[1634.0,3435.0],[1638.0,3445.0],[1646.0,3451.0],[1655.0,3470.0],[1675.0,3479.0],[1694.0,3468.0],[1698.0,3468.0],[1711.0,3454.0],[1720.0,3451.0],[1720.0,3446.0],[1716.0,3442.0],[1714.0,3435.0],[1708.0,3430.0],[1706.0,3423.0],[1698.0,3416.0],[1691.0,3414.0],[1685.0,3402.0],[1670.0,3396.0],[1666.0,3392.0],[1662.0,3392.0],[1658.0,3388.0],[1633.0,3388.0]]]}},{"type":"Feature","properties":{"id":"prov_waldstatten","index":181,"name":"Waldst\u00e4tten et B\u00e2le","owner":"fac_swiss","centroid":[2853.2,2249.1],"capital_px":[2813.7,2241.6],"neighbors":["prov_alsace","prov_bern","prov_milano","prov_oberbayern","prov_savoie","prov_swabia","prov_tirol"],"sea_neighbors":[],"area_px":47765},"geometry":{"type":"Polygon","coordinates":[[[2810.0,2112.0],[2798.0,2120.0],[2790.0,2120.0],[2778.0,2128.0],[2770.0,2128.0],[2766.0,2132.0],[2762.0,2132.0],[2750.0,2140.0],[2742.0,2140.0],[2730.0,2148.0],[2710.0,2148.0],[2704.0,2153.0],[2710.0,2160.0],[2718.0,2160.0],[2726.0,2167.0],[2732.0,2182.0],[2738.0,2187.0],[2744.0,2202.0],[2750.0,2207.0],[2752.0,2214.0],[2756.0,2218.0],[2756.0,2242.0],[2764.0,2254.0],[2764.0,2266.0],[2760.0,2270.0],[2760.0,2290.0],[2768.0,2302.0],[2768.0,2346.0],[2772.0,2350.0],[2772.0,2354.0],[2764.0,2366.0],[2764.0,2374.0],[2759.0,2379.0],[2767.0,2389.0],[2778.0,2388.0],[2782.0,2384.0],[2810.0,2384.0],[2814.0,2380.0],[2822.0,2380.0],[2826.0,2384.0],[2834.0,2384.0],[2838.0,2380.0],[2842.0,2380.0],[2846.0,2376.0],[2854.0,2376.0],[2874.0,2364.0],[2882.0,2364.0],[2886.0,2360.0],[2901.0,2354.0],[2930.0,2324.0],[2934.0,2324.0],[2938.0,2320.0],[2958.0,2312.0],[2966.0,2304.0],[2970.0,2304.0],[2974.0,2300.0],[2978.0,2300.0],[2982.0,2296.0],[2986.0,2296.0],[3008.0,2283.0],[3008.0,2262.0],[3000.0,2250.0],[3000.0,2245.0],[2996.0,2242.0],[2996.0,2237.0],[2990.0,2236.0],[2978.0,2228.0],[2974.0,2228.0],[2954.0,2209.0],[2952.0,2206.0],[2952.0,2186.0],[2945.0,2175.0],[2939.0,2176.0],[2929.0,2167.0],[2927.0,2161.0],[2919.0,2156.0],[2910.0,2156.0],[2906.0,2152.0],[2902.0,2152.0],[2900.0,2147.0],[2893.0,2146.0],[2892.0,2148.0],[2887.0,2147.0],[2886.0,2149.0],[2877.0,2150.0],[2880.0,2148.0],[2874.0,2148.0],[2862.0,2140.0],[2846.0,2140.0],[2825.0,2118.0],[2814.0,2116.0],[2810.0,2112.0]],[[2839.0,2194.0],[2841.0,2194.0],[2845.0,2204.0],[2855.0,2211.0],[2880.0,2216.0],[2872.0,2219.0],[2856.0,2217.0],[2850.0,2210.0],[2844.0,2208.0],[2839.0,2194.0]],[[2830.0,2221.0],[2835.0,2223.0],[2834.0,2231.0],[2837.0,2238.0],[2832.0,2236.0],[2830.0,2221.0]],[[2901.0,2229.0],[2917.0,2230.0],[2917.0,2232.0],[2906.0,2232.0],[2901.0,2229.0]],[[2820.0,2242.0],[2826.0,2238.0],[2825.0,2243.0],[2834.0,2250.0],[2845.0,2250.0],[2846.0,2265.0],[2843.0,2263.0],[2843.0,2251.0],[2831.0,2254.0],[2826.0,2252.0],[2827.0,2249.0],[2823.0,2248.0],[2811.0,2255.0],[2814.0,2247.0],[2817.0,2246.0],[2816.0,2240.0],[2820.0,2242.0]],[[2779.0,2285.0],[2784.0,2285.0],[2785.0,2287.0],[2773.0,2294.0],[2768.0,2294.0],[2779.0,2285.0]]]}},{"type":"Feature","properties":{"id":"prov_warwick","index":182,"name":"Mercie (Warwick et Stafford)","owner":"fac_england","centroid":[1903.7,1290.3],"capital_px":[1907.3,1329.1],"neighbors":["prov_gloucester","prov_gwynedd","prov_lancashire","prov_norfolk","prov_oxford","prov_yorkshire"],"sea_neighbors":[],"area_px":25600},"geometry":{"type":"Polygon","coordinates":[[[1885.0,1192.0],[1884.0,1198.0],[1878.0,1203.0],[1874.0,1213.0],[1858.0,1227.0],[1854.0,1236.0],[1846.0,1236.0],[1842.0,1240.0],[1835.0,1242.0],[1826.0,1252.0],[1822.0,1252.0],[1810.0,1260.0],[1800.0,1261.0],[1800.0,1266.0],[1796.0,1270.0],[1796.0,1278.0],[1784.0,1298.0],[1794.0,1304.0],[1802.0,1304.0],[1806.0,1308.0],[1817.0,1310.0],[1850.0,1343.0],[1852.0,1350.0],[1856.0,1354.0],[1856.0,1362.0],[1860.0,1366.0],[1860.0,1370.0],[1868.0,1378.0],[1869.0,1388.0],[1882.0,1388.0],[1886.0,1384.0],[1890.0,1384.0],[1902.0,1376.0],[1910.0,1376.0],[1930.0,1364.0],[1946.0,1364.0],[1950.0,1360.0],[1958.0,1360.0],[1970.0,1352.0],[1978.0,1352.0],[1982.0,1348.0],[1990.0,1348.0],[1994.0,1344.0],[2000.0,1343.0],[2000.0,1330.0],[1992.0,1318.0],[1992.0,1262.0],[1988.0,1258.0],[1988.0,1245.0],[1962.0,1220.0],[1954.0,1220.0],[1934.0,1208.0],[1926.0,1208.0],[1922.0,1204.0],[1918.0,1204.0],[1914.0,1200.0],[1906.0,1200.0],[1894.0,1192.0],[1885.0,1192.0]]]}},{"type":"Feature","properties":{"id":"prov_wessex","index":183,"name":"Wessex (Hampshire, Wiltshire, Dorset)","owner":"fac_england","centroid":[1861.3,1533.0],"capital_px":[1895.0,1538.0],"neighbors":["prov_devon","prov_gloucester","prov_middlesex","prov_oxford","prov_sussex"],"sea_neighbors":[],"area_px":18223},"geometry":{"type":"MultiPolygon","coordinates":[[[[1853.0,1459.0],[1826.0,1483.0],[1821.0,1494.0],[1810.0,1496.0],[1785.0,1522.0],[1774.0,1524.0],[1768.0,1529.0],[1768.0,1534.0],[1764.0,1538.0],[1764.0,1586.0],[1770.0,1591.0],[1771.0,1601.0],[1774.0,1599.0],[1774.0,1595.0],[1771.0,1592.0],[1775.0,1585.0],[1782.0,1585.0],[1785.0,1588.0],[1802.0,1592.0],[1810.0,1598.0],[1820.0,1599.0],[1820.0,1596.0],[1824.0,1593.0],[1824.0,1588.0],[1818.0,1586.0],[1817.0,1581.0],[1811.0,1582.0],[1816.0,1576.0],[1818.0,1580.0],[1824.0,1581.0],[1825.0,1585.0],[1831.0,1581.0],[1837.0,1581.0],[1839.0,1583.0],[1854.0,1582.0],[1861.0,1587.0],[1863.0,1587.0],[1866.0,1581.0],[1879.0,1581.0],[1878.0,1578.0],[1886.0,1579.0],[1888.0,1574.0],[1880.0,1561.0],[1903.0,1584.0],[1907.0,1582.0],[1907.0,1577.0],[1904.0,1574.0],[1912.0,1574.0],[1913.0,1576.0],[1909.0,1580.0],[1909.0,1584.0],[1913.0,1585.0],[1917.0,1577.0],[1916.0,1574.0],[1922.0,1569.0],[1926.0,1560.0],[1933.0,1558.0],[1942.0,1548.0],[1954.0,1548.0],[1956.0,1546.0],[1956.0,1542.0],[1960.0,1538.0],[1960.0,1530.0],[1969.0,1517.0],[1968.0,1510.0],[1964.0,1506.0],[1959.0,1492.0],[1954.0,1492.0],[1950.0,1488.0],[1914.0,1488.0],[1902.0,1480.0],[1878.0,1480.0],[1874.0,1476.0],[1867.0,1474.0],[1853.0,1459.0]],[[1880.0,1561.0],[1878.0,1560.0],[1880.0,1560.0],[1880.0,1561.0]],[[1878.0,1560.0],[1877.0,1559.0],[1878.0,1559.0],[1878.0,1560.0]],[[1877.0,1559.0],[1876.0,1558.0],[1877.0,1558.0],[1877.0,1559.0]]],[[[1887.0,1582.0],[1879.0,1589.0],[1876.0,1589.0],[1876.0,1587.0],[1867.0,1589.0],[1861.0,1595.0],[1868.0,1595.0],[1885.0,1612.0],[1898.0,1611.0],[1899.0,1604.0],[1910.0,1600.0],[1910.0,1597.0],[1906.0,1591.0],[1902.0,1591.0],[1891.0,1583.0],[1887.0,1582.0]]]]}},{"type":"Feature","properties":{"id":"prov_westphalia","index":184,"name":"Comt\u00e9 de la Marck (Westphalie)","owner":"fac_mark","centroid":[2796.8,1487.0],"capital_px":[2765.6,1480.6],"neighbors":["prov_brunswick","prov_cologne","prov_frisia","prov_gueldre","prov_hesse","prov_lower_saxony","prov_mainz"],"sea_neighbors":[],"area_px":55858},"geometry":{"type":"Polygon","coordinates":[[[2771.0,1331.0],[2746.0,1356.0],[2742.0,1356.0],[2730.0,1364.0],[2722.0,1364.0],[2710.0,1372.0],[2702.0,1372.0],[2682.0,1384.0],[2670.0,1384.0],[2666.0,1388.0],[2654.0,1388.0],[2651.0,1391.0],[2660.0,1406.0],[2660.0,1410.0],[2664.0,1414.0],[2664.0,1418.0],[2672.0,1426.0],[2672.0,1502.0],[2668.0,1506.0],[2668.0,1522.0],[2664.0,1526.0],[2664.0,1539.0],[2670.0,1544.0],[2674.0,1544.0],[2678.0,1540.0],[2682.0,1540.0],[2686.0,1544.0],[2694.0,1544.0],[2702.0,1552.0],[2710.0,1552.0],[2722.0,1560.0],[2730.0,1560.0],[2734.0,1564.0],[2738.0,1564.0],[2742.0,1573.0],[2748.0,1578.0],[2750.0,1585.0],[2776.0,1610.0],[2776.0,1618.0],[2780.0,1622.0],[2780.0,1634.0],[2788.0,1642.0],[2788.0,1654.0],[2792.0,1658.0],[2792.0,1667.0],[2814.0,1668.0],[2818.0,1664.0],[2832.0,1659.0],[2832.0,1638.0],[2836.0,1634.0],[2836.0,1630.0],[2850.0,1617.0],[2854.0,1607.0],[2866.0,1597.0],[2870.0,1588.0],[2878.0,1588.0],[2882.0,1585.0],[2884.0,1578.0],[2888.0,1574.0],[2888.0,1566.0],[2892.0,1562.0],[2892.0,1558.0],[2896.0,1554.0],[2902.0,1539.0],[2913.0,1534.0],[2923.0,1522.0],[2933.0,1518.0],[2942.0,1508.0],[2955.0,1508.0],[2956.0,1502.0],[2948.0,1494.0],[2948.0,1486.0],[2940.0,1474.0],[2940.0,1466.0],[2932.0,1454.0],[2932.0,1446.0],[2920.0,1426.0],[2919.0,1408.0],[2878.0,1408.0],[2874.0,1404.0],[2870.0,1404.0],[2866.0,1400.0],[2862.0,1400.0],[2834.0,1384.0],[2826.0,1384.0],[2822.0,1380.0],[2818.0,1380.0],[2786.0,1349.0],[2782.0,1339.0],[2771.0,1331.0]]]}},{"type":"Feature","properties":{"id":"prov_wurttemberg","index":185,"name":"Wurtemberg","owner":"fac_wurttemberg","centroid":[2899.6,1968.3],"capital_px":[2908.9,1976.5],"neighbors":["prov_baden","prov_palatinate","prov_swabia"],"sea_neighbors":[],"area_px":5706},"geometry":{"type":"Polygon","coordinates":[[[2914.0,1920.0],[2906.0,1928.0],[2898.0,1928.0],[2894.0,1932.0],[2890.0,1932.0],[2886.0,1936.0],[2882.0,1936.0],[2863.0,1947.0],[2864.0,1962.0],[2856.0,1974.0],[2856.0,1995.0],[2866.0,2004.0],[2873.0,2006.0],[2878.0,2012.0],[2894.0,2012.0],[2898.0,2008.0],[2910.0,2008.0],[2915.0,2002.0],[2925.0,1998.0],[2932.0,1990.0],[2934.0,1983.0],[2940.0,1978.0],[2940.0,1954.0],[2944.0,1950.0],[2944.0,1946.0],[2930.0,1933.0],[2928.0,1926.0],[2923.0,1920.0],[2914.0,1920.0]]]}},{"type":"Feature","properties":{"id":"prov_yorkshire","index":186,"name":"Yorkshire","owner":"fac_england","centroid":[1972.6,1116.7],"capital_px":[1984.7,1097.4],"neighbors":["prov_lancashire","prov_lancaster","prov_norfolk","prov_northumberland","prov_warwick"],"sea_neighbors":[],"area_px":39310},"geometry":{"type":"Polygon","coordinates":[[[1998.0,996.0],[1994.0,1000.0],[1982.0,1000.0],[1978.0,1004.0],[1970.0,1004.0],[1966.0,1008.0],[1922.0,1008.0],[1897.0,1034.0],[1886.0,1036.0],[1882.0,1040.0],[1875.0,1042.0],[1872.0,1045.0],[1876.0,1050.0],[1876.0,1062.0],[1872.0,1066.0],[1872.0,1078.0],[1876.0,1082.0],[1876.0,1086.0],[1868.0,1098.0],[1868.0,1110.0],[1848.0,1130.0],[1868.0,1150.0],[1868.0,1154.0],[1876.0,1166.0],[1876.0,1174.0],[1880.0,1178.0],[1885.0,1192.0],[1894.0,1192.0],[1906.0,1200.0],[1914.0,1200.0],[1926.0,1208.0],[1934.0,1208.0],[1954.0,1220.0],[1962.0,1220.0],[1987.0,1245.0],[1993.0,1242.0],[2010.0,1224.0],[2014.0,1224.0],[2018.0,1220.0],[2026.0,1220.0],[2038.0,1212.0],[2046.0,1212.0],[2058.0,1204.0],[2093.0,1204.0],[2090.0,1199.0],[2091.0,1197.0],[2087.0,1194.0],[2087.0,1189.0],[2081.0,1186.0],[2071.0,1172.0],[2058.0,1162.0],[2051.0,1146.0],[2032.0,1146.0],[2028.0,1148.0],[2023.0,1142.0],[2012.0,1143.0],[2017.0,1139.0],[2024.0,1139.0],[2027.0,1143.0],[2035.0,1144.0],[2053.0,1142.0],[2057.0,1145.0],[2066.0,1161.0],[2071.0,1163.0],[2081.0,1161.0],[2087.0,1166.0],[2085.0,1173.0],[2088.0,1171.0],[2088.0,1161.0],[2068.0,1121.0],[2064.0,1100.0],[2070.0,1091.0],[2079.0,1088.0],[2078.0,1085.0],[2068.0,1080.0],[2064.0,1076.0],[2064.0,1069.0],[2056.0,1064.0],[2055.0,1057.0],[2053.0,1056.0],[2052.0,1042.0],[2046.0,1035.0],[2047.0,1030.0],[2045.0,1026.0],[2026.0,1009.0],[2009.0,1002.0],[2005.0,997.0],[1998.0,996.0]]]}}]}
