{
"type": "FeatureCollection",
"name": "rivers",
"xy_coordinate_resolution": 0.1,
"features": [
{ "type": "Feature", "properties": { "name": "Aoos", "scalerank": 10, "featurecla": "River", "source": "ne_10m_rivers_europe" }, "geometry": { "type": "LineString", "coordinates": [ [ 4096.0, 3160.9 ], [ 4095.5, 3160.9 ], [ 4093.8, 3160.9 ], [ 4092.0, 3161.8 ], [ 4089.1, 3162.5 ] ] } },
{ "type": "Feature", "properties": { "name": "Drin", "scalerank": 9, "featurecla": "River", "source": "ne_10m_rivers_lake_centerlines" }, "geometry": { "type": "LineString", "coordinates": [ [ 4096.0, 2962.2 ], [ 4095.4, 2961.6 ], [ 4093.3, 2960.8 ], [ 4092.2, 2959.9 ], [ 4093.3, 2957.3 ], [ 4093.7, 2956.2 ], [ 4093.9, 2954.5 ], [ 4096.0, 2954.5 ] ] } },
{ "type": "Feature", "properties": { "name": "Bojana", "scalerank": 9, "featurecla": "River", "source": "ne_10m_rivers_lake_centerlines" }, "geometry": { "type": "LineString", "coordinates": [ [ 4075.0, 2978.1 ], [ 4074.7, 2976.4 ], [ 4074.3, 2972.4 ], [ 4073.2, 2970.9 ], [ 4072.0, 2970.0 ], [ 4071.7, 2969.5 ], [ 4071.7, 2968.8 ], [ 4071.5, 2967.8 ], [ 4071.5, 2967.0 ], [ 4071.9, 2966.2 ], [ 4072.0, 2965.0 ], [ 4070.9, 2961.6 ], [ 4071.4, 2961.0 ], [ 4072.3, 2960.7 ], [ 4073.0, 2960.1 ], [ 4073.5, 2955.7 ], [ 4074.3, 2954.3 ], [ 4075.5, 2954.2 ], [ 4077.3, 2954.7 ], [ 4080.3, 2953.7 ], [ 4081.6, 2952.8 ], [ 4082.6, 2951.3 ], [ 4083.2, 2950.9 ], [ 4085.4, 2950.3 ], [ 4086.2, 2949.5 ], [ 4086.6, 2947.9 ], [ 4086.3, 2946.1 ], [ 4085.6, 2944.5 ], [ 4084.4, 2943.6 ] ] } },
{ "type": "Feature", "properties": { "name": "Morača", "scalerank": 10, "featurecla": "Lake Centerline", "source": "ne_10m_rivers_europe" }, "geometry": { "type": "LineString", "coordinates": [ [ 4038.9, 2914.7 ], [ 4039.3, 2915.2 ], [ 4041.5, 2917.8 ], [ 4044.2, 2919.0 ], [ 4047.9, 2919.8 ], [ 4051.3, 2919.9 ], [ 4053.9, 2921.4 ], [ 4056.0, 2921.5 ], [ 4059.6, 2923.0 ], [ 4063.5, 2926.3 ], [ 4072.2, 2932.5 ], [ 4077.7, 2937.5 ], [ 4080.0, 2941.2 ], [ 4084.4, 2943.6 ] ] } },
{ "type": "Feature", "properties": { "name": "Morača", "scalerank": 10, "featurecla": "River", "source": "ne_10m_rivers_europe" }, "geometry": { "type": "LineString", "coordinates": [ [ 4029.4, 2826.5 ], [ 4024.7, 2824.9 ], [ 4019.6, 2825.2 ], [ 4014.4, 2823.3 ], [ 4012.0, 2823.6 ], [ 4010.4, 2825.0 ], [ 4009.7, 2828.7 ], [ 4007.5, 2830.8 ], [ 4006.8, 2832.7 ], [ 4007.1, 2834.7 ], [ 4009.4, 2837.4 ], [ 4008.8, 2840.7 ], [ 4009.5, 2843.9 ], [ 4011.4, 2846.6 ], [ 4015.8, 2848.5 ], [ 4016.2, 2850.9 ], [ 4016.1, 2853.4 ], [ 4016.8, 2854.6 ], [ 4018.2, 2855.8 ], [ 4022.1, 2861.3 ], [ 4027.4, 2866.4 ], [ 4029.6, 2869.3 ], [ 4032.0, 2871.7 ], [ 4037.6, 2873.9 ], [ 4040.5, 2876.7 ], [ 4046.7, 2879.7 ], [ 4049.6, 2881.8 ], [ 4051.4, 2884.2 ], [ 4052.2, 2886.4 ], [ 4051.7, 2888.1 ], [ 4049.1, 2890.5 ], [ 4047.9, 2895.0 ], [ 4046.9, 2896.7 ], [ 4046.3, 2898.6 ], [ 4048.1, 2904.2 ], [ 4048.1, 2907.0 ], [ 4047.0, 2908.6 ], [ 4042.9, 2909.0 ], [ 4040.7, 2911.2 ], [ 4037.9, 2913.1 ], [ 4038.9, 2914.7 ] ] } },
{ "type": "Feature", "properties": { "name": "Lim", "scalerank": 10, "featurecla": "River", "source": "ne_10m_rivers_europe" }, "geometry": { "type": "LineString", "coordinates": [ [ 4090.9, 2861.6 ], [ 4096.0, 2860.0 ] ] } },
{ "type": "Feature", "properties": { "name": "Lim", "scalerank": 10, "featurecla": "River", "source": "ne_10m_rivers_europe" }, "geometry": { "type": "LineString", "coordinates": [ [ 4096.0, 2766.4 ], [ 4094.4, 2763.2 ], [ 4092.5, 2761.4 ], [ 4091.0, 2760.7 ], [ 4089.5, 2759.2 ], [ 4088.8, 2757.1 ], [ 4088.8, 2753.1 ], [ 4088.4, 2751.4 ], [ 4086.6, 2749.4 ], [ 4083.4, 2746.9 ], [ 4080.1, 2743.3 ], [ 4077.9, 2739.0 ], [ 4077.2, 2734.2 ], [ 4077.3, 2729.4 ], [ 4076.0, 2724.8 ], [ 4071.8, 2720.3 ], [ 4066.9, 2716.4 ], [ 4062.0, 2710.7 ], [ 4059.1, 2708.8 ], [ 4055.8, 2707.8 ], [ 4052.6, 2707.8 ], [ 4050.3, 2708.6 ], [ 4048.9, 2709.6 ], [ 4047.5, 2709.7 ], [ 4044.7, 2708.5 ], [ 4041.5, 2706.1 ], [ 4038.9, 2703.4 ], [ 4036.7, 2701.7 ], [ 4032.9, 2701.7 ], [ 4029.5, 2697.5 ], [ 4026.2, 2696.8 ], [ 4024.8, 2694.9 ], [ 4024.9, 2688.7 ] ] } },
{ "type": "Feature", "properties": { "name": "Neretva", "scalerank": 12, "featurecla": "River", "source": "ne_10m_rivers_europe" }, "geometry": { "type": "LineString", "coordinates": [ [ 3953.6, 2767.5 ], [ 3949.3, 2765.3 ], [ 3944.6, 2763.9 ], [ 3941.4, 2762.3 ], [ 3937.5, 2759.3 ], [ 3933.1, 2755.3 ], [ 3929.8, 2751.5 ], [ 3928.3, 2748.8 ], [ 3928.5, 2747.1 ], [ 3929.6, 2743.7 ], [ 3929.1, 2742.2 ], [ 3927.9, 2741.3 ], [ 3925.2, 2741.8 ], [ 3920.8, 2741.2 ], [ 3915.5, 2742.3 ], [ 3910.1, 2740.7 ], [ 3904.5, 2740.0 ], [ 3901.8, 2738.3 ], [ 3899.9, 2735.7 ], [ 3897.5, 2730.3 ], [ 3894.3, 2726.2 ], [ 3889.8, 2722.1 ], [ 3881.6, 2716.9 ], [ 3878.0, 2714.2 ], [ 3875.2, 2713.6 ], [ 3872.2, 2713.8 ], [ 3868.0, 2715.3 ], [ 3861.5, 2715.3 ], [ 3859.8, 2716.1 ], [ 3860.0, 2717.4 ], [ 3862.9, 2719.9 ], [ 3863.7, 2722.0 ], [ 3863.2, 2724.8 ], [ 3860.4, 2731.3 ], [ 3860.0, 2734.1 ], [ 3860.7, 2737.0 ], [ 3862.3, 2740.3 ], [ 3864.7, 2743.3 ], [ 3871.5, 2748.0 ], [ 3875.5, 2751.9 ], [ 3877.9, 2756.5 ], [ 3877.9, 2760.7 ], [ 3876.1, 2763.6 ], [ 3874.4, 2765.3 ], [ 3873.6, 2766.8 ], [ 3875.8, 2773.2 ], [ 3877.1, 2778.7 ], [ 3877.2, 2783.8 ], [ 3876.2, 2786.9 ], [ 3874.7, 2788.8 ], [ 3872.7, 2794.0 ], [ 3868.2, 2800.1 ], [ 3866.5, 2804.0 ], [ 3864.1, 2807.8 ] ] } },
{ "type": "Feature", "properties": { "name": "Drina", "scalerank": 8, "featurecla": "River", "source": "ne_10m_rivers_lake_centerlines" }, "geometry": { "type": "LineString", "coordinates": [ [ 4078.7, 2838.3 ], [ 4079.1, 2835.7 ], [ 4078.7, 2834.5 ], [ 4077.7, 2833.6 ], [ 4076.3, 2831.7 ], [ 4075.0, 2828.4 ], [ 4074.8, 2825.5 ], [ 4076.6, 2816.3 ], [ 4078.5, 2812.9 ], [ 4079.4, 2810.5 ], [ 4077.5, 2804.6 ], [ 4061.9, 2799.0 ], [ 4056.3, 2794.8 ], [ 4055.7, 2793.3 ], [ 4054.4, 2788.6 ], [ 4053.9, 2787.3 ], [ 4053.3, 2786.2 ], [ 4052.4, 2785.2 ], [ 4031.2, 2772.8 ], [ 4028.0, 2772.0 ], [ 4017.9, 2772.2 ], [ 4014.5, 2771.6 ], [ 4011.2, 2770.2 ], [ 4008.5, 2767.6 ], [ 4007.3, 2765.7 ], [ 4004.7, 2763.0 ], [ 4003.5, 2761.4 ], [ 4003.1, 2760.2 ], [ 4003.1, 2759.1 ], [ 4002.9, 2758.0 ], [ 4002.0, 2757.0 ], [ 3998.7, 2755.3 ], [ 3995.9, 2754.8 ], [ 3989.3, 2756.2 ], [ 3986.3, 2754.4 ], [ 3983.9, 2752.0 ], [ 3977.9, 2741.8 ], [ 3977.2, 2740.0 ], [ 3976.6, 2737.9 ], [ 3976.5, 2736.3 ], [ 3977.0, 2735.5 ], [ 3977.8, 2735.0 ], [ 3978.5, 2734.0 ], [ 3981.8, 2722.6 ], [ 3982.5, 2721.1 ], [ 3983.2, 2719.8 ], [ 3985.7, 2716.8 ], [ 3986.8, 2715.1 ], [ 3987.4, 2714.3 ], [ 3988.9, 2713.2 ], [ 3990.5, 2712.5 ], [ 3992.2, 2712.2 ], [ 3996.7, 2712.5 ], [ 3997.9, 2711.9 ], [ 3998.9, 2710.3 ], [ 3999.8, 2705.8 ], [ 4000.5, 2704.5 ], [ 4001.4, 2703.7 ], [ 4002.5, 2703.3 ], [ 4007.6, 2703.0 ], [ 4013.0, 2701.0 ], [ 4016.9, 2700.5 ], [ 4017.7, 2700.3 ], [ 4018.4, 2699.7 ], [ 4019.1, 2698.5 ], [ 4019.8, 2696.9 ], [ 4020.8, 2693.3 ], [ 4021.6, 2691.7 ], [ 4023.0, 2690.0 ], [ 4024.8, 2688.8 ], [ 4028.7, 2687.4 ], [ 4030.7, 2686.1 ], [ 4031.4, 2684.2 ], [ 4030.9, 2681.9 ], [ 4029.5, 2679.5 ], [ 4023.7, 2674.5 ], [ 4022.3, 2672.3 ], [ 4021.9, 2670.6 ], [ 4022.0, 2667.1 ], [ 4021.8, 2665.3 ], [ 4021.4, 2664.3 ], [ 4020.2, 2662.5 ], [ 4019.6, 2661.5 ], [ 4019.5, 2659.6 ], [ 4020.6, 2658.4 ], [ 4022.1, 2657.5 ], [ 4023.3, 2656.1 ], [ 4023.4, 2654.9 ], [ 4022.6, 2653.1 ], [ 4022.5, 2652.0 ], [ 4022.9, 2650.5 ], [ 4023.8, 2649.5 ], [ 4026.0, 2648.5 ], [ 4027.6, 2648.2 ], [ 4029.1, 2648.5 ], [ 4032.1, 2650.2 ], [ 4035.3, 2652.5 ], [ 4036.9, 2653.2 ], [ 4038.5, 2652.9 ], [ 4040.0, 2652.2 ], [ 4045.9, 2651.0 ], [ 4052.3, 2650.9 ], [ 4055.0, 2650.3 ], [ 4057.5, 2649.0 ], [ 4061.6, 2645.0 ], [ 4063.2, 2642.7 ], [ 4063.9, 2640.0 ], [ 4062.7, 2637.2 ], [ 4061.2, 2636.2 ], [ 4060.2, 2636.7 ], [ 4059.7, 2637.7 ], [ 4059.3, 2638.2 ], [ 4058.2, 2637.5 ], [ 4056.1, 2635.5 ], [ 4052.2, 2633.9 ], [ 4049.1, 2630.3 ], [ 4047.2, 2628.9 ], [ 4046.4, 2628.1 ], [ 4045.8, 2625.4 ], [ 4044.8, 2624.3 ], [ 4044.1, 2624.4 ], [ 4043.0, 2625.8 ], [ 4042.4, 2626.0 ], [ 4041.6, 2625.7 ], [ 4040.2, 2624.7 ], [ 4035.0, 2621.7 ], [ 4032.6, 2619.8 ], [ 4031.7, 2617.9 ], [ 4031.1, 2614.9 ], [ 4029.4, 2611.7 ], [ 4027.1, 2609.2 ], [ 4025.1, 2607.8 ], [ 4023.8, 2607.8 ], [ 4020.3, 2609.1 ], [ 4018.7, 2609.2 ], [ 4017.7, 2609.0 ], [ 4015.3, 2608.1 ], [ 4010.5, 2607.7 ], [ 4008.1, 2606.9 ], [ 4005.9, 2604.8 ], [ 4002.8, 2599.8 ], [ 4001.6, 2596.9 ], [ 4001.1, 2594.0 ], [ 4001.6, 2590.6 ], [ 4002.9, 2588.5 ], [ 4004.0, 2586.1 ], [ 4003.7, 2581.9 ], [ 4001.1, 2575.3 ], [ 4001.1, 2572.8 ], [ 4004.9, 2571.1 ], [ 4005.7, 2570.2 ], [ 4006.2, 2569.1 ], [ 4006.7, 2567.8 ], [ 4006.8, 2566.7 ], [ 4006.4, 2564.2 ], [ 4006.5, 2563.2 ], [ 4007.0, 2562.4 ], [ 4008.1, 2561.6 ], [ 4008.5, 2561.0 ], [ 4012.7, 2551.6 ], [ 4013.7, 2546.8 ], [ 4014.4, 2545.3 ], [ 4015.4, 2543.9 ], [ 4017.3, 2541.8 ], [ 4018.2, 2540.0 ], [ 4019.0, 2537.1 ], [ 4020.7, 2518.1 ], [ 4021.0, 2517.3 ], [ 4021.6, 2517.1 ], [ 4021.9, 2516.6 ], [ 4021.6, 2515.1 ], [ 4021.2, 2513.8 ], [ 4020.6, 2513.0 ], [ 4019.9, 2512.5 ], [ 4019.3, 2511.0 ] ] } },
{ "type": "Feature", "properties": { "name": "Bosna", "scalerank": 11, "featurecla": "River", "source": "ne_10m_rivers_europe" }, "geometry": { "type": "LineString", "coordinates": [ [ 3952.4, 2707.9 ], [ 3948.8, 2707.1 ], [ 3945.3, 2707.2 ], [ 3942.4, 2707.7 ], [ 3940.3, 2707.4 ], [ 3938.8, 2705.8 ], [ 3937.5, 2703.8 ], [ 3934.3, 2701.2 ], [ 3932.2, 2696.3 ], [ 3930.7, 2695.3 ], [ 3929.1, 2694.8 ], [ 3926.9, 2692.4 ], [ 3922.0, 2689.1 ], [ 3920.1, 2687.1 ], [ 3919.8, 2684.5 ], [ 3920.8, 2681.0 ], [ 3921.5, 2677.2 ], [ 3920.4, 2673.9 ], [ 3918.1, 2671.8 ], [ 3915.1, 2670.8 ], [ 3913.7, 2667.9 ], [ 3911.6, 2665.8 ], [ 3909.0, 2664.3 ], [ 3905.2, 2663.5 ], [ 3900.1, 2658.6 ], [ 3897.7, 2656.7 ], [ 3896.3, 2654.5 ], [ 3895.6, 2647.4 ], [ 3894.0, 2645.1 ], [ 3890.2, 2644.5 ], [ 3884.2, 2645.1 ], [ 3879.4, 2644.9 ], [ 3878.0, 2642.3 ], [ 3877.8, 2639.1 ], [ 3875.5, 2637.0 ], [ 3872.6, 2634.9 ], [ 3870.8, 2631.9 ], [ 3869.7, 2629.0 ], [ 3868.5, 2627.4 ], [ 3868.0, 2625.7 ], [ 3868.3, 2622.3 ], [ 3869.3, 2618.3 ], [ 3870.4, 2614.9 ], [ 3872.2, 2612.9 ], [ 3874.8, 2612.1 ], [ 3877.3, 2611.8 ], [ 3878.9, 2610.9 ], [ 3879.2, 2609.5 ], [ 3878.0, 2605.6 ], [ 3878.3, 2603.2 ], [ 3880.0, 2600.9 ], [ 3882.9, 2599.2 ], [ 3886.3, 2598.6 ], [ 3891.4, 2599.1 ], [ 3892.3, 2598.5 ], [ 3892.9, 2597.0 ], [ 3895.9, 2593.2 ], [ 3896.1, 2591.8 ], [ 3895.8, 2590.1 ], [ 3896.1, 2587.6 ], [ 3895.7, 2585.6 ], [ 3893.8, 2584.9 ], [ 3891.0, 2584.7 ], [ 3888.6, 2583.8 ], [ 3887.2, 2581.9 ], [ 3887.0, 2580.1 ], [ 3887.2, 2577.1 ], [ 3886.9, 2576.8 ], [ 3886.7, 2576.1 ], [ 3886.2, 2574.7 ], [ 3885.6, 2573.7 ], [ 3885.5, 2573.0 ], [ 3885.6, 2572.5 ], [ 3886.0, 2572.1 ], [ 3886.4, 2571.2 ], [ 3886.4, 2570.5 ], [ 3886.1, 2569.5 ], [ 3885.0, 2568.2 ], [ 3884.9, 2567.6 ], [ 3884.9, 2566.9 ], [ 3884.7, 2566.6 ], [ 3884.3, 2566.3 ], [ 3884.0, 2566.0 ], [ 3883.4, 2564.7 ], [ 3883.1, 2564.3 ], [ 3882.7, 2563.9 ], [ 3882.0, 2563.0 ], [ 3881.7, 2561.9 ], [ 3881.3, 2559.4 ], [ 3882.4, 2556.4 ], [ 3882.2, 2549.7 ], [ 3880.8, 2547.2 ], [ 3879.4, 2545.4 ], [ 3879.4, 2542.0 ], [ 3879.8, 2538.1 ], [ 3879.5, 2533.0 ], [ 3881.8, 2528.6 ], [ 3883.0, 2525.4 ], [ 3885.1, 2522.4 ], [ 3891.9, 2519.2 ], [ 3896.5, 2514.7 ], [ 3903.9, 2511.8 ], [ 3906.2, 2510.5 ], [ 3907.6, 2508.5 ], [ 3908.9, 2505.7 ], [ 3911.2, 2502.3 ], [ 3914.8, 2499.1 ], [ 3918.9, 2496.2 ] ] } },
{ "type": "Feature", "properties": { "name": null, "scalerank": 10, "featurecla": "River", "source": "ne_10m_rivers_europe" }, "geometry": { "type": "LineString", "coordinates": [ [ 3979.9, 2358.7 ], [ 3980.5, 2361.9 ], [ 3980.5, 2364.8 ], [ 3978.6, 2369.6 ], [ 3978.4, 2372.1 ], [ 3979.2, 2374.3 ], [ 3980.7, 2376.2 ], [ 3981.8, 2378.0 ], [ 3981.1, 2381.8 ], [ 3982.5, 2383.2 ], [ 3984.2, 2384.4 ], [ 3985.2, 2387.0 ], [ 3986.5, 2387.7 ], [ 3988.4, 2387.6 ], [ 3992.3, 2385.0 ], [ 3995.7, 2383.9 ], [ 3998.9, 2383.8 ], [ 4000.6, 2384.8 ], [ 4001.8, 2386.2 ], [ 4005.6, 2387.7 ], [ 4007.3, 2388.8 ], [ 4008.0, 2390.2 ], [ 4007.3, 2392.8 ], [ 4008.3, 2394.7 ], [ 4010.1, 2396.4 ], [ 4013.6, 2397.7 ], [ 4014.5, 2399.1 ], [ 4014.4, 2400.4 ], [ 4012.3, 2401.8 ], [ 4011.5, 2403.2 ], [ 4011.8, 2404.6 ], [ 4015.0, 2405.6 ], [ 4017.3, 2407.8 ], [ 4019.6, 2408.7 ], [ 4022.2, 2409.0 ], [ 4025.6, 2408.1 ], [ 4030.4, 2410.0 ], [ 4032.7, 2410.0 ], [ 4034.9, 2409.0 ], [ 4037.1, 2407.6 ], [ 4040.5, 2406.2 ], [ 4045.6, 2405.4 ], [ 4050.5, 2405.6 ], [ 4053.3, 2406.2 ], [ 4055.5, 2406.3 ], [ 4063.4, 2404.1 ], [ 4069.7, 2403.9 ], [ 4073.5, 2402.4 ], [ 4076.1, 2402.4 ], [ 4078.7, 2401.8 ], [ 4080.3, 2399.8 ], [ 4082.5, 2399.6 ], [ 4085.5, 2403.4 ], [ 4088.9, 2408.7 ], [ 4090.8, 2412.0 ], [ 4091.1, 2414.0 ], [ 4095.2, 2416.9 ], [ 4096.0, 2417.8 ] ] } },
{ "type": "Feature", "properties": { "name": "Tisa", "scalerank": 6, "featurecla": "River", "source": "ne_10m_rivers_lake_centerlines" }, "geometry": { "type": "LineString", "coordinates": [ [ 4081.3, 2290.9 ], [ 4079.1, 2291.5 ], [ 4077.7, 2292.7 ], [ 4076.7, 2295.4 ], [ 4075.4, 2300.5 ], [ 4072.4, 2305.2 ], [ 4071.1, 2308.2 ], [ 4071.0, 2311.8 ], [ 4071.8, 2313.6 ], [ 4071.5, 2315.5 ], [ 4070.6, 2317.2 ], [ 4069.6, 2318.4 ], [ 4074.7, 2322.1 ], [ 4075.6, 2323.6 ], [ 4075.4, 2326.0 ], [ 4074.3, 2327.9 ], [ 4072.8, 2328.9 ], [ 4070.9, 2329.1 ], [ 4072.1, 2330.9 ], [ 4073.5, 2332.1 ], [ 4075.1, 2332.6 ], [ 4077.1, 2332.5 ], [ 4077.8, 2333.2 ], [ 4078.3, 2335.2 ], [ 4079.1, 2340.1 ], [ 4079.9, 2341.8 ], [ 4083.0, 2345.2 ], [ 4083.8, 2347.0 ], [ 4083.3, 2349.0 ], [ 4080.0, 2351.6 ], [ 4079.4, 2353.0 ], [ 4080.4, 2354.9 ], [ 4082.4, 2356.1 ], [ 4084.5, 2357.0 ], [ 4086.0, 2358.0 ], [ 4087.3, 2360.3 ], [ 4087.4, 2362.2 ], [ 4087.3, 2364.4 ], [ 4087.9, 2367.3 ], [ 4088.9, 2368.7 ], [ 4089.8, 2369.6 ], [ 4090.0, 2370.6 ], [ 4088.6, 2372.5 ], [ 4087.4, 2373.2 ], [ 4084.1, 2374.6 ], [ 4083.0, 2375.5 ], [ 4084.3, 2378.8 ], [ 4085.2, 2381.8 ], [ 4085.3, 2385.2 ], [ 4084.1, 2389.3 ], [ 4082.1, 2392.3 ], [ 4082.2, 2393.4 ], [ 4084.3, 2393.5 ], [ 4087.4, 2392.9 ], [ 4088.6, 2393.3 ], [ 4089.3, 2395.0 ], [ 4088.9, 2395.8 ], [ 4088.1, 2397.1 ], [ 4087.3, 2398.8 ], [ 4087.1, 2401.2 ], [ 4087.8, 2402.9 ], [ 4089.1, 2404.3 ], [ 4096.0, 2409.3 ] ] } },
{ "type": "Feature", "properties": { "name": "Ferenc Csatorna", "scalerank": 6, "featurecla": "River", "source": "ne_10m_rivers_lake_centerlines" }, "geometry": { "type": "LineString", "coordinates": [ [ 3947.6, 2371.0 ], [ 3951.0, 2370.2 ], [ 3952.3, 2369.8 ], [ 3953.0, 2368.7 ], [ 3952.5, 2367.5 ], [ 3951.3, 2366.4 ], [ 3948.8, 2364.9 ], [ 3949.7, 2363.7 ], [ 3950.4, 2362.8 ], [ 3952.1, 2361.3 ], [ 3951.5, 2360.0 ], [ 3951.3, 2359.0 ], [ 3951.3, 2358.2 ], [ 3951.6, 2357.1 ], [ 3949.3, 2355.2 ], [ 3948.7, 2353.3 ], [ 3949.0, 2351.1 ], [ 3949.1, 2348.4 ], [ 3949.4, 2347.6 ], [ 3951.2, 2343.9 ], [ 3951.1, 2342.7 ], [ 3950.4, 2341.1 ], [ 3948.7, 2338.3 ], [ 3947.6, 2335.7 ], [ 3946.8, 2332.6 ], [ 3947.2, 2330.0 ], [ 3949.5, 2328.6 ], [ 3950.8, 2327.1 ], [ 3951.3, 2323.9 ], [ 3950.7, 2320.7 ], [ 3948.1, 2318.4 ] ] } },
{ "type": "Feature", "properties": { "name": "Sió", "scalerank": 7, "featurecla": "River", "source": "ne_10m_rivers_lake_centerlines" }, "geometry": { "type": "LineString", "coordinates": [ [ 3843.5, 2218.1 ], [ 3844.9, 2219.4 ], [ 3847.4, 2220.1 ], [ 3854.0, 2220.6 ], [ 3864.5, 2224.0 ], [ 3866.7, 2225.1 ], [ 3867.7, 2226.6 ], [ 3868.8, 2227.8 ], [ 3883.5, 2237.4 ], [ 3888.1, 2239.0 ], [ 3892.6, 2239.3 ], [ 3900.9, 2236.9 ], [ 3902.8, 2236.9 ], [ 3904.6, 2237.5 ], [ 3906.5, 2239.1 ], [ 3908.3, 2241.8 ], [ 3909.3, 2245.0 ], [ 3909.3, 2247.9 ], [ 3908.9, 2250.8 ], [ 3908.9, 2256.5 ], [ 3908.1, 2262.3 ], [ 3908.0, 2265.3 ], [ 3908.4, 2268.6 ], [ 3909.3, 2271.9 ], [ 3910.9, 2274.4 ], [ 3913.1, 2275.2 ], [ 3914.6, 2276.6 ], [ 3915.4, 2280.0 ], [ 3916.1, 2285.6 ], [ 3915.5, 2286.1 ], [ 3914.8, 2286.9 ], [ 3914.4, 2288.1 ], [ 3914.4, 2289.5 ], [ 3914.8, 2290.7 ], [ 3915.6, 2291.0 ], [ 3917.8, 2290.6 ], [ 3926.0, 2291.9 ], [ 3926.6, 2292.3 ], [ 3928.7, 2294.1 ], [ 3929.7, 2294.7 ], [ 3933.3, 2294.3 ], [ 3933.3, 2294.6 ], [ 3933.8, 2295.2 ], [ 3934.5, 2295.8 ], [ 3935.0, 2296.1 ], [ 3935.0, 2295.8 ], [ 3935.4, 2295.0 ], [ 3935.9, 2294.3 ], [ 3936.3, 2294.0 ], [ 3937.3, 2294.2 ], [ 3938.0, 2294.5 ], [ 3938.5, 2295.2 ], [ 3938.8, 2296.8 ], [ 3940.1, 2295.9 ], [ 3941.4, 2295.4 ], [ 3944.5, 2295.0 ] ] } },
{ "type": "Feature", "properties": { "name": "Oum Er Rbia", "scalerank": 9, "featurecla": "River", "source": "ne_10m_rivers_lake_centerlines" }, "geometry": { "type": "LineString", "coordinates": [ [ 631.1, 4096.0 ], [ 627.7, 4089.6 ], [ 618.5, 4082.8 ], [ 616.2, 4080.9 ], [ 614.0, 4079.1 ], [ 612.9, 4077.6 ], [ 611.0, 4079.2 ], [ 609.7, 4075.0 ], [ 610.6, 4066.7 ] ] } },
{ "type": "Feature", "properties": { "name": "Moulouya", "scalerank": 9, "featurecla": "River", "source": "ne_10m_rivers_lake_centerlines" }, "geometry": { "type": "LineString", "coordinates": [ [ 1257.5, 4096.0 ], [ 1264.4, 4078.8 ], [ 1266.7, 4076.0 ], [ 1275.0, 4069.3 ], [ 1281.5, 4059.7 ], [ 1286.8, 4054.5 ], [ 1287.7, 4053.0 ], [ 1289.0, 4050.0 ], [ 1289.7, 4048.8 ], [ 1296.1, 4040.7 ], [ 1298.3, 4039.2 ], [ 1308.5, 4034.5 ], [ 1309.6, 4033.4 ], [ 1310.0, 4032.3 ], [ 1310.7, 4031.4 ], [ 1312.1, 4030.9 ], [ 1314.3, 4029.6 ], [ 1318.5, 4023.9 ], [ 1321.7, 4022.3 ], [ 1325.2, 4021.7 ], [ 1326.8, 4021.1 ], [ 1332.7, 4017.1 ], [ 1333.7, 4016.0 ], [ 1334.1, 4014.9 ], [ 1333.7, 4013.8 ], [ 1333.2, 4012.9 ], [ 1332.7, 4010.8 ], [ 1332.3, 4009.6 ], [ 1332.5, 4008.5 ], [ 1334.2, 4007.2 ], [ 1346.4, 4003.4 ], [ 1349.6, 4001.5 ], [ 1370.1, 3981.4 ], [ 1380.1, 3974.9 ], [ 1390.2, 3972.1 ], [ 1391.9, 3972.3 ], [ 1393.5, 3972.9 ], [ 1395.3, 3973.3 ], [ 1397.5, 3972.8 ], [ 1399.4, 3971.7 ], [ 1400.5, 3970.6 ], [ 1408.4, 3958.7 ], [ 1410.8, 3956.0 ], [ 1413.1, 3954.3 ], [ 1418.8, 3951.3 ] ] } },
{ "type": "Feature", "properties": { "name": "Oued Sebou", "scalerank": 8, "featurecla": "River", "source": "ne_10m_rivers_lake_centerlines" }, "geometry": { "type": "LineString", "coordinates": [ [ 1098.6, 4096.0 ], [ 1098.5, 4095.2 ], [ 1100.1, 4090.0 ], [ 1100.3, 4086.0 ], [ 1098.9, 4083.6 ], [ 1094.3, 4079.7 ], [ 1089.8, 4072.5 ], [ 1087.7, 4070.4 ], [ 1081.9, 4066.5 ], [ 1076.7, 4059.4 ], [ 1074.8, 4057.7 ], [ 1069.2, 4053.7 ], [ 1068.4, 4051.9 ], [ 1069.0, 4049.5 ], [ 1071.5, 4043.0 ], [ 1071.7, 4041.2 ], [ 1070.8, 4037.6 ], [ 1070.2, 4036.2 ], [ 1069.4, 4035.1 ], [ 1069.2, 4033.9 ], [ 1069.9, 4031.8 ], [ 1073.5, 4027.0 ], [ 1074.3, 4025.0 ], [ 1073.1, 4022.8 ], [ 1072.7, 4022.8 ], [ 1070.1, 4022.5 ], [ 1069.0, 4022.0 ], [ 1067.7, 4020.4 ], [ 1067.0, 4018.7 ], [ 1065.9, 4017.3 ], [ 1063.8, 4016.6 ], [ 1053.3, 4015.1 ], [ 1052.3, 4014.6 ], [ 1051.3, 4014.5 ], [ 1048.7, 4016.3 ], [ 1047.6, 4015.2 ], [ 1045.6, 4011.6 ], [ 1043.3, 4010.0 ], [ 1040.9, 4009.3 ], [ 1038.4, 4009.5 ], [ 1026.2, 4012.0 ], [ 1021.4, 4012.0 ], [ 1013.6, 4010.3 ], [ 1011.1, 4009.3 ], [ 1009.0, 4007.6 ], [ 1004.4, 3998.0 ], [ 1002.2, 3994.9 ], [ 999.8, 3993.1 ], [ 997.1, 3991.5 ], [ 995.4, 3989.5 ], [ 992.2, 3984.5 ], [ 990.6, 3984.0 ], [ 975.1, 3982.8 ], [ 972.9, 3981.8 ], [ 970.7, 3979.6 ], [ 966.7, 3973.7 ], [ 963.9, 3968.3 ], [ 962.1, 3965.9 ], [ 959.9, 3964.8 ], [ 954.7, 3967.5 ], [ 953.7, 3965.5 ], [ 953.6, 3959.4 ], [ 953.1, 3957.8 ], [ 952.1, 3956.9 ], [ 951.5, 3955.9 ], [ 952.8, 3952.0 ], [ 952.5, 3950.4 ], [ 951.5, 3949.1 ], [ 950.2, 3948.1 ], [ 949.0, 3947.6 ], [ 946.8, 3947.4 ], [ 945.7, 3947.2 ], [ 944.4, 3946.4 ], [ 941.9, 3944.4 ], [ 931.1, 3939.8 ], [ 926.7, 3939.5 ], [ 921.7, 3941.3 ], [ 912.5, 3947.4 ], [ 907.4, 3949.6 ], [ 902.3, 3949.5 ], [ 900.3, 3947.9 ], [ 898.9, 3946.1 ], [ 897.5, 3945.6 ], [ 893.5, 3949.8 ], [ 891.5, 3950.2 ], [ 889.5, 3950.3 ], [ 887.4, 3950.8 ], [ 886.4, 3951.7 ], [ 885.9, 3952.9 ], [ 885.3, 3954.0 ], [ 882.6, 3955.0 ], [ 882.0, 3956.0 ], [ 882.0, 3957.3 ], [ 882.8, 3958.4 ], [ 884.7, 3960.0 ], [ 884.2, 3960.2 ], [ 881.6, 3959.6 ], [ 880.9, 3959.8 ], [ 880.4, 3959.5 ], [ 879.7, 3959.5 ], [ 878.8, 3960.0 ], [ 878.6, 3960.9 ], [ 879.2, 3963.1 ], [ 879.2, 3963.9 ], [ 878.4, 3965.2 ], [ 877.7, 3965.9 ], [ 876.9, 3966.5 ], [ 874.0, 3969.5 ], [ 871.7, 3970.4 ], [ 870.8, 3970.4 ], [ 868.8, 3970.2 ], [ 867.6, 3970.6 ], [ 866.8, 3971.5 ], [ 865.6, 3973.9 ], [ 864.9, 3974.9 ], [ 862.2, 3976.4 ], [ 861.9, 3974.8 ], [ 861.8, 3972.4 ], [ 859.8, 3971.8 ], [ 857.4, 3973.1 ], [ 855.6, 3975.0 ], [ 853.5, 3976.4 ], [ 850.0, 3976.2 ] ] } },
{ "type": "Feature", "properties": { "name": "Simeto", "scalerank": 10, "featurecla": "River", "source": "ne_10m_rivers_europe" }, "geometry": { "type": "LineString", "coordinates": [ [ 3520.7, 3647.6 ], [ 3520.7, 3649.9 ], [ 3521.6, 3651.7 ], [ 3526.9, 3654.7 ], [ 3532.8, 3660.7 ], [ 3541.0, 3663.3 ], [ 3549.8, 3668.5 ], [ 3555.0, 3670.0 ], [ 3559.3, 3670.0 ], [ 3564.7, 3667.9 ], [ 3570.6, 3668.1 ], [ 3576.8, 3669.3 ], [ 3582.8, 3671.9 ], [ 3585.7, 3672.6 ], [ 3588.0, 3673.8 ], [ 3590.5, 3680.0 ], [ 3596.2, 3689.3 ], [ 3597.3, 3693.1 ], [ 3597.6, 3696.0 ], [ 3598.8, 3698.3 ], [ 3600.6, 3699.7 ], [ 3604.8, 3701.0 ], [ 3613.6, 3705.0 ], [ 3618.5, 3706.0 ], [ 3623.7, 3705.9 ] ] } },
{ "type": "Feature", "properties": { "name": "Ofanto", "scalerank": 9, "featurecla": "River", "source": "ne_10m_rivers_lake_centerlines" }, "geometry": { "type": "LineString", "coordinates": [ [ 3595.7, 3171.7 ], [ 3597.5, 3171.2 ], [ 3603.3, 3171.0 ], [ 3604.6, 3170.5 ], [ 3607.1, 3169.0 ], [ 3608.3, 3168.4 ], [ 3609.5, 3168.3 ], [ 3620.7, 3170.0 ], [ 3635.9, 3168.4 ], [ 3638.0, 3167.3 ], [ 3641.8, 3164.5 ], [ 3643.2, 3163.0 ], [ 3644.0, 3161.3 ], [ 3645.0, 3156.9 ], [ 3646.7, 3152.8 ], [ 3647.3, 3150.7 ], [ 3646.9, 3148.3 ], [ 3644.5, 3144.1 ], [ 3644.0, 3141.9 ], [ 3644.6, 3139.3 ], [ 3645.6, 3137.6 ], [ 3646.9, 3136.3 ], [ 3648.4, 3135.4 ], [ 3666.8, 3135.1 ], [ 3668.9, 3134.6 ], [ 3677.8, 3129.8 ], [ 3686.0, 3122.7 ], [ 3688.8, 3121.1 ], [ 3705.3, 3102.3 ], [ 3708.3, 3099.8 ], [ 3714.2, 3097.3 ], [ 3716.4, 3095.0 ], [ 3716.0, 3091.0 ] ] } },
{ "type": "Feature", "properties": { "name": "Volturno", "scalerank": 10, "featurecla": "River", "source": "ne_10m_rivers_europe" }, "geometry": { "type": "LineString", "coordinates": [ [ 3525.7, 3094.2 ], [ 3527.9, 3091.8 ], [ 3530.4, 3090.6 ], [ 3533.4, 3090.9 ], [ 3535.6, 3092.8 ], [ 3536.4, 3095.3 ], [ 3536.6, 3097.8 ], [ 3537.2, 3099.8 ], [ 3539.0, 3101.9 ], [ 3544.8, 3107.6 ], [ 3546.0, 3110.2 ], [ 3546.5, 3112.5 ], [ 3547.7, 3114.6 ], [ 3549.4, 3115.9 ], [ 3553.1, 3116.4 ], [ 3555.2, 3118.1 ], [ 3557.4, 3119.3 ], [ 3559.6, 3118.5 ], [ 3561.7, 3117.0 ], [ 3563.6, 3116.5 ], [ 3564.9, 3117.7 ], [ 3565.7, 3120.6 ], [ 3565.5, 3123.8 ], [ 3564.6, 3126.1 ], [ 3563.4, 3127.7 ], [ 3561.7, 3131.5 ], [ 3560.0, 3133.2 ], [ 3557.8, 3134.3 ], [ 3553.1, 3135.3 ], [ 3548.8, 3137.8 ], [ 3547.0, 3137.9 ], [ 3545.9, 3136.2 ], [ 3545.3, 3130.0 ], [ 3544.4, 3127.4 ], [ 3542.4, 3125.9 ], [ 3539.3, 3125.1 ], [ 3535.8, 3125.2 ], [ 3530.2, 3126.6 ], [ 3523.3, 3127.7 ], [ 3519.2, 3129.4 ], [ 3516.2, 3131.7 ], [ 3514.9, 3133.8 ], [ 3514.2, 3135.7 ], [ 3512.8, 3137.5 ], [ 3510.6, 3138.2 ], [ 3505.4, 3136.4 ], [ 3503.2, 3137.1 ], [ 3500.0, 3138.6 ], [ 3490.5, 3140.8 ], [ 3488.7, 3141.8 ], [ 3488.1, 3143.0 ], [ 3486.5, 3144.5 ], [ 3484.1, 3145.8 ], [ 3481.7, 3146.6 ], [ 3471.7, 3147.1 ], [ 3468.3, 3148.4 ], [ 3466.0, 3150.3 ], [ 3464.8, 3151.9 ], [ 3463.3, 3153.3 ], [ 3457.0, 3155.4 ], [ 3455.2, 3156.9 ], [ 3452.6, 3160.9 ] ] } },
{ "type": "Feature", "properties": { "name": "Sacco", "scalerank": 11, "featurecla": "River", "source": "ne_10m_rivers_europe" }, "geometry": { "type": "LineString", "coordinates": [ [ 3311.6, 3058.7 ], [ 3314.5, 3054.2 ], [ 3317.3, 3050.6 ], [ 3320.0, 3048.2 ], [ 3323.1, 3047.6 ], [ 3326.9, 3048.1 ], [ 3335.7, 3050.3 ], [ 3340.6, 3053.3 ], [ 3351.0, 3057.9 ], [ 3364.1, 3065.6 ], [ 3370.0, 3068.4 ], [ 3372.3, 3070.1 ], [ 3374.2, 3072.4 ], [ 3376.5, 3076.2 ], [ 3379.3, 3077.7 ], [ 3384.8, 3083.1 ], [ 3387.4, 3084.8 ], [ 3389.7, 3085.2 ], [ 3395.2, 3084.9 ], [ 3402.4, 3085.9 ], [ 3405.1, 3085.7 ], [ 3407.2, 3085.9 ], [ 3411.9, 3089.8 ], [ 3419.4, 3095.1 ], [ 3422.2, 3098.0 ], [ 3424.6, 3100.0 ], [ 3427.2, 3100.5 ], [ 3431.1, 3100.1 ], [ 3436.6, 3100.2 ], [ 3441.6, 3100.9 ], [ 3442.9, 3100.5 ], [ 3444.5, 3103.3 ], [ 3444.9, 3104.3 ], [ 3444.9, 3105.1 ], [ 3444.9, 3106.2 ], [ 3444.5, 3109.8 ], [ 3445.0, 3113.3 ], [ 3444.5, 3115.5 ], [ 3444.6, 3117.3 ], [ 3444.5, 3117.9 ], [ 3444.4, 3118.4 ], [ 3444.1, 3118.9 ], [ 3443.8, 3119.4 ], [ 3443.2, 3120.0 ], [ 3442.3, 3120.7 ], [ 3441.2, 3121.1 ], [ 3440.4, 3121.4 ], [ 3439.5, 3122.0 ], [ 3439.0, 3122.7 ], [ 3438.5, 3123.8 ], [ 3438.4, 3124.5 ], [ 3438.5, 3125.2 ], [ 3438.2, 3125.8 ], [ 3437.7, 3126.3 ], [ 3433.7, 3127.1 ], [ 3433.0, 3129.3 ], [ 3432.6, 3131.2 ] ] } },
{ "type": "Feature", "properties": { "name": "Salto", "scalerank": 10, "featurecla": "River", "source": "ne_10m_rivers_europe" }, "geometry": { "type": "LineString", "coordinates": [ [ 3421.8, 3041.9 ], [ 3420.7, 3039.9 ], [ 3416.8, 3035.6 ], [ 3408.8, 3027.9 ], [ 3402.3, 3020.6 ], [ 3401.8, 3017.4 ], [ 3405.3, 3017.5 ], [ 3410.5, 3018.5 ], [ 3412.3, 3017.9 ], [ 3412.9, 3015.7 ], [ 3412.4, 3012.4 ], [ 3410.9, 3009.7 ], [ 3409.5, 3009.1 ], [ 3407.9, 3009.3 ], [ 3404.3, 3008.4 ], [ 3400.9, 3011.4 ], [ 3392.3, 3012.8 ], [ 3389.4, 3013.7 ], [ 3386.9, 3013.0 ], [ 3383.3, 3009.7 ], [ 3380.3, 3005.4 ], [ 3379.2, 3002.7 ], [ 3378.8, 3000.8 ], [ 3377.8, 2998.6 ], [ 3375.2, 2996.0 ], [ 3371.2, 2992.8 ], [ 3367.3, 2990.3 ], [ 3364.8, 2989.3 ], [ 3363.1, 2988.1 ], [ 3358.6, 2981.4 ], [ 3355.9, 2978.8 ], [ 3352.9, 2977.5 ], [ 3347.4, 2976.0 ], [ 3339.3, 2970.0 ], [ 3337.6, 2967.3 ], [ 3336.3, 2964.6 ], [ 3334.6, 2962.3 ], [ 3332.8, 2960.9 ], [ 3329.4, 2959.1 ], [ 3326.3, 2955.9 ], [ 3324.3, 2954.5 ], [ 3322.2, 2953.7 ], [ 3319.5, 2953.1 ], [ 3316.7, 2949.6 ], [ 3313.7, 2947.4 ], [ 3311.7, 2943.1 ], [ 3307.1, 2938.0 ], [ 3305.1, 2934.5 ], [ 3302.3, 2931.5 ], [ 3297.8, 2930.0 ], [ 3292.9, 2929.8 ], [ 3289.1, 2929.8 ], [ 3285.7, 2931.4 ], [ 3281.8, 2934.7 ], [ 3272.5, 2943.6 ], [ 3270.7, 2946.1 ], [ 3269.9, 2950.2 ] ] } },
{ "type": "Feature", "properties": { "name": "Neretva", "scalerank": 10, "featurecla": "River", "source": "ne_10m_rivers_europe" }, "geometry": { "type": "LineString", "coordinates": [ [ 3775.2, 2673.0 ], [ 3778.3, 2676.5 ], [ 3782.0, 2681.8 ], [ 3784.1, 2683.2 ], [ 3786.0, 2683.5 ], [ 3787.3, 2682.9 ], [ 3787.6, 2681.5 ], [ 3787.2, 2680.1 ], [ 3787.1, 2678.1 ], [ 3788.2, 2675.4 ], [ 3788.9, 2672.6 ], [ 3788.0, 2670.2 ], [ 3786.9, 2668.3 ], [ 3787.0, 2666.8 ], [ 3788.7, 2666.9 ], [ 3791.1, 2668.7 ], [ 3793.2, 2672.0 ], [ 3794.9, 2679.4 ], [ 3796.6, 2682.4 ], [ 3798.0, 2685.5 ], [ 3798.1, 2689.7 ], [ 3797.1, 2693.5 ], [ 3795.5, 2697.0 ], [ 3795.6, 2698.9 ], [ 3797.1, 2701.9 ], [ 3799.6, 2706.1 ], [ 3802.4, 2709.9 ], [ 3804.7, 2712.1 ], [ 3806.1, 2714.1 ], [ 3808.0, 2721.9 ], [ 3809.8, 2725.1 ], [ 3811.4, 2729.6 ], [ 3811.9, 2736.7 ], [ 3811.3, 2744.0 ], [ 3810.0, 2749.1 ], [ 3807.9, 2750.8 ], [ 3802.3, 2748.7 ], [ 3798.2, 2748.9 ], [ 3795.5, 2750.3 ], [ 3795.5, 2751.9 ], [ 3797.1, 2754.1 ], [ 3798.3, 2757.4 ], [ 3800.2, 2760.3 ], [ 3803.7, 2762.0 ], [ 3807.0, 2763.0 ], [ 3808.5, 2764.2 ], [ 3809.9, 2766.4 ], [ 3813.0, 2769.8 ], [ 3819.7, 2775.6 ], [ 3829.3, 2780.4 ], [ 3832.4, 2782.5 ], [ 3834.2, 2785.4 ], [ 3834.8, 2788.8 ], [ 3836.8, 2792.5 ], [ 3842.2, 2796.2 ], [ 3848.8, 2798.6 ], [ 3853.7, 2799.5 ], [ 3857.5, 2800.7 ], [ 3861.3, 2803.8 ], [ 3864.1, 2807.8 ], [ 3865.0, 2811.3 ], [ 3863.7, 2813.7 ], [ 3860.9, 2815.1 ], [ 3857.4, 2816.5 ], [ 3852.0, 2820.1 ], [ 3850.1, 2819.9 ], [ 3846.4, 2819.8 ], [ 3843.7, 2821.3 ] ] } },
{ "type": "Feature", "properties": { "name": "Tevere", "scalerank": 7, "featurecla": "River", "source": "ne_10m_rivers_lake_centerlines" }, "geometry": { "type": "LineString", "coordinates": [ [ 3222.8, 2747.5 ], [ 3221.3, 2748.9 ], [ 3220.6, 2751.7 ], [ 3220.9, 2755.0 ], [ 3221.7, 2757.3 ], [ 3224.2, 2765.7 ], [ 3225.0, 2770.8 ], [ 3222.9, 2774.0 ], [ 3222.9, 2775.1 ], [ 3226.9, 2776.0 ], [ 3230.4, 2777.5 ], [ 3233.4, 2779.8 ], [ 3236.3, 2783.2 ], [ 3236.8, 2784.6 ], [ 3237.0, 2786.0 ], [ 3237.3, 2787.0 ], [ 3239.1, 2787.7 ], [ 3241.8, 2789.5 ], [ 3243.1, 2791.2 ], [ 3244.4, 2793.4 ], [ 3245.3, 2795.8 ], [ 3245.2, 2797.8 ], [ 3244.4, 2796.7 ], [ 3246.3, 2806.1 ], [ 3247.1, 2808.3 ], [ 3248.1, 2809.0 ], [ 3252.3, 2810.9 ], [ 3254.1, 2811.2 ], [ 3253.7, 2814.5 ], [ 3255.4, 2816.6 ], [ 3259.8, 2819.5 ], [ 3265.5, 2831.1 ], [ 3267.4, 2833.8 ], [ 3269.0, 2837.3 ], [ 3271.2, 2838.8 ], [ 3271.0, 2840.5 ], [ 3269.8, 2842.9 ], [ 3269.9, 2846.1 ], [ 3270.3, 2846.7 ], [ 3271.9, 2847.6 ], [ 3272.3, 2848.2 ], [ 3271.8, 2849.5 ], [ 3269.0, 2853.2 ], [ 3267.9, 2855.1 ], [ 3268.5, 2856.2 ], [ 3268.5, 2857.4 ], [ 3268.1, 2858.5 ], [ 3267.2, 2859.4 ], [ 3267.7, 2859.8 ], [ 3268.0, 2860.0 ], [ 3268.3, 2860.3 ], [ 3268.8, 2860.4 ], [ 3267.3, 2862.7 ], [ 3266.9, 2864.0 ], [ 3267.4, 2865.7 ], [ 3266.5, 2866.0 ], [ 3265.9, 2866.5 ], [ 3265.1, 2867.9 ], [ 3265.5, 2868.5 ], [ 3265.9, 2868.9 ], [ 3265.5, 2869.8 ], [ 3264.9, 2871.3 ], [ 3264.5, 2872.1 ], [ 3265.2, 2873.5 ], [ 3265.2, 2875.0 ], [ 3264.7, 2876.4 ], [ 3263.9, 2877.5 ], [ 3263.9, 2878.5 ], [ 3264.8, 2880.3 ], [ 3264.4, 2882.1 ], [ 3263.5, 2883.6 ], [ 3262.5, 2884.8 ], [ 3264.9, 2886.4 ], [ 3265.9, 2887.4 ], [ 3266.5, 2889.0 ], [ 3264.7, 2889.9 ], [ 3263.7, 2890.2 ], [ 3262.6, 2890.2 ], [ 3262.6, 2891.1 ], [ 3263.6, 2892.4 ], [ 3264.9, 2893.2 ], [ 3266.1, 2894.3 ], [ 3266.8, 2896.5 ], [ 3265.0, 2896.8 ], [ 3263.0, 2898.1 ], [ 3257.6, 2903.3 ], [ 3256.1, 2904.1 ], [ 3252.1, 2905.3 ], [ 3247.6, 2910.7 ], [ 3243.6, 2910.9 ], [ 3244.3, 2913.6 ], [ 3245.3, 2916.3 ], [ 3246.6, 2918.4 ], [ 3248.2, 2919.1 ], [ 3248.8, 2920.4 ], [ 3249.4, 2923.4 ], [ 3249.8, 2926.6 ], [ 3249.6, 2928.6 ], [ 3251.2, 2931.7 ], [ 3251.6, 2931.9 ], [ 3252.2, 2931.6 ], [ 3252.7, 2931.5 ], [ 3252.9, 2932.2 ], [ 3252.9, 2934.3 ], [ 3253.3, 2936.2 ], [ 3253.5, 2938.8 ], [ 3253.9, 2940.1 ], [ 3254.3, 2940.7 ], [ 3255.7, 2942.1 ], [ 3256.3, 2943.2 ], [ 3258.4, 2941.9 ], [ 3261.2, 2942.7 ], [ 3267.1, 2947.1 ], [ 3269.9, 2950.2 ], [ 3270.0, 2950.6 ], [ 3269.9, 2951.9 ], [ 3270.0, 2952.2 ], [ 3270.3, 2952.3 ], [ 3271.2, 2952.1 ], [ 3271.6, 2952.2 ], [ 3272.1, 2952.5 ], [ 3273.4, 2952.9 ], [ 3274.0, 2953.2 ], [ 3274.0, 2954.2 ], [ 3273.3, 2954.8 ], [ 3272.8, 2955.5 ], [ 3271.7, 2957.6 ], [ 3272.6, 2958.2 ], [ 3273.6, 2958.4 ], [ 3274.6, 2958.1 ], [ 3275.7, 2957.5 ], [ 3275.7, 2958.4 ], [ 3274.4, 2960.7 ], [ 3274.6, 2963.7 ], [ 3276.1, 2966.4 ], [ 3278.4, 2967.8 ], [ 3276.9, 2968.9 ], [ 3279.1, 2972.0 ], [ 3285.5, 2972.5 ], [ 3287.2, 2975.9 ], [ 3288.2, 2974.7 ], [ 3288.5, 2974.1 ], [ 3288.7, 2972.7 ], [ 3289.6, 2972.7 ], [ 3289.5, 2974.6 ], [ 3290.0, 2975.6 ], [ 3290.8, 2975.7 ], [ 3292.0, 2974.7 ], [ 3293.1, 2976.6 ], [ 3294.4, 2978.2 ], [ 3295.3, 2980.2 ], [ 3295.4, 2983.1 ], [ 3293.2, 2980.8 ], [ 3292.6, 2982.6 ], [ 3293.0, 2985.7 ], [ 3293.5, 2987.4 ], [ 3292.9, 2987.9 ], [ 3293.7, 2989.0 ], [ 3295.6, 2990.5 ], [ 3296.4, 2992.2 ], [ 3296.7, 2993.2 ], [ 3296.7, 2994.2 ], [ 3296.6, 2995.8 ], [ 3295.9, 2998.8 ], [ 3294.7, 3000.5 ], [ 3290.6, 3005.0 ], [ 3289.6, 3005.3 ], [ 3288.8, 3005.2 ], [ 3288.2, 3005.5 ], [ 3286.2, 3007.0 ], [ 3286.1, 3007.8 ], [ 3287.5, 3008.7 ], [ 3287.5, 3009.7 ], [ 3284.8, 3010.0 ], [ 3283.1, 3011.8 ], [ 3282.5, 3014.5 ], [ 3283.0, 3017.3 ], [ 3282.1, 3018.2 ], [ 3281.5, 3019.4 ], [ 3280.8, 3021.7 ], [ 3281.1, 3024.2 ], [ 3280.9, 3026.4 ], [ 3279.7, 3027.9 ], [ 3277.0, 3028.1 ], [ 3277.0, 3029.1 ], [ 3278.0, 3029.6 ], [ 3278.6, 3030.5 ], [ 3278.6, 3031.7 ], [ 3278.0, 3033.2 ], [ 3279.1, 3034.6 ], [ 3279.1, 3036.4 ], [ 3278.5, 3038.6 ], [ 3278.2, 3041.2 ], [ 3277.6, 3043.2 ], [ 3276.1, 3043.6 ], [ 3274.2, 3043.6 ], [ 3272.7, 3044.0 ], [ 3272.5, 3044.8 ], [ 3272.7, 3046.0 ], [ 3272.7, 3047.3 ], [ 3272.1, 3048.2 ], [ 3271.3, 3048.5 ], [ 3266.6, 3048.1 ], [ 3265.1, 3047.7 ], [ 3263.8, 3048.0 ], [ 3262.6, 3049.7 ], [ 3260.6, 3048.6 ], [ 3259.0, 3049.5 ], [ 3256.3, 3052.9 ], [ 3257.1, 3055.4 ], [ 3255.8, 3056.8 ], [ 3251.7, 3058.4 ] ] } },
{ "type": "Feature", "properties": { "name": "Aude", "scalerank": 10, "featurecla": "River", "source": "ne_10m_rivers_europe" }, "geometry": { "type": "LineString", "coordinates": [ [ 2081.4, 2885.4 ], [ 2083.7, 2886.8 ], [ 2086.1, 2887.1 ], [ 2088.9, 2886.0 ], [ 2091.2, 2883.6 ], [ 2092.8, 2881.0 ], [ 2093.5, 2878.2 ], [ 2093.8, 2873.3 ], [ 2095.2, 2870.5 ], [ 2095.3, 2867.6 ], [ 2093.2, 2866.6 ], [ 2092.3, 2865.8 ], [ 2091.6, 2864.7 ], [ 2090.9, 2862.8 ], [ 2090.2, 2861.5 ], [ 2090.7, 2858.4 ], [ 2092.0, 2857.0 ], [ 2095.0, 2855.9 ], [ 2098.6, 2855.5 ], [ 2101.6, 2855.7 ], [ 2104.0, 2855.3 ], [ 2106.4, 2853.5 ], [ 2107.6, 2850.9 ], [ 2107.0, 2848.6 ], [ 2105.5, 2846.3 ], [ 2104.4, 2843.6 ], [ 2104.0, 2840.7 ], [ 2104.1, 2838.0 ], [ 2104.9, 2835.7 ], [ 2106.3, 2833.6 ], [ 2108.1, 2832.0 ], [ 2112.0, 2829.7 ], [ 2113.3, 2827.6 ], [ 2113.7, 2825.2 ], [ 2113.1, 2821.3 ], [ 2113.1, 2818.8 ], [ 2112.8, 2816.3 ], [ 2110.8, 2812.3 ], [ 2111.1, 2809.8 ], [ 2113.2, 2807.2 ], [ 2119.5, 2803.0 ], [ 2120.5, 2801.1 ], [ 2121.1, 2798.5 ], [ 2123.0, 2795.1 ], [ 2125.3, 2792.4 ], [ 2127.9, 2791.2 ], [ 2129.6, 2789.6 ], [ 2132.4, 2788.9 ], [ 2136.1, 2790.9 ], [ 2142.2, 2795.5 ], [ 2143.7, 2795.7 ], [ 2147.2, 2794.6 ], [ 2150.7, 2794.7 ], [ 2155.0, 2794.3 ], [ 2159.3, 2792.2 ], [ 2163.5, 2789.7 ], [ 2167.7, 2788.0 ], [ 2171.2, 2787.9 ], [ 2173.5, 2789.3 ], [ 2175.4, 2791.0 ], [ 2181.7, 2791.4 ], [ 2190.4, 2793.1 ], [ 2192.5, 2792.8 ], [ 2193.8, 2792.1 ], [ 2195.9, 2791.8 ], [ 2198.4, 2792.2 ], [ 2203.8, 2793.7 ], [ 2213.3, 2793.8 ], [ 2218.2, 2794.4 ], [ 2222.2, 2795.8 ], [ 2225.2, 2797.6 ], [ 2228.1, 2800.4 ] ] } },
{ "type": "Feature", "properties": { "name": "Arno", "scalerank": 10, "featurecla": "River", "source": "ne_10m_rivers_europe" }, "geometry": { "type": "LineString", "coordinates": [ [ 3180.2, 2814.3 ], [ 3180.2, 2815.6 ], [ 3180.7, 2817.8 ], [ 3181.9, 2821.2 ], [ 3183.9, 2824.3 ], [ 3188.2, 2827.0 ], [ 3193.5, 2832.7 ], [ 3197.7, 2835.6 ], [ 3200.7, 2836.4 ], [ 3201.0, 2834.3 ], [ 3200.0, 2829.4 ], [ 3200.1, 2817.2 ], [ 3199.7, 2813.6 ], [ 3198.1, 2804.7 ], [ 3197.7, 2798.7 ], [ 3198.1, 2794.0 ], [ 3198.0, 2790.9 ], [ 3196.8, 2788.7 ], [ 3194.6, 2787.7 ], [ 3188.5, 2788.0 ], [ 3183.3, 2787.8 ], [ 3177.8, 2786.7 ], [ 3173.5, 2785.1 ], [ 3169.1, 2781.3 ], [ 3163.1, 2774.7 ], [ 3158.0, 2767.1 ], [ 3155.7, 2760.5 ], [ 3155.8, 2755.6 ], [ 3156.2, 2751.6 ], [ 3155.5, 2748.6 ], [ 3152.6, 2746.1 ], [ 3148.5, 2745.2 ], [ 3144.5, 2746.1 ], [ 3140.7, 2747.5 ], [ 3137.1, 2748.1 ], [ 3133.5, 2747.5 ], [ 3129.8, 2746.1 ], [ 3124.5, 2745.5 ], [ 3116.9, 2746.7 ], [ 3110.2, 2749.0 ], [ 3107.1, 2751.3 ], [ 3106.1, 2752.7 ], [ 3102.5, 2752.7 ], [ 3098.3, 2754.4 ], [ 3093.7, 2754.0 ], [ 3089.7, 2755.5 ], [ 3083.2, 2756.5 ], [ 3077.9, 2759.3 ], [ 3073.4, 2760.8 ], [ 3068.4, 2763.9 ], [ 3066.5, 2763.6 ], [ 3063.5, 2762.6 ], [ 3053.1, 2761.7 ], [ 3049.2, 2760.6 ], [ 3046.7, 2759.1 ], [ 3044.8, 2757.6 ], [ 3043.4, 2756.9 ], [ 3041.2, 2758.6 ], [ 3038.0, 2757.5 ], [ 3036.0, 2757.5 ], [ 3033.9, 2758.6 ], [ 3029.1, 2761.9 ], [ 3026.6, 2762.5 ], [ 3023.8, 2761.9 ] ] } },
{ "type": "Feature", "properties": { "name": "Tarn", "scalerank": 9, "featurecla": "River", "source": "ne_10m_rivers_lake_centerlines" }, "geometry": { "type": "LineString", "coordinates": [ [ 2279.0, 2650.1 ], [ 2278.8, 2645.9 ], [ 2279.4, 2642.3 ], [ 2281.1, 2638.3 ], [ 2281.5, 2635.8 ], [ 2280.9, 2632.4 ], [ 2279.2, 2628.5 ], [ 2278.3, 2627.8 ], [ 2277.8, 2626.2 ], [ 2275.9, 2625.7 ], [ 2274.6, 2625.7 ], [ 2273.0, 2626.2 ], [ 2272.0, 2627.0 ], [ 2271.1, 2628.1 ], [ 2270.0, 2629.1 ], [ 2268.6, 2629.4 ], [ 2267.5, 2628.9 ], [ 2264.2, 2626.0 ], [ 2262.7, 2625.7 ], [ 2261.3, 2625.9 ], [ 2250.1, 2631.3 ], [ 2243.3, 2630.9 ], [ 2241.8, 2632.0 ], [ 2240.0, 2641.5 ], [ 2239.3, 2643.4 ], [ 2238.5, 2644.6 ], [ 2237.6, 2645.5 ], [ 2236.6, 2646.1 ], [ 2232.1, 2647.6 ], [ 2227.2, 2651.8 ], [ 2224.3, 2657.4 ], [ 2221.1, 2661.9 ], [ 2215.2, 2663.2 ], [ 2209.2, 2662.8 ], [ 2203.3, 2663.5 ], [ 2203.0, 2663.8 ], [ 2202.7, 2664.4 ], [ 2202.2, 2665.1 ], [ 2201.6, 2665.4 ], [ 2199.2, 2665.1 ], [ 2194.7, 2662.7 ], [ 2192.3, 2662.6 ], [ 2191.6, 2663.0 ], [ 2190.2, 2664.5 ], [ 2189.6, 2665.0 ], [ 2188.5, 2665.4 ], [ 2186.2, 2665.8 ], [ 2185.1, 2666.3 ], [ 2183.7, 2667.5 ], [ 2181.1, 2670.6 ], [ 2179.7, 2671.9 ], [ 2175.8, 2673.1 ], [ 2167.9, 2671.3 ], [ 2164.1, 2671.7 ], [ 2161.5, 2673.3 ], [ 2156.8, 2677.5 ], [ 2154.3, 2679.1 ], [ 2151.0, 2679.8 ], [ 2111.8, 2678.0 ], [ 2106.1, 2678.9 ], [ 2097.1, 2679.1 ], [ 2094.2, 2679.6 ], [ 2087.8, 2682.3 ], [ 2077.8, 2683.8 ], [ 2076.6, 2684.5 ], [ 2074.5, 2686.7 ], [ 2073.7, 2687.3 ], [ 2071.2, 2688.7 ], [ 2066.5, 2692.8 ], [ 2064.1, 2694.3 ], [ 2060.5, 2695.0 ], [ 2057.0, 2694.3 ], [ 2053.6, 2692.6 ], [ 2050.3, 2690.1 ], [ 2044.0, 2683.7 ], [ 2039.4, 2676.2 ], [ 2037.5, 2674.1 ], [ 2030.4, 2670.9 ], [ 2028.4, 2669.0 ], [ 2027.4, 2666.7 ], [ 2025.6, 2656.7 ], [ 2025.5, 2655.6 ], [ 2025.3, 2654.6 ], [ 2024.7, 2653.1 ], [ 2018.1, 2641.5 ], [ 2015.9, 2639.4 ], [ 2013.0, 2638.6 ], [ 2006.6, 2639.5 ], [ 2004.5, 2639.4 ], [ 2000.4, 2637.2 ], [ 1998.8, 2637.1 ], [ 1997.3, 2637.5 ], [ 1995.9, 2638.5 ], [ 1994.6, 2639.8 ], [ 1993.6, 2641.8 ] ] } },
{ "type": "Feature", "properties": { "name": "Durance", "scalerank": 9, "featurecla": "River", "source": "ne_10m_rivers_lake_centerlines" }, "geometry": { "type": "LineString", "coordinates": [ [ 2627.5, 2564.1 ], [ 2625.1, 2565.7 ], [ 2620.7, 2569.7 ], [ 2615.9, 2576.2 ], [ 2615.2, 2578.2 ], [ 2614.8, 2580.9 ], [ 2614.7, 2587.6 ], [ 2615.0, 2590.4 ], [ 2617.0, 2597.5 ], [ 2617.3, 2600.9 ], [ 2616.1, 2604.6 ], [ 2610.2, 2611.4 ], [ 2608.5, 2614.2 ], [ 2605.7, 2617.8 ], [ 2602.4, 2619.3 ], [ 2594.0, 2619.8 ], [ 2592.9, 2620.1 ], [ 2590.0, 2622.2 ], [ 2585.3, 2628.4 ], [ 2582.1, 2630.8 ], [ 2577.8, 2632.0 ], [ 2559.6, 2630.2 ], [ 2557.2, 2631.0 ], [ 2552.4, 2635.8 ], [ 2550.6, 2637.1 ], [ 2546.7, 2638.7 ], [ 2544.9, 2639.9 ], [ 2543.6, 2641.4 ], [ 2541.3, 2646.4 ], [ 2540.2, 2647.7 ], [ 2539.0, 2648.8 ], [ 2537.9, 2650.1 ], [ 2537.3, 2651.9 ], [ 2537.5, 2653.2 ], [ 2538.4, 2653.9 ], [ 2538.9, 2654.9 ], [ 2538.4, 2657.5 ], [ 2538.0, 2660.7 ], [ 2538.8, 2664.1 ], [ 2540.3, 2666.8 ], [ 2542.2, 2668.0 ], [ 2542.6, 2670.0 ], [ 2543.0, 2674.2 ], [ 2543.4, 2676.2 ], [ 2546.8, 2685.1 ], [ 2547.5, 2687.8 ], [ 2547.2, 2690.4 ], [ 2545.5, 2693.3 ], [ 2538.9, 2700.0 ], [ 2536.9, 2703.2 ], [ 2535.4, 2706.8 ], [ 2532.0, 2718.2 ], [ 2530.0, 2722.9 ], [ 2516.4, 2741.7 ], [ 2513.6, 2744.4 ], [ 2510.8, 2746.0 ], [ 2503.2, 2747.3 ], [ 2500.6, 2749.4 ], [ 2496.0, 2751.4 ], [ 2490.2, 2750.5 ], [ 2477.3, 2745.7 ], [ 2475.3, 2744.6 ], [ 2473.5, 2743.0 ], [ 2470.2, 2739.2 ], [ 2469.1, 2738.3 ], [ 2467.8, 2738.0 ], [ 2465.9, 2737.8 ], [ 2460.0, 2736.3 ], [ 2453.0, 2735.9 ], [ 2441.6, 2729.3 ], [ 2439.3, 2727.3 ], [ 2429.1, 2716.1 ], [ 2422.4, 2711.2 ], [ 2407.8, 2704.5 ], [ 2406.7, 2704.5 ] ] } },
{ "type": "Feature", "properties": { "name": "Reno", "scalerank": 10, "featurecla": "River", "source": "ne_10m_rivers_europe" }, "geometry": { "type": "LineString", "coordinates": [ [ 3238.5, 2620.8 ], [ 3241.4, 2619.6 ], [ 3245.3, 2617.7 ] ] } },
{ "type": "Feature", "properties": { "name": "Reno", "scalerank": 10, "featurecla": "River", "source": "ne_10m_rivers_europe" }, "geometry": { "type": "LineString", "coordinates": [ [ 3083.8, 2711.5 ], [ 3085.4, 2711.6 ], [ 3088.1, 2710.0 ], [ 3092.3, 2706.0 ], [ 3097.5, 2700.2 ], [ 3100.3, 2696.3 ], [ 3102.1, 2692.5 ], [ 3102.4, 2688.7 ], [ 3104.0, 2684.2 ], [ 3108.8, 2678.7 ], [ 3114.0, 2673.3 ], [ 3116.6, 2669.2 ], [ 3117.5, 2666.8 ], [ 3118.7, 2665.8 ], [ 3120.7, 2665.0 ], [ 3123.5, 2663.3 ], [ 3125.9, 2660.9 ], [ 3127.9, 2656.0 ], [ 3132.8, 2649.8 ], [ 3134.3, 2645.5 ], [ 3134.7, 2641.3 ], [ 3134.6, 2635.3 ], [ 3136.9, 2629.9 ], [ 3137.7, 2626.6 ], [ 3138.1, 2623.0 ], [ 3138.0, 2619.5 ], [ 3136.9, 2615.9 ], [ 3133.0, 2608.1 ], [ 3132.5, 2605.1 ], [ 3134.5, 2601.7 ], [ 3138.5, 2597.0 ], [ 3143.3, 2593.5 ], [ 3147.1, 2592.9 ], [ 3149.7, 2594.1 ], [ 3154.5, 2595.5 ], [ 3159.7, 2597.9 ], [ 3165.7, 2601.6 ], [ 3176.8, 2611.3 ], [ 3179.9, 2612.4 ], [ 3191.0, 2613.4 ], [ 3193.3, 2614.8 ], [ 3196.4, 2617.6 ], [ 3201.8, 2620.7 ], [ 3209.4, 2622.7 ], [ 3222.8, 2625.1 ], [ 3228.2, 2624.9 ] ] } },
{ "type": "Feature", "properties": { "name": "Varaita", "scalerank": 10, "featurecla": "River", "source": "ne_10m_rivers_europe" }, "geometry": { "type": "LineString", "coordinates": [ [ 2651.1, 2627.3 ], [ 2654.6, 2631.3 ], [ 2659.2, 2633.1 ], [ 2664.3, 2632.7 ], [ 2668.3, 2631.6 ] ] } },
{ "type": "Feature", "properties": { "name": "Genil", "scalerank": 11, "featurecla": "River", "source": "ne_10m_rivers_europe" }, "geometry": { "type": "LineString", "coordinates": [ [ 1327.3, 3563.1 ], [ 1329.2, 3565.6 ], [ 1330.4, 3569.0 ], [ 1330.8, 3572.4 ], [ 1330.2, 3575.2 ], [ 1329.3, 3577.2 ], [ 1327.7, 3578.6 ], [ 1322.9, 3581.1 ], [ 1318.6, 3585.5 ], [ 1316.0, 3587.6 ], [ 1313.0, 3588.9 ], [ 1307.8, 3590.1 ], [ 1305.9, 3591.9 ], [ 1304.1, 3594.0 ], [ 1302.1, 3595.6 ], [ 1299.6, 3596.3 ], [ 1293.1, 3596.9 ], [ 1289.2, 3597.8 ], [ 1285.5, 3599.5 ], [ 1279.5, 3602.7 ], [ 1276.4, 3603.0 ], [ 1259.3, 3598.5 ], [ 1255.7, 3599.0 ], [ 1253.3, 3600.5 ], [ 1250.2, 3601.7 ], [ 1246.6, 3601.9 ], [ 1243.2, 3601.2 ], [ 1240.1, 3598.5 ], [ 1234.9, 3589.3 ], [ 1232.1, 3586.5 ], [ 1223.7, 3583.5 ], [ 1221.6, 3581.6 ], [ 1218.8, 3579.7 ], [ 1214.2, 3578.4 ], [ 1209.8, 3578.4 ], [ 1204.2, 3580.5 ], [ 1199.5, 3580.4 ], [ 1195.0, 3579.1 ], [ 1191.1, 3575.8 ], [ 1188.1, 3576.2 ], [ 1184.8, 3576.2 ], [ 1182.3, 3574.1 ], [ 1181.3, 3570.5 ], [ 1181.6, 3564.0 ], [ 1180.1, 3561.5 ], [ 1178.0, 3560.1 ], [ 1176.5, 3559.9 ], [ 1175.1, 3559.0 ], [ 1171.4, 3551.8 ], [ 1169.2, 3549.3 ], [ 1166.6, 3548.2 ], [ 1161.4, 3546.9 ], [ 1159.8, 3546.0 ], [ 1159.2, 3544.6 ], [ 1159.5, 3543.1 ], [ 1159.3, 3540.1 ], [ 1157.6, 3535.2 ], [ 1154.1, 3530.5 ], [ 1149.5, 3527.9 ], [ 1145.0, 3527.2 ], [ 1141.7, 3527.1 ], [ 1139.9, 3525.5 ], [ 1137.7, 3515.6 ], [ 1135.3, 3510.8 ], [ 1132.0, 3506.6 ], [ 1127.4, 3501.4 ], [ 1122.9, 3497.4 ], [ 1118.3, 3495.1 ], [ 1113.7, 3492.2 ] ] } },
{ "type": "Feature", "properties": { "name": "Guadiana Menor", "scalerank": 12, "featurecla": "River", "source": "ne_10m_rivers_europe" }, "geometry": { "type": "LineString", "coordinates": [ [ 1487.2, 3508.2 ], [ 1488.2, 3510.3 ], [ 1488.8, 3512.2 ], [ 1489.8, 3513.8 ], [ 1490.2, 3515.3 ], [ 1489.1, 3517.0 ], [ 1486.8, 3519.5 ], [ 1484.2, 3523.2 ], [ 1481.0, 3526.9 ], [ 1477.0, 3529.7 ], [ 1469.6, 3533.5 ], [ 1467.7, 3535.8 ], [ 1467.1, 3538.7 ], [ 1467.1, 3541.7 ], [ 1466.4, 3544.1 ], [ 1464.5, 3546.3 ], [ 1461.6, 3548.8 ], [ 1457.7, 3550.2 ], [ 1448.8, 3548.8 ], [ 1444.0, 3549.1 ], [ 1440.0, 3550.6 ], [ 1437.3, 3552.4 ], [ 1435.2, 3555.3 ], [ 1432.7, 3559.6 ], [ 1429.7, 3563.6 ], [ 1425.8, 3564.6 ], [ 1423.1, 3564.5 ], [ 1416.7, 3563.2 ], [ 1414.2, 3563.8 ], [ 1411.5, 3565.0 ], [ 1408.1, 3565.8 ], [ 1399.7, 3567.5 ], [ 1394.8, 3568.3 ], [ 1392.7, 3568.0 ], [ 1391.2, 3566.8 ], [ 1390.6, 3564.8 ], [ 1390.9, 3562.0 ], [ 1392.6, 3554.5 ], [ 1393.1, 3550.9 ], [ 1392.7, 3548.0 ], [ 1391.4, 3545.6 ], [ 1387.0, 3539.4 ], [ 1381.7, 3535.8 ], [ 1380.1, 3531.3 ], [ 1377.4, 3526.6 ], [ 1374.5, 3520.5 ], [ 1373.4, 3507.7 ], [ 1370.7, 3502.6 ] ] } },
{ "type": "Feature", "properties": { "name": "Guadalquivir", "scalerank": 8, "featurecla": "River", "source": "ne_10m_rivers_lake_centerlines" }, "geometry": { "type": "LineString", "coordinates": [ [ 1413.6, 3504.5 ], [ 1421.8, 3495.2 ], [ 1427.6, 3490.7 ], [ 1432.3, 3481.9 ], [ 1432.0, 3478.5 ], [ 1429.2, 3476.2 ], [ 1422.5, 3473.9 ], [ 1419.1, 3473.3 ], [ 1416.3, 3473.6 ], [ 1414.0, 3474.7 ], [ 1412.0, 3476.4 ], [ 1407.6, 3482.1 ], [ 1406.0, 3483.3 ], [ 1402.9, 3484.3 ], [ 1401.3, 3485.2 ], [ 1398.3, 3488.8 ], [ 1397.2, 3489.8 ], [ 1392.4, 3492.2 ], [ 1391.7, 3492.1 ], [ 1391.4, 3492.0 ], [ 1390.6, 3491.5 ], [ 1390.2, 3491.4 ], [ 1389.6, 3491.4 ], [ 1385.5, 3492.7 ], [ 1384.5, 3493.2 ], [ 1383.7, 3494.1 ], [ 1383.2, 3495.3 ], [ 1382.9, 3496.5 ], [ 1382.5, 3497.6 ], [ 1381.7, 3498.6 ], [ 1379.6, 3499.7 ], [ 1375.2, 3500.8 ], [ 1373.1, 3502.2 ], [ 1365.4, 3503.6 ], [ 1359.7, 3503.4 ], [ 1357.9, 3503.8 ], [ 1356.7, 3504.3 ], [ 1356.3, 3504.6 ], [ 1354.2, 3504.2 ], [ 1343.5, 3500.1 ], [ 1341.1, 3498.1 ], [ 1339.7, 3497.9 ], [ 1338.3, 3498.0 ], [ 1337.1, 3497.8 ], [ 1335.6, 3496.8 ], [ 1332.9, 3494.4 ], [ 1331.8, 3493.7 ], [ 1328.5, 3493.2 ], [ 1322.4, 3494.3 ], [ 1319.3, 3494.4 ], [ 1316.3, 3493.4 ], [ 1313.8, 3491.8 ], [ 1308.6, 3487.2 ], [ 1307.4, 3486.8 ], [ 1306.2, 3486.7 ], [ 1304.9, 3486.2 ], [ 1301.5, 3483.5 ], [ 1300.3, 3482.1 ], [ 1296.8, 3476.2 ], [ 1294.9, 3474.8 ], [ 1292.6, 3475.5 ], [ 1288.4, 3478.6 ], [ 1287.0, 3478.2 ], [ 1285.7, 3477.4 ], [ 1278.5, 3474.9 ], [ 1264.7, 3465.8 ], [ 1259.7, 3465.0 ], [ 1257.0, 3466.6 ], [ 1256.6, 3469.1 ], [ 1256.6, 3471.2 ], [ 1254.8, 3471.7 ], [ 1254.3, 3471.2 ], [ 1252.8, 3469.5 ], [ 1251.9, 3469.0 ], [ 1250.2, 3468.8 ], [ 1249.4, 3469.1 ], [ 1244.2, 3473.1 ], [ 1242.4, 3473.0 ], [ 1238.9, 3468.6 ], [ 1236.6, 3466.8 ], [ 1233.9, 3465.6 ], [ 1231.7, 3465.1 ], [ 1228.9, 3465.9 ], [ 1225.4, 3469.4 ], [ 1222.7, 3469.8 ], [ 1219.2, 3469.9 ], [ 1219.6, 3471.7 ], [ 1221.1, 3474.1 ], [ 1221.2, 3476.0 ], [ 1216.9, 3473.4 ], [ 1214.0, 3472.0 ], [ 1212.4, 3472.6 ], [ 1211.7, 3473.0 ], [ 1205.3, 3471.8 ], [ 1204.3, 3471.8 ], [ 1204.0, 3472.4 ], [ 1204.0, 3473.1 ], [ 1203.3, 3474.0 ], [ 1203.4, 3474.7 ], [ 1203.2, 3475.3 ], [ 1202.5, 3475.5 ], [ 1201.9, 3475.4 ], [ 1201.8, 3475.0 ], [ 1201.6, 3474.6 ], [ 1201.1, 3474.2 ], [ 1199.7, 3472.2 ], [ 1198.4, 3471.3 ], [ 1196.8, 3471.8 ], [ 1190.9, 3478.0 ], [ 1189.1, 3479.3 ], [ 1187.6, 3479.7 ], [ 1186.0, 3479.8 ], [ 1182.6, 3479.2 ], [ 1180.9, 3479.5 ], [ 1177.8, 3481.8 ], [ 1176.1, 3482.1 ], [ 1174.9, 3482.2 ], [ 1172.3, 3483.0 ], [ 1170.4, 3483.2 ], [ 1166.3, 3482.8 ], [ 1154.1, 3484.8 ], [ 1150.9, 3484.7 ], [ 1144.0, 3482.7 ], [ 1140.7, 3482.5 ], [ 1137.7, 3484.1 ], [ 1138.3, 3485.4 ], [ 1137.2, 3485.8 ], [ 1130.5, 3483.6 ], [ 1129.3, 3483.7 ], [ 1126.5, 3484.5 ], [ 1125.9, 3484.5 ], [ 1125.2, 3484.7 ], [ 1124.2, 3485.2 ], [ 1123.7, 3486.0 ], [ 1123.4, 3488.1 ], [ 1123.1, 3488.7 ], [ 1121.7, 3489.3 ], [ 1117.0, 3489.7 ], [ 1116.3, 3489.9 ], [ 1115.7, 3490.3 ], [ 1115.2, 3490.9 ], [ 1114.8, 3491.9 ], [ 1114.4, 3492.3 ], [ 1113.7, 3492.2 ], [ 1112.9, 3491.9 ], [ 1112.3, 3491.9 ], [ 1111.6, 3491.9 ], [ 1109.4, 3491.3 ], [ 1108.4, 3491.6 ], [ 1107.7, 3492.5 ], [ 1107.1, 3493.6 ], [ 1106.8, 3494.0 ], [ 1105.1, 3493.7 ], [ 1103.9, 3492.9 ], [ 1102.8, 3492.4 ], [ 1101.7, 3493.0 ], [ 1101.3, 3494.5 ], [ 1101.5, 3496.2 ], [ 1102.0, 3497.6 ], [ 1102.4, 3498.5 ], [ 1095.6, 3495.2 ], [ 1094.5, 3495.2 ], [ 1093.6, 3493.3 ], [ 1091.0, 3493.2 ], [ 1087.9, 3494.1 ], [ 1081.1, 3497.9 ], [ 1076.4, 3499.1 ], [ 1071.6, 3498.6 ], [ 1064.1, 3495.4 ], [ 1056.4, 3494.3 ], [ 1055.2, 3494.3 ], [ 1053.9, 3494.7 ], [ 1052.8, 3495.3 ], [ 1052.3, 3496.1 ], [ 1051.5, 3496.6 ], [ 1050.0, 3496.1 ], [ 1048.1, 3494.7 ], [ 1040.0, 3498.7 ], [ 1038.8, 3498.6 ], [ 1038.7, 3500.2 ], [ 1038.8, 3501.0 ], [ 1038.7, 3501.6 ], [ 1037.6, 3502.7 ], [ 1036.5, 3503.6 ], [ 1035.3, 3503.9 ], [ 1028.7, 3505.1 ], [ 1027.4, 3505.8 ], [ 1026.1, 3507.3 ], [ 1022.2, 3513.9 ], [ 1022.2, 3516.0 ], [ 1022.6, 3517.8 ], [ 1022.9, 3519.8 ], [ 1022.2, 3522.6 ], [ 1021.5, 3523.8 ], [ 1019.0, 3526.2 ], [ 1018.6, 3527.7 ], [ 1018.7, 3529.1 ], [ 1018.9, 3530.2 ], [ 1018.9, 3531.0 ], [ 1018.0, 3533.7 ], [ 1016.5, 3535.8 ], [ 1012.6, 3539.3 ], [ 1011.1, 3541.2 ], [ 1008.9, 3546.1 ], [ 1007.5, 3547.9 ], [ 1003.3, 3552.3 ], [ 1002.6, 3553.3 ], [ 1001.4, 3555.9 ], [ 999.5, 3557.1 ], [ 994.8, 3557.6 ], [ 994.6, 3558.7 ], [ 995.7, 3559.7 ], [ 998.8, 3563.8 ], [ 1001.5, 3562.3 ], [ 1002.3, 3563.2 ], [ 1002.1, 3565.2 ], [ 1001.7, 3567.1 ], [ 1000.8, 3568.8 ], [ 999.2, 3570.6 ], [ 996.3, 3572.9 ], [ 992.6, 3575.1 ], [ 990.9, 3576.6 ], [ 990.0, 3578.6 ], [ 989.1, 3581.2 ], [ 987.7, 3583.8 ], [ 985.6, 3587.9 ] ] } },
{ "type": "Feature", "properties": { "name": "Segura", "scalerank": 10, "featurecla": "River", "source": "ne_10m_rivers_europe" }, "geometry": { "type": "LineString", "coordinates": [ [ 1446.1, 3503.3 ], [ 1448.3, 3502.1 ], [ 1451.1, 3499.7 ], [ 1454.8, 3497.5 ], [ 1458.1, 3498.5 ], [ 1459.8, 3496.8 ], [ 1461.8, 3495.3 ], [ 1462.7, 3494.4 ], [ 1464.1, 3492.5 ], [ 1473.0, 3484.2 ], [ 1473.4, 3483.0 ], [ 1473.4, 3481.6 ], [ 1473.2, 3479.7 ], [ 1473.2, 3479.0 ], [ 1473.7, 3478.6 ], [ 1474.3, 3478.2 ], [ 1474.9, 3477.5 ], [ 1475.3, 3476.7 ], [ 1475.7, 3475.8 ], [ 1476.0, 3474.7 ], [ 1476.3, 3473.8 ], [ 1476.4, 3472.7 ], [ 1476.3, 3471.6 ], [ 1478.6, 3469.0 ], [ 1482.5, 3467.4 ], [ 1486.7, 3466.6 ], [ 1490.6, 3464.8 ], [ 1493.9, 3462.8 ], [ 1499.3, 3460.7 ], [ 1502.6, 3458.6 ], [ 1506.2, 3456.8 ], [ 1509.4, 3456.5 ], [ 1513.1, 3456.9 ], [ 1522.7, 3456.4 ], [ 1529.0, 3458.1 ], [ 1533.0, 3458.5 ], [ 1534.6, 3459.6 ], [ 1537.1, 3460.7 ], [ 1545.0, 3461.0 ], [ 1547.4, 3462.8 ], [ 1549.9, 3465.3 ], [ 1553.8, 3467.2 ], [ 1556.4, 3469.8 ], [ 1558.0, 3469.6 ], [ 1558.9, 3468.9 ], [ 1559.8, 3468.6 ], [ 1561.0, 3468.4 ], [ 1561.9, 3468.5 ], [ 1562.7, 3468.8 ], [ 1564.0, 3469.9 ], [ 1564.6, 3470.4 ], [ 1566.7, 3470.3 ], [ 1567.5, 3470.6 ], [ 1568.0, 3471.1 ], [ 1568.5, 3471.7 ], [ 1568.8, 3472.4 ], [ 1568.8, 3473.2 ], [ 1568.8, 3473.9 ], [ 1568.3, 3474.7 ], [ 1568.1, 3475.5 ], [ 1568.1, 3476.3 ], [ 1568.3, 3477.1 ], [ 1568.7, 3479.1 ], [ 1567.1, 3482.9 ], [ 1567.2, 3486.4 ], [ 1571.1, 3488.2 ], [ 1576.9, 3489.3 ], [ 1585.9, 3493.1 ], [ 1591.1, 3493.6 ], [ 1596.6, 3496.1 ], [ 1601.9, 3502.7 ], [ 1606.1, 3509.7 ], [ 1609.0, 3513.2 ], [ 1610.4, 3514.5 ], [ 1611.6, 3517.6 ], [ 1614.7, 3521.1 ], [ 1616.8, 3525.4 ], [ 1618.3, 3530.5 ], [ 1618.6, 3534.5 ], [ 1619.1, 3536.8 ], [ 1621.0, 3537.7 ], [ 1623.3, 3537.9 ], [ 1624.6, 3538.5 ], [ 1626.9, 3539.0 ], [ 1631.6, 3538.8 ], [ 1636.4, 3537.6 ], [ 1639.1, 3535.8 ], [ 1640.5, 3534.1 ], [ 1643.9, 3532.1 ], [ 1646.8, 3529.7 ], [ 1650.4, 3527.5 ], [ 1654.2, 3526.8 ], [ 1657.7, 3527.5 ], [ 1660.4, 3528.8 ], [ 1663.3, 3529.5 ], [ 1670.7, 3528.6 ], [ 1677.4, 3529.9 ], [ 1683.4, 3530.3 ], [ 1689.0, 3531.5 ] ] } },
{ "type": "Feature", "properties": { "name": "Guadalimar", "scalerank": 12, "featurecla": "River", "source": "ne_10m_rivers_europe" }, "geometry": { "type": "LineString", "coordinates": [ [ 1488.4, 3416.5 ], [ 1487.3, 3415.7 ], [ 1486.3, 3414.1 ], [ 1484.0, 3408.5 ], [ 1482.0, 3406.4 ], [ 1478.9, 3405.6 ], [ 1474.7, 3406.0 ], [ 1470.8, 3407.3 ], [ 1465.8, 3410.6 ], [ 1458.9, 3413.8 ], [ 1453.5, 3417.9 ], [ 1446.4, 3421.6 ], [ 1444.2, 3423.2 ], [ 1443.3, 3425.5 ], [ 1441.7, 3426.7 ], [ 1441.3, 3427.2 ], [ 1438.5, 3428.8 ], [ 1436.4, 3429.5 ], [ 1436.4, 3429.5 ], [ 1435.8, 3429.8 ], [ 1435.2, 3430.0 ], [ 1431.5, 3431.3 ], [ 1430.7, 3431.7 ], [ 1429.5, 3432.5 ], [ 1429.2, 3432.8 ], [ 1428.9, 3433.1 ], [ 1428.7, 3433.2 ], [ 1428.0, 3433.4 ], [ 1427.6, 3433.6 ], [ 1426.2, 3436.4 ], [ 1424.4, 3439.0 ], [ 1422.0, 3443.9 ], [ 1417.2, 3449.9 ], [ 1414.0, 3455.6 ], [ 1401.8, 3467.8 ], [ 1398.3, 3469.7 ], [ 1394.6, 3470.7 ], [ 1388.8, 3471.4 ], [ 1381.9, 3473.7 ], [ 1375.7, 3474.0 ], [ 1372.1, 3475.5 ], [ 1367.4, 3473.8 ], [ 1359.8, 3474.5 ], [ 1351.4, 3473.1 ], [ 1343.3, 3475.1 ], [ 1340.3, 3475.0 ], [ 1337.9, 3474.4 ], [ 1335.6, 3474.8 ], [ 1333.8, 3476.3 ], [ 1330.9, 3480.9 ], [ 1328.1, 3482.8 ], [ 1324.8, 3483.9 ], [ 1319.1, 3484.9 ], [ 1315.1, 3486.3 ], [ 1313.4, 3486.3 ], [ 1311.2, 3489.5 ] ] } },
{ "type": "Feature", "properties": { "name": "Guadiana", "scalerank": 7, "featurecla": "River", "source": "ne_10m_rivers_lake_centerlines" }, "geometry": { "type": "LineString", "coordinates": [ [ 1221.2, 3273.0 ], [ 1225.1, 3275.2 ], [ 1228.7, 3279.3 ], [ 1231.3, 3284.1 ], [ 1232.7, 3288.3 ], [ 1232.6, 3289.1 ], [ 1231.5, 3290.4 ], [ 1231.4, 3291.1 ], [ 1231.9, 3291.9 ], [ 1232.6, 3292.2 ], [ 1233.2, 3292.3 ], [ 1233.6, 3292.7 ], [ 1235.5, 3295.9 ], [ 1235.9, 3296.4 ], [ 1238.0, 3297.4 ], [ 1239.5, 3299.2 ], [ 1240.2, 3301.8 ], [ 1239.9, 3304.7 ], [ 1241.0, 3303.8 ], [ 1241.9, 3303.0 ], [ 1243.0, 3305.8 ], [ 1248.6, 3312.7 ], [ 1251.2, 3315.0 ], [ 1254.1, 3316.4 ], [ 1255.6, 3317.8 ], [ 1254.0, 3320.3 ], [ 1262.3, 3320.0 ], [ 1266.6, 3320.7 ], [ 1269.2, 3322.6 ], [ 1270.4, 3324.0 ], [ 1275.4, 3328.1 ], [ 1275.9, 3329.8 ], [ 1277.6, 3331.0 ], [ 1279.8, 3331.4 ], [ 1281.7, 3330.8 ], [ 1286.2, 3333.9 ], [ 1286.9, 3334.6 ], [ 1287.2, 3335.6 ], [ 1288.5, 3339.0 ], [ 1289.0, 3339.8 ], [ 1291.8, 3339.7 ], [ 1297.1, 3337.8 ], [ 1299.5, 3337.6 ], [ 1302.1, 3336.6 ], [ 1303.0, 3333.5 ], [ 1302.9, 3329.9 ], [ 1302.1, 3324.1 ], [ 1302.6, 3321.8 ], [ 1303.9, 3320.1 ], [ 1306.4, 3318.5 ], [ 1311.1, 3317.4 ], [ 1321.6, 3318.6 ], [ 1326.7, 3317.9 ], [ 1333.3, 3314.4 ], [ 1338.0, 3314.2 ], [ 1340.5, 3313.4 ], [ 1349.6, 3307.4 ], [ 1354.6, 3306.2 ], [ 1365.6, 3305.8 ], [ 1373.4, 3303.4 ], [ 1374.8, 3303.4 ], [ 1383.1, 3301.3 ], [ 1384.6, 3299.5 ], [ 1386.1, 3297.3 ], [ 1387.7, 3295.5 ], [ 1389.5, 3294.9 ], [ 1392.2, 3295.1 ], [ 1396.5, 3294.5 ], [ 1399.2, 3294.6 ], [ 1413.0, 3298.1 ] ] } },
{ "type": "Feature", "properties": { "name": "Guadiana", "scalerank": 7, "featurecla": "River", "source": "ne_10m_rivers_lake_centerlines" }, "geometry": { "type": "LineString", "coordinates": [ [ 1121.3, 3289.6 ], [ 1131.7, 3291.5 ], [ 1139.4, 3290.8 ], [ 1142.7, 3289.8 ], [ 1146.3, 3289.3 ], [ 1148.1, 3288.6 ], [ 1151.3, 3284.7 ], [ 1152.8, 3283.6 ], [ 1153.9, 3283.1 ], [ 1159.0, 3282.3 ], [ 1163.1, 3280.9 ], [ 1166.7, 3278.7 ], [ 1170.1, 3276.9 ] ] } },
{ "type": "Feature", "properties": { "name": "Guadiana", "scalerank": 7, "featurecla": "River", "source": "ne_10m_rivers_lake_centerlines" }, "geometry": { "type": "LineString", "coordinates": [ [ 1121.6, 3289.5 ], [ 1116.8, 3288.3 ], [ 1114.5, 3287.4 ], [ 1109.6, 3284.6 ], [ 1094.7, 3280.7 ], [ 1085.9, 3280.3 ], [ 1074.5, 3282.8 ], [ 1066.3, 3287.4 ], [ 1064.4, 3288.2 ], [ 1059.3, 3288.1 ], [ 1051.8, 3283.3 ], [ 1046.8, 3283.2 ], [ 1045.3, 3284.6 ], [ 1042.1, 3289.7 ], [ 1040.7, 3290.6 ], [ 1039.6, 3291.5 ], [ 1037.9, 3293.6 ], [ 1035.8, 3295.7 ], [ 1033.2, 3296.6 ], [ 1028.8, 3294.1 ], [ 1026.0, 3289.0 ], [ 1023.9, 3283.3 ], [ 1021.5, 3278.9 ], [ 1017.3, 3276.7 ], [ 1013.3, 3278.4 ], [ 1009.1, 3281.6 ], [ 1004.3, 3283.8 ], [ 1002.0, 3283.9 ], [ 994.9, 3282.7 ], [ 994.2, 3282.8 ], [ 991.7, 3283.8 ], [ 990.4, 3283.9 ], [ 989.0, 3283.3 ], [ 985.7, 3280.6 ], [ 979.5, 3277.9 ], [ 977.9, 3276.7 ], [ 973.3, 3271.2 ], [ 971.6, 3270.0 ], [ 962.6, 3269.2 ], [ 957.4, 3269.5 ], [ 954.6, 3270.4 ], [ 953.1, 3269.2 ], [ 951.1, 3269.4 ], [ 949.3, 3270.4 ], [ 948.4, 3271.7 ], [ 938.4, 3275.3 ], [ 936.7, 3276.1 ], [ 935.0, 3277.3 ], [ 932.9, 3277.8 ], [ 927.2, 3277.7 ], [ 925.9, 3278.4 ], [ 924.9, 3279.7 ], [ 922.9, 3281.2 ], [ 920.6, 3282.4 ], [ 918.7, 3282.7 ], [ 910.5, 3286.8 ], [ 910.2, 3287.3 ], [ 908.8, 3289.1 ], [ 908.2, 3290.1 ], [ 906.3, 3295.0 ], [ 905.3, 3298.4 ], [ 905.1, 3300.0 ], [ 905.0, 3301.2 ], [ 905.4, 3302.3 ], [ 906.1, 3302.9 ], [ 906.7, 3303.6 ], [ 906.8, 3304.9 ], [ 905.7, 3306.8 ], [ 899.3, 3312.8 ], [ 895.6, 3319.9 ], [ 894.0, 3321.4 ], [ 895.0, 3323.7 ], [ 894.5, 3325.4 ], [ 893.0, 3326.8 ], [ 890.9, 3328.2 ], [ 887.5, 3330.7 ], [ 886.0, 3332.0 ], [ 884.6, 3334.3 ], [ 883.7, 3338.9 ], [ 883.1, 3339.4 ], [ 882.1, 3339.3 ], [ 880.8, 3339.3 ], [ 879.7, 3339.6 ], [ 879.1, 3340.0 ], [ 876.7, 3351.3 ], [ 875.7, 3353.9 ], [ 874.4, 3355.9 ], [ 870.6, 3356.8 ], [ 868.2, 3358.4 ], [ 866.1, 3360.6 ], [ 863.8, 3365.6 ], [ 862.0, 3366.2 ], [ 855.3, 3364.2 ], [ 853.1, 3364.0 ], [ 851.4, 3364.8 ], [ 849.2, 3368.8 ], [ 844.9, 3371.6 ], [ 843.0, 3373.3 ], [ 844.2, 3378.5 ], [ 842.1, 3384.3 ], [ 837.1, 3393.6 ], [ 837.3, 3396.8 ], [ 839.5, 3402.7 ], [ 839.6, 3405.5 ], [ 838.0, 3417.6 ], [ 836.3, 3421.6 ], [ 835.9, 3422.9 ], [ 835.1, 3427.2 ], [ 834.1, 3430.2 ], [ 831.6, 3434.6 ], [ 830.4, 3437.5 ], [ 829.8, 3440.7 ], [ 830.0, 3443.8 ], [ 831.0, 3446.3 ], [ 835.1, 3449.0 ], [ 836.3, 3451.1 ], [ 837.2, 3453.5 ], [ 838.7, 3455.6 ], [ 839.7, 3456.4 ], [ 840.8, 3457.1 ], [ 842.0, 3457.5 ], [ 843.4, 3457.8 ], [ 843.6, 3460.0 ], [ 843.5, 3461.0 ], [ 843.6, 3461.9 ], [ 844.3, 3463.9 ], [ 845.0, 3465.1 ], [ 846.8, 3467.3 ], [ 847.2, 3468.3 ], [ 847.5, 3471.4 ], [ 847.5, 3475.2 ], [ 847.1, 3478.6 ], [ 846.5, 3480.2 ], [ 847.6, 3485.4 ], [ 846.1, 3497.6 ], [ 846.3, 3502.8 ], [ 845.0, 3504.9 ], [ 844.9, 3508.4 ], [ 845.4, 3515.5 ] ] } },
{ "type": "Feature", "properties": { "name": null, "scalerank": 11, "featurecla": "River", "source": "ne_10m_rivers_europe" }, "geometry": { "type": "LineString", "coordinates": [ [ 1500.9, 3362.2 ], [ 1500.6, 3355.4 ], [ 1501.0, 3352.8 ], [ 1501.0, 3350.4 ], [ 1499.3, 3345.6 ], [ 1499.4, 3343.7 ], [ 1501.1, 3341.7 ], [ 1504.1, 3339.0 ], [ 1508.5, 3336.6 ], [ 1513.3, 3335.2 ], [ 1518.2, 3335.3 ], [ 1526.7, 3337.8 ], [ 1531.0, 3337.8 ], [ 1531.8, 3339.4 ], [ 1532.6, 3341.8 ], [ 1535.5, 3346.9 ], [ 1537.1, 3353.0 ], [ 1538.8, 3355.5 ], [ 1541.2, 3357.1 ], [ 1546.5, 3358.5 ], [ 1551.4, 3361.8 ], [ 1559.1, 3365.0 ], [ 1562.6, 3367.1 ], [ 1565.9, 3368.3 ], [ 1569.5, 3367.9 ], [ 1572.8, 3366.0 ], [ 1578.3, 3362.1 ], [ 1586.4, 3359.2 ], [ 1591.5, 3356.0 ], [ 1597.0, 3351.9 ] ] } },
{ "type": "Feature", "properties": { "name": "Sado", "scalerank": 11, "featurecla": "River", "source": "ne_10m_rivers_europe" }, "geometry": { "type": "LineString", "coordinates": [ [ 778.6, 3397.7 ], [ 783.6, 3399.3 ], [ 787.0, 3399.7 ], [ 790.3, 3399.3 ], [ 792.5, 3398.0 ], [ 793.6, 3395.9 ], [ 794.0, 3393.6 ], [ 793.4, 3390.9 ], [ 792.0, 3387.8 ], [ 790.0, 3385.3 ], [ 787.9, 3384.1 ], [ 785.9, 3383.5 ], [ 781.9, 3381.1 ], [ 775.7, 3380.5 ], [ 772.6, 3378.6 ], [ 769.5, 3376.1 ], [ 762.1, 3371.8 ], [ 758.2, 3368.6 ], [ 756.0, 3365.0 ], [ 756.1, 3361.9 ], [ 756.9, 3359.4 ], [ 755.4, 3357.6 ], [ 755.2, 3356.0 ], [ 755.2, 3355.1 ], [ 755.3, 3354.3 ], [ 755.8, 3353.4 ], [ 756.2, 3352.6 ], [ 756.8, 3351.7 ], [ 757.3, 3350.7 ], [ 758.2, 3349.5 ], [ 759.1, 3349.7 ], [ 759.6, 3350.2 ], [ 760.3, 3350.6 ], [ 760.9, 3350.7 ], [ 761.4, 3350.2 ], [ 761.8, 3349.7 ], [ 762.7, 3348.5 ], [ 763.0, 3347.7 ], [ 763.2, 3347.0 ], [ 763.4, 3346.3 ], [ 763.8, 3345.8 ], [ 764.8, 3345.6 ], [ 766.0, 3343.8 ], [ 769.3, 3339.3 ], [ 770.1, 3337.1 ], [ 769.4, 3335.6 ], [ 769.1, 3332.8 ], [ 768.5, 3330.0 ], [ 767.0, 3328.1 ], [ 765.0, 3326.4 ], [ 761.5, 3321.1 ], [ 759.8, 3319.0 ], [ 758.1, 3318.0 ], [ 755.1, 3317.4 ], [ 753.9, 3316.1 ], [ 753.5, 3313.7 ], [ 753.9, 3310.5 ], [ 753.7, 3307.4 ], [ 751.8, 3305.2 ], [ 749.5, 3303.2 ], [ 748.5, 3300.6 ], [ 746.8, 3298.2 ], [ 742.3, 3296.7 ] ] } },
{ "type": "Feature", "properties": { "name": "Zújar", "scalerank": 11, "featurecla": "River", "source": "ne_10m_rivers_europe" }, "geometry": { "type": "LineString", "coordinates": [ [ 1172.1, 3341.4 ], [ 1171.9, 3342.9 ], [ 1170.4, 3345.1 ], [ 1168.7, 3346.1 ], [ 1165.9, 3348.9 ], [ 1164.2, 3349.7 ], [ 1160.6, 3349.7 ], [ 1158.1, 3349.2 ], [ 1158.1, 3349.2 ], [ 1157.6, 3350.1 ], [ 1157.2, 3350.9 ], [ 1156.5, 3351.5 ], [ 1152.8, 3351.8 ], [ 1146.7, 3354.5 ], [ 1142.2, 3357.0 ], [ 1141.5, 3357.7 ], [ 1140.9, 3358.2 ], [ 1140.4, 3358.7 ], [ 1140.0, 3359.3 ], [ 1139.8, 3360.0 ], [ 1139.3, 3360.6 ], [ 1138.7, 3360.7 ], [ 1138.0, 3360.6 ], [ 1136.6, 3360.0 ], [ 1134.2, 3359.5 ], [ 1132.6, 3359.5 ], [ 1130.2, 3361.0 ], [ 1129.3, 3361.6 ], [ 1128.0, 3363.1 ], [ 1127.1, 3363.8 ], [ 1126.5, 3364.6 ], [ 1126.0, 3365.3 ], [ 1125.7, 3366.3 ], [ 1125.1, 3367.2 ], [ 1123.9, 3368.4 ], [ 1119.8, 3370.0 ], [ 1119.8, 3370.1 ], [ 1117.7, 3371.3 ], [ 1116.9, 3372.1 ], [ 1115.3, 3373.9 ], [ 1114.3, 3374.5 ], [ 1112.2, 3374.7 ], [ 1106.3, 3376.5 ], [ 1104.5, 3377.5 ], [ 1103.5, 3378.4 ], [ 1102.1, 3381.4 ], [ 1101.9, 3382.1 ], [ 1101.8, 3382.9 ], [ 1102.1, 3383.7 ], [ 1102.9, 3385.1 ], [ 1103.1, 3385.9 ], [ 1103.1, 3386.6 ], [ 1102.9, 3387.4 ], [ 1102.3, 3389.0 ], [ 1101.9, 3389.7 ], [ 1101.4, 3391.2 ], [ 1101.2, 3391.9 ], [ 1101.5, 3392.6 ], [ 1101.9, 3393.3 ], [ 1102.4, 3394.0 ], [ 1102.8, 3394.7 ], [ 1103.1, 3395.5 ], [ 1103.2, 3396.2 ], [ 1103.4, 3398.1 ], [ 1103.5, 3398.8 ], [ 1103.7, 3399.7 ], [ 1103.9, 3400.6 ], [ 1104.7, 3402.9 ], [ 1104.8, 3403.5 ], [ 1104.5, 3404.6 ] ] } },
{ "type": "Feature", "properties": { "name": "Zújar", "scalerank": 11, "featurecla": "River", "source": "ne_10m_rivers_europe" }, "geometry": { "type": "LineString", "coordinates": [ [ 1094.7, 3280.7 ], [ 1099.1, 3286.1 ], [ 1102.4, 3288.0 ], [ 1107.8, 3289.0 ], [ 1109.9, 3289.8 ], [ 1114.9, 3294.9 ], [ 1117.4, 3298.2 ], [ 1119.0, 3300.9 ], [ 1120.6, 3302.9 ], [ 1123.4, 3304.5 ], [ 1126.7, 3305.1 ], [ 1129.0, 3304.7 ] ] } },
{ "type": "Feature", "properties": { "name": "Zújar", "scalerank": 11, "featurecla": "Lake Centerline", "source": "ne_10m_rivers_europe" }, "geometry": { "type": "LineString", "coordinates": [ [ 1129.0, 3304.7 ], [ 1129.6, 3304.6 ], [ 1132.2, 3304.6 ], [ 1137.5, 3308.6 ], [ 1140.5, 3309.5 ], [ 1143.2, 3309.1 ], [ 1146.8, 3307.1 ], [ 1154.1, 3308.5 ], [ 1157.0, 3309.5 ], [ 1159.6, 3312.0 ], [ 1162.7, 3315.9 ], [ 1166.8, 3320.2 ], [ 1170.7, 3323.6 ], [ 1174.9, 3326.0 ], [ 1176.2, 3327.4 ], [ 1176.2, 3329.3 ], [ 1173.4, 3334.1 ], [ 1172.1, 3341.4 ] ] } },
{ "type": "Feature", "properties": { "name": "Júcar", "scalerank": 10, "featurecla": "River", "source": "ne_10m_rivers_europe" }, "geometry": { "type": "LineString", "coordinates": [ [ 1542.8, 3278.1 ], [ 1544.0, 3280.2 ], [ 1545.7, 3281.9 ], [ 1547.4, 3284.4 ], [ 1548.3, 3287.9 ], [ 1547.9, 3291.4 ], [ 1545.1, 3296.2 ], [ 1541.5, 3309.0 ], [ 1541.2, 3311.5 ], [ 1542.9, 3319.2 ], [ 1544.8, 3330.5 ], [ 1546.2, 3334.5 ], [ 1548.2, 3337.3 ], [ 1550.8, 3340.0 ], [ 1554.8, 3342.1 ], [ 1564.8, 3344.4 ], [ 1567.4, 3345.7 ], [ 1569.5, 3347.4 ], [ 1573.1, 3349.6 ], [ 1577.2, 3350.9 ], [ 1580.3, 3350.9 ], [ 1582.5, 3350.6 ], [ 1586.6, 3351.8 ], [ 1594.3, 3351.3 ], [ 1598.3, 3351.8 ], [ 1603.9, 3350.4 ], [ 1608.9, 3350.5 ], [ 1613.6, 3348.9 ], [ 1621.8, 3349.5 ], [ 1627.4, 3349.5 ], [ 1634.3, 3350.0 ], [ 1649.3, 3353.8 ], [ 1655.0, 3354.7 ], [ 1659.0, 3354.0 ], [ 1662.3, 3351.9 ], [ 1664.5, 3350.1 ], [ 1666.2, 3349.8 ], [ 1668.6, 3350.3 ], [ 1672.5, 3350.2 ], [ 1676.4, 3349.4 ], [ 1680.9, 3347.0 ], [ 1683.9, 3346.1 ], [ 1688.5, 3347.0 ], [ 1694.2, 3350.2 ], [ 1699.9, 3355.7 ], [ 1704.5, 3362.2 ], [ 1707.6, 3368.7 ], [ 1710.9, 3377.7 ], [ 1712.5, 3379.9 ], [ 1714.8, 3380.9 ], [ 1718.0, 3381.7 ], [ 1720.6, 3382.0 ], [ 1721.7, 3381.7 ], [ 1723.3, 3380.0 ], [ 1736.0, 3369.7 ], [ 1739.3, 3367.6 ], [ 1742.9, 3366.4 ], [ 1746.4, 3366.5 ], [ 1748.9, 3367.5 ], [ 1750.6, 3369.3 ], [ 1752.6, 3372.3 ], [ 1754.7, 3371.9 ], [ 1757.1, 3374.9 ] ] } },
{ "type": "Feature", "properties": { "name": "Júcar", "scalerank": 10, "featurecla": "River", "source": "ne_10m_rivers_europe" }, "geometry": { "type": "LineString", "coordinates": [ [ 1595.8, 3175.1 ], [ 1592.0, 3179.5 ], [ 1590.3, 3182.4 ], [ 1588.4, 3184.8 ], [ 1585.8, 3185.8 ], [ 1582.6, 3185.7 ], [ 1579.3, 3185.1 ], [ 1576.1, 3183.2 ], [ 1573.1, 3180.1 ], [ 1569.8, 3177.6 ], [ 1565.9, 3177.4 ], [ 1562.1, 3179.5 ], [ 1559.1, 3182.6 ], [ 1556.8, 3186.5 ], [ 1555.2, 3190.1 ], [ 1554.2, 3193.5 ], [ 1553.3, 3199.3 ], [ 1552.4, 3201.3 ], [ 1550.6, 3202.1 ], [ 1545.9, 3201.4 ], [ 1545.0, 3202.6 ], [ 1544.3, 3204.1 ], [ 1540.5, 3206.2 ], [ 1537.8, 3209.6 ], [ 1535.6, 3213.6 ], [ 1534.4, 3216.6 ], [ 1534.6, 3218.8 ], [ 1535.4, 3220.8 ], [ 1535.6, 3222.8 ], [ 1532.5, 3227.6 ], [ 1531.4, 3231.1 ], [ 1530.6, 3235.0 ], [ 1527.8, 3242.1 ], [ 1526.8, 3245.6 ], [ 1526.6, 3249.2 ], [ 1527.4, 3253.1 ], [ 1528.3, 3255.1 ] ] } },
{ "type": "Feature", "properties": { "name": "Cabriel", "scalerank": 12, "featurecla": "River", "source": "ne_10m_rivers_europe" }, "geometry": { "type": "LineString", "coordinates": [ [ 1624.1, 3191.0 ], [ 1625.9, 3199.1 ], [ 1627.4, 3203.5 ], [ 1626.4, 3207.4 ], [ 1626.2, 3214.3 ], [ 1625.3, 3218.7 ], [ 1623.9, 3222.0 ], [ 1622.7, 3223.4 ], [ 1620.7, 3224.2 ], [ 1617.6, 3226.5 ], [ 1614.0, 3228.0 ], [ 1607.9, 3226.1 ], [ 1605.5, 3227.3 ], [ 1603.7, 3229.0 ], [ 1601.4, 3229.6 ], [ 1599.6, 3230.8 ], [ 1597.7, 3233.2 ], [ 1596.4, 3236.1 ], [ 1596.1, 3239.4 ], [ 1596.6, 3242.6 ], [ 1597.6, 3244.7 ], [ 1600.1, 3245.6 ], [ 1602.2, 3247.5 ], [ 1603.9, 3250.5 ], [ 1604.5, 3253.7 ], [ 1605.1, 3264.5 ], [ 1606.1, 3269.9 ], [ 1607.2, 3272.4 ], [ 1608.1, 3273.7 ], [ 1609.1, 3279.0 ], [ 1611.9, 3281.6 ], [ 1613.9, 3285.3 ], [ 1615.4, 3289.7 ], [ 1615.5, 3291.0 ], [ 1616.3, 3293.0 ], [ 1615.5, 3294.5 ], [ 1615.3, 3295.0 ], [ 1615.1, 3295.6 ], [ 1615.2, 3296.1 ], [ 1615.4, 3296.6 ], [ 1615.5, 3297.2 ], [ 1615.5, 3297.3 ], [ 1615.4, 3297.6 ], [ 1615.0, 3298.4 ], [ 1614.8, 3299.1 ], [ 1614.7, 3299.8 ], [ 1614.7, 3300.6 ], [ 1614.4, 3302.0 ], [ 1614.6, 3302.6 ], [ 1614.7, 3302.7 ], [ 1614.8, 3302.9 ], [ 1614.8, 3303.2 ], [ 1614.4, 3303.5 ], [ 1613.9, 3303.9 ], [ 1613.6, 3304.5 ], [ 1613.4, 3306.2 ], [ 1612.3, 3308.6 ], [ 1611.5, 3309.6 ], [ 1611.4, 3310.5 ], [ 1611.4, 3311.3 ], [ 1611.6, 3312.0 ], [ 1612.0, 3312.7 ], [ 1612.4, 3313.1 ], [ 1613.0, 3314.5 ], [ 1614.6, 3315.1 ], [ 1614.8, 3315.8 ], [ 1615.0, 3316.7 ], [ 1615.5, 3317.3 ], [ 1616.3, 3317.8 ], [ 1616.5, 3318.3 ], [ 1616.7, 3319.0 ], [ 1617.8, 3319.5 ], [ 1618.1, 3320.2 ], [ 1618.1, 3320.9 ], [ 1618.1, 3321.9 ], [ 1618.2, 3322.8 ], [ 1618.4, 3323.9 ], [ 1619.0, 3324.1 ], [ 1619.6, 3324.0 ], [ 1620.7, 3324.3 ], [ 1621.4, 3324.2 ], [ 1622.1, 3323.9 ], [ 1623.2, 3324.0 ], [ 1625.6, 3325.3 ], [ 1630.5, 3329.6 ], [ 1631.7, 3330.4 ], [ 1632.6, 3330.5 ], [ 1633.9, 3330.8 ], [ 1649.0, 3338.2 ], [ 1652.2, 3337.7 ], [ 1655.2, 3339.9 ], [ 1657.3, 3342.8 ], [ 1660.0, 3348.6 ], [ 1661.2, 3349.6 ], [ 1662.5, 3349.6 ] ] } },
{ "type": "Feature", "properties": { "name": "Júcar", "scalerank": 10, "featurecla": "Lake Centerline", "source": "ne_10m_rivers_europe" }, "geometry": { "type": "LineString", "coordinates": [ [ 1528.3, 3255.1 ], [ 1528.9, 3256.4 ], [ 1531.7, 3261.3 ], [ 1533.5, 3265.3 ], [ 1536.0, 3269.8 ], [ 1541.7, 3276.0 ], [ 1542.8, 3278.1 ] ] } },
{ "type": "Feature", "properties": { "name": "Guadiana", "scalerank": 7, "featurecla": "Lake Centerline", "source": "ne_10m_rivers_lake_centerlines" }, "geometry": { "type": "LineString", "coordinates": [ [ 1221.1, 3273.0 ], [ 1219.3, 3271.3 ], [ 1216.1, 3268.7 ], [ 1213.8, 3265.9 ], [ 1212.0, 3261.1 ], [ 1211.3, 3257.1 ], [ 1208.0, 3252.9 ], [ 1203.2, 3248.7 ], [ 1200.8, 3246.8 ], [ 1198.5, 3245.9 ], [ 1195.9, 3246.0 ], [ 1194.9, 3247.2 ], [ 1195.0, 3249.5 ], [ 1194.8, 3250.2 ], [ 1193.9, 3253.1 ], [ 1191.7, 3256.1 ], [ 1188.8, 3258.6 ], [ 1185.5, 3261.1 ], [ 1185.3, 3261.2 ], [ 1182.9, 3262.3 ], [ 1179.3, 3263.5 ], [ 1175.4, 3265.2 ], [ 1173.2, 3267.4 ], [ 1171.6, 3270.3 ], [ 1170.9, 3272.7 ], [ 1170.1, 3276.9 ] ] } },
{ "type": "Feature", "properties": { "name": "Zncara", "scalerank": 7, "featurecla": "River", "source": "ne_10m_rivers_lake_centerlines" }, "geometry": { "type": "LineString", "coordinates": [ [ 1521.9, 3203.8 ], [ 1517.0, 3204.2 ], [ 1512.3, 3205.9 ], [ 1508.4, 3211.6 ], [ 1506.4, 3213.4 ], [ 1504.3, 3219.0 ], [ 1502.5, 3220.3 ], [ 1500.5, 3220.8 ], [ 1498.6, 3221.9 ], [ 1497.3, 3223.7 ], [ 1496.5, 3226.2 ], [ 1495.4, 3232.5 ], [ 1494.3, 3234.0 ], [ 1489.3, 3238.3 ], [ 1487.6, 3240.3 ], [ 1486.7, 3242.8 ], [ 1486.9, 3247.8 ], [ 1486.7, 3251.4 ], [ 1487.3, 3253.6 ], [ 1490.8, 3258.2 ], [ 1492.0, 3260.3 ], [ 1491.9, 3266.0 ], [ 1487.9, 3275.6 ], [ 1488.5, 3280.6 ], [ 1488.3, 3282.4 ], [ 1485.7, 3287.6 ], [ 1485.0, 3290.1 ], [ 1485.1, 3293.0 ], [ 1485.5, 3295.7 ], [ 1485.4, 3298.5 ], [ 1484.0, 3301.7 ], [ 1480.2, 3303.8 ], [ 1476.5, 3305.2 ], [ 1472.3, 3305.7 ], [ 1462.6, 3304.6 ], [ 1460.5, 3303.8 ], [ 1459.1, 3301.3 ], [ 1454.9, 3295.7 ], [ 1451.2, 3297.8 ], [ 1445.7, 3297.8 ], [ 1429.8, 3295.2 ], [ 1417.8, 3297.9 ], [ 1413.0, 3298.1 ] ] } },
{ "type": "Feature", "properties": { "name": "Turia", "scalerank": 11, "featurecla": "River", "source": "ne_10m_rivers_europe" }, "geometry": { "type": "LineString", "coordinates": [ [ 1726.3, 3173.1 ], [ 1724.9, 3168.7 ], [ 1724.1, 3163.1 ], [ 1723.1, 3157.6 ], [ 1721.6, 3152.9 ], [ 1718.7, 3146.6 ], [ 1718.4, 3144.3 ], [ 1717.4, 3141.9 ], [ 1714.3, 3139.0 ], [ 1710.9, 3136.9 ], [ 1708.9, 3136.6 ], [ 1707.4, 3137.4 ], [ 1705.1, 3137.9 ], [ 1702.3, 3139.4 ], [ 1699.5, 3142.6 ], [ 1696.9, 3146.2 ], [ 1693.1, 3150.4 ], [ 1692.5, 3152.8 ], [ 1692.3, 3155.7 ], [ 1691.5, 3158.5 ], [ 1689.7, 3161.3 ], [ 1685.0, 3167.2 ], [ 1683.0, 3171.4 ], [ 1678.5, 3176.6 ], [ 1677.8, 3178.6 ], [ 1677.5, 3180.8 ], [ 1676.0, 3184.2 ], [ 1673.4, 3188.1 ], [ 1666.5, 3196.1 ], [ 1661.7, 3202.9 ], [ 1657.7, 3209.7 ], [ 1655.6, 3214.5 ], [ 1654.7, 3217.1 ], [ 1653.5, 3218.6 ], [ 1652.9, 3220.1 ], [ 1653.8, 3225.2 ], [ 1653.3, 3227.1 ], [ 1652.4, 3228.8 ], [ 1652.2, 3230.9 ], [ 1652.7, 3233.1 ], [ 1653.7, 3235.2 ], [ 1655.1, 3236.7 ], [ 1657.6, 3237.9 ], [ 1659.1, 3242.2 ], [ 1661.1, 3246.7 ], [ 1662.8, 3251.7 ], [ 1663.1, 3259.4 ], [ 1665.9, 3266.2 ], [ 1667.9, 3273.4 ], [ 1669.9, 3276.3 ], [ 1672.3, 3277.6 ], [ 1676.3, 3276.8 ], [ 1679.1, 3279.5 ], [ 1684.6, 3280.2 ], [ 1685.7, 3281.4 ], [ 1686.6, 3283.0 ], [ 1688.5, 3284.3 ], [ 1690.3, 3285.9 ], [ 1690.7, 3288.3 ], [ 1690.8, 3291.2 ], [ 1691.9, 3294.2 ], [ 1693.9, 3296.3 ], [ 1696.2, 3296.8 ], [ 1699.2, 3296.7 ], [ 1702.8, 3296.9 ], [ 1706.1, 3297.7 ], [ 1709.8, 3299.4 ], [ 1712.4, 3299.5 ], [ 1715.9, 3300.6 ], [ 1719.9, 3303.7 ], [ 1724.1, 3307.5 ], [ 1732.1, 3313.4 ], [ 1736.8, 3317.8 ], [ 1740.8, 3322.4 ], [ 1744.4, 3327.9 ], [ 1746.3, 3329.5 ], [ 1752.8, 3333.2 ] ] } },
{ "type": "Feature", "properties": { "name": "Sorraia", "scalerank": 10, "featurecla": "River", "source": "ne_10m_rivers_europe" }, "geometry": { "type": "LineString", "coordinates": [ [ 913.2, 3257.4 ], [ 904.6, 3254.1 ], [ 901.4, 3252.1 ], [ 899.2, 3249.6 ], [ 896.3, 3242.9 ], [ 893.2, 3236.6 ], [ 893.0, 3235.1 ], [ 891.4, 3233.3 ], [ 886.8, 3229.9 ], [ 880.8, 3226.3 ], [ 876.2, 3224.4 ], [ 873.2, 3224.2 ], [ 869.4, 3225.8 ], [ 866.1, 3225.5 ], [ 864.1, 3226.0 ], [ 861.2, 3225.8 ], [ 849.4, 3219.5 ], [ 846.4, 3219.3 ], [ 843.5, 3220.4 ], [ 840.5, 3222.1 ], [ 837.5, 3223.4 ], [ 835.0, 3224.0 ], [ 833.4, 3223.9 ], [ 832.6, 3224.6 ], [ 831.5, 3229.9 ], [ 830.3, 3232.1 ], [ 827.7, 3233.0 ], [ 823.9, 3232.4 ], [ 820.5, 3230.8 ], [ 817.6, 3227.9 ], [ 811.6, 3227.5 ], [ 808.9, 3225.9 ], [ 807.1, 3223.5 ], [ 806.0, 3221.2 ], [ 804.9, 3219.8 ], [ 800.6, 3218.7 ], [ 797.4, 3216.7 ], [ 793.0, 3214.6 ], [ 787.6, 3213.7 ], [ 782.0, 3214.0 ], [ 777.3, 3214.7 ], [ 769.6, 3217.5 ], [ 765.9, 3218.0 ], [ 761.8, 3217.1 ], [ 757.5, 3215.2 ], [ 752.8, 3213.7 ], [ 748.9, 3211.9 ], [ 744.1, 3208.0 ], [ 740.6, 3206.8 ], [ 738.1, 3205.4 ], [ 735.6, 3204.5 ], [ 733.8, 3205.1 ], [ 732.2, 3206.3 ], [ 730.0, 3207.1 ], [ 727.5, 3208.6 ], [ 722.3, 3215.5 ], [ 718.4, 3219.3 ], [ 715.0, 3221.2 ] ] } },
{ "type": "Feature", "properties": { "name": "Mijares", "scalerank": 10, "featurecla": "River", "source": "ne_10m_rivers_europe" }, "geometry": { "type": "LineString", "coordinates": [ [ 1712.7, 3170.7 ], [ 1710.3, 3170.4 ], [ 1708.8, 3171.3 ], [ 1707.8, 3175.0 ], [ 1704.9, 3179.4 ], [ 1703.8, 3182.1 ], [ 1703.4, 3184.5 ], [ 1703.8, 3186.2 ], [ 1705.2, 3189.8 ], [ 1709.7, 3204.6 ], [ 1712.5, 3210.0 ], [ 1716.0, 3213.7 ], [ 1720.5, 3217.2 ], [ 1725.1, 3219.5 ], [ 1731.4, 3221.0 ], [ 1734.2, 3222.6 ], [ 1742.7, 3230.9 ], [ 1745.1, 3231.7 ], [ 1746.9, 3232.0 ], [ 1750.1, 3234.2 ], [ 1754.6, 3235.1 ], [ 1758.1, 3237.6 ], [ 1764.3, 3241.2 ], [ 1766.3, 3243.1 ], [ 1768.2, 3244.3 ], [ 1774.3, 3244.9 ], [ 1779.8, 3250.1 ], [ 1790.9, 3256.4 ], [ 1796.2, 3261.0 ], [ 1799.3, 3263.7 ] ] } },
{ "type": "Feature", "properties": { "name": "Tejo", "scalerank": 5, "featurecla": "River", "source": "ne_10m_rivers_lake_centerlines" }, "geometry": { "type": "LineString", "coordinates": [ [ 958.1, 3148.6 ], [ 950.3, 3147.8 ], [ 946.7, 3146.8 ], [ 944.5, 3144.7 ], [ 942.3, 3144.8 ], [ 937.7, 3143.6 ], [ 935.4, 3143.6 ], [ 933.4, 3143.9 ], [ 931.7, 3144.0 ], [ 905.8, 3136.6 ], [ 903.3, 3136.9 ], [ 901.1, 3137.8 ], [ 899.2, 3139.0 ], [ 896.1, 3140.4 ], [ 894.3, 3139.6 ], [ 892.5, 3138.1 ], [ 889.9, 3137.2 ], [ 887.7, 3138.2 ], [ 885.7, 3140.3 ], [ 884.1, 3142.4 ], [ 883.1, 3143.3 ], [ 880.7, 3143.6 ], [ 878.3, 3145.2 ], [ 876.1, 3147.2 ], [ 874.1, 3148.6 ], [ 871.2, 3149.4 ], [ 870.4, 3149.9 ], [ 867.5, 3152.0 ], [ 866.9, 3152.4 ], [ 865.3, 3152.6 ], [ 860.8, 3154.5 ], [ 859.2, 3154.9 ], [ 849.3, 3152.4 ], [ 847.1, 3152.3 ], [ 842.2, 3152.6 ], [ 839.6, 3152.2 ], [ 837.4, 3151.3 ], [ 834.2, 3149.1 ], [ 831.7, 3148.1 ], [ 830.5, 3148.0 ], [ 829.4, 3148.1 ], [ 827.4, 3148.7 ], [ 825.3, 3149.3 ], [ 824.1, 3149.4 ], [ 822.6, 3149.2 ], [ 821.3, 3148.7 ], [ 819.9, 3147.7 ], [ 818.9, 3147.2 ], [ 807.6, 3143.9 ], [ 800.0, 3144.1 ], [ 797.1, 3144.7 ], [ 795.5, 3146.3 ], [ 794.5, 3148.8 ], [ 792.7, 3151.3 ], [ 790.6, 3153.4 ], [ 788.5, 3154.9 ], [ 771.8, 3161.7 ], [ 770.1, 3162.9 ], [ 767.4, 3166.3 ], [ 765.6, 3168.1 ], [ 764.5, 3168.9 ], [ 762.3, 3169.9 ], [ 761.2, 3170.8 ], [ 760.5, 3172.0 ], [ 758.2, 3176.6 ], [ 746.7, 3190.0 ] ] } },
{ "type": "Feature", "properties": { "name": "Tiétar", "scalerank": 10, "featurecla": "Lake Centerline", "source": "ne_10m_rivers_europe" }, "geometry": { "type": "LineString", "coordinates": [ [ 1098.7, 3153.0 ], [ 1097.7, 3154.2 ] ] } },
{ "type": "Feature", "properties": { "name": "Tajo", "scalerank": 5, "featurecla": "River", "source": "ne_10m_rivers_lake_centerlines" }, "geometry": { "type": "LineString", "coordinates": [ [ 1618.4, 3138.8 ], [ 1620.8, 3137.5 ], [ 1622.0, 3134.4 ], [ 1622.7, 3130.5 ], [ 1623.8, 3127.0 ], [ 1624.3, 3123.5 ], [ 1623.4, 3119.3 ], [ 1622.1, 3114.8 ], [ 1621.4, 3110.6 ], [ 1620.2, 3106.9 ], [ 1617.7, 3103.5 ], [ 1614.1, 3100.9 ], [ 1606.0, 3097.8 ], [ 1602.2, 3095.6 ], [ 1599.4, 3093.1 ], [ 1597.9, 3090.6 ], [ 1597.2, 3088.7 ], [ 1596.1, 3087.7 ], [ 1594.3, 3087.7 ], [ 1589.1, 3089.8 ], [ 1586.3, 3090.6 ], [ 1579.5, 3090.5 ], [ 1573.1, 3089.3 ], [ 1570.9, 3089.1 ], [ 1564.3, 3090.4 ], [ 1556.3, 3089.1 ], [ 1548.2, 3088.7 ], [ 1546.1, 3088.9 ], [ 1544.5, 3089.8 ], [ 1543.2, 3090.8 ], [ 1541.1, 3091.6 ], [ 1538.4, 3094.2 ], [ 1537.1, 3095.1 ], [ 1536.0, 3095.4 ], [ 1534.1, 3095.3 ], [ 1533.1, 3095.4 ], [ 1532.2, 3095.8 ], [ 1530.3, 3097.1 ], [ 1526.2, 3096.9 ], [ 1519.1, 3095.5 ], [ 1515.4, 3095.9 ] ] } },
{ "type": "Feature", "properties": { "name": "Tajo", "scalerank": 5, "featurecla": "River", "source": "ne_10m_rivers_lake_centerlines" }, "geometry": { "type": "LineString", "coordinates": [ [ 1184.1, 3177.1 ], [ 1192.0, 3178.0 ], [ 1193.6, 3178.8 ], [ 1195.8, 3181.5 ], [ 1197.1, 3182.2 ], [ 1203.4, 3183.6 ], [ 1206.5, 3183.6 ], [ 1209.1, 3182.5 ], [ 1216.9, 3173.9 ], [ 1218.8, 3172.6 ], [ 1220.2, 3172.2 ], [ 1227.4, 3167.3 ], [ 1230.6, 3164.1 ], [ 1231.7, 3163.3 ], [ 1234.3, 3162.9 ], [ 1236.9, 3163.1 ], [ 1241.0, 3164.1 ], [ 1242.4, 3163.9 ], [ 1244.5, 3162.3 ], [ 1246.1, 3161.9 ], [ 1246.4, 3162.3 ], [ 1254.9, 3169.5 ], [ 1256.5, 3170.4 ], [ 1258.2, 3171.0 ], [ 1262.6, 3173.7 ], [ 1269.8, 3180.3 ], [ 1271.0, 3182.3 ], [ 1272.2, 3185.2 ], [ 1273.3, 3186.8 ], [ 1274.9, 3187.6 ], [ 1277.9, 3188.5 ], [ 1281.6, 3190.9 ], [ 1285.0, 3194.0 ], [ 1288.6, 3195.6 ], [ 1292.7, 3193.4 ], [ 1292.2, 3193.1 ], [ 1291.8, 3192.5 ], [ 1291.3, 3192.1 ], [ 1291.5, 3191.2 ], [ 1294.4, 3188.5 ], [ 1295.9, 3190.5 ], [ 1296.5, 3191.6 ], [ 1297.4, 3191.9 ], [ 1303.8, 3191.4 ], [ 1304.8, 3190.7 ], [ 1306.7, 3189.0 ], [ 1307.2, 3188.7 ], [ 1316.6, 3190.9 ], [ 1321.5, 3193.1 ], [ 1323.8, 3196.1 ], [ 1325.2, 3195.5 ], [ 1326.3, 3195.2 ], [ 1330.6, 3194.8 ], [ 1331.6, 3194.5 ], [ 1332.4, 3194.1 ], [ 1347.2, 3189.2 ], [ 1354.9, 3188.2 ], [ 1356.3, 3188.4 ], [ 1357.0, 3188.0 ], [ 1359.2, 3186.1 ], [ 1360.0, 3185.7 ], [ 1362.3, 3185.5 ], [ 1364.4, 3184.3 ], [ 1370.8, 3179.5 ], [ 1372.5, 3178.8 ], [ 1386.4, 3178.8 ], [ 1402.3, 3182.3 ], [ 1406.6, 3181.3 ], [ 1408.5, 3183.4 ], [ 1409.8, 3183.8 ], [ 1411.3, 3183.6 ], [ 1416.3, 3183.6 ], [ 1424.0, 3181.1 ], [ 1433.7, 3179.7 ], [ 1434.4, 3179.0 ], [ 1436.6, 3174.8 ], [ 1437.5, 3174.1 ], [ 1446.6, 3169.7 ], [ 1449.1, 3167.9 ], [ 1451.2, 3165.3 ], [ 1452.1, 3164.1 ], [ 1453.9, 3161.8 ], [ 1455.0, 3160.8 ], [ 1459.3, 3158.2 ], [ 1460.5, 3157.0 ], [ 1461.3, 3155.8 ], [ 1462.6, 3153.3 ], [ 1463.5, 3152.2 ], [ 1464.7, 3151.5 ], [ 1466.1, 3151.1 ], [ 1467.6, 3151.0 ], [ 1468.9, 3151.1 ], [ 1469.5, 3146.9 ], [ 1469.9, 3145.8 ], [ 1470.8, 3144.9 ], [ 1471.9, 3144.5 ], [ 1475.9, 3144.0 ], [ 1477.6, 3143.4 ], [ 1479.2, 3142.2 ], [ 1480.5, 3140.1 ], [ 1480.9, 3139.0 ], [ 1482.6, 3132.3 ], [ 1483.1, 3131.2 ], [ 1483.9, 3130.1 ], [ 1485.8, 3128.2 ], [ 1486.4, 3127.5 ], [ 1487.5, 3125.4 ], [ 1488.5, 3123.1 ], [ 1489.2, 3123.1 ], [ 1490.0, 3123.0 ], [ 1490.7, 3122.8 ], [ 1492.7, 3122.6 ] ] } },
{ "type": "Feature", "properties": { "name": "Tajo", "scalerank": 5, "featurecla": "River", "source": "ne_10m_rivers_lake_centerlines" }, "geometry": { "type": "LineString", "coordinates": [ [ 958.1, 3148.6 ], [ 973.8, 3150.3 ], [ 976.8, 3149.8 ], [ 979.7, 3148.7 ], [ 986.4, 3144.9 ], [ 988.0, 3143.2 ], [ 991.5, 3142.8 ], [ 995.6, 3141.3 ], [ 999.0, 3141.7 ], [ 1005.7, 3143.5 ], [ 1015.7, 3144.5 ], [ 1018.7, 3145.2 ], [ 1020.1, 3146.5 ], [ 1023.9, 3151.0 ], [ 1026.1, 3152.3 ], [ 1028.5, 3153.3 ], [ 1034.6, 3157.5 ], [ 1039.2, 3158.6 ], [ 1072.5, 3156.1 ], [ 1086.9, 3151.2 ], [ 1089.9, 3152.2 ], [ 1090.9, 3151.4 ], [ 1091.5, 3152.6 ], [ 1092.2, 3152.0 ], [ 1092.8, 3151.9 ], [ 1094.2, 3152.1 ] ] } },
{ "type": "Feature", "properties": { "name": "Tajo", "scalerank": 5, "featurecla": "Lake Centerline", "source": "ne_10m_rivers_lake_centerlines" }, "geometry": { "type": "LineString", "coordinates": [ [ 1492.6, 3122.6 ], [ 1492.7, 3122.6 ], [ 1494.2, 3121.6 ], [ 1496.2, 3119.6 ], [ 1496.8, 3117.5 ], [ 1496.7, 3114.6 ], [ 1497.1, 3112.0 ], [ 1501.3, 3107.6 ], [ 1502.8, 3105.8 ], [ 1503.9, 3104.0 ], [ 1505.8, 3102.1 ], [ 1510.0, 3098.5 ], [ 1513.5, 3096.5 ], [ 1515.4, 3095.9 ] ] } },
{ "type": "Feature", "properties": { "name": "Tajo", "scalerank": 5, "featurecla": "Lake Centerline", "source": "ne_10m_rivers_lake_centerlines" }, "geometry": { "type": "LineString", "coordinates": [ [ 1094.2, 3152.1 ], [ 1100.2, 3155.7 ], [ 1104.3, 3159.3 ], [ 1112.5, 3164.6 ], [ 1115.0, 3165.9 ], [ 1123.6, 3166.7 ], [ 1131.2, 3169.5 ], [ 1135.5, 3169.7 ], [ 1139.2, 3169.2 ], [ 1142.5, 3168.2 ], [ 1146.2, 3166.8 ], [ 1150.8, 3167.0 ], [ 1155.6, 3168.0 ], [ 1159.3, 3168.3 ], [ 1164.2, 3169.6 ], [ 1167.6, 3171.8 ], [ 1169.2, 3174.5 ], [ 1172.8, 3177.1 ], [ 1176.5, 3178.9 ], [ 1179.0, 3179.0 ], [ 1181.2, 3177.9 ], [ 1183.1, 3177.3 ], [ 1184.1, 3177.1 ], [ 1184.3, 3177.2 ] ] } },
{ "type": "Feature", "properties": { "name": "Tiétar", "scalerank": 10, "featurecla": "River", "source": "ne_10m_rivers_europe" }, "geometry": { "type": "LineString", "coordinates": [ [ 1275.3, 3113.4 ], [ 1275.0, 3115.1 ], [ 1274.0, 3116.8 ], [ 1272.0, 3118.4 ], [ 1269.3, 3119.5 ], [ 1266.5, 3119.9 ], [ 1263.3, 3119.4 ], [ 1258.8, 3118.1 ], [ 1257.1, 3119.0 ], [ 1255.9, 3118.7 ], [ 1253.2, 3119.0 ], [ 1247.6, 3118.7 ], [ 1245.1, 3118.2 ], [ 1244.4, 3118.8 ], [ 1243.3, 3120.8 ], [ 1243.0, 3121.9 ], [ 1242.5, 3123.3 ], [ 1240.8, 3124.9 ], [ 1238.6, 3126.2 ], [ 1235.7, 3127.1 ], [ 1234.3, 3128.0 ], [ 1232.1, 3128.8 ], [ 1229.3, 3127.8 ], [ 1225.6, 3129.1 ], [ 1222.5, 3129.0 ], [ 1219.7, 3128.1 ], [ 1218.1, 3128.0 ], [ 1216.4, 3129.8 ], [ 1215.1, 3129.6 ], [ 1212.0, 3129.9 ], [ 1210.5, 3130.4 ], [ 1209.4, 3131.0 ], [ 1208.2, 3132.0 ], [ 1207.6, 3132.6 ], [ 1202.2, 3135.2 ], [ 1201.6, 3135.7 ], [ 1200.8, 3136.1 ], [ 1199.6, 3136.4 ], [ 1197.6, 3136.4 ], [ 1194.9, 3135.8 ], [ 1193.7, 3134.5 ], [ 1190.7, 3132.2 ], [ 1179.6, 3128.5 ], [ 1177.8, 3127.7 ], [ 1176.7, 3127.5 ], [ 1172.1, 3128.0 ], [ 1163.2, 3130.6 ], [ 1158.3, 3130.4 ], [ 1155.5, 3131.7 ], [ 1148.8, 3132.5 ], [ 1145.1, 3134.0 ], [ 1140.7, 3134.5 ], [ 1134.4, 3137.5 ], [ 1129.8, 3138.5 ], [ 1125.5, 3138.3 ], [ 1120.0, 3136.7 ], [ 1117.1, 3137.5 ], [ 1114.3, 3138.8 ], [ 1110.2, 3139.8 ], [ 1108.2, 3140.9 ], [ 1106.3, 3143.0 ], [ 1102.8, 3149.1 ], [ 1100.3, 3151.2 ], [ 1098.7, 3153.0 ] ] } },
{ "type": "Feature", "properties": { "name": "Alberche", "scalerank": 12, "featurecla": "River", "source": "ne_10m_rivers_europe" }, "geometry": { "type": "LineString", "coordinates": [ [ 1211.8, 3082.8 ], [ 1215.8, 3083.1 ], [ 1219.0, 3084.1 ], [ 1221.1, 3085.4 ], [ 1222.1, 3087.8 ], [ 1222.8, 3091.4 ], [ 1225.0, 3094.4 ], [ 1229.7, 3095.6 ], [ 1249.0, 3096.1 ], [ 1263.6, 3097.7 ], [ 1274.1, 3097.8 ], [ 1281.1, 3098.8 ], [ 1287.4, 3100.4 ], [ 1291.1, 3102.2 ], [ 1303.6, 3110.7 ], [ 1308.4, 3115.2 ], [ 1311.8, 3119.3 ], [ 1313.6, 3121.9 ], [ 1312.8, 3124.5 ], [ 1310.2, 3128.5 ], [ 1309.8, 3131.2 ], [ 1309.0, 3131.9 ], [ 1307.9, 3133.4 ], [ 1306.7, 3134.7 ], [ 1305.7, 3135.4 ], [ 1303.8, 3136.4 ], [ 1303.2, 3136.6 ], [ 1302.7, 3136.5 ], [ 1301.2, 3136.5 ], [ 1299.5, 3137.4 ], [ 1287.0, 3142.6 ], [ 1281.5, 3145.8 ], [ 1274.5, 3151.8 ], [ 1272.4, 3152.3 ], [ 1266.7, 3151.6 ], [ 1262.7, 3151.9 ], [ 1249.0, 3157.3 ], [ 1244.5, 3162.3 ] ] } },
{ "type": "Feature", "properties": { "name": "Alagón", "scalerank": 11, "featurecla": "River", "source": "ne_10m_rivers_europe" }, "geometry": { "type": "LineString", "coordinates": [ [ 1089.2, 3091.4 ], [ 1088.4, 3093.5 ], [ 1086.3, 3097.4 ], [ 1083.3, 3099.7 ], [ 1080.2, 3100.9 ], [ 1075.3, 3104.3 ], [ 1071.0, 3106.6 ], [ 1066.5, 3109.7 ], [ 1063.1, 3113.3 ], [ 1061.6, 3116.6 ], [ 1061.4, 3118.7 ], [ 1062.0, 3120.8 ], [ 1062.2, 3124.1 ], [ 1061.4, 3126.7 ], [ 1059.5, 3127.3 ], [ 1057.1, 3126.9 ], [ 1053.1, 3127.0 ], [ 1050.1, 3124.7 ], [ 1043.9, 3122.7 ], [ 1040.6, 3119.2 ], [ 1038.0, 3118.3 ], [ 1035.5, 3118.4 ], [ 1032.7, 3119.8 ], [ 1026.5, 3119.8 ], [ 1021.7, 3120.6 ], [ 1016.8, 3122.0 ], [ 1009.1, 3125.2 ], [ 1005.7, 3126.1 ], [ 1002.8, 3127.3 ], [ 1000.6, 3129.5 ], [ 998.1, 3133.1 ], [ 991.5, 3142.8 ] ] } },
{ "type": "Feature", "properties": { "name": "Alagón", "scalerank": 11, "featurecla": "River", "source": "ne_10m_rivers_europe" }, "geometry": { "type": "LineString", "coordinates": [ [ 1135.0, 3084.4 ], [ 1136.3, 3080.9 ], [ 1136.8, 3077.4 ], [ 1134.3, 3074.8 ], [ 1130.3, 3074.2 ], [ 1126.8, 3075.5 ], [ 1124.0, 3077.4 ], [ 1121.6, 3078.3 ], [ 1119.0, 3077.8 ], [ 1115.4, 3076.3 ], [ 1112.6, 3074.2 ], [ 1111.6, 3072.3 ], [ 1111.4, 3070.2 ], [ 1110.6, 3067.9 ], [ 1108.7, 3066.1 ], [ 1105.7, 3065.2 ], [ 1102.6, 3066.1 ], [ 1100.6, 3068.2 ], [ 1099.1, 3070.7 ], [ 1095.2, 3074.1 ], [ 1093.4, 3077.7 ], [ 1092.4, 3081.5 ], [ 1092.4, 3082.1 ] ] } },
{ "type": "Feature", "properties": { "name": "Henares", "scalerank": 10, "featurecla": "River", "source": "ne_10m_rivers_europe" }, "geometry": { "type": "LineString", "coordinates": [ [ 1497.3, 3008.7 ], [ 1496.0, 3012.2 ], [ 1496.2, 3014.6 ], [ 1498.6, 3015.5 ], [ 1501.6, 3015.7 ], [ 1503.4, 3016.3 ], [ 1503.6, 3017.6 ], [ 1502.6, 3021.7 ], [ 1502.8, 3027.8 ], [ 1502.2, 3031.5 ], [ 1500.9, 3034.9 ], [ 1499.3, 3037.3 ], [ 1498.4, 3039.6 ], [ 1498.7, 3042.7 ], [ 1498.2, 3046.5 ], [ 1495.5, 3050.5 ], [ 1491.3, 3053.5 ], [ 1486.9, 3054.8 ], [ 1478.8, 3054.1 ], [ 1477.6, 3057.0 ], [ 1476.1, 3058.8 ], [ 1473.2, 3059.5 ], [ 1464.7, 3057.5 ], [ 1461.0, 3057.1 ], [ 1458.2, 3058.1 ], [ 1456.1, 3060.2 ], [ 1454.6, 3064.3 ], [ 1451.6, 3076.4 ], [ 1447.5, 3084.3 ], [ 1446.0, 3088.8 ], [ 1443.5, 3094.3 ], [ 1439.2, 3100.2 ], [ 1434.0, 3105.7 ], [ 1429.3, 3110.1 ], [ 1425.8, 3112.6 ], [ 1422.4, 3114.1 ], [ 1418.5, 3117.1 ], [ 1416.6, 3117.2 ], [ 1414.6, 3116.8 ], [ 1412.0, 3117.2 ], [ 1408.7, 3118.7 ], [ 1404.8, 3121.2 ], [ 1401.3, 3123.9 ], [ 1399.1, 3125.9 ], [ 1398.7, 3127.6 ], [ 1399.4, 3129.4 ], [ 1400.7, 3131.4 ], [ 1401.6, 3133.5 ], [ 1401.1, 3135.2 ], [ 1396.2, 3137.3 ], [ 1393.7, 3139.3 ], [ 1392.1, 3142.3 ], [ 1391.1, 3149.1 ], [ 1388.5, 3153.8 ], [ 1387.4, 3157.3 ], [ 1385.7, 3161.4 ], [ 1382.9, 3165.4 ], [ 1380.4, 3168.3 ], [ 1379.6, 3170.2 ], [ 1379.4, 3171.7 ], [ 1379.1, 3172.5 ], [ 1377.5, 3175.4 ], [ 1377.1, 3176.0 ], [ 1375.9, 3177.3 ], [ 1375.6, 3177.8 ], [ 1374.9, 3178.2 ], [ 1373.4, 3178.8 ], [ 1372.5, 3178.8 ], [ 1370.8, 3179.5 ] ] } },
{ "type": "Feature", "properties": { "name": "Alagón", "scalerank": 11, "featurecla": "Lake Centerline", "source": "ne_10m_rivers_europe" }, "geometry": { "type": "LineString", "coordinates": [ [ 1092.4, 3082.1 ], [ 1092.4, 3085.3 ], [ 1090.0, 3089.5 ], [ 1089.2, 3091.4 ] ] } },
{ "type": "Feature", "properties": { "name": "Zêzere", "scalerank": 11, "featurecla": "River", "source": "ne_10m_rivers_europe" }, "geometry": { "type": "LineString", "coordinates": [ [ 933.2, 3029.6 ], [ 938.3, 3028.3 ], [ 942.6, 3028.9 ], [ 944.5, 3030.1 ], [ 945.3, 3031.2 ], [ 948.7, 3031.3 ], [ 950.5, 3032.2 ], [ 951.7, 3033.8 ], [ 952.4, 3035.7 ], [ 951.8, 3037.4 ], [ 947.6, 3040.8 ], [ 941.2, 3048.0 ], [ 929.0, 3056.6 ], [ 924.0, 3058.4 ], [ 919.1, 3059.7 ], [ 914.5, 3060.1 ], [ 911.2, 3060.7 ], [ 907.5, 3062.1 ], [ 901.9, 3066.1 ], [ 900.2, 3067.0 ], [ 900.0, 3067.9 ], [ 899.7, 3068.7 ], [ 899.1, 3069.4 ], [ 897.9, 3070.2 ], [ 895.3, 3071.2 ], [ 894.0, 3071.1 ], [ 893.3, 3070.7 ], [ 893.0, 3070.0 ], [ 892.9, 3069.4 ], [ 892.4, 3069.2 ], [ 891.7, 3069.4 ], [ 891.0, 3070.1 ], [ 890.6, 3072.7 ], [ 889.6, 3075.7 ], [ 887.8, 3073.2 ], [ 886.8, 3072.5 ], [ 885.8, 3072.0 ], [ 884.4, 3071.7 ], [ 882.7, 3071.5 ], [ 879.7, 3072.3 ], [ 877.9, 3073.5 ], [ 877.3, 3074.6 ], [ 877.3, 3076.8 ], [ 877.0, 3077.6 ], [ 875.7, 3078.0 ], [ 873.5, 3077.6 ], [ 872.5, 3077.5 ], [ 871.6, 3077.9 ], [ 869.6, 3079.7 ], [ 868.9, 3080.0 ], [ 868.4, 3079.6 ], [ 867.8, 3079.2 ], [ 867.0, 3078.9 ], [ 866.0, 3078.9 ], [ 865.3, 3079.0 ], [ 864.5, 3079.6 ], [ 862.8, 3079.3 ], [ 862.2, 3079.4 ], [ 861.8, 3080.2 ], [ 861.5, 3080.9 ], [ 861.0, 3081.4 ], [ 859.0, 3080.9 ], [ 856.3, 3080.9 ], [ 854.7, 3082.1 ], [ 853.1, 3081.9 ], [ 852.4, 3082.1 ], [ 851.5, 3082.4 ], [ 851.0, 3083.3 ], [ 848.7, 3084.7 ], [ 845.5, 3088.6 ], [ 844.1, 3089.4 ], [ 842.9, 3089.9 ], [ 841.9, 3089.9 ], [ 840.7, 3090.1 ], [ 839.4, 3091.0 ], [ 838.2, 3092.1 ], [ 837.3, 3092.5 ], [ 836.2, 3092.0 ], [ 830.8, 3092.4 ], [ 830.0, 3092.9 ], [ 829.2, 3093.6 ], [ 829.1, 3094.4 ], [ 828.8, 3095.3 ], [ 827.9, 3095.7 ], [ 826.8, 3096.8 ], [ 826.6, 3097.5 ], [ 826.8, 3099.4 ], [ 827.0, 3101.9 ], [ 828.0, 3102.9 ], [ 829.4, 3103.7 ], [ 830.6, 3104.6 ], [ 831.2, 3105.6 ], [ 831.4, 3106.6 ], [ 831.4, 3107.3 ], [ 831.2, 3108.1 ], [ 831.0, 3108.8 ], [ 830.6, 3111.7 ], [ 829.4, 3112.8 ], [ 828.8, 3115.7 ], [ 828.3, 3119.6 ], [ 826.9, 3120.7 ], [ 823.6, 3126.1 ], [ 823.6, 3128.1 ], [ 823.3, 3129.6 ], [ 816.7, 3135.3 ], [ 813.0, 3139.7 ], [ 810.0, 3144.6 ] ] } },
{ "type": "Feature", "properties": { "name": "Jiloca", "scalerank": 10, "featurecla": "River", "source": "ne_10m_rivers_europe" }, "geometry": { "type": "LineString", "coordinates": [ [ 1649.7, 3154.6 ], [ 1650.3, 3155.8 ], [ 1651.8, 3157.2 ], [ 1654.4, 3158.9 ], [ 1657.6, 3159.8 ], [ 1660.3, 3159.1 ], [ 1661.7, 3156.5 ], [ 1661.7, 3152.8 ], [ 1661.1, 3148.1 ], [ 1660.9, 3139.0 ], [ 1658.5, 3133.3 ], [ 1657.4, 3129.1 ], [ 1657.1, 3124.5 ], [ 1657.6, 3120.9 ], [ 1658.4, 3117.4 ], [ 1659.8, 3109.0 ], [ 1662.5, 3102.3 ], [ 1665.3, 3093.2 ], [ 1667.8, 3087.7 ], [ 1668.4, 3083.9 ], [ 1666.6, 3076.7 ], [ 1661.9, 3065.7 ], [ 1656.3, 3055.3 ], [ 1650.3, 3045.9 ], [ 1648.1, 3040.1 ], [ 1640.6, 3030.1 ], [ 1638.9, 3026.9 ], [ 1637.5, 3023.1 ], [ 1636.7, 3019.8 ], [ 1636.7, 3017.8 ], [ 1638.1, 3016.4 ], [ 1642.8, 3012.9 ], [ 1643.6, 3009.7 ], [ 1647.8, 3005.9 ], [ 1648.9, 3002.8 ], [ 1650.2, 2999.9 ], [ 1653.2, 2998.4 ], [ 1656.5, 2998.4 ], [ 1660.3, 2999.4 ], [ 1663.7, 2997.7 ], [ 1667.1, 2997.5 ], [ 1671.5, 2996.6 ], [ 1676.3, 2993.9 ], [ 1680.6, 2989.3 ], [ 1683.9, 2984.1 ], [ 1686.6, 2979.2 ], [ 1689.3, 2975.5 ], [ 1692.5, 2972.5 ], [ 1696.3, 2969.4 ], [ 1701.4, 2966.4 ], [ 1707.4, 2963.8 ], [ 1712.0, 2960.6 ] ] } },
{ "type": "Feature", "properties": { "name": "Jalón", "scalerank": 12, "featurecla": "River", "source": "ne_10m_rivers_europe" }, "geometry": { "type": "LineString", "coordinates": [ [ 1599.7, 3058.8 ], [ 1598.8, 3061.4 ], [ 1598.7, 3063.6 ], [ 1600.7, 3066.8 ], [ 1601.6, 3071.7 ], [ 1603.4, 3074.4 ], [ 1606.5, 3075.9 ], [ 1610.0, 3076.0 ], [ 1613.8, 3075.3 ], [ 1621.0, 3074.7 ], [ 1624.0, 3073.3 ], [ 1625.0, 3069.5 ], [ 1623.5, 3063.4 ], [ 1620.8, 3057.3 ], [ 1618.4, 3053.7 ], [ 1617.0, 3050.7 ], [ 1616.4, 3046.2 ], [ 1616.9, 3041.1 ], [ 1618.9, 3032.3 ], [ 1619.0, 3028.6 ], [ 1618.4, 3025.9 ], [ 1617.6, 3023.9 ], [ 1617.4, 3022.2 ], [ 1618.4, 3019.9 ], [ 1620.5, 3018.4 ], [ 1626.9, 3019.9 ], [ 1631.4, 3019.3 ], [ 1636.4, 3017.8 ] ] } },
{ "type": "Feature", "properties": { "name": "Tormes", "scalerank": 12, "featurecla": "Lake Centerline", "source": "ne_10m_rivers_europe" }, "geometry": { "type": "LineString", "coordinates": [ [ 1160.5, 3051.8 ], [ 1163.5, 3049.4 ], [ 1165.3, 3047.1 ], [ 1165.8, 3044.7 ], [ 1165.2, 3041.5 ] ] } },
{ "type": "Feature", "properties": { "name": "Mondego", "scalerank": 10, "featurecla": "River", "source": "ne_10m_rivers_europe" }, "geometry": { "type": "LineString", "coordinates": [ [ 952.5, 3017.1 ], [ 953.9, 3016.1 ], [ 958.1, 3014.4 ], [ 960.8, 3012.0 ], [ 963.4, 3008.6 ], [ 965.3, 3005.2 ], [ 965.9, 3001.7 ], [ 965.0, 2997.8 ], [ 962.4, 2994.9 ], [ 958.9, 2993.5 ], [ 953.3, 2994.0 ], [ 945.5, 2995.5 ], [ 938.4, 2997.4 ], [ 936.2, 2998.4 ], [ 933.4, 3001.9 ], [ 925.5, 3001.4 ], [ 920.2, 3002.0 ], [ 916.0, 3003.8 ], [ 912.4, 3004.2 ], [ 908.9, 3005.6 ], [ 907.6, 3005.7 ], [ 904.0, 3005.4 ], [ 902.7, 3006.3 ], [ 900.2, 3006.4 ], [ 898.8, 3006.9 ], [ 897.2, 3008.1 ], [ 892.6, 3010.1 ], [ 888.9, 3013.7 ], [ 886.6, 3014.3 ], [ 880.8, 3016.7 ], [ 874.0, 3017.8 ], [ 863.9, 3022.1 ], [ 857.4, 3019.4 ], [ 852.4, 3019.1 ], [ 851.8, 3019.5 ], [ 851.3, 3020.0 ], [ 851.1, 3020.7 ], [ 850.7, 3021.3 ], [ 850.3, 3021.7 ], [ 847.2, 3022.7 ], [ 844.1, 3026.3 ], [ 841.6, 3029.8 ], [ 837.6, 3030.8 ], [ 832.1, 3033.8 ], [ 828.2, 3035.1 ], [ 825.1, 3035.2 ], [ 823.8, 3034.0 ], [ 823.2, 3032.0 ], [ 822.1, 3030.3 ], [ 818.2, 3029.3 ], [ 811.0, 3029.2 ], [ 803.0, 3030.1 ], [ 792.4, 3032.9 ], [ 784.2, 3033.1 ], [ 779.7, 3034.9 ] ] } },
{ "type": "Feature", "properties": { "name": "Tormes", "scalerank": 12, "featurecla": "River", "source": "ne_10m_rivers_europe" }, "geometry": { "type": "LineString", "coordinates": [ [ 1208.4, 3098.4 ], [ 1206.1, 3097.3 ], [ 1203.1, 3096.5 ], [ 1195.5, 3093.6 ], [ 1191.4, 3092.9 ], [ 1175.0, 3093.4 ], [ 1170.1, 3093.1 ], [ 1166.7, 3091.7 ], [ 1164.4, 3089.5 ], [ 1163.6, 3086.6 ], [ 1163.8, 3083.7 ], [ 1165.0, 3081.1 ], [ 1167.5, 3076.8 ], [ 1167.5, 3072.5 ], [ 1168.7, 3068.5 ], [ 1168.6, 3066.6 ], [ 1166.5, 3064.0 ], [ 1158.6, 3057.4 ], [ 1157.0, 3055.3 ], [ 1158.1, 3053.7 ], [ 1160.5, 3051.8 ] ] } },
{ "type": "Feature", "properties": { "name": "Tormes", "scalerank": 12, "featurecla": "River", "source": "ne_10m_rivers_europe" }, "geometry": { "type": "LineString", "coordinates": [ [ 1165.2, 3041.5 ], [ 1164.7, 3039.3 ], [ 1164.5, 3035.7 ], [ 1165.4, 3032.1 ], [ 1167.4, 3029.5 ], [ 1169.7, 3027.4 ], [ 1172.9, 3022.9 ], [ 1176.9, 3018.2 ], [ 1179.0, 3015.3 ], [ 1180.7, 3012.0 ], [ 1183.0, 3006.2 ], [ 1185.5, 3001.4 ], [ 1186.6, 2997.9 ], [ 1186.1, 2994.6 ], [ 1183.6, 2992.5 ], [ 1175.6, 2990.8 ], [ 1172.3, 2990.9 ], [ 1170.2, 2991.9 ], [ 1168.0, 2992.4 ], [ 1164.3, 2991.5 ], [ 1161.0, 2988.5 ], [ 1158.2, 2979.5 ], [ 1155.1, 2975.7 ], [ 1150.8, 2972.5 ], [ 1146.0, 2969.8 ], [ 1141.4, 2967.7 ], [ 1137.2, 2966.5 ], [ 1133.2, 2964.7 ], [ 1129.3, 2961.3 ], [ 1126.5, 2956.8 ], [ 1123.9, 2949.7 ], [ 1122.5, 2948.1 ], [ 1118.9, 2945.3 ], [ 1114.3, 2941.0 ] ] } },
{ "type": "Feature", "properties": { "name": "Tormes", "scalerank": 12, "featurecla": "River", "source": "ne_10m_rivers_europe" }, "geometry": { "type": "LineString", "coordinates": [ [ 1099.4, 2927.8 ], [ 1094.9, 2925.4 ], [ 1088.7, 2924.2 ], [ 1085.5, 2922.7 ], [ 1082.1, 2920.5 ] ] } },
{ "type": "Feature", "properties": { "name": "Cardoner", "scalerank": 10, "featurecla": "River", "source": "ne_10m_rivers_europe" }, "geometry": { "type": "LineString", "coordinates": [ [ 2036.8, 2931.5 ], [ 2037.2, 2936.7 ], [ 2036.7, 2941.4 ], [ 2035.0, 2945.4 ], [ 2032.4, 2947.7 ], [ 2026.6, 2948.9 ], [ 2024.0, 2951.0 ], [ 2022.0, 2954.8 ], [ 2020.4, 2959.4 ], [ 2020.0, 2963.5 ], [ 2020.6, 2966.3 ], [ 2021.9, 2968.8 ], [ 2023.3, 2972.4 ], [ 2024.8, 2975.6 ], [ 2026.8, 2977.3 ], [ 2029.3, 2978.4 ], [ 2032.0, 2980.3 ], [ 2034.1, 2983.5 ], [ 2035.6, 2991.9 ], [ 2039.2, 2998.4 ], [ 2043.5, 3010.7 ], [ 2046.6, 3017.0 ], [ 2047.6, 3019.6 ], [ 2047.8, 3022.7 ], [ 2046.7, 3029.8 ], [ 2047.4, 3033.6 ], [ 2048.4, 3036.7 ], [ 2048.6, 3040.3 ], [ 2051.5, 3043.3 ], [ 2053.2, 3048.9 ], [ 2057.3, 3053.5 ], [ 2059.4, 3057.0 ], [ 2063.2, 3066.9 ], [ 2066.0, 3071.6 ], [ 2070.3, 3075.2 ], [ 2076.7, 3079.8 ] ] } },
{ "type": "Feature", "properties": { "name": "Adaja", "scalerank": 11, "featurecla": "River", "source": "ne_10m_rivers_europe" }, "geometry": { "type": "LineString", "coordinates": [ [ 1211.2, 3068.9 ], [ 1212.0, 3067.8 ], [ 1213.7, 3067.0 ], [ 1216.9, 3066.3 ], [ 1221.7, 3066.2 ], [ 1227.3, 3066.7 ], [ 1232.4, 3067.6 ], [ 1235.7, 3068.5 ], [ 1239.2, 3068.8 ], [ 1244.9, 3068.2 ], [ 1250.6, 3067.0 ], [ 1256.8, 3064.9 ], [ 1260.5, 3064.2 ], [ 1263.9, 3062.8 ], [ 1265.9, 3060.3 ], [ 1267.1, 3057.4 ], [ 1268.5, 3055.4 ], [ 1269.8, 3052.9 ], [ 1271.1, 3044.6 ], [ 1273.5, 3037.7 ], [ 1275.4, 3029.0 ], [ 1278.2, 3021.6 ], [ 1278.2, 3019.0 ], [ 1277.8, 3014.9 ], [ 1277.8, 3001.6 ], [ 1277.5, 2997.8 ], [ 1277.8, 2995.1 ], [ 1279.5, 2990.9 ], [ 1281.0, 2985.6 ], [ 1281.1, 2980.0 ], [ 1280.4, 2973.7 ], [ 1280.0, 2960.3 ], [ 1279.4, 2955.6 ], [ 1279.6, 2951.0 ], [ 1282.4, 2939.0 ], [ 1282.5, 2933.3 ], [ 1280.7, 2928.9 ], [ 1277.5, 2925.6 ], [ 1270.1, 2923.7 ] ] } },
{ "type": "Feature", "properties": { "name": "Segre", "scalerank": 9, "featurecla": "River", "source": "ne_10m_rivers_lake_centerlines" }, "geometry": { "type": "LineString", "coordinates": [ [ 2064.6, 2885.6 ], [ 2060.3, 2889.4 ], [ 2058.9, 2891.2 ], [ 2060.0, 2894.8 ], [ 2062.8, 2902.5 ], [ 2061.4, 2908.1 ], [ 2055.2, 2910.0 ], [ 2049.7, 2910.8 ], [ 2023.7, 2910.1 ], [ 2015.9, 2909.8 ], [ 2012.0, 2910.4 ], [ 2008.4, 2912.2 ], [ 2003.4, 2915.7 ], [ 2001.1, 2917.8 ], [ 1999.5, 2920.8 ], [ 1990.2, 2952.6 ], [ 1989.2, 2954.7 ], [ 1980.8, 2967.5 ], [ 1978.1, 2970.5 ], [ 1974.8, 2973.2 ], [ 1972.1, 2974.0 ], [ 1956.9, 2974.8 ], [ 1949.2, 2973.3 ], [ 1945.1, 2973.2 ], [ 1941.3, 2974.5 ], [ 1933.0, 2980.6 ], [ 1931.6, 2981.9 ], [ 1929.9, 2984.6 ], [ 1926.0, 2994.4 ], [ 1923.6, 2998.0 ], [ 1914.9, 3006.9 ], [ 1911.6, 3008.6 ], [ 1908.8, 3010.7 ], [ 1903.4, 3016.0 ], [ 1902.5, 3017.3 ], [ 1901.9, 3018.3 ], [ 1901.0, 3019.2 ], [ 1899.5, 3019.9 ], [ 1898.3, 3020.1 ], [ 1896.0, 3020.0 ], [ 1894.9, 3020.1 ], [ 1891.9, 3021.6 ], [ 1884.6, 3029.8 ], [ 1867.6, 3041.9 ], [ 1864.1, 3046.8 ] ] } },
{ "type": "Feature", "properties": { "name": "Tormes", "scalerank": 12, "featurecla": "Lake Centerline", "source": "ne_10m_rivers_europe" }, "geometry": { "type": "LineString", "coordinates": [ [ 1114.3, 2941.0 ], [ 1105.6, 2932.7 ], [ 1099.5, 2927.9 ], [ 1099.4, 2927.8 ] ] } },
{ "type": "Feature", "properties": { "name": "Cinca", "scalerank": 11, "featurecla": "River", "source": "ne_10m_rivers_europe" }, "geometry": { "type": "LineString", "coordinates": [ [ 1836.4, 2827.3 ], [ 1840.0, 2835.5 ], [ 1840.1, 2837.9 ], [ 1839.4, 2839.3 ], [ 1839.8, 2842.9 ], [ 1837.8, 2850.2 ], [ 1836.6, 2856.9 ], [ 1834.7, 2860.6 ], [ 1834.6, 2862.8 ], [ 1835.9, 2865.3 ], [ 1838.1, 2868.2 ], [ 1841.0, 2870.3 ], [ 1846.6, 2872.0 ], [ 1850.2, 2873.5 ], [ 1853.4, 2875.4 ], [ 1857.1, 2879.0 ], [ 1860.2, 2881.2 ], [ 1864.0, 2885.4 ], [ 1867.6, 2892.2 ], [ 1869.8, 2899.1 ], [ 1870.4, 2903.8 ], [ 1870.3, 2906.2 ], [ 1870.8, 2909.7 ], [ 1869.7, 2917.6 ], [ 1869.7, 2924.8 ], [ 1869.6, 2928.9 ], [ 1868.4, 2932.9 ], [ 1866.3, 2936.0 ], [ 1863.6, 2939.2 ], [ 1861.2, 2943.0 ], [ 1859.8, 2947.2 ], [ 1859.6, 2950.9 ], [ 1859.6, 2953.6 ], [ 1858.4, 2956.6 ], [ 1858.2, 2958.8 ], [ 1857.6, 2961.4 ], [ 1854.3, 2966.2 ], [ 1853.0, 2972.1 ], [ 1850.7, 2978.5 ], [ 1850.0, 2982.0 ], [ 1849.9, 2986.1 ], [ 1850.5, 2990.6 ], [ 1851.9, 2995.3 ], [ 1856.1, 3003.6 ], [ 1856.7, 3005.6 ], [ 1857.3, 3006.7 ], [ 1862.4, 3010.5 ], [ 1866.1, 3014.9 ], [ 1869.2, 3020.9 ], [ 1870.6, 3027.3 ], [ 1870.7, 3032.5 ], [ 1870.3, 3035.7 ], [ 1869.3, 3040.7 ] ] } },
{ "type": "Feature", "properties": { "name": "Ebro", "scalerank": 5, "featurecla": "River", "source": "ne_10m_rivers_lake_centerlines" }, "geometry": { "type": "LineString", "coordinates": [ [ 1376.5, 2711.5 ], [ 1380.2, 2712.0 ], [ 1383.3, 2711.5 ], [ 1385.9, 2711.7 ], [ 1387.5, 2712.7 ], [ 1389.8, 2715.0 ], [ 1391.1, 2715.6 ], [ 1392.6, 2715.9 ], [ 1395.7, 2715.9 ], [ 1396.3, 2716.0 ], [ 1397.6, 2716.6 ], [ 1399.6, 2717.2 ], [ 1401.0, 2718.1 ], [ 1402.3, 2719.4 ], [ 1403.0, 2721.0 ], [ 1403.2, 2723.3 ], [ 1403.4, 2724.0 ], [ 1404.5, 2726.1 ], [ 1404.8, 2726.8 ], [ 1404.9, 2727.9 ], [ 1404.8, 2729.0 ], [ 1401.9, 2737.6 ], [ 1401.4, 2739.8 ], [ 1401.2, 2743.6 ], [ 1402.2, 2745.2 ], [ 1403.9, 2746.3 ], [ 1405.7, 2748.8 ], [ 1407.3, 2749.5 ], [ 1409.9, 2748.6 ], [ 1413.7, 2746.5 ], [ 1417.9, 2745.7 ], [ 1422.9, 2745.9 ], [ 1427.7, 2747.3 ], [ 1431.3, 2749.8 ], [ 1434.1, 2754.6 ], [ 1436.0, 2756.1 ], [ 1438.7, 2755.0 ], [ 1439.3, 2753.6 ], [ 1439.6, 2751.7 ], [ 1439.4, 2749.9 ], [ 1438.9, 2749.1 ], [ 1438.2, 2748.3 ], [ 1439.3, 2747.1 ], [ 1440.8, 2746.3 ], [ 1441.4, 2746.3 ], [ 1442.3, 2743.7 ], [ 1442.4, 2742.2 ], [ 1442.8, 2741.3 ], [ 1444.7, 2740.5 ], [ 1446.0, 2740.6 ], [ 1452.7, 2743.2 ], [ 1453.9, 2744.2 ], [ 1454.5, 2745.8 ], [ 1454.5, 2748.2 ], [ 1454.8, 2750.3 ], [ 1456.4, 2751.9 ], [ 1459.8, 2754.1 ], [ 1463.1, 2757.3 ], [ 1466.3, 2762.7 ], [ 1469.1, 2763.9 ], [ 1479.9, 2764.2 ], [ 1481.7, 2764.9 ], [ 1484.4, 2767.0 ], [ 1486.0, 2767.4 ], [ 1488.5, 2767.5 ], [ 1490.1, 2767.8 ], [ 1491.6, 2768.5 ], [ 1493.5, 2769.8 ], [ 1496.1, 2769.5 ], [ 1503.0, 2773.9 ], [ 1506.0, 2773.5 ], [ 1509.7, 2772.5 ], [ 1513.0, 2775.0 ], [ 1515.6, 2778.6 ], [ 1517.5, 2780.5 ], [ 1519.1, 2781.6 ], [ 1521.4, 2785.7 ], [ 1524.1, 2787.5 ], [ 1530.4, 2794.9 ], [ 1531.4, 2796.6 ], [ 1531.6, 2798.4 ], [ 1531.3, 2799.9 ], [ 1531.2, 2801.9 ], [ 1531.7, 2803.2 ], [ 1533.4, 2802.5 ], [ 1533.6, 2803.9 ], [ 1533.2, 2804.7 ], [ 1531.6, 2806.0 ], [ 1531.5, 2806.8 ], [ 1532.0, 2807.9 ], [ 1532.8, 2808.6 ], [ 1533.6, 2808.4 ], [ 1535.1, 2808.0 ], [ 1538.7, 2809.1 ], [ 1540.2, 2809.1 ], [ 1539.9, 2809.7 ], [ 1539.0, 2812.0 ], [ 1542.9, 2812.7 ], [ 1542.7, 2813.8 ], [ 1541.9, 2814.9 ], [ 1542.3, 2816.0 ], [ 1543.5, 2816.9 ], [ 1544.9, 2817.4 ], [ 1546.2, 2817.6 ], [ 1547.1, 2817.9 ], [ 1548.0, 2818.6 ], [ 1551.5, 2822.4 ], [ 1553.0, 2823.4 ], [ 1553.9, 2822.7 ], [ 1554.6, 2822.3 ], [ 1555.8, 2822.4 ], [ 1556.8, 2823.4 ], [ 1556.6, 2825.8 ], [ 1558.2, 2824.7 ], [ 1559.9, 2824.1 ], [ 1561.7, 2824.2 ], [ 1563.9, 2824.9 ], [ 1563.7, 2824.4 ], [ 1563.6, 2824.2 ], [ 1563.5, 2824.1 ], [ 1563.3, 2823.7 ], [ 1564.0, 2822.6 ], [ 1564.9, 2821.8 ], [ 1565.8, 2821.3 ], [ 1566.9, 2821.1 ], [ 1567.6, 2824.0 ], [ 1570.6, 2826.5 ], [ 1574.4, 2828.3 ], [ 1579.1, 2829.9 ], [ 1583.4, 2832.4 ], [ 1590.9, 2832.6 ], [ 1592.1, 2833.2 ], [ 1595.0, 2836.1 ], [ 1595.8, 2837.2 ], [ 1596.9, 2839.3 ], [ 1598.1, 2840.6 ], [ 1599.7, 2841.4 ], [ 1601.8, 2842.0 ], [ 1609.5, 2842.6 ], [ 1612.7, 2843.5 ], [ 1614.7, 2846.1 ], [ 1614.1, 2846.7 ], [ 1613.4, 2847.6 ], [ 1612.8, 2847.9 ], [ 1614.0, 2850.6 ], [ 1616.5, 2851.9 ], [ 1622.8, 2852.9 ], [ 1629.8, 2864.6 ], [ 1633.7, 2868.4 ], [ 1633.8, 2869.3 ], [ 1633.5, 2870.4 ], [ 1633.4, 2871.6 ], [ 1633.8, 2872.7 ], [ 1634.4, 2873.0 ], [ 1636.2, 2873.0 ], [ 1636.9, 2873.2 ], [ 1637.9, 2874.1 ], [ 1640.3, 2877.0 ], [ 1645.3, 2881.0 ], [ 1647.5, 2882.1 ], [ 1651.1, 2885.5 ], [ 1653.7, 2886.6 ], [ 1655.1, 2887.6 ], [ 1661.9, 2896.6 ], [ 1662.3, 2898.4 ], [ 1661.1, 2904.4 ], [ 1661.3, 2906.5 ], [ 1662.4, 2908.5 ], [ 1664.7, 2911.8 ], [ 1667.7, 2915.1 ], [ 1675.4, 2920.5 ], [ 1678.4, 2923.5 ], [ 1689.8, 2941.5 ], [ 1693.8, 2944.8 ], [ 1694.0, 2945.2 ], [ 1694.7, 2945.6 ], [ 1696.3, 2947.4 ], [ 1698.0, 2950.2 ], [ 1700.0, 2951.5 ], [ 1701.0, 2951.9 ], [ 1703.3, 2952.4 ], [ 1704.5, 2953.1 ], [ 1705.1, 2954.3 ], [ 1705.2, 2955.8 ], [ 1705.6, 2957.0 ], [ 1706.7, 2957.7 ], [ 1711.4, 2958.4 ], [ 1711.8, 2958.8 ], [ 1711.6, 2960.2 ], [ 1712.0, 2960.6 ], [ 1712.6, 2960.5 ], [ 1713.6, 2959.9 ], [ 1714.0, 2960.0 ], [ 1719.7, 2967.2 ], [ 1721.3, 2968.4 ], [ 1723.3, 2969.3 ], [ 1725.1, 2971.2 ], [ 1727.9, 2975.7 ], [ 1728.4, 2976.1 ], [ 1729.8, 2976.9 ], [ 1730.1, 2977.2 ], [ 1730.1, 2977.9 ], [ 1729.9, 2978.8 ], [ 1729.5, 2979.4 ], [ 1729.1, 2979.2 ], [ 1729.2, 2979.6 ], [ 1729.4, 2980.9 ], [ 1729.6, 2981.4 ], [ 1730.1, 2981.7 ], [ 1731.7, 2981.8 ], [ 1732.3, 2982.3 ], [ 1733.1, 2983.4 ], [ 1734.2, 2984.0 ], [ 1736.8, 2984.6 ], [ 1737.3, 2985.2 ], [ 1739.0, 2989.2 ], [ 1740.9, 2991.7 ], [ 1748.2, 2997.9 ], [ 1758.0, 3003.0 ], [ 1759.5, 3003.3 ], [ 1765.5, 3008.8 ], [ 1766.4, 3010.1 ], [ 1767.5, 3011.3 ], [ 1768.8, 3015.8 ], [ 1770.3, 3017.1 ], [ 1772.2, 3017.6 ], [ 1773.4, 3018.7 ], [ 1773.5, 3020.4 ], [ 1772.3, 3022.6 ], [ 1774.0, 3022.7 ], [ 1775.3, 3023.0 ], [ 1776.0, 3023.9 ], [ 1776.0, 3025.8 ], [ 1775.8, 3028.4 ], [ 1775.9, 3029.8 ], [ 1777.2, 3032.4 ], [ 1779.4, 3035.4 ], [ 1780.0, 3036.5 ], [ 1780.1, 3038.3 ], [ 1779.7, 3040.2 ], [ 1779.6, 3041.9 ], [ 1780.3, 3043.4 ], [ 1781.3, 3043.8 ], [ 1785.1, 3044.0 ], [ 1789.6, 3045.3 ], [ 1793.9, 3045.4 ], [ 1795.3, 3045.8 ], [ 1798.6, 3047.5 ], [ 1811.1, 3050.8 ], [ 1819.4, 3055.6 ], [ 1822.6, 3056.2 ], [ 1825.6, 3057.5 ], [ 1826.6, 3057.5 ], [ 1827.5, 3056.7 ], [ 1827.8, 3055.6 ], [ 1827.8, 3053.1 ], [ 1828.0, 3052.0 ], [ 1828.6, 3050.8 ], [ 1829.3, 3050.6 ], [ 1829.9, 3051.0 ], [ 1831.5, 3052.5 ], [ 1832.2, 3052.9 ], [ 1833.1, 3052.9 ], [ 1834.2, 3052.3 ], [ 1834.9, 3051.6 ], [ 1836.2, 3049.9 ], [ 1836.8, 3049.3 ], [ 1837.8, 3048.8 ], [ 1838.8, 3048.8 ], [ 1839.8, 3049.0 ], [ 1840.8, 3049.0 ], [ 1842.3, 3047.8 ], [ 1842.9, 3045.4 ], [ 1843.2, 3042.6 ], [ 1844.0, 3040.2 ], [ 1845.6, 3038.6 ], [ 1847.4, 3038.1 ], [ 1855.2, 3039.1 ], [ 1857.0, 3039.8 ], [ 1858.7, 3041.2 ], [ 1861.5, 3044.9 ], [ 1862.5, 3046.0 ], [ 1863.5, 3046.6 ], [ 1866.6, 3047.7 ], [ 1868.4, 3048.9 ], [ 1869.8, 3050.6 ], [ 1870.6, 3052.8 ], [ 1870.7, 3055.5 ], [ 1867.0, 3061.6 ], [ 1866.8, 3065.2 ], [ 1871.5, 3066.1 ], [ 1872.8, 3065.9 ], [ 1874.1, 3066.2 ], [ 1877.7, 3067.5 ], [ 1878.6, 3067.4 ], [ 1880.5, 3066.5 ], [ 1881.8, 3066.1 ], [ 1883.0, 3066.2 ], [ 1884.2, 3066.6 ], [ 1885.2, 3067.4 ], [ 1886.8, 3068.2 ], [ 1890.3, 3068.8 ], [ 1891.6, 3069.7 ], [ 1892.1, 3071.2 ], [ 1892.1, 3072.9 ], [ 1891.6, 3076.3 ], [ 1892.0, 3079.2 ], [ 1893.8, 3080.7 ], [ 1896.0, 3081.6 ], [ 1898.1, 3083.0 ], [ 1898.9, 3084.8 ], [ 1899.4, 3087.8 ], [ 1899.5, 3091.1 ], [ 1899.3, 3094.3 ], [ 1898.8, 3097.0 ], [ 1898.0, 3098.8 ], [ 1896.6, 3100.2 ], [ 1881.0, 3109.9 ], [ 1878.4, 3113.4 ], [ 1878.9, 3118.2 ], [ 1879.0, 3121.5 ], [ 1878.5, 3123.0 ], [ 1880.2, 3124.7 ], [ 1880.3, 3128.1 ], [ 1879.2, 3134.9 ], [ 1879.6, 3138.2 ], [ 1881.0, 3142.2 ], [ 1882.8, 3145.6 ], [ 1884.7, 3147.1 ], [ 1885.8, 3147.8 ], [ 1887.8, 3150.3 ], [ 1889.5, 3151.0 ], [ 1896.5, 3150.7 ], [ 1900.0, 3151.6 ], [ 1908.5, 3155.5 ], [ 1911.9, 3155.8 ], [ 1917.8, 3154.0 ], [ 1920.8, 3154.3 ] ] } },
{ "type": "Feature", "properties": { "name": "Duero", "scalerank": 6, "featurecla": "River", "source": "ne_10m_rivers_lake_centerlines" }, "geometry": { "type": "LineString", "coordinates": [ [ 1503.0, 2898.2 ], [ 1504.6, 2902.0 ], [ 1510.7, 2904.2 ], [ 1514.4, 2906.0 ], [ 1515.4, 2909.0 ], [ 1518.9, 2912.1 ], [ 1520.6, 2912.9 ], [ 1523.3, 2913.0 ], [ 1525.3, 2912.5 ], [ 1526.8, 2912.8 ], [ 1528.2, 2915.3 ], [ 1531.4, 2916.6 ], [ 1536.5, 2917.7 ], [ 1540.6, 2919.2 ], [ 1540.7, 2921.7 ], [ 1542.8, 2923.0 ], [ 1547.7, 2925.1 ], [ 1549.7, 2926.5 ], [ 1550.6, 2927.7 ], [ 1551.8, 2930.3 ], [ 1552.2, 2931.1 ], [ 1553.7, 2931.3 ], [ 1555.3, 2930.9 ], [ 1556.6, 2931.0 ], [ 1556.9, 2932.4 ], [ 1555.0, 2937.9 ], [ 1554.2, 2941.6 ], [ 1554.8, 2943.4 ], [ 1554.0, 2944.7 ], [ 1553.8, 2947.5 ], [ 1554.7, 2949.6 ], [ 1557.5, 2949.1 ], [ 1560.3, 2953.2 ], [ 1560.9, 2953.5 ], [ 1560.8, 2955.4 ], [ 1561.2, 2956.9 ], [ 1562.0, 2958.0 ], [ 1563.2, 2958.7 ], [ 1562.0, 2960.3 ], [ 1561.4, 2961.0 ], [ 1560.4, 2961.5 ], [ 1561.0, 2961.8 ], [ 1561.8, 2962.5 ], [ 1562.6, 2962.8 ], [ 1561.7, 2965.3 ], [ 1561.4, 2965.9 ], [ 1559.8, 2966.6 ], [ 1554.3, 2967.5 ], [ 1549.8, 2967.6 ], [ 1547.9, 2968.8 ], [ 1546.4, 2970.9 ], [ 1544.8, 2973.8 ], [ 1541.3, 2977.9 ], [ 1537.1, 2979.4 ], [ 1532.7, 2979.0 ], [ 1520.8, 2975.1 ], [ 1519.7, 2974.4 ], [ 1518.6, 2972.6 ], [ 1515.6, 2972.2 ], [ 1510.3, 2972.3 ], [ 1507.6, 2968.1 ], [ 1505.5, 2966.8 ], [ 1502.5, 2968.2 ], [ 1500.5, 2969.6 ], [ 1498.0, 2970.7 ], [ 1495.5, 2971.4 ], [ 1493.5, 2971.6 ], [ 1488.6, 2970.4 ], [ 1486.1, 2969.4 ], [ 1485.2, 2968.5 ], [ 1485.4, 2964.5 ], [ 1484.4, 2963.1 ], [ 1482.6, 2963.2 ], [ 1477.9, 2964.4 ], [ 1476.6, 2964.5 ], [ 1475.3, 2964.1 ], [ 1474.8, 2963.4 ], [ 1474.6, 2962.2 ], [ 1474.1, 2961.1 ], [ 1472.2, 2959.8 ], [ 1471.0, 2957.4 ], [ 1469.7, 2956.7 ], [ 1468.4, 2956.3 ], [ 1467.7, 2955.6 ], [ 1466.4, 2954.0 ], [ 1461.3, 2949.3 ], [ 1459.7, 2948.5 ], [ 1452.2, 2948.3 ], [ 1449.8, 2947.7 ], [ 1448.1, 2946.5 ], [ 1444.7, 2943.1 ], [ 1443.0, 2942.2 ], [ 1440.3, 2941.5 ], [ 1438.3, 2940.5 ], [ 1432.6, 2936.1 ], [ 1430.9, 2935.2 ], [ 1429.0, 2935.1 ], [ 1426.7, 2936.1 ], [ 1425.1, 2934.3 ], [ 1423.2, 2933.0 ], [ 1421.2, 2932.0 ], [ 1414.3, 2930.6 ], [ 1413.3, 2929.9 ], [ 1412.3, 2927.7 ], [ 1411.3, 2926.8 ], [ 1410.1, 2926.5 ], [ 1409.0, 2926.7 ], [ 1408.0, 2927.0 ], [ 1407.2, 2927.1 ], [ 1404.4, 2925.7 ], [ 1400.5, 2924.5 ], [ 1398.4, 2923.5 ], [ 1392.6, 2919.0 ], [ 1390.6, 2918.4 ], [ 1386.6, 2917.9 ], [ 1385.0, 2918.0 ], [ 1384.3, 2918.7 ], [ 1383.8, 2919.8 ], [ 1382.9, 2921.0 ], [ 1372.4, 2928.6 ], [ 1370.2, 2928.8 ], [ 1361.5, 2926.1 ], [ 1359.5, 2924.1 ], [ 1358.6, 2923.5 ], [ 1357.4, 2922.9 ], [ 1356.6, 2922.8 ], [ 1355.8, 2922.8 ], [ 1345.5, 2920.1 ], [ 1344.4, 2919.5 ], [ 1343.0, 2917.9 ], [ 1342.0, 2917.3 ], [ 1340.5, 2917.1 ], [ 1325.7, 2917.9 ], [ 1319.1, 2916.2 ], [ 1316.7, 2916.3 ], [ 1311.9, 2918.0 ], [ 1296.3, 2920.5 ], [ 1292.0, 2920.5 ], [ 1289.5, 2920.1 ], [ 1282.5, 2917.6 ], [ 1279.5, 2917.2 ], [ 1277.7, 2917.6 ], [ 1274.1, 2921.3 ], [ 1270.1, 2923.7 ], [ 1265.7, 2924.4 ], [ 1251.4, 2923.0 ], [ 1248.4, 2923.2 ], [ 1246.5, 2923.8 ], [ 1244.1, 2925.3 ], [ 1242.0, 2925.9 ], [ 1236.9, 2925.6 ], [ 1234.1, 2925.9 ], [ 1230.0, 2927.9 ], [ 1227.9, 2928.1 ], [ 1225.3, 2929.3 ], [ 1223.8, 2929.6 ], [ 1223.3, 2928.7 ], [ 1223.1, 2927.0 ], [ 1222.1, 2925.4 ], [ 1220.3, 2923.2 ], [ 1218.7, 2919.8 ], [ 1218.0, 2918.6 ], [ 1212.0, 2912.3 ], [ 1210.6, 2910.4 ], [ 1207.8, 2911.2 ], [ 1201.6, 2911.6 ], [ 1195.6, 2910.7 ], [ 1194.3, 2909.9 ], [ 1193.9, 2908.5 ], [ 1193.6, 2906.9 ], [ 1192.3, 2906.9 ], [ 1189.1, 2908.0 ], [ 1187.6, 2907.8 ], [ 1183.8, 2905.9 ], [ 1173.0, 2904.2 ], [ 1167.9, 2904.7 ], [ 1167.7, 2904.7 ], [ 1167.2, 2904.7 ], [ 1166.3, 2905.1 ], [ 1165.0, 2906.1 ], [ 1162.5, 2909.0 ], [ 1161.5, 2909.3 ], [ 1160.7, 2907.5 ], [ 1160.2, 2905.1 ], [ 1159.7, 2903.7 ], [ 1159.2, 2903.1 ], [ 1158.4, 2903.3 ], [ 1157.6, 2904.0 ], [ 1156.7, 2905.2 ], [ 1155.1, 2908.1 ], [ 1153.9, 2910.8 ], [ 1153.1, 2911.4 ], [ 1140.6, 2906.1 ], [ 1139.9, 2905.5 ], [ 1139.2, 2904.1 ], [ 1138.3, 2902.6 ], [ 1136.4, 2901.2 ], [ 1132.4, 2891.5 ], [ 1127.4, 2884.3 ], [ 1125.8, 2883.7 ], [ 1123.5, 2884.8 ], [ 1114.3, 2893.6 ], [ 1110.8, 2896.1 ], [ 1109.7, 2897.5 ], [ 1109.6, 2898.7 ], [ 1109.7, 2899.8 ], [ 1109.4, 2900.7 ], [ 1103.7, 2906.8 ], [ 1103.4, 2908.1 ], [ 1099.8, 2907.5 ], [ 1098.1, 2907.8 ], [ 1096.4, 2908.7 ], [ 1096.7, 2908.8 ], [ 1096.6, 2909.7 ], [ 1096.2, 2910.9 ], [ 1095.8, 2911.7 ], [ 1095.3, 2911.7 ], [ 1094.0, 2911.1 ], [ 1093.5, 2911.1 ], [ 1088.7, 2916.2 ], [ 1084.3, 2919.1 ], [ 1080.0, 2921.2 ], [ 1072.7, 2922.6 ], [ 1071.5, 2923.1 ], [ 1064.0, 2921.6 ], [ 1061.9, 2921.5 ], [ 1060.3, 2922.7 ], [ 1055.0, 2927.9 ], [ 1053.7, 2929.9 ], [ 1052.8, 2931.0 ], [ 1048.0, 2933.5 ], [ 1046.2, 2935.1 ], [ 1045.5, 2936.1 ], [ 1045.0, 2939.9 ], [ 1043.5, 2942.4 ], [ 1037.6, 2948.1 ], [ 1035.7, 2949.3 ], [ 1032.5, 2948.9 ], [ 1025.7, 2946.7 ], [ 1023.0, 2947.4 ], [ 1021.2, 2946.5 ], [ 1016.4, 2945.2 ], [ 1007.5, 2937.7 ], [ 1006.6, 2935.8 ], [ 1006.1, 2933.6 ], [ 1005.9, 2931.5 ], [ 1006.4, 2930.2 ], [ 1007.2, 2928.9 ], [ 1007.5, 2927.9 ], [ 1006.5, 2927.2 ], [ 1005.7, 2926.8 ], [ 1005.0, 2926.2 ], [ 1004.5, 2925.4 ], [ 1004.1, 2924.7 ], [ 1004.9, 2923.8 ], [ 1006.6, 2920.8 ], [ 1005.3, 2921.1 ], [ 1000.3, 2923.2 ], [ 998.9, 2924.5 ], [ 996.6, 2924.0 ], [ 993.2, 2922.1 ], [ 981.2, 2920.3 ], [ 977.6, 2918.2 ], [ 976.5, 2916.6 ], [ 974.1, 2910.8 ], [ 972.7, 2909.2 ], [ 971.0, 2908.7 ], [ 956.5, 2910.6 ], [ 951.1, 2910.0 ], [ 946.4, 2908.4 ] ] } },
{ "type": "Feature", "properties": { "name": "Duero", "scalerank": 6, "featurecla": "River", "source": "ne_10m_rivers_lake_centerlines" }, "geometry": { "type": "LineString", "coordinates": [ [ 830.9, 2885.0 ], [ 840.0, 2888.2 ], [ 840.5, 2889.8 ], [ 843.7, 2893.5 ], [ 844.0, 2895.9 ], [ 844.6, 2897.8 ], [ 851.6, 2903.9 ], [ 852.7, 2904.4 ], [ 853.6, 2903.5 ], [ 855.1, 2901.3 ], [ 855.8, 2901.5 ], [ 856.9, 2904.8 ], [ 859.5, 2905.5 ], [ 862.6, 2905.1 ], [ 868.0, 2905.3 ], [ 877.5, 2904.0 ], [ 881.4, 2904.0 ], [ 892.5, 2907.6 ], [ 895.8, 2908.1 ], [ 910.7, 2906.6 ], [ 923.3, 2902.3 ], [ 925.6, 2902.6 ], [ 927.0, 2903.6 ], [ 929.1, 2906.9 ], [ 930.2, 2908.3 ], [ 932.0, 2909.4 ], [ 934.2, 2910.0 ], [ 936.4, 2910.2 ], [ 938.5, 2910.0 ], [ 942.3, 2908.5 ], [ 944.1, 2908.0 ], [ 946.1, 2908.3 ], [ 945.0, 2908.0 ] ] } },
{ "type": "Feature", "properties": { "name": "Pisuerga", "scalerank": 10, "featurecla": "River", "source": "ne_10m_rivers_europe" }, "geometry": { "type": "LineString", "coordinates": [ [ 1490.5, 2895.2 ], [ 1488.1, 2895.0 ], [ 1485.5, 2895.2 ], [ 1483.1, 2894.8 ], [ 1480.9, 2893.6 ], [ 1479.0, 2892.0 ], [ 1477.9, 2890.0 ], [ 1477.7, 2887.9 ], [ 1476.6, 2885.4 ], [ 1473.4, 2882.4 ], [ 1469.1, 2880.8 ], [ 1461.9, 2881.9 ], [ 1458.1, 2879.5 ], [ 1454.4, 2876.6 ], [ 1451.2, 2875.6 ], [ 1448.0, 2875.5 ], [ 1440.7, 2873.3 ], [ 1437.9, 2872.8 ], [ 1434.9, 2873.3 ], [ 1427.4, 2875.3 ], [ 1425.3, 2874.9 ], [ 1423.6, 2874.1 ], [ 1417.3, 2873.3 ], [ 1406.6, 2869.2 ], [ 1396.0, 2866.7 ], [ 1392.8, 2865.5 ], [ 1391.1, 2864.0 ], [ 1389.8, 2862.3 ], [ 1386.8, 2860.4 ], [ 1374.4, 2856.1 ], [ 1368.4, 2852.1 ], [ 1366.3, 2851.7 ], [ 1363.5, 2853.0 ], [ 1356.1, 2857.9 ], [ 1351.6, 2858.9 ], [ 1344.1, 2864.8 ], [ 1341.1, 2866.0 ], [ 1335.3, 2866.2 ], [ 1332.9, 2867.3 ], [ 1331.3, 2869.4 ], [ 1330.3, 2871.9 ], [ 1329.3, 2873.9 ], [ 1324.6, 2875.6 ], [ 1321.0, 2878.9 ], [ 1309.7, 2893.0 ], [ 1305.4, 2896.0 ], [ 1302.1, 2899.7 ], [ 1295.8, 2903.2 ], [ 1293.4, 2905.6 ], [ 1291.1, 2908.2 ], [ 1288.3, 2910.7 ], [ 1285.7, 2912.5 ], [ 1281.7, 2914.4 ], [ 1279.4, 2917.2 ] ] } },
{ "type": "Feature", "properties": { "name": "Alagón", "scalerank": 10, "featurecla": "River", "source": "ne_10m_rivers_europe" }, "geometry": { "type": "LineString", "coordinates": [ [ 1796.1, 2821.1 ], [ 1795.0, 2824.1 ], [ 1792.9, 2830.9 ], [ 1791.5, 2833.3 ], [ 1790.3, 2836.3 ], [ 1789.3, 2844.7 ], [ 1788.2, 2847.2 ], [ 1786.3, 2848.5 ], [ 1783.5, 2849.4 ], [ 1779.9, 2849.5 ], [ 1771.0, 2847.9 ], [ 1761.4, 2846.7 ], [ 1757.1, 2844.9 ], [ 1753.0, 2842.5 ], [ 1749.4, 2839.8 ], [ 1745.4, 2837.8 ], [ 1736.6, 2836.4 ], [ 1730.9, 2834.5 ], [ 1727.9, 2835.0 ], [ 1724.9, 2833.7 ], [ 1722.5, 2834.0 ], [ 1719.2, 2831.8 ], [ 1716.9, 2831.0 ], [ 1714.7, 2831.2 ], [ 1711.4, 2833.3 ], [ 1709.9, 2833.3 ], [ 1708.0, 2833.9 ], [ 1703.2, 2838.8 ], [ 1700.6, 2839.7 ], [ 1698.6, 2838.6 ], [ 1695.4, 2839.3 ], [ 1692.4, 2840.1 ], [ 1689.8, 2841.5 ], [ 1688.8, 2845.4 ], [ 1688.6, 2849.0 ], [ 1686.2, 2857.7 ], [ 1685.9, 2860.3 ], [ 1684.5, 2861.5 ], [ 1676.1, 2862.2 ], [ 1668.5, 2863.9 ], [ 1657.8, 2864.4 ], [ 1654.0, 2864.9 ], [ 1651.1, 2866.2 ], [ 1648.1, 2868.1 ], [ 1645.6, 2870.3 ], [ 1644.3, 2872.2 ], [ 1644.0, 2874.4 ], [ 1643.7, 2879.8 ] ] } },
{ "type": "Feature", "properties": { "name": "Hers-Vif", "scalerank": 12, "featurecla": "River", "source": "ne_10m_rivers_europe" }, "geometry": { "type": "LineString", "coordinates": [ [ 2064.5, 2853.3 ], [ 2067.3, 2850.3 ], [ 2068.7, 2847.9 ], [ 2068.2, 2846.3 ], [ 2067.2, 2844.8 ], [ 2067.3, 2842.7 ], [ 2069.0, 2839.6 ], [ 2073.9, 2832.7 ], [ 2073.7, 2830.9 ], [ 2072.7, 2829.6 ], [ 2072.8, 2827.4 ], [ 2074.8, 2825.7 ], [ 2078.2, 2825.3 ], [ 2080.8, 2827.0 ], [ 2081.8, 2826.7 ], [ 2082.7, 2826.2 ], [ 2083.1, 2825.2 ], [ 2083.1, 2823.8 ], [ 2082.4, 2820.0 ], [ 2082.1, 2817.7 ], [ 2081.8, 2816.4 ], [ 2081.3, 2815.3 ], [ 2079.3, 2813.4 ], [ 2078.7, 2812.5 ], [ 2078.9, 2811.7 ], [ 2079.6, 2810.9 ], [ 2080.4, 2810.1 ], [ 2081.0, 2809.2 ], [ 2081.2, 2808.0 ], [ 2081.0, 2806.4 ], [ 2080.6, 2805.0 ], [ 2079.9, 2803.7 ], [ 2078.8, 2802.3 ], [ 2077.8, 2801.4 ], [ 2074.6, 2800.9 ], [ 2071.3, 2803.3 ], [ 2069.8, 2803.4 ], [ 2067.2, 2804.0 ], [ 2064.7, 2804.3 ], [ 2061.6, 2803.3 ], [ 2058.9, 2801.5 ], [ 2057.2, 2799.5 ], [ 2056.7, 2796.1 ], [ 2057.0, 2791.1 ], [ 2057.8, 2786.4 ], [ 2058.6, 2784.0 ], [ 2058.3, 2782.6 ], [ 2051.1, 2774.2 ], [ 2047.9, 2771.2 ], [ 2038.3, 2765.3 ], [ 2034.9, 2763.5 ] ] } },
{ "type": "Feature", "properties": { "name": "Ariège", "scalerank": 6, "featurecla": "River", "source": "ne_10m_rivers_lake_centerlines" }, "geometry": { "type": "LineString", "coordinates": [ [ 2057.0, 2875.1 ], [ 2058.0, 2872.8 ], [ 2060.4, 2868.8 ], [ 2061.2, 2866.0 ], [ 2060.8, 2861.9 ], [ 2059.1, 2858.4 ], [ 2056.5, 2855.7 ], [ 2053.8, 2853.6 ], [ 2044.3, 2849.4 ], [ 2043.0, 2848.4 ], [ 2041.8, 2846.9 ], [ 2038.6, 2841.3 ], [ 2037.3, 2837.5 ], [ 2037.0, 2833.5 ], [ 2041.2, 2829.0 ], [ 2038.3, 2816.5 ], [ 2040.6, 2810.2 ], [ 2042.3, 2807.4 ], [ 2042.3, 2804.6 ], [ 2040.7, 2797.8 ], [ 2040.7, 2797.0 ], [ 2041.0, 2795.5 ], [ 2041.1, 2794.7 ], [ 2041.0, 2793.8 ], [ 2040.6, 2792.4 ], [ 2040.6, 2791.5 ], [ 2041.0, 2789.7 ], [ 2041.8, 2787.7 ], [ 2042.3, 2785.6 ], [ 2041.4, 2782.1 ], [ 2041.3, 2778.6 ], [ 2041.0, 2777.2 ], [ 2036.9, 2766.4 ], [ 2036.0, 2764.9 ], [ 2033.1, 2761.2 ], [ 2029.1, 2753.0 ], [ 2028.8, 2751.3 ], [ 2028.3, 2747.3 ], [ 2027.9, 2745.9 ], [ 2026.8, 2743.4 ], [ 2025.7, 2739.7 ], [ 2025.1, 2736.1 ], [ 2025.7, 2733.4 ] ] } },
{ "type": "Feature", "properties": { "name": "Esla", "scalerank": 8, "featurecla": "River", "source": "ne_10m_rivers_lake_centerlines" }, "geometry": { "type": "LineString", "coordinates": [ [ 1289.3, 2703.8 ], [ 1287.1, 2704.5 ], [ 1284.4, 2706.4 ], [ 1281.7, 2708.8 ], [ 1279.9, 2711.1 ], [ 1278.9, 2713.1 ], [ 1279.0, 2714.2 ], [ 1279.6, 2715.1 ], [ 1280.1, 2717.0 ], [ 1279.8, 2722.2 ], [ 1278.5, 2727.4 ], [ 1276.5, 2732.2 ], [ 1274.1, 2736.8 ], [ 1269.3, 2743.4 ], [ 1263.9, 2749.2 ], [ 1256.4, 2754.2 ], [ 1248.1, 2760.5 ], [ 1243.0, 2762.9 ], [ 1231.8, 2765.6 ], [ 1225.3, 2768.8 ], [ 1220.5, 2774.6 ], [ 1217.8, 2782.2 ], [ 1217.3, 2790.5 ], [ 1217.9, 2792.2 ], [ 1218.6, 2793.6 ], [ 1219.0, 2795.0 ], [ 1218.3, 2797.1 ], [ 1210.4, 2813.7 ], [ 1203.7, 2833.4 ], [ 1201.4, 2836.9 ], [ 1198.5, 2839.7 ], [ 1179.3, 2852.1 ], [ 1178.4, 2853.1 ], [ 1177.6, 2854.4 ], [ 1175.8, 2858.9 ], [ 1175.1, 2859.8 ], [ 1172.8, 2862.1 ], [ 1172.1, 2863.1 ], [ 1171.5, 2864.3 ], [ 1171.1, 2865.5 ], [ 1171.0, 2866.8 ], [ 1171.3, 2868.1 ], [ 1172.4, 2870.1 ], [ 1172.9, 2871.1 ], [ 1172.8, 2873.5 ], [ 1171.5, 2874.7 ], [ 1167.8, 2875.7 ], [ 1164.4, 2877.1 ], [ 1162.8, 2878.2 ], [ 1161.3, 2879.3 ], [ 1159.8, 2881.1 ], [ 1157.0, 2885.1 ], [ 1155.5, 2886.8 ], [ 1153.7, 2887.7 ], [ 1149.8, 2888.8 ], [ 1148.4, 2890.2 ], [ 1147.9, 2891.7 ], [ 1147.6, 2896.4 ], [ 1147.2, 2897.9 ], [ 1146.5, 2898.9 ], [ 1145.8, 2899.8 ], [ 1145.1, 2901.0 ], [ 1141.9, 2900.9 ], [ 1140.0, 2901.4 ], [ 1138.4, 2903.1 ] ] } },
{ "type": "Feature", "properties": { "name": "Pisuerga", "scalerank": 11, "featurecla": "River", "source": "ne_10m_rivers_europe" }, "geometry": { "type": "LineString", "coordinates": [ [ 1360.1, 2711.5 ], [ 1356.8, 2712.9 ], [ 1354.9, 2715.9 ], [ 1353.7, 2719.1 ], [ 1351.9, 2720.9 ], [ 1350.6, 2722.6 ], [ 1350.7, 2725.7 ], [ 1353.3, 2729.2 ], [ 1363.2, 2734.7 ], [ 1366.1, 2737.4 ], [ 1367.4, 2739.5 ], [ 1370.8, 2741.3 ], [ 1373.3, 2743.1 ], [ 1375.4, 2745.3 ], [ 1376.3, 2747.3 ], [ 1375.7, 2749.2 ], [ 1372.4, 2753.5 ], [ 1370.1, 2760.2 ], [ 1368.4, 2762.8 ], [ 1366.5, 2765.1 ], [ 1364.9, 2767.8 ], [ 1364.2, 2771.3 ], [ 1364.2, 2775.6 ], [ 1365.1, 2779.3 ], [ 1366.2, 2781.5 ], [ 1367.5, 2783.1 ], [ 1368.5, 2785.6 ], [ 1369.1, 2788.9 ], [ 1369.2, 2792.6 ], [ 1368.8, 2796.5 ], [ 1368.2, 2800.1 ], [ 1367.0, 2803.0 ], [ 1363.7, 2806.7 ], [ 1362.8, 2808.5 ], [ 1362.8, 2811.0 ], [ 1363.8, 2819.6 ], [ 1364.0, 2826.5 ], [ 1363.4, 2832.8 ], [ 1362.1, 2836.7 ], [ 1360.8, 2839.0 ], [ 1359.8, 2844.6 ], [ 1357.2, 2850.9 ], [ 1355.9, 2855.5 ], [ 1354.4, 2857.0 ], [ 1352.4, 2858.2 ] ] } },
{ "type": "Feature", "properties": { "name": "Le gave de Pau", "scalerank": 12, "featurecla": "River", "source": "ne_10m_rivers_europe" }, "geometry": { "type": "LineString", "coordinates": [ [ 1846.5, 2829.1 ], [ 1849.7, 2830.5 ], [ 1852.5, 2829.9 ], [ 1854.9, 2827.4 ], [ 1856.1, 2823.4 ], [ 1856.1, 2819.5 ], [ 1854.3, 2808.2 ], [ 1851.3, 2799.4 ], [ 1850.9, 2797.1 ], [ 1851.0, 2795.1 ], [ 1850.5, 2792.0 ], [ 1850.6, 2788.5 ], [ 1852.1, 2785.8 ], [ 1853.9, 2783.0 ], [ 1854.7, 2779.8 ], [ 1852.7, 2776.7 ], [ 1841.9, 2772.3 ], [ 1839.0, 2769.1 ], [ 1837.5, 2765.8 ], [ 1833.9, 2760.8 ], [ 1833.0, 2756.1 ], [ 1831.6, 2752.6 ], [ 1827.4, 2745.6 ], [ 1824.9, 2743.2 ], [ 1818.7, 2739.8 ], [ 1814.8, 2736.7 ], [ 1805.7, 2727.3 ], [ 1801.8, 2724.2 ], [ 1798.2, 2720.7 ], [ 1794.9, 2720.1 ], [ 1793.2, 2718.9 ], [ 1792.0, 2716.9 ], [ 1791.5, 2714.7 ], [ 1790.0, 2712.0 ], [ 1786.4, 2708.6 ], [ 1782.1, 2706.0 ], [ 1777.4, 2704.6 ], [ 1774.7, 2701.3 ], [ 1770.9, 2700.0 ], [ 1764.1, 2695.6 ], [ 1759.7, 2694.1 ], [ 1754.8, 2693.3 ], [ 1746.3, 2691.1 ], [ 1740.8, 2690.8 ], [ 1738.5, 2690.2 ], [ 1735.6, 2687.6 ], [ 1735.6, 2687.6 ] ] } },
{ "type": "Feature", "properties": { "name": "Luna", "scalerank": 11, "featurecla": "River", "source": "ne_10m_rivers_europe" }, "geometry": { "type": "LineString", "coordinates": [ [ 1172.6, 2676.1 ], [ 1176.1, 2676.5 ], [ 1178.6, 2676.3 ], [ 1180.9, 2676.5 ], [ 1183.9, 2677.9 ], [ 1187.5, 2680.7 ], [ 1190.2, 2686.2 ], [ 1197.0, 2693.8 ], [ 1198.5, 2696.4 ], [ 1198.7, 2702.6 ], [ 1199.6, 2704.4 ], [ 1201.4, 2706.6 ], [ 1203.4, 2710.6 ], [ 1203.9, 2715.5 ], [ 1202.0, 2719.9 ], [ 1199.4, 2724.2 ], [ 1198.0, 2728.9 ], [ 1197.8, 2732.8 ], [ 1197.9, 2734.9 ], [ 1197.6, 2736.9 ], [ 1196.1, 2740.5 ], [ 1193.5, 2744.8 ], [ 1187.8, 2752.4 ], [ 1186.0, 2756.4 ], [ 1185.2, 2760.4 ], [ 1184.2, 2767.1 ], [ 1182.6, 2772.2 ], [ 1182.8, 2776.4 ], [ 1181.9, 2780.0 ], [ 1181.3, 2783.8 ], [ 1182.5, 2786.7 ], [ 1184.3, 2788.9 ], [ 1185.3, 2791.2 ], [ 1185.4, 2794.0 ], [ 1185.0, 2797.5 ], [ 1184.2, 2800.9 ], [ 1182.7, 2805.4 ], [ 1184.0, 2808.3 ], [ 1183.9, 2811.2 ], [ 1185.9, 2814.8 ], [ 1186.1, 2819.2 ], [ 1188.5, 2824.3 ], [ 1188.8, 2828.0 ], [ 1190.7, 2830.6 ], [ 1191.6, 2834.6 ], [ 1192.9, 2837.1 ], [ 1195.6, 2841.6 ] ] } },
{ "type": "Feature", "properties": { "name": "Minho", "scalerank": 9, "featurecla": "River", "source": "ne_10m_rivers_lake_centerlines" }, "geometry": { "type": "LineString", "coordinates": [ [ 848.1, 2758.7 ], [ 849.5, 2758.1 ], [ 852.3, 2757.4 ], [ 855.4, 2757.3 ], [ 858.0, 2756.3 ], [ 859.2, 2755.0 ], [ 861.2, 2752.1 ], [ 862.5, 2750.8 ], [ 864.7, 2749.8 ], [ 866.8, 2749.9 ], [ 870.9, 2750.9 ], [ 873.2, 2750.5 ], [ 877.6, 2748.8 ], [ 879.9, 2748.6 ], [ 897.8, 2750.1 ], [ 899.9, 2749.6 ], [ 903.3, 2747.7 ], [ 904.5, 2747.3 ], [ 905.4, 2747.3 ], [ 907.3, 2747.6 ], [ 909.5, 2747.3 ], [ 913.9, 2745.5 ], [ 916.0, 2745.3 ], [ 917.6, 2745.5 ] ] } },
{ "type": "Feature", "properties": { "name": "Adour", "scalerank": 10, "featurecla": "River", "source": "ne_10m_rivers_europe" }, "geometry": { "type": "LineString", "coordinates": [ [ 1884.1, 2809.8 ], [ 1885.5, 2807.1 ], [ 1887.2, 2805.3 ], [ 1887.7, 2803.4 ], [ 1886.6, 2800.2 ], [ 1884.3, 2796.7 ], [ 1881.9, 2794.1 ], [ 1880.0, 2791.2 ], [ 1875.1, 2776.8 ], [ 1873.7, 2769.7 ], [ 1873.3, 2760.0 ], [ 1873.9, 2751.3 ], [ 1874.8, 2746.8 ], [ 1875.7, 2743.7 ], [ 1876.2, 2738.3 ], [ 1876.3, 2732.6 ], [ 1876.1, 2728.4 ], [ 1875.2, 2725.4 ], [ 1873.6, 2722.2 ], [ 1872.3, 2718.8 ], [ 1871.9, 2711.5 ], [ 1870.3, 2705.6 ], [ 1869.7, 2696.5 ], [ 1868.9, 2692.6 ], [ 1867.0, 2690.1 ], [ 1864.2, 2688.8 ], [ 1860.6, 2688.5 ], [ 1857.1, 2688.7 ], [ 1853.0, 2687.6 ], [ 1848.1, 2684.2 ], [ 1844.2, 2680.1 ], [ 1841.5, 2675.0 ], [ 1839.2, 2672.2 ], [ 1835.7, 2669.9 ], [ 1828.6, 2668.1 ], [ 1826.2, 2666.9 ], [ 1822.5, 2665.9 ], [ 1810.1, 2665.2 ], [ 1804.5, 2663.8 ], [ 1791.6, 2663.6 ], [ 1788.4, 2662.6 ], [ 1786.0, 2661.0 ], [ 1781.4, 2657.2 ], [ 1778.9, 2656.0 ], [ 1776.9, 2655.6 ], [ 1775.4, 2656.1 ], [ 1773.9, 2658.2 ], [ 1772.9, 2658.0 ], [ 1771.2, 2658.8 ], [ 1766.8, 2664.7 ], [ 1765.6, 2664.9 ], [ 1764.4, 2663.8 ], [ 1762.3, 2663.4 ], [ 1759.8, 2663.9 ], [ 1755.7, 2665.6 ], [ 1752.6, 2665.7 ], [ 1750.5, 2668.1 ], [ 1746.7, 2670.1 ], [ 1742.4, 2673.0 ], [ 1738.4, 2673.4 ], [ 1736.4, 2674.5 ], [ 1734.8, 2676.3 ], [ 1733.8, 2678.1 ], [ 1733.9, 2679.8 ], [ 1736.0, 2683.5 ], [ 1736.4, 2686.1 ], [ 1735.6, 2687.6 ], [ 1734.7, 2689.1 ], [ 1730.5, 2692.0 ], [ 1725.6, 2693.9 ], [ 1721.9, 2694.2 ], [ 1714.3, 2693.2 ], [ 1710.4, 2693.2 ], [ 1707.8, 2693.5 ], [ 1704.7, 2691.4 ], [ 1700.6, 2686.2 ] ] } },
{ "type": "Feature", "properties": { "name": "Sil", "scalerank": 10, "featurecla": "River", "source": "ne_10m_rivers_europe" }, "geometry": { "type": "LineString", "coordinates": [ [ 1151.7, 2676.9 ], [ 1148.7, 2678.0 ], [ 1145.7, 2679.5 ], [ 1136.0, 2682.6 ], [ 1133.2, 2684.5 ], [ 1131.2, 2686.4 ], [ 1128.0, 2688.4 ], [ 1124.8, 2691.3 ], [ 1122.7, 2695.5 ], [ 1121.9, 2700.7 ], [ 1121.8, 2706.1 ], [ 1121.1, 2711.6 ], [ 1118.4, 2717.4 ], [ 1114.7, 2722.4 ], [ 1111.2, 2726.0 ], [ 1108.4, 2727.8 ], [ 1103.6, 2728.6 ], [ 1100.3, 2729.6 ], [ 1096.9, 2730.2 ], [ 1094.4, 2729.4 ], [ 1092.2, 2727.9 ], [ 1089.6, 2726.8 ], [ 1086.7, 2726.4 ], [ 1083.9, 2726.7 ], [ 1081.6, 2729.1 ], [ 1081.1, 2731.1 ], [ 1080.8, 2733.0 ], [ 1081.5, 2736.5 ], [ 1081.0, 2737.7 ], [ 1080.2, 2740.2 ], [ 1079.5, 2741.5 ], [ 1078.9, 2742.3 ], [ 1077.7, 2743.4 ], [ 1077.3, 2743.7 ], [ 1076.4, 2743.9 ], [ 1074.4, 2742.4 ], [ 1068.7, 2740.1 ], [ 1063.9, 2738.6 ], [ 1059.1, 2737.8 ], [ 1053.8, 2737.7 ], [ 1050.8, 2737.1 ], [ 1049.1, 2737.9 ], [ 1046.4, 2738.8 ], [ 1042.7, 2738.5 ], [ 1036.2, 2736.5 ], [ 1034.8, 2734.8 ], [ 1033.8, 2729.1 ], [ 1032.3, 2725.7 ], [ 1028.3, 2723.2 ], [ 1022.0, 2722.4 ], [ 1016.4, 2723.0 ], [ 1014.3, 2724.0 ], [ 1012.6, 2725.4 ], [ 1008.2, 2727.0 ], [ 1003.1, 2728.1 ], [ 999.9, 2728.4 ], [ 997.9, 2727.7 ], [ 996.1, 2726.2 ], [ 994.0, 2725.0 ], [ 991.7, 2725.1 ], [ 989.4, 2724.8 ], [ 987.3, 2722.5 ], [ 985.3, 2719.7 ], [ 981.7, 2716.7 ], [ 980.1, 2714.8 ], [ 976.2, 2713.7 ] ] } },
{ "type": "Feature", "properties": { "name": "Esla", "scalerank": 10, "featurecla": "Lake Centerline", "source": "ne_10m_rivers_europe" }, "geometry": { "type": "LineString", "coordinates": [ [ 1300.3, 2702.8 ], [ 1297.6, 2701.8 ], [ 1295.0, 2700.4 ], [ 1289.3, 2703.8 ] ] } },
{ "type": "Feature", "properties": { "name": "Esla", "scalerank": 10, "featurecla": "River", "source": "ne_10m_rivers_europe" }, "geometry": { "type": "LineString", "coordinates": [ [ 1317.4, 2689.6 ], [ 1317.3, 2692.1 ], [ 1316.1, 2694.8 ], [ 1312.8, 2698.6 ], [ 1308.3, 2701.9 ], [ 1304.1, 2703.3 ], [ 1300.6, 2702.9 ], [ 1300.3, 2702.8 ] ] } },
{ "type": "Feature", "properties": { "name": "Garonne", "scalerank": 6, "featurecla": "River", "source": "ne_10m_rivers_lake_centerlines" }, "geometry": { "type": "LineString", "coordinates": [ [ 1836.7, 2494.2 ], [ 1835.5, 2496.5 ], [ 1832.4, 2499.4 ], [ 1831.9, 2501.5 ], [ 1832.7, 2502.8 ], [ 1834.3, 2504.1 ], [ 1835.9, 2505.7 ], [ 1836.3, 2508.0 ], [ 1836.6, 2512.9 ], [ 1838.3, 2516.2 ], [ 1844.7, 2523.5 ], [ 1849.8, 2527.0 ], [ 1851.0, 2528.5 ], [ 1858.4, 2545.6 ], [ 1860.8, 2548.2 ], [ 1864.0, 2549.5 ], [ 1874.8, 2549.2 ], [ 1881.1, 2550.1 ], [ 1882.0, 2549.9 ], [ 1882.9, 2549.5 ], [ 1883.9, 2549.3 ], [ 1885.0, 2549.5 ], [ 1885.5, 2550.2 ], [ 1886.1, 2552.9 ], [ 1891.2, 2554.9 ], [ 1891.8, 2556.3 ], [ 1892.0, 2558.4 ], [ 1893.1, 2558.9 ], [ 1895.7, 2558.4 ], [ 1896.5, 2558.9 ], [ 1896.6, 2559.9 ], [ 1896.4, 2560.9 ], [ 1896.5, 2561.6 ], [ 1898.5, 2564.1 ], [ 1899.1, 2564.4 ], [ 1900.8, 2564.3 ], [ 1901.5, 2564.5 ], [ 1902.0, 2565.2 ], [ 1902.6, 2567.8 ], [ 1908.9, 2574.7 ], [ 1910.9, 2578.1 ], [ 1911.6, 2578.7 ], [ 1913.3, 2578.8 ], [ 1914.1, 2579.0 ], [ 1914.9, 2579.7 ], [ 1916.3, 2581.3 ], [ 1918.0, 2582.5 ], [ 1918.3, 2582.8 ], [ 1918.4, 2584.0 ], [ 1917.8, 2585.9 ], [ 1917.8, 2586.9 ], [ 1918.6, 2590.2 ], [ 1919.7, 2593.1 ], [ 1920.2, 2595.0 ], [ 1920.0, 2597.1 ], [ 1919.1, 2601.5 ], [ 1919.9, 2605.0 ], [ 1922.7, 2606.7 ], [ 1929.1, 2607.6 ], [ 1945.5, 2613.5 ], [ 1947.1, 2615.6 ], [ 1948.1, 2618.4 ], [ 1949.7, 2622.0 ], [ 1952.4, 2624.1 ], [ 1959.0, 2625.2 ], [ 1963.0, 2628.3 ], [ 1966.4, 2629.7 ], [ 1967.9, 2630.7 ], [ 1968.8, 2632.0 ], [ 1970.7, 2635.2 ], [ 1971.8, 2636.5 ], [ 1974.2, 2638.2 ], [ 1978.0, 2640.2 ], [ 1982.0, 2641.4 ], [ 1987.4, 2639.9 ], [ 1991.0, 2640.6 ], [ 1993.6, 2641.8 ], [ 1994.4, 2642.2 ], [ 1996.3, 2643.7 ], [ 1997.7, 2647.0 ], [ 1998.9, 2651.0 ], [ 2000.6, 2654.5 ], [ 2003.4, 2656.3 ], [ 2005.2, 2657.8 ], [ 2006.9, 2661.2 ], [ 2007.8, 2664.9 ], [ 2007.6, 2667.4 ], [ 2008.5, 2668.8 ], [ 2011.3, 2675.3 ], [ 2013.8, 2682.9 ], [ 2014.2, 2683.7 ], [ 2014.5, 2686.0 ], [ 2015.7, 2688.1 ], [ 2018.4, 2691.6 ], [ 2018.6, 2692.5 ], [ 2018.7, 2695.0 ], [ 2019.0, 2696.4 ], [ 2019.3, 2696.9 ], [ 2020.6, 2698.2 ], [ 2021.1, 2698.7 ], [ 2028.0, 2717.1 ], [ 2029.7, 2728.1 ], [ 2025.7, 2733.4 ], [ 2019.1, 2736.3 ], [ 2017.1, 2738.4 ], [ 2012.0, 2750.7 ], [ 2010.2, 2754.2 ], [ 2005.1, 2760.7 ], [ 2002.2, 2763.6 ], [ 1997.1, 2767.1 ], [ 1993.0, 2770.8 ], [ 1987.2, 2774.7 ], [ 1973.3, 2779.5 ], [ 1967.6, 2783.7 ], [ 1962.9, 2787.6 ], [ 1958.3, 2789.3 ], [ 1953.9, 2789.0 ], [ 1946.3, 2787.2 ], [ 1942.1, 2787.5 ], [ 1935.4, 2785.1 ], [ 1932.5, 2785.5 ], [ 1930.2, 2786.6 ], [ 1925.6, 2787.7 ], [ 1923.9, 2788.7 ], [ 1923.1, 2790.3 ], [ 1923.0, 2792.1 ], [ 1924.0, 2793.8 ], [ 1925.7, 2794.8 ], [ 1927.7, 2797.1 ], [ 1929.2, 2802.0 ], [ 1930.2, 2807.3 ], [ 1931.1, 2810.6 ], [ 1932.1, 2812.1 ], [ 1934.8, 2814.4 ], [ 1937.0, 2818.8 ], [ 1938.8, 2821.2 ], [ 1939.1, 2824.7 ], [ 1933.9, 2835.2 ], [ 1933.4, 2839.0 ], [ 1935.2, 2841.3 ], [ 1936.2, 2841.8 ], [ 1940.9, 2844.4 ], [ 1943.2, 2846.8 ], [ 1946.3, 2849.1 ], [ 1951.2, 2850.3 ], [ 1955.3, 2852.2 ], [ 1956.8, 2856.0 ], [ 1956.9, 2860.6 ] ] } },
{ "type": "Feature", "properties": { "name": "Mio", "scalerank": 9, "featurecla": "River", "source": "ne_10m_rivers_lake_centerlines" }, "geometry": { "type": "LineString", "coordinates": [ [ 1055.4, 2614.6 ], [ 1047.4, 2603.0 ], [ 1046.3, 2602.0 ], [ 1044.6, 2601.5 ], [ 1042.0, 2601.6 ], [ 1039.7, 2602.6 ], [ 1037.7, 2604.4 ], [ 1035.9, 2606.7 ], [ 1035.4, 2608.2 ], [ 1035.3, 2609.5 ], [ 1034.7, 2610.6 ], [ 1032.8, 2611.7 ], [ 1030.7, 2611.6 ], [ 1026.3, 2609.7 ], [ 1024.3, 2610.0 ], [ 1016.9, 2613.6 ], [ 1014.8, 2615.6 ], [ 1011.7, 2621.3 ], [ 1011.3, 2626.2 ], [ 1012.9, 2630.8 ], [ 1016.7, 2637.9 ], [ 1017.9, 2640.1 ], [ 1018.7, 2642.4 ], [ 1019.0, 2645.0 ], [ 1018.1, 2647.8 ], [ 1017.3, 2649.3 ], [ 1009.6, 2659.4 ], [ 1008.7, 2660.0 ], [ 1007.1, 2660.9 ], [ 1005.5, 2662.1 ], [ 999.7, 2668.1 ], [ 998.4, 2669.8 ], [ 997.0, 2671.2 ], [ 995.4, 2672.2 ], [ 993.7, 2672.8 ], [ 993.4, 2673.3 ], [ 992.7, 2675.7 ], [ 992.2, 2676.4 ], [ 991.5, 2676.9 ], [ 990.5, 2677.3 ], [ 987.9, 2677.8 ], [ 987.3, 2678.4 ], [ 987.0, 2679.1 ], [ 986.3, 2682.1 ], [ 986.4, 2683.9 ], [ 986.9, 2685.5 ], [ 987.3, 2687.1 ], [ 986.9, 2688.8 ], [ 986.7, 2690.4 ], [ 985.3, 2692.2 ], [ 984.3, 2694.1 ], [ 984.1, 2696.2 ], [ 984.7, 2698.4 ], [ 985.1, 2698.8 ], [ 985.5, 2698.9 ], [ 985.8, 2699.2 ], [ 985.9, 2700.0 ], [ 985.8, 2700.8 ], [ 985.5, 2701.4 ], [ 984.6, 2702.4 ], [ 984.0, 2703.7 ], [ 983.0, 2706.5 ], [ 982.4, 2707.9 ], [ 981.7, 2708.8 ], [ 964.7, 2723.6 ], [ 961.7, 2725.0 ], [ 958.5, 2725.4 ], [ 955.0, 2725.2 ], [ 944.1, 2722.1 ], [ 941.8, 2722.1 ], [ 939.5, 2722.7 ], [ 938.4, 2723.3 ], [ 935.7, 2726.0 ], [ 934.3, 2726.9 ], [ 929.4, 2728.5 ], [ 926.6, 2730.6 ], [ 921.7, 2736.4 ], [ 919.0, 2738.8 ], [ 919.5, 2739.6 ], [ 920.9, 2741.1 ], [ 921.2, 2742.0 ], [ 920.9, 2744.2 ], [ 919.5, 2745.2 ], [ 917.6, 2745.5 ] ] } },
{ "type": "Feature", "properties": { "name": "Aveyron", "scalerank": 11, "featurecla": "River", "source": "ne_10m_rivers_europe" }, "geometry": { "type": "LineString", "coordinates": [ [ 2228.9, 2631.9 ], [ 2226.0, 2629.7 ], [ 2222.4, 2628.3 ], [ 2217.5, 2623.9 ], [ 2214.9, 2622.4 ], [ 2209.3, 2621.3 ], [ 2206.7, 2620.5 ], [ 2202.7, 2616.0 ], [ 2199.6, 2614.0 ], [ 2196.0, 2612.9 ], [ 2190.5, 2612.7 ], [ 2187.6, 2611.7 ], [ 2184.0, 2613.4 ], [ 2181.1, 2614.3 ], [ 2178.7, 2617.4 ], [ 2174.7, 2616.6 ], [ 2170.4, 2617.6 ], [ 2165.8, 2619.3 ], [ 2162.2, 2620.0 ], [ 2159.8, 2619.6 ], [ 2155.4, 2616.3 ], [ 2145.4, 2611.3 ], [ 2142.6, 2610.5 ], [ 2136.0, 2611.2 ], [ 2131.3, 2610.8 ], [ 2124.4, 2610.7 ], [ 2116.5, 2611.3 ], [ 2110.7, 2612.9 ], [ 2107.3, 2615.4 ], [ 2105.3, 2618.5 ], [ 2104.6, 2621.5 ], [ 2104.6, 2623.8 ], [ 2104.2, 2626.1 ], [ 2101.3, 2632.0 ], [ 2100.2, 2640.1 ], [ 2098.9, 2641.5 ], [ 2094.3, 2640.7 ], [ 2091.0, 2643.2 ], [ 2088.0, 2642.9 ], [ 2085.1, 2642.3 ], [ 2081.8, 2642.5 ], [ 2079.9, 2641.2 ], [ 2077.2, 2640.1 ], [ 2074.0, 2640.3 ], [ 2071.7, 2641.5 ], [ 2071.0, 2643.0 ], [ 2071.1, 2645.0 ], [ 2070.5, 2647.7 ], [ 2069.2, 2650.0 ], [ 2067.3, 2651.0 ], [ 2064.7, 2650.9 ], [ 2061.6, 2650.2 ], [ 2058.7, 2649.2 ], [ 2054.7, 2647.2 ], [ 2049.1, 2646.6 ], [ 2044.8, 2643.3 ], [ 2042.0, 2643.8 ], [ 2040.8, 2643.0 ], [ 2038.7, 2642.6 ], [ 2035.3, 2643.9 ], [ 2031.3, 2644.8 ], [ 2027.8, 2643.7 ], [ 2025.0, 2642.2 ], [ 2022.4, 2642.0 ], [ 2018.8, 2642.8 ] ] } },
{ "type": "Feature", "properties": { "name": "Narcea", "scalerank": 10, "featurecla": "River", "source": "ne_10m_rivers_europe" }, "geometry": { "type": "LineString", "coordinates": [ [ 1272.5, 2668.4 ], [ 1267.1, 2661.1 ], [ 1258.7, 2653.9 ], [ 1251.1, 2649.4 ], [ 1245.7, 2648.0 ], [ 1242.9, 2645.2 ], [ 1241.6, 2642.7 ], [ 1240.1, 2640.8 ], [ 1238.2, 2639.6 ], [ 1233.9, 2637.7 ], [ 1230.3, 2633.7 ], [ 1227.5, 2631.5 ], [ 1224.0, 2630.3 ], [ 1216.5, 2631.6 ], [ 1213.6, 2630.9 ], [ 1211.2, 2629.6 ], [ 1207.2, 2628.0 ], [ 1205.9, 2625.3 ], [ 1203.2, 2621.5 ], [ 1202.6, 2618.9 ], [ 1201.3, 2616.1 ], [ 1195.3, 2611.1 ], [ 1194.5, 2608.3 ], [ 1194.4, 2605.7 ], [ 1193.1, 2603.6 ], [ 1192.3, 2601.6 ], [ 1193.3, 2599.0 ], [ 1194.9, 2596.0 ], [ 1195.4, 2593.1 ], [ 1198.1, 2587.5 ] ] } },
{ "type": "Feature", "properties": { "name": "Lot", "scalerank": 10, "featurecla": "River", "source": "ne_10m_rivers_europe" }, "geometry": { "type": "LineString", "coordinates": [ [ 2261.5, 2604.9 ], [ 2255.5, 2606.9 ], [ 2253.6, 2606.7 ], [ 2251.7, 2605.6 ], [ 2248.8, 2604.6 ], [ 2245.6, 2604.1 ], [ 2242.8, 2604.3 ], [ 2240.9, 2605.7 ], [ 2238.2, 2610.1 ], [ 2236.0, 2611.1 ], [ 2232.9, 2610.4 ], [ 2225.6, 2606.0 ], [ 2222.3, 2604.4 ], [ 2219.2, 2604.0 ], [ 2215.9, 2604.4 ], [ 2212.8, 2604.0 ], [ 2210.1, 2601.7 ], [ 2207.5, 2598.8 ], [ 2204.7, 2596.9 ], [ 2195.5, 2595.2 ], [ 2187.6, 2590.6 ], [ 2182.7, 2588.6 ], [ 2180.5, 2585.2 ], [ 2174.7, 2577.9 ], [ 2171.8, 2573.6 ], [ 2169.7, 2572.5 ], [ 2166.6, 2572.1 ], [ 2161.1, 2571.9 ], [ 2160.2, 2570.4 ], [ 2156.6, 2570.5 ], [ 2152.4, 2570.0 ], [ 2151.2, 2569.7 ], [ 2150.6, 2569.6 ], [ 2149.9, 2569.8 ], [ 2148.8, 2570.4 ], [ 2148.1, 2570.7 ], [ 2146.3, 2572.2 ], [ 2139.1, 2573.8 ], [ 2128.9, 2578.4 ], [ 2124.5, 2579.1 ], [ 2116.0, 2577.4 ], [ 2113.8, 2578.3 ], [ 2111.8, 2579.6 ], [ 2107.2, 2581.3 ], [ 2100.1, 2586.0 ], [ 2095.6, 2587.8 ], [ 2084.7, 2591.2 ], [ 2076.7, 2590.9 ], [ 2073.2, 2590.4 ], [ 2066.0, 2587.3 ], [ 2064.0, 2587.7 ], [ 2062.8, 2588.4 ], [ 2058.9, 2586.9 ], [ 2052.2, 2588.1 ], [ 2050.0, 2587.5 ], [ 2048.6, 2586.7 ], [ 2045.5, 2586.6 ], [ 2042.2, 2583.5 ], [ 2040.8, 2583.5 ], [ 2039.1, 2584.1 ], [ 2036.9, 2584.2 ], [ 2034.7, 2583.5 ], [ 2031.9, 2581.8 ], [ 2030.9, 2582.8 ], [ 2029.2, 2583.6 ], [ 2016.6, 2578.3 ], [ 2010.6, 2577.4 ], [ 2001.4, 2579.1 ], [ 1995.4, 2577.3 ], [ 1991.9, 2577.8 ], [ 1988.6, 2579.7 ], [ 1984.9, 2583.8 ], [ 1979.8, 2586.2 ], [ 1977.6, 2587.8 ], [ 1975.5, 2588.9 ], [ 1973.0, 2588.8 ], [ 1967.4, 2587.7 ], [ 1965.2, 2586.9 ], [ 1962.9, 2583.8 ], [ 1958.5, 2583.1 ], [ 1954.6, 2580.2 ], [ 1952.8, 2579.9 ], [ 1951.6, 2581.0 ], [ 1950.9, 2582.8 ], [ 1949.6, 2584.8 ], [ 1946.6, 2586.4 ], [ 1943.3, 2586.9 ], [ 1940.3, 2585.9 ], [ 1938.1, 2587.1 ], [ 1935.1, 2587.0 ], [ 1930.9, 2589.4 ], [ 1926.6, 2590.6 ], [ 1921.8, 2593.0 ], [ 1919.7, 2593.1 ] ] } },
{ "type": "Feature", "properties": { "name": "Dordogne", "scalerank": 8, "featurecla": "River", "source": "ne_10m_rivers_lake_centerlines" }, "geometry": { "type": "LineString", "coordinates": [ [ 2093.2, 2525.0 ], [ 2089.1, 2524.1 ], [ 2084.0, 2522.9 ], [ 2083.4, 2522.3 ], [ 2081.8, 2519.9 ], [ 2081.3, 2519.3 ], [ 2078.8, 2519.3 ], [ 2077.5, 2519.5 ], [ 2076.3, 2519.9 ], [ 2074.4, 2521.5 ], [ 2070.3, 2525.7 ], [ 2068.4, 2526.4 ], [ 2067.5, 2526.1 ], [ 2067.3, 2525.9 ], [ 2066.0, 2527.7 ], [ 2065.2, 2528.5 ], [ 2064.3, 2529.2 ], [ 2063.3, 2529.6 ], [ 2062.4, 2529.9 ], [ 2060.7, 2529.9 ], [ 2058.8, 2529.4 ], [ 2057.2, 2528.1 ], [ 2056.7, 2525.6 ], [ 2055.8, 2524.1 ], [ 2053.4, 2523.7 ], [ 2048.6, 2524.2 ], [ 2041.7, 2527.0 ], [ 2038.6, 2527.5 ], [ 2036.7, 2528.8 ], [ 2035.6, 2529.0 ], [ 2034.4, 2528.7 ], [ 2032.2, 2527.7 ], [ 2031.6, 2527.5 ], [ 2031.1, 2527.8 ], [ 2030.5, 2528.6 ], [ 2030.1, 2529.5 ], [ 2029.7, 2530.5 ], [ 2027.8, 2529.6 ], [ 2024.2, 2532.0 ], [ 2022.1, 2530.5 ], [ 2023.0, 2529.7 ], [ 2022.6, 2529.4 ], [ 2022.4, 2529.4 ], [ 2022.2, 2529.3 ], [ 2022.3, 2528.5 ], [ 2021.6, 2528.4 ], [ 2021.0, 2529.4 ], [ 2020.1, 2530.2 ], [ 2019.4, 2530.2 ], [ 2019.3, 2528.7 ], [ 2018.7, 2528.0 ], [ 2017.3, 2528.1 ], [ 2015.8, 2528.6 ], [ 2014.7, 2528.7 ], [ 2008.8, 2523.1 ], [ 2007.1, 2522.3 ], [ 2006.1, 2523.2 ], [ 2005.0, 2525.8 ], [ 2004.0, 2526.3 ], [ 2000.3, 2526.0 ], [ 1999.1, 2525.7 ], [ 1997.4, 2524.2 ], [ 1995.8, 2522.2 ], [ 1994.2, 2520.8 ], [ 1992.0, 2521.6 ], [ 1990.7, 2520.0 ], [ 1990.2, 2519.0 ], [ 1990.2, 2517.7 ], [ 1989.7, 2516.4 ], [ 1988.5, 2517.5 ], [ 1987.5, 2519.2 ], [ 1987.6, 2520.0 ], [ 1985.5, 2519.3 ], [ 1983.2, 2515.4 ], [ 1981.3, 2516.1 ], [ 1981.0, 2520.5 ], [ 1976.6, 2521.4 ], [ 1935.3, 2513.3 ], [ 1934.2, 2513.4 ], [ 1932.1, 2513.8 ], [ 1931.1, 2513.9 ], [ 1930.0, 2513.4 ], [ 1929.3, 2512.6 ], [ 1928.8, 2511.8 ], [ 1928.3, 2511.5 ], [ 1922.7, 2508.9 ], [ 1920.7, 2508.3 ], [ 1921.2, 2510.5 ], [ 1919.3, 2511.8 ], [ 1915.4, 2515.3 ], [ 1913.3, 2515.9 ], [ 1897.9, 2511.7 ], [ 1897.6, 2511.2 ], [ 1896.0, 2508.9 ], [ 1895.6, 2508.6 ], [ 1895.0, 2507.8 ], [ 1893.5, 2507.8 ], [ 1891.0, 2508.5 ], [ 1884.0, 2509.0 ], [ 1879.8, 2511.4 ], [ 1878.0, 2510.8 ], [ 1875.3, 2507.5 ], [ 1874.2, 2506.8 ], [ 1873.3, 2506.5 ], [ 1872.5, 2506.0 ], [ 1871.8, 2504.8 ], [ 1871.5, 2503.4 ], [ 1871.6, 2502.6 ], [ 1872.1, 2501.7 ], [ 1872.4, 2500.2 ], [ 1872.1, 2498.9 ], [ 1871.1, 2498.4 ], [ 1870.1, 2498.4 ], [ 1869.5, 2498.8 ], [ 1868.9, 2500.0 ], [ 1868.1, 2498.6 ], [ 1867.5, 2496.5 ], [ 1867.6, 2495.9 ], [ 1865.5, 2494.3 ], [ 1864.4, 2495.1 ], [ 1863.4, 2496.4 ], [ 1861.5, 2496.1 ], [ 1860.6, 2491.6 ], [ 1859.8, 2490.6 ], [ 1858.7, 2489.8 ], [ 1857.6, 2489.3 ], [ 1856.8, 2489.0 ], [ 1847.8, 2487.8 ], [ 1846.7, 2486.6 ], [ 1845.3, 2481.4 ], [ 1844.0, 2479.6 ] ] } },
{ "type": "Feature", "properties": { "name": "Dordogne", "scalerank": 8, "featurecla": "River", "source": "ne_10m_rivers_lake_centerlines" }, "geometry": { "type": "LineString", "coordinates": [ [ 2206.5, 2430.3 ], [ 2203.9, 2429.9 ], [ 2200.3, 2427.1 ], [ 2194.4, 2425.5 ], [ 2192.1, 2425.2 ], [ 2189.7, 2425.5 ], [ 2188.7, 2426.0 ], [ 2184.5, 2429.4 ], [ 2182.4, 2431.0 ], [ 2182.0, 2431.1 ], [ 2181.0, 2432.5 ], [ 2180.0, 2439.4 ], [ 2179.3, 2441.5 ], [ 2179.6, 2444.4 ], [ 2178.6, 2447.8 ], [ 2177.3, 2451.2 ], [ 2176.5, 2454.5 ], [ 2175.7, 2456.5 ], [ 2174.0, 2457.7 ], [ 2171.7, 2458.0 ], [ 2169.4, 2457.5 ], [ 2167.4, 2456.2 ], [ 2163.7, 2453.2 ], [ 2161.3, 2452.4 ], [ 2160.4, 2452.7 ], [ 2160.2, 2453.8 ], [ 2160.5, 2455.0 ], [ 2161.6, 2457.5 ], [ 2161.7, 2458.5 ], [ 2161.4, 2459.5 ], [ 2160.3, 2462.1 ], [ 2158.2, 2464.8 ], [ 2157.7, 2465.1 ], [ 2155.4, 2467.1 ], [ 2155.3, 2467.7 ], [ 2154.4, 2468.3 ], [ 2153.3, 2471.1 ], [ 2152.6, 2471.7 ], [ 2151.3, 2471.8 ], [ 2150.2, 2472.2 ], [ 2148.3, 2473.3 ], [ 2147.9, 2473.3 ], [ 2147.7, 2472.9 ], [ 2147.4, 2472.7 ], [ 2146.8, 2473.2 ], [ 2146.5, 2473.7 ], [ 2146.1, 2474.8 ], [ 2144.5, 2477.6 ], [ 2143.7, 2478.8 ], [ 2142.8, 2479.2 ], [ 2134.9, 2479.4 ], [ 2134.2, 2479.2 ], [ 2133.0, 2478.3 ], [ 2132.4, 2478.1 ], [ 2131.7, 2478.4 ], [ 2130.9, 2479.0 ], [ 2130.4, 2479.7 ], [ 2130.4, 2480.0 ], [ 2129.1, 2479.6 ], [ 2126.7, 2478.5 ], [ 2125.3, 2478.4 ], [ 2123.2, 2479.7 ], [ 2121.6, 2482.3 ], [ 2118.9, 2488.4 ], [ 2117.0, 2491.0 ], [ 2109.9, 2495.8 ], [ 2107.2, 2499.2 ], [ 2107.4, 2498.8 ], [ 2105.9, 2500.3 ], [ 2105.8, 2501.1 ], [ 2107.1, 2502.1 ], [ 2107.0, 2503.0 ], [ 2105.7, 2503.2 ], [ 2100.9, 2502.9 ], [ 2098.3, 2505.2 ], [ 2097.3, 2507.0 ], [ 2098.7, 2508.5 ], [ 2097.1, 2510.1 ], [ 2097.1, 2512.0 ], [ 2097.7, 2514.1 ], [ 2097.9, 2516.4 ], [ 2097.2, 2518.7 ], [ 2096.0, 2520.9 ], [ 2094.6, 2522.6 ], [ 2093.3, 2523.9 ] ] } },
{ "type": "Feature", "properties": { "name": "Auvézère", "scalerank": 11, "featurecla": "River", "source": "ne_10m_rivers_europe" }, "geometry": { "type": "LineString", "coordinates": [ [ 2064.8, 2416.7 ], [ 2061.5, 2422.9 ], [ 2059.8, 2425.0 ], [ 2055.5, 2427.7 ], [ 2053.1, 2428.4 ], [ 2050.9, 2428.3 ], [ 2048.5, 2428.9 ], [ 2045.3, 2431.0 ], [ 2042.7, 2434.0 ], [ 2041.5, 2436.5 ], [ 2041.0, 2438.4 ], [ 2039.1, 2441.2 ], [ 2039.2, 2442.6 ], [ 2038.7, 2444.4 ], [ 2036.2, 2446.8 ], [ 2033.1, 2448.5 ], [ 2029.6, 2449.3 ], [ 2026.1, 2454.2 ], [ 2023.6, 2456.5 ], [ 2020.6, 2457.8 ], [ 2015.4, 2459.0 ], [ 2012.5, 2461.3 ], [ 2004.4, 2464.5 ], [ 1999.4, 2468.0 ], [ 1997.2, 2468.9 ], [ 1994.8, 2468.5 ], [ 1990.1, 2466.1 ], [ 1988.9, 2466.2 ], [ 1987.2, 2467.1 ], [ 1983.8, 2467.9 ], [ 1980.3, 2467.9 ], [ 1978.2, 2466.7 ], [ 1974.7, 2466.1 ], [ 1967.8, 2467.3 ], [ 1961.2, 2469.5 ], [ 1958.4, 2471.3 ], [ 1957.8, 2472.5 ], [ 1954.6, 2474.1 ], [ 1952.4, 2476.2 ], [ 1949.8, 2476.2 ], [ 1945.8, 2479.5 ], [ 1942.0, 2481.4 ], [ 1938.2, 2482.6 ], [ 1934.0, 2482.8 ], [ 1930.6, 2483.9 ], [ 1926.3, 2484.9 ], [ 1918.5, 2484.1 ], [ 1914.7, 2485.2 ], [ 1908.1, 2483.4 ], [ 1903.8, 2483.6 ], [ 1898.4, 2481.9 ], [ 1887.0, 2481.2 ], [ 1883.4, 2479.8 ], [ 1881.2, 2478.3 ], [ 1878.8, 2477.5 ], [ 1876.8, 2477.9 ], [ 1875.9, 2479.7 ], [ 1875.3, 2482.2 ], [ 1873.9, 2484.3 ], [ 1872.3, 2485.5 ], [ 1869.8, 2486.0 ], [ 1868.6, 2487.1 ], [ 1868.0, 2489.2 ], [ 1868.2, 2491.7 ], [ 1867.6, 2495.8 ] ] } },
{ "type": "Feature", "properties": { "name": "Reno", "scalerank": 10, "featurecla": "Lake Centerline", "source": "ne_10m_rivers_europe" }, "geometry": { "type": "LineString", "coordinates": [ [ 3228.2, 2624.9 ], [ 3233.5, 2624.0 ], [ 3236.5, 2622.4 ], [ 3238.5, 2620.8 ] ] } },
{ "type": "Feature", "properties": { "name": "Tanaro", "scalerank": 10, "featurecla": "River", "source": "ne_10m_rivers_europe" }, "geometry": { "type": "LineString", "coordinates": [ [ 2733.9, 2688.1 ], [ 2734.7, 2687.3 ], [ 2736.0, 2687.0 ], [ 2740.1, 2687.6 ], [ 2744.9, 2687.2 ], [ 2751.3, 2689.4 ], [ 2754.4, 2689.9 ], [ 2756.8, 2689.2 ], [ 2760.5, 2685.6 ], [ 2766.2, 2683.3 ], [ 2768.7, 2681.5 ], [ 2770.7, 2677.6 ], [ 2773.8, 2667.4 ], [ 2775.7, 2663.1 ], [ 2776.1, 2660.3 ], [ 2775.5, 2656.5 ], [ 2773.8, 2652.1 ], [ 2770.3, 2648.3 ], [ 2761.4, 2643.9 ], [ 2759.4, 2641.0 ], [ 2759.4, 2638.2 ], [ 2760.2, 2636.2 ], [ 2760.7, 2632.1 ], [ 2758.7, 2615.7 ], [ 2758.6, 2610.4 ], [ 2759.5, 2607.7 ], [ 2760.9, 2605.7 ], [ 2763.3, 2604.5 ], [ 2770.0, 2603.3 ], [ 2773.3, 2601.2 ], [ 2774.9, 2601.0 ], [ 2777.8, 2599.5 ], [ 2782.0, 2595.3 ], [ 2785.4, 2590.7 ], [ 2786.4, 2588.1 ], [ 2786.3, 2586.7 ], [ 2786.9, 2584.9 ], [ 2788.4, 2583.0 ], [ 2791.9, 2579.7 ], [ 2794.1, 2575.8 ], [ 2796.0, 2574.2 ], [ 2800.0, 2573.9 ], [ 2815.7, 2576.6 ], [ 2818.5, 2576.0 ], [ 2823.9, 2573.4 ], [ 2825.8, 2573.7 ], [ 2827.1, 2574.4 ], [ 2830.1, 2573.0 ], [ 2837.4, 2571.0 ], [ 2842.2, 2567.9 ], [ 2844.5, 2568.1 ], [ 2846.6, 2567.2 ], [ 2849.0, 2565.4 ], [ 2852.4, 2561.1 ], [ 2855.4, 2559.1 ], [ 2856.2, 2557.9 ], [ 2857.8, 2554.9 ] ] } },
{ "type": "Feature", "properties": { "name": "Varaita", "scalerank": 10, "featurecla": "River", "source": "ne_10m_rivers_europe" }, "geometry": { "type": "LineString", "coordinates": [ [ 2668.3, 2631.6 ], [ 2673.5, 2630.2 ], [ 2677.6, 2629.9 ], [ 2686.7, 2629.6 ], [ 2691.4, 2631.3 ], [ 2695.5, 2635.5 ], [ 2698.1, 2636.3 ], [ 2701.2, 2636.4 ], [ 2704.4, 2635.8 ], [ 2707.2, 2634.9 ], [ 2711.1, 2632.0 ], [ 2722.5, 2621.6 ], [ 2727.5, 2617.9 ], [ 2729.8, 2615.1 ], [ 2732.3, 2610.3 ], [ 2734.5, 2604.2 ], [ 2735.4, 2597.4 ], [ 2734.7, 2590.9 ], [ 2733.6, 2585.5 ], [ 2733.3, 2581.0 ] ] } },
{ "type": "Feature", "properties": { "name": "Po", "scalerank": 6, "featurecla": "River", "source": "ne_10m_rivers_lake_centerlines" }, "geometry": { "type": "LineString", "coordinates": [ [ 3270.9, 2560.1 ], [ 3261.3, 2562.7 ], [ 3248.0, 2562.8 ], [ 3244.6, 2562.0 ], [ 3243.0, 2560.6 ], [ 3238.7, 2555.8 ], [ 3237.6, 2555.4 ], [ 3232.3, 2552.9 ], [ 3229.2, 2552.0 ], [ 3227.5, 2552.2 ], [ 3225.9, 2553.6 ], [ 3220.3, 2553.8 ], [ 3218.7, 2554.3 ], [ 3218.7, 2555.4 ], [ 3219.4, 2556.1 ], [ 3220.1, 2556.7 ], [ 3220.9, 2557.1 ], [ 3221.8, 2557.3 ], [ 3221.9, 2558.4 ], [ 3218.0, 2560.3 ], [ 3208.7, 2560.0 ], [ 3204.7, 2561.0 ], [ 3203.2, 2560.1 ], [ 3201.5, 2559.8 ], [ 3197.9, 2559.9 ], [ 3192.6, 2561.3 ], [ 3189.9, 2561.3 ], [ 3189.6, 2561.7 ], [ 3188.9, 2563.1 ], [ 3188.5, 2563.5 ], [ 3186.8, 2563.6 ], [ 3185.5, 2564.0 ], [ 3184.5, 2564.7 ], [ 3183.6, 2565.8 ], [ 3183.3, 2567.5 ], [ 3181.4, 2568.6 ], [ 3177.0, 2570.2 ], [ 3174.4, 2572.8 ], [ 3173.0, 2574.0 ], [ 3171.0, 2574.5 ], [ 3169.2, 2574.0 ], [ 3163.3, 2569.4 ], [ 3160.1, 2567.8 ], [ 3158.4, 2567.4 ], [ 3156.1, 2567.3 ], [ 3151.9, 2568.4 ], [ 3149.9, 2568.4 ], [ 3149.0, 2567.0 ], [ 3148.4, 2563.9 ], [ 3147.0, 2563.1 ], [ 3145.1, 2562.9 ], [ 3135.8, 2557.0 ], [ 3132.2, 2553.8 ], [ 3132.1, 2549.9 ], [ 3118.6, 2550.2 ], [ 3116.3, 2548.6 ], [ 3115.4, 2548.8 ], [ 3111.0, 2550.7 ], [ 3109.2, 2551.2 ], [ 3106.6, 2550.8 ], [ 3100.5, 2547.2 ], [ 3099.3, 2548.3 ], [ 3097.9, 2548.2 ], [ 3096.5, 2547.5 ], [ 3095.2, 2547.3 ], [ 3093.6, 2547.6 ], [ 3092.9, 2548.0 ], [ 3092.6, 2548.7 ], [ 3091.8, 2550.0 ], [ 3090.7, 2550.7 ], [ 3089.5, 2550.4 ], [ 3088.4, 2549.9 ], [ 3087.4, 2549.6 ], [ 3086.3, 2550.0 ], [ 3084.4, 2551.9 ], [ 3083.2, 2552.6 ], [ 3082.2, 2552.8 ], [ 3078.8, 2552.6 ], [ 3069.4, 2550.7 ], [ 3066.5, 2552.3 ], [ 3065.9, 2552.8 ], [ 3066.0, 2554.5 ], [ 3066.8, 2555.5 ], [ 3067.7, 2556.1 ], [ 3068.3, 2557.0 ], [ 3067.7, 2560.9 ], [ 3065.4, 2565.3 ], [ 3062.0, 2569.3 ], [ 3058.6, 2572.0 ], [ 3054.7, 2573.0 ], [ 3049.8, 2573.0 ], [ 3045.0, 2571.9 ], [ 3041.2, 2569.9 ], [ 3039.7, 2567.6 ], [ 3037.9, 2562.5 ], [ 3036.3, 2561.5 ], [ 3034.1, 2561.9 ], [ 3032.6, 2562.5 ], [ 3031.0, 2562.6 ], [ 3028.4, 2561.5 ], [ 3017.0, 2554.3 ], [ 3012.6, 2553.1 ], [ 3008.1, 2553.6 ], [ 3004.0, 2554.8 ], [ 3000.3, 2554.5 ], [ 2997.5, 2550.1 ], [ 2995.5, 2545.3 ], [ 2995.3, 2544.1 ], [ 2994.8, 2543.3 ], [ 2992.7, 2541.8 ], [ 2992.2, 2541.0 ], [ 2991.0, 2540.4 ], [ 2983.2, 2543.6 ], [ 2984.0, 2540.2 ], [ 2981.9, 2538.9 ], [ 2979.6, 2539.6 ], [ 2979.8, 2542.1 ], [ 2981.4, 2545.0 ], [ 2981.0, 2546.1 ], [ 2979.4, 2546.1 ], [ 2974.8, 2545.0 ], [ 2973.8, 2545.4 ], [ 2974.6, 2547.3 ], [ 2974.9, 2548.9 ], [ 2974.2, 2549.7 ], [ 2973.2, 2549.6 ], [ 2972.7, 2548.4 ], [ 2971.8, 2547.2 ], [ 2967.8, 2544.6 ], [ 2966.6, 2542.5 ], [ 2966.0, 2542.5 ], [ 2965.9, 2543.2 ], [ 2965.8, 2543.4 ], [ 2965.6, 2543.3 ], [ 2965.3, 2543.6 ], [ 2965.3, 2547.6 ], [ 2962.0, 2549.1 ], [ 2957.5, 2548.6 ], [ 2954.0, 2546.7 ], [ 2952.6, 2545.7 ], [ 2952.4, 2544.9 ], [ 2952.4, 2543.0 ], [ 2952.7, 2542.1 ], [ 2953.1, 2541.3 ], [ 2953.0, 2540.7 ], [ 2951.7, 2540.3 ], [ 2950.2, 2540.8 ], [ 2948.9, 2541.9 ], [ 2947.5, 2542.8 ], [ 2945.7, 2542.4 ], [ 2944.4, 2540.2 ], [ 2943.4, 2539.3 ], [ 2942.3, 2539.8 ], [ 2941.9, 2540.9 ], [ 2942.1, 2542.2 ], [ 2942.5, 2543.6 ], [ 2942.7, 2545.1 ], [ 2942.2, 2546.8 ], [ 2941.1, 2546.5 ], [ 2938.9, 2544.5 ], [ 2937.7, 2544.2 ], [ 2936.7, 2544.1 ], [ 2934.4, 2544.4 ], [ 2925.0, 2544.4 ], [ 2922.8, 2543.8 ], [ 2918.6, 2541.1 ], [ 2916.4, 2540.1 ], [ 2907.5, 2538.1 ], [ 2903.2, 2538.3 ], [ 2901.2, 2538.9 ], [ 2895.8, 2541.9 ], [ 2893.7, 2542.7 ], [ 2891.2, 2543.0 ], [ 2890.5, 2543.3 ], [ 2889.5, 2545.2 ], [ 2888.6, 2546.1 ], [ 2887.4, 2546.4 ], [ 2886.4, 2546.2 ], [ 2885.5, 2546.2 ], [ 2884.8, 2547.2 ], [ 2883.7, 2546.6 ], [ 2882.0, 2546.0 ], [ 2880.4, 2545.8 ], [ 2879.6, 2546.6 ], [ 2879.1, 2547.7 ], [ 2877.8, 2548.0 ], [ 2875.0, 2548.1 ], [ 2867.1, 2550.0 ], [ 2864.4, 2551.0 ], [ 2857.8, 2554.9 ], [ 2855.3, 2555.3 ], [ 2851.1, 2555.2 ], [ 2849.1, 2554.3 ], [ 2847.8, 2554.2 ], [ 2846.3, 2555.1 ], [ 2843.8, 2552.6 ], [ 2842.4, 2549.5 ], [ 2839.8, 2542.2 ], [ 2836.1, 2537.6 ], [ 2835.7, 2536.8 ], [ 2834.2, 2536.6 ], [ 2830.5, 2535.3 ], [ 2829.4, 2534.6 ], [ 2827.0, 2535.7 ], [ 2823.2, 2535.3 ], [ 2816.4, 2533.2 ], [ 2815.9, 2532.8 ], [ 2815.3, 2532.1 ], [ 2814.5, 2531.4 ], [ 2813.4, 2531.1 ], [ 2811.0, 2529.0 ], [ 2810.2, 2528.6 ], [ 2808.2, 2528.1 ], [ 2807.1, 2526.9 ], [ 2806.4, 2525.6 ], [ 2805.4, 2524.4 ], [ 2803.4, 2523.9 ], [ 2797.2, 2524.7 ], [ 2796.2, 2523.7 ], [ 2789.1, 2525.2 ], [ 2780.6, 2523.8 ], [ 2771.1, 2525.8 ], [ 2767.0, 2524.7 ], [ 2763.4, 2523.1 ], [ 2759.6, 2522.9 ], [ 2754.6, 2526.3 ], [ 2752.1, 2529.6 ], [ 2750.5, 2530.9 ], [ 2748.1, 2531.4 ], [ 2747.3, 2532.1 ], [ 2746.9, 2533.6 ], [ 2746.6, 2535.3 ], [ 2746.1, 2536.5 ], [ 2743.4, 2538.4 ], [ 2740.8, 2539.4 ], [ 2738.5, 2541.1 ], [ 2736.7, 2544.9 ], [ 2736.5, 2547.4 ], [ 2736.4, 2551.4 ], [ 2736.6, 2555.1 ], [ 2737.9, 2557.4 ], [ 2739.4, 2561.0 ], [ 2739.4, 2562.2 ], [ 2739.0, 2562.6 ], [ 2738.6, 2562.4 ], [ 2738.5, 2562.2 ], [ 2736.5, 2565.7 ], [ 2736.4, 2567.3 ], [ 2737.6, 2568.5 ], [ 2737.6, 2569.5 ], [ 2735.9, 2574.3 ], [ 2734.7, 2576.7 ], [ 2733.8, 2577.7 ], [ 2733.7, 2579.6 ], [ 2733.3, 2581.0 ] ] } },
{ "type": "Feature", "properties": { "name": "Po", "scalerank": 6, "featurecla": "River", "source": "ne_10m_rivers_lake_centerlines" }, "geometry": { "type": "LineString", "coordinates": [ [ 2733.3, 2581.0 ], [ 2729.6, 2583.3 ], [ 2724.0, 2584.9 ], [ 2722.8, 2587.3 ], [ 2719.4, 2589.1 ], [ 2716.6, 2591.4 ], [ 2714.4, 2593.9 ], [ 2711.2, 2595.7 ], [ 2710.9, 2598.5 ], [ 2711.4, 2600.5 ], [ 2710.9, 2604.0 ], [ 2710.0, 2608.2 ], [ 2707.9, 2611.2 ], [ 2705.8, 2612.0 ], [ 2703.0, 2611.8 ], [ 2699.9, 2610.8 ], [ 2697.7, 2608.6 ], [ 2694.3, 2606.1 ], [ 2691.4, 2603.8 ], [ 2688.6, 2603.1 ], [ 2685.1, 2603.3 ], [ 2682.4, 2602.7 ], [ 2682.4, 2602.7 ], [ 2679.6, 2601.2 ], [ 2676.8, 2600.3 ], [ 2672.7, 2600.2 ] ] } },
{ "type": "Feature", "properties": { "name": "Allier", "scalerank": 11, "featurecla": "River", "source": "ne_10m_rivers_europe" }, "geometry": { "type": "LineString", "coordinates": [ [ 2316.1, 2596.9 ], [ 2318.1, 2594.8 ], [ 2319.0, 2591.7 ], [ 2319.1, 2588.5 ], [ 2319.4, 2584.5 ], [ 2318.6, 2581.2 ], [ 2318.3, 2580.2 ], [ 2317.6, 2579.4 ], [ 2316.9, 2578.4 ], [ 2316.6, 2576.7 ], [ 2316.9, 2571.5 ], [ 2316.8, 2570.3 ], [ 2313.5, 2568.7 ], [ 2313.1, 2568.4 ], [ 2313.0, 2567.8 ], [ 2312.0, 2564.9 ], [ 2311.6, 2564.1 ], [ 2309.2, 2564.0 ], [ 2308.5, 2563.8 ], [ 2305.5, 2560.1 ], [ 2304.7, 2559.5 ], [ 2304.4, 2559.1 ], [ 2304.3, 2558.5 ], [ 2304.6, 2556.7 ], [ 2304.6, 2556.1 ], [ 2303.8, 2554.9 ], [ 2301.8, 2553.4 ], [ 2299.8, 2549.4 ], [ 2297.9, 2547.0 ], [ 2296.5, 2544.3 ], [ 2296.5, 2541.1 ], [ 2297.3, 2539.9 ], [ 2299.1, 2537.8 ], [ 2299.6, 2536.2 ], [ 2299.0, 2534.7 ], [ 2295.5, 2532.9 ], [ 2294.0, 2531.3 ] ] } },
{ "type": "Feature", "properties": { "name": "Rhône", "scalerank": 6, "featurecla": "River", "source": "ne_10m_rivers_lake_centerlines" }, "geometry": { "type": "LineString", "coordinates": [ [ 2819.4, 2314.6 ], [ 2818.4, 2316.8 ], [ 2817.0, 2318.0 ], [ 2816.1, 2320.0 ], [ 2813.6, 2322.5 ], [ 2810.0, 2325.2 ], [ 2806.6, 2328.2 ], [ 2805.4, 2329.2 ], [ 2789.7, 2342.5 ], [ 2782.3, 2347.1 ], [ 2781.2, 2349.2 ], [ 2778.9, 2350.8 ], [ 2774.1, 2352.8 ], [ 2769.9, 2353.5 ], [ 2756.5, 2352.3 ], [ 2738.1, 2350.6 ], [ 2735.6, 2351.2 ], [ 2731.6, 2353.9 ], [ 2721.8, 2356.4 ], [ 2716.6, 2360.8 ], [ 2712.4, 2361.8 ], [ 2709.2, 2364.2 ], [ 2691.0, 2372.2 ], [ 2680.7, 2379.4 ], [ 2677.4, 2379.9 ], [ 2676.5, 2379.0 ], [ 2675.4, 2377.2 ], [ 2674.4, 2375.2 ], [ 2674.0, 2373.9 ], [ 2674.0, 2370.7 ], [ 2673.7, 2368.6 ], [ 2673.0, 2367.1 ], [ 2670.7, 2363.8 ], [ 2664.3, 2351.7 ], [ 2663.9, 2350.2 ], [ 2663.5, 2347.5 ], [ 2662.4, 2346.5 ], [ 2661.0, 2346.2 ], [ 2659.7, 2345.2 ], [ 2659.3, 2344.0 ], [ 2659.5, 2342.9 ], [ 2659.8, 2341.9 ], [ 2659.9, 2341.1 ], [ 2659.2, 2339.7 ], [ 2657.7, 2337.8 ], [ 2657.1, 2336.6 ] ] } },
{ "type": "Feature", "properties": { "name": "Rhône", "scalerank": 6, "featurecla": "River", "source": "ne_10m_rivers_lake_centerlines" }, "geometry": { "type": "LineString", "coordinates": [ [ 2577.1, 2363.5 ], [ 2576.0, 2363.3 ], [ 2574.5, 2362.9 ], [ 2573.4, 2362.3 ], [ 2572.9, 2362.1 ], [ 2572.8, 2362.0 ], [ 2571.7, 2362.2 ], [ 2570.6, 2362.5 ], [ 2569.5, 2362.6 ], [ 2568.3, 2363.0 ], [ 2564.8, 2366.1 ], [ 2562.8, 2367.2 ], [ 2558.8, 2372.6 ], [ 2557.3, 2374.3 ], [ 2556.3, 2374.4 ], [ 2554.0, 2373.9 ], [ 2553.0, 2374.0 ], [ 2552.0, 2374.8 ], [ 2550.5, 2377.3 ], [ 2549.8, 2378.3 ], [ 2548.1, 2379.1 ], [ 2547.3, 2378.5 ], [ 2546.7, 2377.2 ], [ 2545.5, 2376.3 ], [ 2543.2, 2378.6 ], [ 2542.7, 2385.5 ], [ 2543.6, 2397.9 ], [ 2543.5, 2403.7 ], [ 2542.3, 2409.0 ], [ 2538.2, 2419.0 ], [ 2537.2, 2422.2 ], [ 2536.8, 2424.3 ], [ 2535.3, 2424.5 ], [ 2533.4, 2424.4 ], [ 2531.0, 2424.7 ], [ 2529.2, 2426.9 ], [ 2527.7, 2430.0 ], [ 2527.6, 2433.5 ], [ 2527.9, 2436.8 ], [ 2527.7, 2438.8 ], [ 2525.6, 2440.7 ], [ 2521.7, 2445.1 ], [ 2519.5, 2446.7 ], [ 2517.2, 2446.9 ], [ 2515.2, 2445.0 ], [ 2511.8, 2437.7 ], [ 2509.9, 2434.8 ], [ 2502.8, 2427.4 ], [ 2500.1, 2422.8 ], [ 2498.6, 2416.8 ], [ 2498.8, 2416.7 ], [ 2499.1, 2416.6 ], [ 2499.3, 2416.5 ], [ 2498.9, 2415.6 ], [ 2498.4, 2414.8 ], [ 2493.8, 2409.9 ], [ 2492.2, 2408.9 ], [ 2491.4, 2408.9 ], [ 2490.8, 2409.4 ], [ 2489.7, 2409.6 ], [ 2488.2, 2410.5 ], [ 2486.5, 2412.5 ], [ 2481.0, 2420.6 ], [ 2479.3, 2422.0 ], [ 2477.3, 2422.5 ], [ 2475.2, 2421.9 ], [ 2472.2, 2419.5 ], [ 2469.7, 2418.4 ], [ 2466.2, 2416.1 ], [ 2464.6, 2415.3 ], [ 2462.9, 2415.3 ], [ 2459.0, 2415.9 ], [ 2457.2, 2415.9 ], [ 2451.0, 2414.4 ], [ 2449.2, 2414.6 ], [ 2446.0, 2415.8 ], [ 2442.7, 2416.2 ], [ 2438.3, 2417.8 ], [ 2436.9, 2418.8 ], [ 2436.4, 2420.9 ], [ 2436.2, 2423.7 ], [ 2435.5, 2425.2 ], [ 2433.6, 2423.7 ], [ 2432.8, 2424.7 ], [ 2432.0, 2425.8 ], [ 2433.8, 2430.2 ], [ 2433.1, 2435.4 ], [ 2430.9, 2440.7 ], [ 2428.1, 2445.2 ], [ 2428.1, 2449.0 ], [ 2431.9, 2452.4 ], [ 2435.0, 2456.2 ], [ 2433.0, 2461.4 ], [ 2425.1, 2467.4 ], [ 2422.0, 2471.6 ], [ 2421.0, 2478.1 ], [ 2422.5, 2485.2 ], [ 2422.6, 2488.2 ], [ 2423.3, 2490.2 ], [ 2424.8, 2492.1 ], [ 2426.1, 2494.3 ], [ 2425.8, 2497.4 ], [ 2426.4, 2497.5 ], [ 2425.8, 2500.4 ], [ 2425.3, 2505.2 ], [ 2425.3, 2510.1 ], [ 2426.3, 2516.2 ], [ 2425.6, 2520.1 ], [ 2425.4, 2523.4 ], [ 2427.7, 2525.1 ], [ 2427.1, 2527.1 ], [ 2427.6, 2528.3 ], [ 2428.4, 2529.3 ], [ 2428.8, 2530.7 ], [ 2428.7, 2532.5 ], [ 2427.8, 2535.6 ], [ 2427.5, 2537.4 ], [ 2428.1, 2540.4 ], [ 2430.8, 2546.1 ], [ 2431.4, 2548.8 ], [ 2430.8, 2551.5 ], [ 2428.1, 2558.6 ], [ 2427.3, 2560.1 ], [ 2426.8, 2560.7 ], [ 2424.2, 2563.1 ], [ 2423.6, 2563.6 ], [ 2423.2, 2565.7 ], [ 2422.5, 2566.6 ], [ 2421.5, 2567.1 ], [ 2420.3, 2568.0 ], [ 2418.5, 2569.9 ], [ 2417.2, 2571.7 ], [ 2416.3, 2574.1 ], [ 2415.8, 2577.9 ], [ 2416.1, 2580.0 ], [ 2417.8, 2584.5 ], [ 2418.2, 2587.1 ], [ 2417.1, 2592.9 ], [ 2414.3, 2596.9 ], [ 2411.1, 2600.5 ], [ 2408.7, 2605.4 ], [ 2405.7, 2620.5 ], [ 2405.2, 2621.9 ], [ 2402.4, 2626.1 ], [ 2401.8, 2627.4 ], [ 2401.5, 2628.5 ], [ 2401.8, 2629.4 ], [ 2400.7, 2633.0 ], [ 2398.6, 2650.8 ], [ 2398.7, 2652.5 ], [ 2399.3, 2653.5 ], [ 2400.3, 2654.4 ], [ 2401.1, 2655.5 ], [ 2401.8, 2660.1 ], [ 2403.0, 2661.7 ], [ 2404.2, 2663.7 ], [ 2404.5, 2667.7 ], [ 2403.6, 2674.7 ], [ 2403.6, 2677.8 ], [ 2404.5, 2680.6 ], [ 2405.3, 2680.7 ], [ 2407.3, 2679.1 ], [ 2409.2, 2680.5 ], [ 2410.9, 2682.8 ], [ 2412.2, 2684.1 ], [ 2417.5, 2690.8 ], [ 2417.4, 2692.6 ], [ 2416.8, 2693.5 ], [ 2415.9, 2693.9 ], [ 2414.7, 2693.9 ], [ 2413.4, 2694.3 ], [ 2413.6, 2695.6 ], [ 2414.0, 2697.2 ], [ 2413.6, 2698.6 ], [ 2407.7, 2703.8 ], [ 2406.7, 2704.5 ], [ 2405.7, 2704.6 ], [ 2400.3, 2707.7 ], [ 2394.3, 2710.3 ], [ 2393.3, 2710.9 ], [ 2392.5, 2722.1 ], [ 2391.7, 2725.5 ], [ 2387.8, 2733.3 ], [ 2388.1, 2736.9 ], [ 2388.0, 2737.6 ] ] } },
{ "type": "Feature", "properties": { "name": "Rhône", "scalerank": 6, "featurecla": "River", "source": "ne_10m_rivers_lake_centerlines" }, "geometry": { "type": "LineString", "coordinates": [ [ 2388.0, 2737.6 ], [ 2386.9, 2745.3 ], [ 2388.1, 2747.1 ], [ 2390.2, 2748.7 ], [ 2393.7, 2755.8 ], [ 2395.5, 2758.3 ] ] } },
{ "type": "Feature", "properties": { "name": "Rhône", "scalerank": 6, "featurecla": "River", "source": "ne_10m_rivers_lake_centerlines" }, "geometry": { "type": "LineString", "coordinates": [ [ 2360.7, 2773.0 ], [ 2357.4, 2761.9 ], [ 2356.6, 2760.7 ], [ 2360.9, 2758.4 ], [ 2362.7, 2757.0 ], [ 2363.2, 2755.9 ], [ 2364.7, 2754.5 ], [ 2368.1, 2753.7 ], [ 2369.6, 2752.2 ], [ 2370.0, 2750.5 ], [ 2369.0, 2749.9 ], [ 2367.4, 2749.5 ], [ 2366.0, 2748.6 ], [ 2366.0, 2747.7 ], [ 2368.6, 2745.1 ], [ 2370.4, 2741.3 ], [ 2372.6, 2738.0 ], [ 2376.4, 2736.7 ], [ 2383.3, 2737.2 ], [ 2385.2, 2737.9 ], [ 2386.5, 2738.7 ], [ 2388.0, 2737.6 ] ] } },
{ "type": "Feature", "properties": { "name": "Rhône", "scalerank": 6, "featurecla": "River", "source": "ne_10m_rivers_lake_centerlines" }, "geometry": { "type": "LineString", "coordinates": [ [ 2388.0, 2737.6 ], [ 2388.2, 2737.5 ] ] } },
{ "type": "Feature", "properties": { "name": "Mincio", "scalerank": 7, "featurecla": "River", "source": "ne_10m_rivers_lake_centerlines" }, "geometry": { "type": "LineString", "coordinates": [ [ 3099.8, 2548.3 ], [ 3097.3, 2545.6 ], [ 3094.1, 2543.6 ], [ 3090.6, 2542.4 ], [ 3087.3, 2542.0 ], [ 3087.1, 2541.5 ], [ 3084.7, 2539.0 ], [ 3081.6, 2536.8 ], [ 3079.0, 2534.2 ], [ 3077.8, 2533.8 ], [ 3069.1, 2533.7 ], [ 3068.1, 2533.3 ], [ 3067.8, 2531.1 ], [ 3066.8, 2526.3 ], [ 3066.5, 2523.8 ], [ 3066.5, 2521.8 ], [ 3066.8, 2520.7 ], [ 3069.8, 2516.3 ], [ 3070.6, 2514.6 ], [ 3070.5, 2513.0 ], [ 3068.6, 2511.6 ], [ 3068.6, 2510.5 ], [ 3069.6, 2509.0 ], [ 3069.6, 2505.3 ], [ 3070.8, 2504.1 ], [ 3070.8, 2503.2 ], [ 3069.4, 2502.2 ], [ 3069.0, 2500.9 ], [ 3069.3, 2497.8 ], [ 3069.0, 2494.7 ], [ 3068.6, 2492.7 ], [ 3067.7, 2490.4 ] ] } },
{ "type": "Feature", "properties": { "name": "Arc", "scalerank": 11, "featurecla": "River", "source": "ne_10m_rivers_europe" }, "geometry": { "type": "LineString", "coordinates": [ [ 2678.4, 2491.3 ], [ 2675.7, 2493.4 ], [ 2670.4, 2495.9 ], [ 2666.0, 2500.8 ], [ 2661.9, 2503.9 ], [ 2656.8, 2506.2 ], [ 2645.6, 2508.3 ], [ 2644.4, 2509.6 ], [ 2641.4, 2514.3 ], [ 2638.8, 2516.6 ], [ 2636.2, 2517.9 ], [ 2631.9, 2518.4 ], [ 2628.7, 2519.4 ], [ 2624.7, 2520.1 ], [ 2612.3, 2517.8 ], [ 2607.1, 2516.1 ], [ 2601.5, 2512.4 ], [ 2597.1, 2508.2 ], [ 2594.9, 2505.0 ], [ 2594.0, 2502.9 ], [ 2590.8, 2499.0 ], [ 2589.1, 2496.5 ], [ 2587.8, 2492.9 ], [ 2586.9, 2488.3 ], [ 2586.8, 2483.5 ], [ 2587.4, 2479.2 ], [ 2588.7, 2475.4 ], [ 2591.3, 2469.1 ], [ 2591.7, 2467.0 ], [ 2591.2, 2465.5 ], [ 2589.9, 2463.9 ], [ 2587.5, 2462.6 ], [ 2584.1, 2461.9 ], [ 2580.4, 2461.9 ], [ 2577.0, 2462.5 ], [ 2572.6, 2464.8 ], [ 2566.6, 2468.9 ], [ 2561.0, 2474.1 ], [ 2558.0, 2479.1 ], [ 2556.4, 2484.4 ], [ 2554.3, 2490.0 ], [ 2551.8, 2495.3 ], [ 2549.3, 2499.8 ], [ 2545.8, 2504.2 ], [ 2541.0, 2509.2 ], [ 2535.7, 2513.3 ], [ 2531.0, 2515.4 ], [ 2527.0, 2515.4 ], [ 2523.5, 2514.3 ], [ 2520.4, 2511.6 ], [ 2517.2, 2507.5 ], [ 2514.9, 2503.4 ], [ 2513.8, 2500.6 ], [ 2512.4, 2499.3 ], [ 2509.2, 2499.0 ], [ 2505.8, 2499.9 ], [ 2503.8, 2501.6 ], [ 2502.1, 2504.4 ], [ 2499.2, 2508.1 ], [ 2496.2, 2511.3 ], [ 2491.9, 2513.9 ], [ 2488.6, 2516.4 ], [ 2485.6, 2519.3 ], [ 2484.2, 2521.3 ], [ 2482.6, 2522.6 ], [ 2479.4, 2524.1 ], [ 2475.9, 2526.1 ], [ 2473.8, 2528.8 ], [ 2471.9, 2530.5 ], [ 2465.4, 2529.8 ], [ 2463.1, 2531.1 ], [ 2461.4, 2533.1 ], [ 2459.7, 2534.5 ], [ 2457.1, 2535.1 ], [ 2450.3, 2534.8 ], [ 2446.5, 2535.8 ], [ 2440.2, 2534.7 ], [ 2438.3, 2535.6 ], [ 2436.8, 2537.0 ], [ 2431.9, 2539.0 ], [ 2428.1, 2540.4 ] ] } },
{ "type": "Feature", "properties": { "name": "Ticino", "scalerank": 8, "featurecla": "River", "source": "ne_10m_rivers_lake_centerlines" }, "geometry": { "type": "LineString", "coordinates": [ [ 2842.9, 2446.7 ], [ 2845.3, 2447.5 ], [ 2846.0, 2448.8 ], [ 2845.8, 2453.2 ], [ 2846.3, 2454.3 ], [ 2848.4, 2455.4 ], [ 2849.2, 2456.8 ], [ 2849.4, 2459.0 ], [ 2849.0, 2460.2 ], [ 2848.5, 2461.4 ], [ 2848.4, 2463.2 ], [ 2848.8, 2464.0 ], [ 2850.4, 2465.7 ], [ 2850.9, 2466.4 ], [ 2851.1, 2467.4 ], [ 2851.0, 2469.3 ], [ 2851.2, 2470.2 ], [ 2852.0, 2472.2 ], [ 2853.2, 2478.9 ], [ 2853.9, 2480.4 ], [ 2855.0, 2481.1 ], [ 2857.3, 2482.3 ], [ 2859.5, 2484.9 ], [ 2863.4, 2494.1 ], [ 2868.6, 2503.8 ], [ 2876.7, 2512.5 ], [ 2882.1, 2519.7 ], [ 2886.1, 2523.7 ], [ 2890.4, 2526.9 ], [ 2901.8, 2532.3 ], [ 2905.5, 2534.8 ], [ 2907.4, 2538.1 ] ] } },
{ "type": "Feature", "properties": { "name": "Dora Baltea", "scalerank": 9, "featurecla": "River", "source": "ne_10m_rivers_lake_centerlines" }, "geometry": { "type": "LineString", "coordinates": [ [ 2655.1, 2428.8 ], [ 2660.1, 2427.5 ], [ 2662.4, 2427.6 ], [ 2678.8, 2439.1 ], [ 2681.8, 2440.2 ], [ 2692.3, 2442.1 ], [ 2693.7, 2441.6 ], [ 2694.9, 2440.8 ], [ 2696.5, 2440.0 ], [ 2700.2, 2439.4 ], [ 2704.1, 2439.6 ], [ 2711.6, 2440.4 ], [ 2717.6, 2439.5 ], [ 2718.1, 2439.2 ], [ 2719.1, 2438.1 ], [ 2719.6, 2437.7 ], [ 2720.3, 2437.6 ], [ 2720.8, 2437.9 ], [ 2721.3, 2438.4 ], [ 2721.9, 2438.5 ], [ 2724.3, 2437.6 ], [ 2725.4, 2437.6 ], [ 2726.4, 2437.9 ], [ 2728.9, 2439.1 ], [ 2730.1, 2439.4 ], [ 2736.3, 2439.1 ], [ 2738.0, 2440.4 ], [ 2738.9, 2444.7 ], [ 2739.4, 2448.5 ], [ 2740.1, 2450.4 ], [ 2741.5, 2451.5 ], [ 2744.2, 2452.8 ], [ 2746.3, 2454.5 ], [ 2749.1, 2459.4 ], [ 2751.1, 2461.7 ], [ 2755.9, 2465.5 ], [ 2757.0, 2467.9 ], [ 2757.6, 2472.4 ], [ 2757.5, 2473.9 ], [ 2757.3, 2474.8 ], [ 2757.2, 2475.6 ], [ 2757.6, 2477.2 ], [ 2758.7, 2478.9 ], [ 2763.1, 2482.4 ], [ 2764.5, 2485.0 ], [ 2765.4, 2491.7 ], [ 2766.3, 2494.0 ], [ 2767.7, 2496.6 ], [ 2768.6, 2500.1 ], [ 2769.4, 2506.9 ], [ 2769.2, 2507.2 ], [ 2768.7, 2507.6 ], [ 2768.2, 2508.1 ], [ 2768.1, 2508.8 ], [ 2768.4, 2509.4 ], [ 2769.4, 2510.6 ], [ 2769.7, 2511.2 ], [ 2770.4, 2512.9 ], [ 2775.7, 2522.1 ], [ 2777.6, 2524.5 ] ] } },
{ "type": "Feature", "properties": { "name": "Oglio", "scalerank": 10, "featurecla": "River", "source": "ne_10m_rivers_europe" }, "geometry": { "type": "LineString", "coordinates": [ [ 2989.4, 2456.2 ], [ 2987.2, 2456.7 ], [ 2984.7, 2457.5 ], [ 2983.6, 2459.1 ], [ 2980.8, 2464.5 ], [ 2978.4, 2466.9 ], [ 2976.9, 2470.8 ], [ 2977.2, 2477.0 ], [ 2978.6, 2483.0 ], [ 2980.4, 2488.8 ], [ 2980.7, 2492.9 ], [ 2980.5, 2497.3 ], [ 2980.0, 2503.1 ], [ 2980.4, 2504.8 ], [ 2981.7, 2506.1 ], [ 2986.0, 2508.8 ], [ 2990.9, 2512.9 ], [ 2993.4, 2514.7 ], [ 2996.0, 2515.8 ], [ 3000.9, 2517.3 ], [ 3004.5, 2520.2 ], [ 3012.5, 2522.5 ], [ 3018.1, 2525.1 ], [ 3023.0, 2528.1 ], [ 3027.7, 2531.9 ], [ 3032.0, 2534.1 ], [ 3033.3, 2535.6 ], [ 3035.5, 2536.7 ], [ 3039.5, 2536.8 ], [ 3045.1, 2537.6 ], [ 3050.8, 2540.1 ], [ 3054.8, 2543.3 ], [ 3056.5, 2545.7 ], [ 3056.7, 2547.9 ], [ 3057.6, 2550.5 ], [ 3059.3, 2552.2 ], [ 3061.8, 2552.4 ], [ 3066.5, 2552.3 ] ] } },
{ "type": "Feature", "properties": { "name": "Oglio", "scalerank": 10, "featurecla": "River", "source": "ne_10m_rivers_europe" }, "geometry": { "type": "LineString", "coordinates": [ [ 3040.0, 2352.9 ], [ 3041.4, 2353.3 ], [ 3043.2, 2354.5 ], [ 3045.4, 2356.9 ], [ 3046.9, 2359.9 ], [ 3046.8, 2362.7 ], [ 3044.7, 2364.8 ], [ 3034.0, 2369.0 ], [ 3031.1, 2371.3 ], [ 3029.4, 2374.2 ], [ 3029.0, 2376.9 ], [ 3029.3, 2378.5 ], [ 3029.3, 2380.2 ], [ 3027.0, 2386.4 ], [ 3026.8, 2389.1 ], [ 3027.6, 2390.9 ], [ 3028.8, 2392.4 ], [ 3029.8, 2394.8 ], [ 3029.9, 2398.8 ], [ 3029.2, 2403.2 ], [ 3028.1, 2406.6 ], [ 3025.7, 2409.4 ], [ 3018.6, 2416.0 ], [ 3015.1, 2420.7 ], [ 3009.9, 2424.3 ], [ 3006.8, 2427.0 ], [ 3004.1, 2430.3 ], [ 3002.1, 2433.2 ] ] } },
{ "type": "Feature", "properties": { "name": "Oglio", "scalerank": 10, "featurecla": "Lake Centerline", "source": "ne_10m_rivers_europe" }, "geometry": { "type": "LineString", "coordinates": [ [ 3002.1, 2433.2 ], [ 3001.7, 2433.7 ], [ 3000.2, 2436.8 ], [ 2999.2, 2439.2 ], [ 2999.2, 2442.0 ], [ 3000.0, 2445.8 ], [ 3000.3, 2449.7 ], [ 2999.4, 2452.7 ], [ 2996.4, 2454.6 ], [ 2989.4, 2456.2 ] ] } },
{ "type": "Feature", "properties": { "name": "Adda", "scalerank": 11, "featurecla": "River", "source": "ne_10m_rivers_europe" }, "geometry": { "type": "LineString", "coordinates": [ [ 2928.8, 2433.5 ], [ 2929.0, 2434.1 ], [ 2930.6, 2437.1 ], [ 2930.9, 2440.6 ], [ 2931.8, 2442.0 ], [ 2932.6, 2444.3 ], [ 2933.4, 2452.0 ], [ 2934.8, 2454.6 ], [ 2936.3, 2456.4 ], [ 2937.8, 2460.5 ], [ 2940.1, 2463.7 ], [ 2941.1, 2466.8 ], [ 2941.6, 2470.5 ], [ 2941.8, 2473.8 ], [ 2941.4, 2476.5 ], [ 2939.2, 2481.0 ], [ 2936.0, 2488.9 ], [ 2934.7, 2491.1 ], [ 2934.0, 2493.4 ], [ 2933.9, 2497.1 ], [ 2934.5, 2501.4 ], [ 2935.4, 2505.0 ], [ 2937.7, 2508.0 ], [ 2941.9, 2511.1 ], [ 2945.9, 2513.0 ], [ 2947.8, 2513.1 ], [ 2948.6, 2512.4 ], [ 2949.9, 2512.6 ], [ 2957.1, 2518.4 ], [ 2960.4, 2519.3 ], [ 2967.4, 2526.8 ], [ 2969.8, 2532.6 ], [ 2972.0, 2534.5 ], [ 2974.4, 2535.2 ], [ 2977.9, 2535.5 ], [ 2978.9, 2536.6 ], [ 2979.6, 2539.6 ] ] } },
{ "type": "Feature", "properties": { "name": "Adda", "scalerank": 11, "featurecla": "River", "source": "ne_10m_rivers_europe" }, "geometry": { "type": "LineString", "coordinates": [ [ 3008.2, 2337.3 ], [ 3008.9, 2338.4 ], [ 3011.0, 2338.3 ], [ 3014.9, 2336.3 ], [ 3018.9, 2333.4 ], [ 3021.2, 2331.2 ], [ 3023.1, 2330.0 ], [ 3026.2, 2329.5 ], [ 3029.2, 2330.8 ], [ 3030.6, 2333.5 ], [ 3030.7, 2336.6 ], [ 3030.2, 2341.3 ], [ 3030.5, 2349.0 ], [ 3030.3, 2351.6 ], [ 3029.3, 2352.9 ], [ 3025.5, 2355.2 ], [ 3023.5, 2357.1 ], [ 3021.6, 2360.0 ], [ 3019.5, 2363.8 ], [ 3017.0, 2367.3 ], [ 3013.9, 2369.5 ], [ 3010.7, 2371.4 ], [ 3005.0, 2376.7 ], [ 3002.1, 2377.6 ], [ 2999.5, 2378.8 ], [ 2997.4, 2379.0 ], [ 2988.9, 2377.8 ], [ 2981.7, 2377.6 ], [ 2966.0, 2378.5 ], [ 2960.8, 2378.3 ], [ 2956.1, 2378.7 ], [ 2948.1, 2382.4 ], [ 2944.3, 2382.8 ], [ 2928.2, 2380.6 ], [ 2925.7, 2380.8 ] ] } },
{ "type": "Feature", "properties": { "name": "Chavanon", "scalerank": 10, "featurecla": "River", "source": "ne_10m_rivers_europe" }, "geometry": { "type": "LineString", "coordinates": [ [ 2167.5, 2396.0 ], [ 2170.3, 2395.8 ], [ 2171.5, 2396.0 ], [ 2173.5, 2396.0 ], [ 2174.0, 2397.0 ], [ 2174.3, 2398.1 ], [ 2174.5, 2400.2 ], [ 2174.8, 2401.1 ], [ 2175.3, 2401.9 ], [ 2176.1, 2402.4 ], [ 2177.0, 2402.5 ], [ 2177.9, 2402.9 ], [ 2178.1, 2403.2 ], [ 2178.6, 2404.0 ], [ 2179.4, 2404.8 ], [ 2182.4, 2409.4 ], [ 2183.1, 2411.9 ], [ 2183.1, 2412.9 ], [ 2182.9, 2415.1 ], [ 2182.5, 2417.8 ], [ 2182.1, 2419.3 ], [ 2181.9, 2420.1 ], [ 2181.6, 2420.6 ], [ 2181.1, 2421.2 ], [ 2180.4, 2421.7 ], [ 2178.2, 2422.3 ], [ 2177.3, 2422.8 ], [ 2176.7, 2423.7 ], [ 2175.0, 2428.6 ], [ 2177.6, 2430.6 ], [ 2178.8, 2431.9 ], [ 2180.6, 2435.6 ] ] } },
{ "type": "Feature", "properties": { "name": "Ticino", "scalerank": 8, "featurecla": "Lake Centerline", "source": "ne_10m_rivers_lake_centerlines" }, "geometry": { "type": "LineString", "coordinates": [ [ 2868.1, 2378.4 ], [ 2865.2, 2380.2 ], [ 2861.9, 2382.5 ], [ 2859.2, 2385.0 ], [ 2856.6, 2387.8 ], [ 2855.3, 2391.2 ], [ 2855.0, 2395.3 ], [ 2855.6, 2399.2 ], [ 2852.4, 2404.6 ], [ 2847.0, 2410.0 ], [ 2844.4, 2412.9 ], [ 2842.1, 2414.3 ], [ 2839.9, 2416.5 ], [ 2838.8, 2419.1 ], [ 2839.4, 2422.0 ], [ 2840.6, 2425.6 ], [ 2840.5, 2428.9 ], [ 2839.3, 2431.5 ], [ 2838.1, 2433.5 ], [ 2836.9, 2436.4 ], [ 2837.4, 2440.6 ], [ 2839.3, 2443.9 ], [ 2839.9, 2444.8 ], [ 2842.9, 2446.7 ] ] } },
{ "type": "Feature", "properties": { "name": "Adige", "scalerank": 8, "featurecla": "River", "source": "ne_10m_rivers_lake_centerlines" }, "geometry": { "type": "LineString", "coordinates": [ [ 3068.0, 2277.8 ], [ 3065.7, 2277.3 ], [ 3063.3, 2276.0 ], [ 3060.9, 2275.1 ], [ 3058.8, 2276.2 ], [ 3056.9, 2277.7 ], [ 3052.0, 2278.9 ], [ 3049.7, 2280.0 ], [ 3048.8, 2287.0 ], [ 3048.9, 2295.7 ], [ 3049.6, 2297.1 ], [ 3054.1, 2302.6 ], [ 3058.0, 2305.1 ], [ 3065.1, 2307.4 ], [ 3068.5, 2307.8 ], [ 3075.4, 2307.6 ], [ 3082.6, 2308.4 ], [ 3089.4, 2307.8 ], [ 3091.7, 2307.1 ], [ 3093.9, 2306.0 ], [ 3095.6, 2304.4 ], [ 3096.7, 2303.8 ], [ 3099.1, 2304.8 ], [ 3100.0, 2304.4 ], [ 3100.7, 2303.6 ], [ 3107.9, 2299.2 ], [ 3110.1, 2298.4 ], [ 3111.6, 2298.9 ], [ 3116.5, 2305.0 ], [ 3117.9, 2307.7 ], [ 3119.6, 2314.1 ], [ 3120.9, 2317.1 ], [ 3122.9, 2318.3 ], [ 3123.9, 2319.5 ], [ 3128.5, 2326.5 ], [ 3131.4, 2328.8 ], [ 3132.2, 2329.8 ], [ 3132.1, 2330.9 ], [ 3131.9, 2332.7 ], [ 3131.9, 2334.3 ], [ 3132.7, 2335.0 ], [ 3132.8, 2336.8 ], [ 3127.4, 2356.9 ], [ 3125.5, 2361.5 ], [ 3123.2, 2364.8 ], [ 3117.4, 2369.0 ], [ 3115.6, 2370.8 ], [ 3110.9, 2378.8 ], [ 3109.8, 2380.0 ], [ 3109.2, 2380.5 ], [ 3108.8, 2380.8 ], [ 3108.8, 2382.0 ], [ 3108.9, 2383.6 ], [ 3109.4, 2385.7 ], [ 3110.0, 2387.6 ], [ 3111.8, 2389.6 ], [ 3112.6, 2392.3 ], [ 3113.4, 2397.8 ], [ 3113.4, 2400.7 ], [ 3113.1, 2404.2 ], [ 3112.5, 2407.1 ], [ 3111.7, 2408.4 ], [ 3110.6, 2413.2 ], [ 3110.1, 2414.2 ], [ 3106.3, 2415.9 ], [ 3104.6, 2417.7 ], [ 3100.8, 2423.9 ], [ 3100.1, 2426.9 ], [ 3100.9, 2430.5 ], [ 3102.2, 2434.1 ], [ 3102.8, 2437.2 ], [ 3101.8, 2440.2 ], [ 3099.7, 2442.5 ], [ 3095.5, 2445.8 ], [ 3091.9, 2450.3 ], [ 3088.9, 2455.3 ], [ 3089.7, 2456.4 ], [ 3084.6, 2465.9 ], [ 3083.8, 2467.8 ], [ 3083.3, 2468.7 ], [ 3082.8, 2469.1 ], [ 3081.8, 2469.6 ], [ 3081.7, 2470.6 ], [ 3081.9, 2472.0 ], [ 3081.7, 2473.5 ], [ 3079.8, 2478.0 ], [ 3079.8, 2480.2 ], [ 3081.0, 2482.9 ], [ 3082.5, 2484.0 ], [ 3086.5, 2485.0 ], [ 3087.8, 2486.0 ], [ 3089.2, 2485.7 ], [ 3094.1, 2485.3 ], [ 3095.2, 2485.4 ], [ 3096.1, 2486.9 ], [ 3098.1, 2488.7 ], [ 3102.1, 2491.1 ], [ 3101.8, 2491.7 ], [ 3101.3, 2493.2 ], [ 3103.3, 2493.1 ], [ 3104.1, 2492.8 ], [ 3105.0, 2492.1 ], [ 3104.6, 2495.2 ], [ 3105.8, 2497.5 ], [ 3109.6, 2500.5 ], [ 3109.6, 2498.4 ], [ 3122.8, 2502.0 ], [ 3129.1, 2505.5 ], [ 3130.0, 2510.8 ], [ 3131.5, 2510.8 ], [ 3131.5, 2511.8 ], [ 3131.0, 2512.0 ], [ 3130.0, 2512.8 ], [ 3130.3, 2513.6 ], [ 3130.4, 2514.1 ], [ 3130.1, 2514.7 ], [ 3129.3, 2516.0 ], [ 3132.4, 2518.2 ], [ 3132.1, 2520.8 ], [ 3133.9, 2524.3 ], [ 3138.2, 2530.2 ], [ 3139.4, 2531.4 ], [ 3143.9, 2533.9 ], [ 3145.4, 2535.4 ], [ 3146.6, 2537.1 ], [ 3147.8, 2538.4 ], [ 3150.9, 2539.2 ], [ 3154.6, 2540.7 ], [ 3155.6, 2541.4 ], [ 3156.5, 2541.4 ], [ 3161.2, 2538.7 ], [ 3164.2, 2538.5 ], [ 3168.1, 2538.9 ], [ 3172.0, 2540.0 ], [ 3174.8, 2541.6 ], [ 3178.2, 2541.0 ], [ 3180.9, 2541.1 ], [ 3184.8, 2542.8 ], [ 3186.9, 2541.4 ], [ 3189.8, 2538.1 ], [ 3194.1, 2536.3 ], [ 3220.4, 2534.3 ], [ 3224.2, 2535.0 ], [ 3232.4, 2539.1 ], [ 3236.8, 2539.8 ], [ 3240.9, 2537.8 ], [ 3242.4, 2536.6 ], [ 3242.9, 2535.8 ], [ 3243.0, 2534.0 ], [ 3246.7, 2530.8 ] ] } },
{ "type": "Feature", "properties": { "name": "Adda", "scalerank": 11, "featurecla": "Lake Centerline", "source": "ne_10m_rivers_europe" }, "geometry": { "type": "LineString", "coordinates": [ [ 2925.7, 2380.8 ], [ 2924.5, 2380.9 ], [ 2921.5, 2381.9 ], [ 2919.2, 2383.4 ], [ 2917.6, 2385.0 ], [ 2916.6, 2387.6 ], [ 2915.4, 2395.2 ], [ 2914.4, 2398.2 ], [ 2914.0, 2402.1 ], [ 2915.0, 2408.3 ], [ 2917.0, 2415.5 ], [ 2920.3, 2420.6 ], [ 2924.1, 2424.0 ], [ 2927.8, 2430.9 ], [ 2928.8, 2433.5 ] ] } },
{ "type": "Feature", "properties": { "name": "Piave", "scalerank": 10, "featurecla": "River", "source": "ne_10m_rivers_europe" }, "geometry": { "type": "LineString", "coordinates": [ [ 3282.5, 2307.3 ], [ 3282.1, 2310.0 ], [ 3280.2, 2311.7 ], [ 3277.5, 2312.0 ], [ 3275.1, 2311.2 ], [ 3271.2, 2311.5 ], [ 3265.0, 2314.2 ], [ 3259.1, 2318.4 ], [ 3255.9, 2322.1 ], [ 3254.0, 2325.6 ], [ 3248.5, 2333.1 ], [ 3246.3, 2336.5 ], [ 3245.2, 2339.3 ], [ 3244.2, 2344.1 ], [ 3241.5, 2352.0 ], [ 3240.0, 2362.0 ], [ 3238.9, 2367.6 ], [ 3238.6, 2372.3 ], [ 3237.9, 2373.3 ], [ 3236.4, 2374.6 ], [ 3228.9, 2382.9 ], [ 3225.9, 2385.0 ], [ 3219.3, 2388.1 ], [ 3214.7, 2391.6 ], [ 3211.3, 2393.0 ], [ 3208.2, 2395.2 ], [ 3206.5, 2399.0 ], [ 3205.3, 2402.7 ], [ 3203.5, 2405.1 ], [ 3201.7, 2406.7 ], [ 3200.6, 2408.8 ], [ 3200.6, 2410.7 ], [ 3202.4, 2413.7 ], [ 3203.4, 2418.0 ], [ 3204.5, 2420.0 ], [ 3207.3, 2421.8 ], [ 3211.6, 2423.9 ], [ 3216.0, 2425.5 ], [ 3219.1, 2426.2 ], [ 3221.0, 2425.8 ], [ 3222.8, 2424.7 ], [ 3225.5, 2424.2 ], [ 3229.6, 2425.3 ], [ 3234.6, 2428.1 ], [ 3243.4, 2434.7 ], [ 3249.9, 2438.5 ], [ 3254.6, 2443.1 ], [ 3258.9, 2445.0 ], [ 3261.4, 2446.5 ], [ 3263.5, 2448.7 ], [ 3266.4, 2454.0 ], [ 3268.9, 2456.6 ], [ 3273.6, 2459.6 ], [ 3286.5, 2467.0 ], [ 3290.5, 2471.4 ] ] } },
{ "type": "Feature", "properties": { "name": "Allier", "scalerank": 11, "featurecla": "River", "source": "ne_10m_rivers_europe" }, "geometry": { "type": "LineString", "coordinates": [ [ 2294.0, 2531.3 ], [ 2293.6, 2527.1 ], [ 2293.1, 2525.3 ], [ 2292.2, 2523.6 ], [ 2290.9, 2522.3 ], [ 2287.9, 2520.5 ], [ 2286.6, 2519.3 ], [ 2281.0, 2512.6 ], [ 2278.1, 2507.0 ], [ 2276.2, 2506.4 ], [ 2274.4, 2504.8 ], [ 2273.2, 2502.6 ], [ 2272.7, 2500.1 ], [ 2272.0, 2480.0 ], [ 2271.3, 2476.9 ], [ 2267.9, 2468.3 ], [ 2266.7, 2460.8 ], [ 2265.9, 2459.0 ], [ 2264.9, 2457.5 ], [ 2262.3, 2455.1 ], [ 2260.5, 2454.0 ], [ 2259.9, 2453.1 ], [ 2260.8, 2450.6 ], [ 2262.0, 2443.6 ], [ 2261.8, 2441.1 ], [ 2260.8, 2439.0 ], [ 2258.3, 2435.5 ], [ 2255.8, 2430.5 ], [ 2255.3, 2428.8 ], [ 2255.2, 2427.1 ], [ 2255.5, 2425.6 ], [ 2256.0, 2424.1 ], [ 2256.4, 2422.4 ], [ 2256.4, 2421.2 ], [ 2256.1, 2418.9 ], [ 2256.2, 2417.7 ], [ 2256.5, 2416.6 ], [ 2257.2, 2414.8 ], [ 2257.4, 2413.7 ], [ 2257.4, 2413.1 ], [ 2257.2, 2412.8 ], [ 2257.1, 2412.5 ], [ 2257.2, 2411.7 ], [ 2257.4, 2411.3 ], [ 2257.6, 2410.9 ], [ 2259.7, 2408.6 ], [ 2264.8, 2404.5 ], [ 2265.6, 2403.5 ], [ 2266.0, 2402.6 ], [ 2266.7, 2400.2 ], [ 2267.1, 2399.3 ], [ 2268.1, 2397.2 ], [ 2268.4, 2396.3 ], [ 2269.3, 2394.3 ], [ 2272.6, 2390.9 ], [ 2273.5, 2389.3 ], [ 2273.7, 2388.4 ], [ 2275.0, 2385.4 ], [ 2276.5, 2382.7 ], [ 2277.2, 2382.6 ], [ 2278.4, 2383.9 ], [ 2279.6, 2381.8 ], [ 2284.3, 2379.0 ], [ 2286.4, 2377.1 ], [ 2287.7, 2374.4 ], [ 2288.0, 2371.8 ], [ 2284.9, 2354.4 ], [ 2284.9, 2348.7 ], [ 2287.0, 2344.2 ], [ 2286.6, 2342.6 ], [ 2286.6, 2341.1 ], [ 2286.8, 2339.6 ], [ 2286.7, 2337.9 ], [ 2286.3, 2336.8 ], [ 2285.1, 2334.7 ], [ 2284.8, 2333.9 ], [ 2284.5, 2332.1 ], [ 2282.1, 2323.6 ], [ 2280.8, 2321.8 ], [ 2279.0, 2319.9 ], [ 2277.5, 2317.7 ], [ 2276.9, 2315.2 ], [ 2281.2, 2291.1 ], [ 2281.1, 2287.7 ], [ 2280.2, 2285.4 ], [ 2267.2, 2266.9 ], [ 2258.2, 2258.9 ], [ 2254.2, 2254.0 ], [ 2252.8, 2248.5 ], [ 2254.1, 2244.7 ], [ 2256.2, 2241.9 ], [ 2258.0, 2238.9 ], [ 2258.5, 2234.2 ], [ 2258.3, 2233.3 ], [ 2257.5, 2231.9 ], [ 2257.3, 2231.0 ], [ 2257.4, 2229.8 ], [ 2257.6, 2229.1 ], [ 2257.9, 2228.5 ], [ 2260.2, 2221.6 ], [ 2260.6, 2219.6 ] ] } },
{ "type": "Feature", "properties": { "name": "Ticino", "scalerank": 8, "featurecla": "River", "source": "ne_10m_rivers_lake_centerlines" }, "geometry": { "type": "LineString", "coordinates": [ [ 2821.9, 2327.5 ], [ 2824.4, 2328.6 ], [ 2827.0, 2328.7 ], [ 2830.0, 2327.4 ], [ 2833.7, 2325.3 ], [ 2835.1, 2323.6 ], [ 2839.7, 2321.8 ], [ 2844.5, 2320.6 ], [ 2851.1, 2321.0 ], [ 2854.7, 2322.0 ], [ 2857.3, 2323.8 ], [ 2859.6, 2325.9 ], [ 2864.9, 2328.9 ], [ 2867.3, 2331.4 ], [ 2872.5, 2339.3 ], [ 2878.3, 2344.7 ], [ 2881.3, 2348.7 ], [ 2883.6, 2353.3 ], [ 2887.9, 2364.1 ], [ 2889.7, 2366.6 ], [ 2890.2, 2368.1 ], [ 2889.5, 2369.6 ], [ 2888.5, 2370.8 ], [ 2887.0, 2373.5 ], [ 2886.1, 2374.5 ], [ 2883.3, 2375.9 ], [ 2868.1, 2378.4 ] ] } },
{ "type": "Feature", "properties": { "name": "Rhône", "scalerank": 6, "featurecla": "Lake Centerline", "source": "ne_10m_rivers_lake_centerlines" }, "geometry": { "type": "LineString", "coordinates": [ [ 2657.0, 2336.6 ], [ 2656.0, 2335.6 ], [ 2654.1, 2334.2 ], [ 2646.0, 2331.8 ], [ 2646.1, 2332.0 ], [ 2630.3, 2327.2 ], [ 2623.2, 2326.6 ], [ 2616.3, 2327.7 ], [ 2606.9, 2333.5 ], [ 2603.4, 2334.2 ], [ 2599.9, 2334.2 ], [ 2596.5, 2335.1 ], [ 2592.9, 2337.9 ], [ 2589.7, 2341.8 ], [ 2587.3, 2344.7 ], [ 2586.6, 2346.8 ], [ 2583.2, 2353.9 ], [ 2581.9, 2356.9 ], [ 2580.5, 2359.4 ], [ 2578.8, 2361.2 ], [ 2578.0, 2361.9 ], [ 2577.1, 2363.5 ] ] } },
{ "type": "Feature", "properties": { "name": "Sane", "scalerank": 8, "featurecla": "River", "source": "ne_10m_rivers_lake_centerlines" }, "geometry": { "type": "LineString", "coordinates": [ [ 2432.8, 2424.8 ], [ 2433.5, 2422.2 ], [ 2433.8, 2420.9 ], [ 2434.0, 2419.1 ], [ 2434.3, 2417.4 ], [ 2435.4, 2415.4 ], [ 2435.7, 2413.9 ], [ 2435.6, 2412.5 ], [ 2434.9, 2410.2 ], [ 2434.6, 2409.0 ], [ 2435.0, 2405.2 ], [ 2435.0, 2403.7 ], [ 2433.2, 2400.8 ], [ 2432.6, 2398.3 ], [ 2430.7, 2396.9 ], [ 2430.4, 2395.4 ], [ 2429.8, 2394.7 ], [ 2426.9, 2393.5 ], [ 2426.0, 2392.5 ], [ 2426.0, 2391.0 ], [ 2427.2, 2386.3 ], [ 2427.3, 2382.9 ], [ 2427.0, 2379.7 ], [ 2427.2, 2376.7 ], [ 2428.4, 2374.1 ], [ 2429.8, 2369.5 ], [ 2430.5, 2367.9 ], [ 2432.4, 2364.4 ], [ 2433.0, 2362.9 ], [ 2433.3, 2361.7 ], [ 2433.7, 2357.9 ], [ 2434.4, 2355.2 ], [ 2435.0, 2351.0 ], [ 2435.9, 2347.8 ], [ 2438.3, 2342.4 ], [ 2441.2, 2338.2 ], [ 2442.6, 2335.7 ], [ 2444.0, 2330.1 ], [ 2445.2, 2327.9 ], [ 2446.6, 2326.0 ], [ 2447.6, 2324.0 ], [ 2449.8, 2314.0 ], [ 2452.1, 2311.1 ], [ 2452.6, 2307.7 ], [ 2452.5, 2303.7 ], [ 2452.1, 2300.9 ], [ 2453.5, 2298.1 ], [ 2454.9, 2294.4 ], [ 2456.0, 2290.2 ], [ 2456.7, 2286.4 ], [ 2456.8, 2282.5 ], [ 2456.3, 2278.7 ], [ 2454.9, 2275.7 ], [ 2451.2, 2273.3 ], [ 2448.9, 2270.7 ], [ 2447.0, 2267.9 ], [ 2446.7, 2266.0 ], [ 2448.1, 2264.0 ], [ 2448.5, 2263.0 ], [ 2449.0, 2262.6 ], [ 2451.9, 2262.5 ], [ 2452.9, 2262.0 ], [ 2454.8, 2260.7 ], [ 2456.7, 2258.9 ] ] } },
{ "type": "Feature", "properties": { "name": "Aare", "scalerank": 10, "featurecla": "Lake Centerline", "source": "ne_10m_rivers_europe" }, "geometry": { "type": "LineString", "coordinates": [ [ 2760.3, 2297.5 ], [ 2756.8, 2297.5 ], [ 2752.2, 2295.8 ], [ 2747.2, 2292.3 ], [ 2742.7, 2287.6 ], [ 2741.7, 2286.1 ] ] } },
{ "type": "Feature", "properties": { "name": "Aare", "scalerank": 10, "featurecla": "Lake Centerline", "source": "ne_10m_rivers_europe" }, "geometry": { "type": "LineString", "coordinates": [ [ 2784.9, 2286.5 ], [ 2780.2, 2286.9 ], [ 2773.9, 2291.1 ], [ 2768.3, 2293.6 ] ] } },
{ "type": "Feature", "properties": { "name": "Adige", "scalerank": 10, "featurecla": "River", "source": "ne_10m_rivers_europe" }, "geometry": { "type": "LineString", "coordinates": [ [ 3222.9, 2236.0 ], [ 3218.8, 2238.3 ], [ 3213.5, 2241.8 ], [ 3206.4, 2245.6 ], [ 3200.9, 2249.1 ], [ 3197.7, 2252.4 ], [ 3197.2, 2255.3 ], [ 3198.3, 2258.1 ], [ 3199.7, 2260.4 ], [ 3199.8, 2262.1 ], [ 3199.4, 2264.2 ], [ 3199.3, 2270.8 ], [ 3198.3, 2274.9 ], [ 3196.7, 2278.2 ], [ 3195.2, 2280.1 ], [ 3193.1, 2280.2 ], [ 3185.9, 2277.9 ], [ 3179.4, 2277.1 ], [ 3173.7, 2277.5 ], [ 3170.7, 2278.7 ], [ 3170.5, 2280.7 ], [ 3171.5, 2282.7 ], [ 3171.6, 2286.3 ], [ 3169.2, 2291.9 ], [ 3165.3, 2297.9 ], [ 3157.1, 2306.8 ], [ 3156.1, 2309.3 ], [ 3153.9, 2317.3 ], [ 3152.2, 2320.7 ], [ 3150.1, 2323.4 ], [ 3147.4, 2325.6 ], [ 3144.1, 2326.8 ], [ 3136.7, 2327.6 ], [ 3133.9, 2329.3 ], [ 3132.1, 2330.9 ] ] } },
{ "type": "Feature", "properties": { "name": "Thielle", "scalerank": 10, "featurecla": "River", "source": "ne_10m_rivers_europe" }, "geometry": { "type": "LineString", "coordinates": [ [ 2677.3, 2243.4 ], [ 2679.3, 2239.6 ], [ 2685.0, 2236.9 ] ] } },
{ "type": "Feature", "properties": { "name": "Thielle", "scalerank": 10, "featurecla": "Lake Centerline", "source": "ne_10m_rivers_europe" }, "geometry": { "type": "LineString", "coordinates": [ [ 2685.0, 2236.9 ], [ 2693.5, 2232.7 ] ] } },
{ "type": "Feature", "properties": { "name": "Doubs", "scalerank": 8, "featurecla": "River", "source": "ne_10m_rivers_lake_centerlines" }, "geometry": { "type": "LineString", "coordinates": [ [ 2582.4, 2295.2 ], [ 2581.8, 2292.0 ], [ 2582.2, 2289.3 ], [ 2584.2, 2287.2 ], [ 2586.6, 2285.7 ], [ 2590.7, 2282.4 ], [ 2594.6, 2280.4 ], [ 2597.7, 2278.2 ], [ 2598.0, 2276.0 ], [ 2597.9, 2273.4 ], [ 2599.1, 2272.4 ], [ 2603.8, 2267.4 ], [ 2604.1, 2264.7 ], [ 2605.2, 2263.2 ], [ 2606.6, 2262.3 ], [ 2607.7, 2261.3 ], [ 2606.3, 2255.4 ], [ 2606.0, 2252.2 ], [ 2606.8, 2249.7 ], [ 2607.6, 2250.3 ], [ 2608.4, 2250.6 ], [ 2609.4, 2250.5 ], [ 2610.3, 2250.1 ], [ 2613.8, 2247.1 ], [ 2620.5, 2239.2 ], [ 2623.0, 2237.6 ], [ 2628.0, 2237.8 ], [ 2629.3, 2237.5 ], [ 2633.2, 2235.0 ], [ 2633.6, 2235.0 ], [ 2634.7, 2235.3 ], [ 2635.2, 2235.3 ], [ 2635.9, 2234.9 ], [ 2637.2, 2233.8 ], [ 2637.9, 2233.5 ], [ 2637.8, 2232.9 ], [ 2638.3, 2231.6 ], [ 2639.5, 2229.3 ], [ 2640.3, 2228.7 ], [ 2641.4, 2228.2 ], [ 2643.4, 2228.0 ], [ 2647.2, 2228.5 ], [ 2648.7, 2227.8 ], [ 2648.7, 2225.2 ], [ 2651.9, 2224.2 ], [ 2659.1, 2218.1 ], [ 2661.2, 2214.9 ], [ 2664.4, 2211.9 ], [ 2671.8, 2206.9 ], [ 2671.5, 2203.1 ], [ 2672.3, 2199.9 ], [ 2674.3, 2198.0 ], [ 2677.8, 2197.7 ], [ 2678.8, 2197.3 ], [ 2679.9, 2196.1 ], [ 2680.9, 2195.7 ], [ 2681.4, 2195.8 ], [ 2682.0, 2196.3 ], [ 2682.7, 2196.7 ], [ 2683.7, 2196.7 ], [ 2691.0, 2193.9 ], [ 2693.5, 2192.0 ], [ 2694.8, 2190.4 ], [ 2694.8, 2188.7 ], [ 2687.9, 2189.6 ], [ 2685.9, 2190.4 ], [ 2685.0, 2190.5 ], [ 2682.1, 2190.4 ], [ 2675.6, 2191.2 ], [ 2668.4, 2190.9 ], [ 2666.4, 2191.2 ], [ 2663.1, 2192.7 ], [ 2662.2, 2192.7 ], [ 2661.1, 2193.5 ], [ 2659.4, 2193.8 ], [ 2655.7, 2193.5 ], [ 2653.7, 2192.7 ], [ 2652.5, 2191.7 ], [ 2651.8, 2190.5 ], [ 2651.5, 2189.1 ], [ 2651.6, 2187.9 ], [ 2652.1, 2186.3 ], [ 2652.9, 2184.5 ], [ 2654.0, 2182.8 ], [ 2653.6, 2181.2 ], [ 2654.2, 2179.9 ], [ 2655.1, 2178.4 ], [ 2656.3, 2173.7 ], [ 2657.5, 2173.8 ], [ 2659.0, 2174.6 ], [ 2660.5, 2174.1 ], [ 2661.4, 2172.3 ], [ 2661.3, 2170.6 ], [ 2660.3, 2169.2 ], [ 2658.9, 2168.3 ], [ 2657.4, 2168.2 ], [ 2656.1, 2168.8 ], [ 2654.9, 2169.6 ], [ 2653.8, 2170.2 ], [ 2648.8, 2169.9 ], [ 2648.0, 2170.4 ], [ 2647.3, 2171.2 ], [ 2645.7, 2172.0 ], [ 2640.8, 2173.3 ], [ 2638.3, 2175.5 ], [ 2637.0, 2175.7 ], [ 2636.2, 2174.8 ], [ 2635.5, 2173.2 ], [ 2634.7, 2171.9 ], [ 2633.9, 2171.9 ], [ 2632.0, 2174.4 ], [ 2631.0, 2174.0 ], [ 2630.0, 2174.2 ], [ 2629.1, 2174.7 ], [ 2628.4, 2175.3 ], [ 2630.0, 2176.2 ], [ 2630.9, 2176.5 ], [ 2631.9, 2176.6 ], [ 2631.8, 2177.6 ], [ 2630.1, 2177.8 ], [ 2628.3, 2178.3 ], [ 2626.6, 2179.2 ], [ 2625.2, 2180.6 ], [ 2625.4, 2181.2 ], [ 2625.6, 2182.9 ], [ 2625.8, 2183.6 ], [ 2623.7, 2184.2 ], [ 2618.2, 2184.4 ], [ 2616.8, 2184.8 ], [ 2615.8, 2185.7 ], [ 2614.8, 2186.2 ], [ 2612.4, 2186.3 ], [ 2611.9, 2186.6 ], [ 2608.9, 2189.2 ], [ 2607.4, 2188.8 ], [ 2604.7, 2189.4 ], [ 2602.1, 2190.4 ], [ 2601.0, 2191.5 ], [ 2599.7, 2193.0 ], [ 2593.8, 2195.4 ], [ 2586.5, 2196.1 ], [ 2584.1, 2196.9 ], [ 2581.8, 2198.4 ], [ 2581.2, 2198.5 ], [ 2580.5, 2198.3 ], [ 2579.9, 2198.3 ], [ 2579.7, 2198.8 ], [ 2579.6, 2200.3 ], [ 2579.4, 2200.9 ], [ 2578.3, 2202.0 ], [ 2577.0, 2203.1 ], [ 2575.8, 2203.1 ], [ 2572.9, 2202.2 ], [ 2573.4, 2203.0 ], [ 2573.9, 2203.9 ], [ 2574.3, 2204.4 ], [ 2565.3, 2209.3 ], [ 2566.4, 2209.3 ], [ 2566.7, 2209.4 ], [ 2566.7, 2210.3 ], [ 2563.3, 2211.9 ], [ 2561.9, 2211.8 ], [ 2560.1, 2210.0 ], [ 2559.4, 2211.0 ], [ 2560.8, 2212.2 ], [ 2560.7, 2213.3 ], [ 2559.8, 2214.0 ], [ 2559.5, 2214.8 ], [ 2559.3, 2215.8 ], [ 2558.7, 2216.9 ], [ 2557.9, 2217.4 ], [ 2556.0, 2217.3 ], [ 2553.9, 2218.4 ], [ 2554.5, 2214.2 ], [ 2554.0, 2212.9 ], [ 2548.8, 2212.3 ], [ 2547.1, 2212.5 ], [ 2542.1, 2215.5 ], [ 2541.0, 2216.4 ], [ 2540.4, 2216.4 ], [ 2539.6, 2215.0 ], [ 2537.6, 2214.6 ], [ 2530.0, 2215.6 ], [ 2526.6, 2216.6 ], [ 2525.0, 2217.9 ], [ 2522.5, 2221.2 ], [ 2521.1, 2222.6 ], [ 2519.4, 2222.8 ], [ 2517.2, 2222.8 ], [ 2515.6, 2223.3 ], [ 2515.9, 2225.5 ], [ 2515.0, 2226.4 ], [ 2512.6, 2228.1 ], [ 2511.7, 2228.4 ], [ 2511.8, 2228.6 ], [ 2511.8, 2229.1 ], [ 2511.7, 2229.8 ], [ 2511.4, 2230.7 ], [ 2511.0, 2231.6 ], [ 2510.6, 2232.5 ], [ 2510.1, 2233.2 ], [ 2509.6, 2233.6 ], [ 2510.3, 2234.6 ], [ 2507.7, 2234.5 ], [ 2504.9, 2235.1 ], [ 2503.2, 2237.2 ], [ 2504.0, 2241.8 ], [ 2502.9, 2242.8 ], [ 2501.9, 2246.5 ], [ 2500.7, 2247.9 ], [ 2499.7, 2246.9 ], [ 2498.6, 2246.5 ], [ 2497.5, 2246.8 ], [ 2496.4, 2247.6 ], [ 2494.2, 2245.7 ], [ 2490.8, 2245.0 ], [ 2487.2, 2245.7 ], [ 2484.8, 2247.9 ], [ 2484.6, 2246.6 ], [ 2484.2, 2245.8 ], [ 2483.6, 2245.2 ], [ 2482.8, 2244.6 ], [ 2481.2, 2245.4 ], [ 2480.6, 2245.5 ], [ 2480.2, 2245.1 ], [ 2479.7, 2244.3 ], [ 2479.3, 2243.6 ], [ 2479.3, 2243.3 ], [ 2476.9, 2243.3 ], [ 2475.2, 2244.1 ], [ 2470.7, 2248.7 ], [ 2469.2, 2249.3 ], [ 2467.6, 2249.2 ], [ 2464.0, 2248.5 ], [ 2461.9, 2248.3 ], [ 2459.7, 2248.8 ], [ 2457.6, 2250.4 ], [ 2458.8, 2252.8 ], [ 2458.3, 2256.0 ], [ 2456.7, 2258.9 ] ] } },
{ "type": "Feature", "properties": { "name": "Aare", "scalerank": 10, "featurecla": "River", "source": "ne_10m_rivers_europe" }, "geometry": { "type": "LineString", "coordinates": [ [ 2768.3, 2293.6 ], [ 2764.4, 2295.1 ], [ 2762.7, 2296.4 ], [ 2760.3, 2297.5 ] ] } },
{ "type": "Feature", "properties": { "name": "Aare", "scalerank": 10, "featurecla": "River", "source": "ne_10m_rivers_europe" }, "geometry": { "type": "LineString", "coordinates": [ [ 2813.3, 2306.2 ], [ 2812.7, 2303.6 ], [ 2811.8, 2301.1 ], [ 2803.1, 2290.3 ], [ 2797.5, 2287.3 ], [ 2794.3, 2286.1 ], [ 2789.5, 2285.4 ], [ 2784.9, 2286.5 ] ] } },
{ "type": "Feature", "properties": { "name": "Aare", "scalerank": 10, "featurecla": "River", "source": "ne_10m_rivers_europe" }, "geometry": { "type": "LineString", "coordinates": [ [ 2741.7, 2286.1 ], [ 2739.3, 2282.7 ], [ 2737.2, 2279.1 ], [ 2735.0, 2276.4 ], [ 2734.2, 2271.3 ], [ 2732.4, 2267.0 ], [ 2729.7, 2262.6 ], [ 2726.6, 2258.8 ], [ 2724.1, 2256.5 ], [ 2722.5, 2255.5 ], [ 2721.7, 2254.5 ], [ 2720.9, 2252.4 ], [ 2719.2, 2250.5 ], [ 2715.9, 2250.2 ], [ 2711.3, 2250.3 ], [ 2706.3, 2249.6 ], [ 2702.5, 2248.2 ], [ 2700.7, 2246.7 ], [ 2701.1, 2244.6 ], [ 2702.2, 2241.9 ], [ 2702.3, 2239.4 ], [ 2700.0, 2237.9 ], [ 2696.5, 2236.5 ], [ 2694.3, 2234.6 ] ] } },
{ "type": "Feature", "properties": { "name": "Aare", "scalerank": 10, "featurecla": "River", "source": "ne_10m_rivers_europe" }, "geometry": { "type": "LineString", "coordinates": [ [ 2700.4, 2224.5 ], [ 2704.2, 2224.1 ], [ 2710.5, 2223.6 ], [ 2713.2, 2223.2 ], [ 2716.0, 2222.3 ], [ 2725.7, 2215.1 ], [ 2727.8, 2214.5 ], [ 2732.1, 2214.3 ], [ 2738.9, 2210.8 ], [ 2742.2, 2209.7 ], [ 2745.5, 2209.7 ], [ 2749.2, 2210.3 ], [ 2753.1, 2210.2 ], [ 2756.9, 2208.4 ], [ 2760.0, 2206.3 ], [ 2764.3, 2204.3 ], [ 2767.4, 2200.4 ], [ 2770.4, 2197.7 ], [ 2772.2, 2194.7 ], [ 2774.1, 2192.1 ], [ 2779.3, 2190.9 ], [ 2789.6, 2185.1 ], [ 2798.1, 2182.2 ], [ 2799.5, 2179.8 ], [ 2800.8, 2176.7 ], [ 2803.6, 2174.0 ], [ 2806.3, 2170.8 ], [ 2807.2, 2166.7 ], [ 2807.3, 2163.1 ], [ 2808.8, 2159.0 ], [ 2808.2, 2156.5 ], [ 2806.9, 2153.6 ] ] } },
{ "type": "Feature", "properties": { "name": "Aare", "scalerank": 10, "featurecla": "Lake Centerline", "source": "ne_10m_rivers_europe" }, "geometry": { "type": "LineString", "coordinates": [ [ 2694.3, 2234.6 ], [ 2693.7, 2234.2 ], [ 2693.3, 2231.3 ], [ 2696.7, 2228.3 ], [ 2700.4, 2224.5 ] ] } },
{ "type": "Feature", "properties": { "name": "Maulde", "scalerank": 12, "featurecla": "River", "source": "ne_10m_rivers_europe" }, "geometry": { "type": "LineString", "coordinates": [ [ 2132.4, 2389.0 ], [ 2131.8, 2387.8 ], [ 2130.4, 2386.7 ], [ 2126.1, 2384.6 ], [ 2125.2, 2382.9 ], [ 2124.6, 2380.9 ], [ 2123.4, 2378.9 ], [ 2123.1, 2376.5 ], [ 2124.7, 2373.3 ], [ 2125.7, 2369.1 ], [ 2123.6, 2364.4 ], [ 2119.2, 2360.3 ], [ 2114.2, 2357.6 ], [ 2110.1, 2356.3 ], [ 2107.7, 2355.9 ], [ 2106.6, 2356.7 ], [ 2104.8, 2360.3 ], [ 2103.7, 2360.8 ], [ 2101.5, 2359.2 ], [ 2097.9, 2355.6 ], [ 2093.8, 2352.8 ], [ 2090.8, 2353.0 ], [ 2088.9, 2354.6 ], [ 2086.1, 2355.5 ], [ 2083.8, 2358.5 ], [ 2081.7, 2360.0 ], [ 2078.8, 2361.1 ], [ 2072.9, 2362.4 ], [ 2070.1, 2363.6 ], [ 2067.7, 2365.3 ], [ 2065.1, 2367.3 ] ] } },
{ "type": "Feature", "properties": { "name": "Charente", "scalerank": 10, "featurecla": "River", "source": "ne_10m_rivers_europe" }, "geometry": { "type": "LineString", "coordinates": [ [ 1993.6, 2375.3 ], [ 1984.2, 2365.8 ], [ 1981.3, 2361.9 ], [ 1980.0, 2359.1 ], [ 1979.7, 2357.3 ], [ 1979.1, 2355.1 ], [ 1976.8, 2351.5 ], [ 1974.5, 2346.7 ], [ 1972.5, 2336.9 ], [ 1966.8, 2329.6 ], [ 1965.2, 2325.5 ], [ 1964.3, 2321.6 ], [ 1963.1, 2318.4 ], [ 1961.5, 2316.1 ], [ 1959.6, 2314.2 ], [ 1956.7, 2313.3 ], [ 1952.5, 2313.2 ], [ 1948.5, 2314.2 ], [ 1946.1, 2315.9 ], [ 1945.3, 2318.3 ], [ 1945.7, 2323.3 ], [ 1945.4, 2325.9 ], [ 1944.4, 2328.4 ], [ 1942.9, 2330.6 ], [ 1941.8, 2333.6 ], [ 1942.7, 2342.5 ], [ 1942.3, 2346.1 ], [ 1941.0, 2348.9 ], [ 1939.2, 2351.6 ], [ 1936.2, 2352.8 ], [ 1927.8, 2351.5 ], [ 1925.6, 2352.5 ], [ 1923.8, 2354.5 ], [ 1920.8, 2356.2 ], [ 1918.8, 2357.9 ], [ 1919.3, 2359.6 ], [ 1920.7, 2361.8 ], [ 1921.3, 2366.5 ], [ 1924.4, 2367.9 ], [ 1925.2, 2370.3 ], [ 1925.7, 2373.1 ], [ 1927.3, 2377.2 ], [ 1927.7, 2381.5 ], [ 1926.9, 2385.0 ], [ 1925.2, 2385.6 ], [ 1923.2, 2385.0 ], [ 1920.7, 2387.5 ], [ 1915.5, 2389.4 ], [ 1911.8, 2391.6 ], [ 1909.3, 2390.0 ], [ 1907.5, 2390.8 ], [ 1905.5, 2391.0 ], [ 1903.8, 2388.8 ], [ 1902.0, 2385.6 ], [ 1898.2, 2382.1 ], [ 1896.6, 2380.0 ], [ 1894.4, 2379.1 ], [ 1891.4, 2378.6 ], [ 1888.3, 2378.7 ], [ 1885.1, 2377.9 ], [ 1878.3, 2373.3 ], [ 1875.9, 2373.5 ], [ 1872.9, 2374.6 ], [ 1868.2, 2374.7 ], [ 1863.5, 2373.8 ], [ 1860.8, 2372.6 ], [ 1858.9, 2371.3 ], [ 1853.4, 2368.5 ], [ 1850.3, 2366.5 ], [ 1847.9, 2363.9 ], [ 1846.6, 2360.7 ], [ 1846.0, 2357.8 ], [ 1844.5, 2354.1 ], [ 1844.7, 2351.7 ], [ 1844.3, 2348.9 ], [ 1840.4, 2343.8 ], [ 1839.8, 2341.7 ], [ 1838.6, 2340.1 ], [ 1831.0, 2338.0 ], [ 1828.6, 2336.1 ], [ 1827.3, 2334.4 ], [ 1824.2, 2332.8 ], [ 1820.9, 2328.4 ], [ 1818.1, 2327.0 ], [ 1815.7, 2327.0 ], [ 1814.7, 2327.9 ], [ 1814.2, 2329.2 ], [ 1813.0, 2329.9 ], [ 1811.4, 2329.8 ], [ 1810.0, 2328.9 ], [ 1809.4, 2327.1 ], [ 1809.9, 2324.7 ], [ 1809.4, 2322.9 ], [ 1806.7, 2322.5 ], [ 1802.6, 2322.6 ] ] } },
{ "type": "Feature", "properties": { "name": "Loire", "scalerank": 5, "featurecla": "River", "source": "ne_10m_rivers_lake_centerlines" }, "geometry": { "type": "LineString", "coordinates": [ [ 2260.7, 2219.5 ], [ 2260.1, 2217.4 ], [ 2260.4, 2214.7 ], [ 2260.9, 2211.9 ], [ 2260.8, 2208.9 ], [ 2260.0, 2207.4 ], [ 2258.8, 2206.7 ], [ 2257.6, 2205.6 ], [ 2256.9, 2203.3 ], [ 2257.0, 2201.0 ], [ 2257.4, 2198.8 ], [ 2257.6, 2196.5 ], [ 2257.0, 2193.7 ], [ 2256.6, 2190.8 ], [ 2254.7, 2185.1 ], [ 2254.4, 2182.2 ], [ 2254.5, 2179.3 ], [ 2254.1, 2176.8 ], [ 2253.4, 2174.7 ], [ 2252.5, 2173.0 ], [ 2249.8, 2169.6 ], [ 2247.0, 2167.5 ], [ 2246.1, 2166.6 ], [ 2244.8, 2164.0 ], [ 2244.8, 2162.0 ], [ 2245.7, 2160.1 ], [ 2251.1, 2151.1 ], [ 2251.7, 2149.0 ], [ 2251.7, 2146.0 ], [ 2251.0, 2143.8 ], [ 2247.2, 2135.2 ], [ 2244.0, 2131.3 ], [ 2243.5, 2129.8 ], [ 2239.7, 2123.9 ], [ 2236.7, 2121.4 ], [ 2235.7, 2120.2 ], [ 2234.5, 2118.1 ], [ 2234.4, 2117.4 ], [ 2234.6, 2116.7 ], [ 2234.7, 2116.1 ], [ 2234.3, 2115.8 ], [ 2233.8, 2115.6 ], [ 2232.7, 2114.6 ], [ 2232.3, 2114.1 ], [ 2231.8, 2112.9 ], [ 2231.4, 2112.3 ], [ 2207.3, 2093.0 ], [ 2204.0, 2091.6 ], [ 2198.0, 2091.3 ], [ 2196.1, 2090.7 ], [ 2195.6, 2090.0 ], [ 2195.2, 2088.9 ], [ 2194.5, 2087.8 ], [ 2193.3, 2087.3 ], [ 2191.4, 2086.9 ], [ 2190.7, 2086.5 ], [ 2190.2, 2085.8 ], [ 2190.3, 2084.8 ], [ 2191.5, 2082.9 ], [ 2186.6, 2079.8 ], [ 2186.8, 2077.0 ], [ 2185.3, 2076.1 ], [ 2176.0, 2074.3 ], [ 2171.8, 2072.2 ], [ 2169.4, 2072.0 ], [ 2168.4, 2072.5 ], [ 2167.4, 2073.2 ], [ 2166.6, 2073.8 ], [ 2165.6, 2073.6 ], [ 2165.1, 2072.6 ], [ 2164.9, 2069.9 ], [ 2164.3, 2069.2 ], [ 2162.4, 2068.7 ], [ 2159.4, 2066.9 ], [ 2150.0, 2065.2 ], [ 2148.2, 2065.9 ], [ 2146.5, 2067.4 ], [ 2144.5, 2068.5 ], [ 2133.2, 2071.5 ], [ 2132.1, 2072.6 ], [ 2131.3, 2073.9 ], [ 2126.3, 2080.0 ], [ 2125.2, 2080.5 ], [ 2124.4, 2080.5 ], [ 2123.5, 2080.7 ], [ 2122.4, 2081.7 ], [ 2119.7, 2087.1 ], [ 2119.1, 2087.7 ], [ 2116.5, 2088.4 ], [ 2115.9, 2088.9 ], [ 2115.6, 2091.1 ], [ 2115.2, 2092.1 ], [ 2108.9, 2096.5 ], [ 2106.7, 2097.5 ], [ 2101.9, 2097.9 ], [ 2099.6, 2099.0 ], [ 2084.8, 2109.6 ], [ 2081.5, 2113.3 ], [ 2078.4, 2118.1 ], [ 2076.5, 2120.2 ], [ 2074.4, 2120.9 ], [ 2072.1, 2121.0 ], [ 2039.7, 2130.9 ], [ 2031.1, 2129.6 ], [ 2027.4, 2128.2 ], [ 2019.3, 2127.1 ], [ 2001.8, 2129.1 ], [ 1997.6, 2130.5 ], [ 1996.0, 2131.5 ], [ 1994.4, 2132.8 ], [ 1991.5, 2135.6 ], [ 1990.1, 2136.3 ], [ 1986.5, 2136.1 ], [ 1984.8, 2136.9 ], [ 1982.4, 2138.8 ], [ 1964.3, 2145.9 ], [ 1954.9, 2145.6 ], [ 1952.1, 2146.2 ], [ 1949.7, 2147.7 ], [ 1943.4, 2142.3 ], [ 1941.4, 2141.4 ], [ 1939.1, 2140.8 ], [ 1937.0, 2139.9 ], [ 1935.2, 2138.5 ], [ 1933.6, 2136.9 ], [ 1928.7, 2129.8 ], [ 1927.1, 2128.6 ], [ 1925.1, 2127.8 ], [ 1918.7, 2121.0 ], [ 1917.3, 2117.5 ], [ 1916.7, 2116.5 ], [ 1915.2, 2114.6 ], [ 1914.5, 2113.5 ], [ 1913.1, 2112.3 ], [ 1906.8, 2109.7 ], [ 1904.4, 2109.3 ], [ 1898.4, 2109.6 ], [ 1892.6, 2107.7 ], [ 1890.4, 2107.4 ], [ 1882.4, 2107.8 ], [ 1881.3, 2109.4 ], [ 1879.2, 2110.8 ], [ 1875.1, 2112.7 ], [ 1873.5, 2113.0 ], [ 1870.3, 2112.9 ], [ 1868.9, 2112.5 ], [ 1858.5, 2107.0 ], [ 1853.9, 2105.7 ], [ 1841.1, 2106.5 ], [ 1827.8, 2104.7 ], [ 1824.0, 2105.0 ], [ 1817.3, 2107.9 ], [ 1815.1, 2108.0 ], [ 1810.7, 2107.7 ], [ 1808.7, 2108.2 ], [ 1790.5, 2119.0 ], [ 1787.0, 2122.7 ], [ 1785.5, 2123.8 ], [ 1784.4, 2123.8 ], [ 1782.2, 2123.2 ], [ 1781.2, 2123.1 ], [ 1780.5, 2123.4 ], [ 1778.0, 2124.7 ], [ 1775.9, 2125.2 ], [ 1771.5, 2125.0 ], [ 1769.3, 2124.5 ], [ 1763.3, 2121.5 ], [ 1761.0, 2121.0 ] ] } },
{ "type": "Feature", "properties": { "name": "Loire", "scalerank": 5, "featurecla": "River", "source": "ne_10m_rivers_lake_centerlines" }, "geometry": { "type": "LineString", "coordinates": [ [ 2260.6, 2219.5 ], [ 2261.1, 2221.5 ], [ 2262.9, 2222.2 ], [ 2264.9, 2221.9 ], [ 2268.5, 2220.0 ], [ 2271.0, 2220.2 ], [ 2273.7, 2221.9 ], [ 2276.2, 2224.4 ], [ 2278.3, 2228.1 ], [ 2281.3, 2236.1 ], [ 2283.5, 2239.1 ], [ 2285.6, 2241.2 ], [ 2287.1, 2243.2 ], [ 2289.0, 2244.3 ], [ 2296.0, 2244.8 ], [ 2299.5, 2246.4 ], [ 2306.6, 2252.4 ], [ 2312.8, 2258.9 ], [ 2313.9, 2259.1 ], [ 2314.9, 2260.2 ], [ 2315.1, 2262.6 ], [ 2317.3, 2267.7 ], [ 2317.6, 2268.7 ], [ 2317.8, 2270.4 ], [ 2317.9, 2271.1 ], [ 2319.2, 2272.7 ], [ 2319.4, 2273.1 ], [ 2320.5, 2274.8 ], [ 2320.9, 2275.1 ], [ 2321.4, 2275.4 ], [ 2321.9, 2275.9 ], [ 2322.3, 2276.8 ], [ 2322.6, 2278.7 ], [ 2324.2, 2281.5 ], [ 2325.4, 2282.2 ], [ 2325.8, 2282.7 ], [ 2326.0, 2283.6 ], [ 2326.1, 2286.2 ], [ 2325.7, 2290.1 ], [ 2325.5, 2290.7 ], [ 2325.0, 2291.8 ], [ 2324.9, 2292.3 ], [ 2325.0, 2292.9 ], [ 2325.8, 2293.5 ], [ 2327.5, 2294.3 ], [ 2327.7, 2294.5 ], [ 2328.6, 2295.5 ], [ 2329.0, 2295.8 ], [ 2330.1, 2296.1 ], [ 2330.6, 2296.4 ], [ 2330.9, 2296.8 ], [ 2331.2, 2297.2 ], [ 2331.6, 2297.5 ], [ 2332.0, 2297.8 ], [ 2333.6, 2297.7 ], [ 2334.2, 2297.8 ], [ 2334.7, 2298.0 ], [ 2335.1, 2298.5 ], [ 2336.1, 2300.1 ], [ 2337.6, 2301.2 ], [ 2337.8, 2301.5 ], [ 2338.2, 2302.2 ], [ 2338.5, 2302.5 ], [ 2338.9, 2302.8 ], [ 2341.9, 2303.9 ], [ 2345.1, 2304.7 ], [ 2346.1, 2305.2 ], [ 2347.3, 2306.2 ], [ 2348.6, 2307.1 ], [ 2348.9, 2307.3 ], [ 2349.1, 2307.7 ], [ 2349.3, 2308.4 ], [ 2349.3, 2309.5 ], [ 2349.3, 2310.6 ], [ 2349.4, 2311.4 ], [ 2349.6, 2311.9 ], [ 2349.8, 2312.5 ], [ 2350.0, 2313.2 ], [ 2350.0, 2313.9 ], [ 2349.9, 2314.6 ], [ 2348.5, 2318.8 ], [ 2348.4, 2319.8 ], [ 2348.4, 2320.6 ], [ 2348.6, 2321.1 ], [ 2348.9, 2321.5 ], [ 2349.0, 2322.0 ], [ 2349.1, 2322.6 ], [ 2349.0, 2323.3 ], [ 2348.8, 2324.1 ], [ 2348.8, 2324.8 ], [ 2348.8, 2325.4 ], [ 2349.0, 2325.9 ], [ 2349.2, 2326.5 ], [ 2349.6, 2327.1 ], [ 2349.9, 2327.5 ], [ 2350.0, 2327.8 ], [ 2350.2, 2328.2 ], [ 2350.1, 2328.6 ], [ 2350.0, 2329.1 ], [ 2351.5, 2331.2 ], [ 2351.8, 2332.3 ], [ 2351.8, 2334.2 ], [ 2351.4, 2335.8 ], [ 2351.5, 2339.0 ], [ 2352.6, 2342.9 ], [ 2356.7, 2349.4 ], [ 2358.1, 2353.8 ], [ 2358.4, 2358.8 ], [ 2357.7, 2366.6 ], [ 2358.3, 2368.6 ], [ 2357.9, 2370.6 ], [ 2351.7, 2377.8 ], [ 2349.6, 2380.6 ], [ 2348.8, 2383.1 ], [ 2348.5, 2385.9 ], [ 2349.6, 2389.1 ], [ 2355.0, 2395.2 ], [ 2356.2, 2397.7 ], [ 2356.7, 2399.4 ], [ 2358.8, 2401.3 ], [ 2361.7, 2407.6 ], [ 2363.8, 2409.9 ], [ 2364.0, 2414.5 ], [ 2365.3, 2419.4 ], [ 2364.6, 2423.4 ], [ 2364.4, 2428.6 ], [ 2363.7, 2430.6 ], [ 2363.4, 2432.0 ], [ 2365.9, 2435.3 ], [ 2366.9, 2437.5 ], [ 2367.2, 2439.8 ], [ 2366.9, 2441.7 ], [ 2367.0, 2443.7 ], [ 2369.3, 2448.3 ], [ 2367.5, 2451.9 ], [ 2367.3, 2455.0 ], [ 2367.5, 2458.1 ], [ 2366.6, 2462.3 ], [ 2366.3, 2466.3 ], [ 2365.2, 2470.8 ], [ 2363.0, 2474.2 ], [ 2360.5, 2477.0 ], [ 2357.6, 2482.0 ], [ 2354.9, 2483.3 ], [ 2352.9, 2485.3 ], [ 2351.7, 2488.2 ], [ 2351.7, 2490.9 ], [ 2350.8, 2494.0 ], [ 2346.9, 2497.8 ], [ 2342.1, 2500.6 ], [ 2339.0, 2501.1 ], [ 2336.2, 2500.6 ], [ 2332.6, 2500.8 ], [ 2329.7, 2501.9 ], [ 2328.7, 2503.7 ], [ 2328.6, 2506.3 ], [ 2327.9, 2509.3 ], [ 2326.8, 2511.7 ], [ 2325.1, 2513.7 ], [ 2325.4, 2517.3 ], [ 2325.0, 2519.0 ], [ 2325.0, 2520.9 ], [ 2327.0, 2526.0 ], [ 2326.7, 2528.9 ], [ 2325.5, 2531.0 ], [ 2322.6, 2532.3 ], [ 2322.1, 2533.3 ], [ 2322.6, 2534.9 ], [ 2323.8, 2536.6 ], [ 2324.6, 2538.2 ], [ 2323.5, 2541.5 ], [ 2324.3, 2546.3 ], [ 2324.5, 2549.3 ], [ 2326.0, 2552.1 ], [ 2333.8, 2556.7 ], [ 2339.3, 2562.9 ], [ 2343.6, 2566.5 ], [ 2347.9, 2568.7 ], [ 2350.6, 2568.7 ], [ 2351.9, 2566.1 ], [ 2353.0, 2562.0 ] ] } },
{ "type": "Feature", "properties": { "name": "Creuse", "scalerank": 10, "featurecla": "River", "source": "ne_10m_rivers_europe" }, "geometry": { "type": "LineString", "coordinates": [ [ 2147.3, 2384.5 ], [ 2147.9, 2373.7 ], [ 2148.5, 2369.9 ], [ 2148.3, 2365.9 ], [ 2146.7, 2360.0 ], [ 2144.2, 2354.4 ], [ 2140.7, 2349.1 ], [ 2139.3, 2344.6 ], [ 2135.3, 2338.4 ], [ 2131.7, 2331.9 ], [ 2127.1, 2325.6 ], [ 2125.8, 2322.3 ], [ 2124.1, 2319.3 ], [ 2121.8, 2315.8 ], [ 2119.5, 2312.9 ], [ 2116.8, 2310.3 ], [ 2109.4, 2304.3 ], [ 2101.9, 2295.5 ], [ 2099.2, 2293.2 ], [ 2097.8, 2291.4 ], [ 2097.4, 2284.9 ], [ 2095.2, 2278.6 ], [ 2095.1, 2275.6 ], [ 2095.3, 2272.8 ], [ 2095.0, 2270.4 ], [ 2093.4, 2267.3 ], [ 2090.4, 2262.7 ], [ 2087.1, 2258.2 ], [ 2084.7, 2255.3 ], [ 2082.0, 2254.1 ], [ 2074.4, 2253.0 ], [ 2071.9, 2252.3 ], [ 2069.1, 2251.8 ], [ 2059.0, 2252.5 ], [ 2053.9, 2251.9 ], [ 2045.7, 2250.1 ], [ 2042.7, 2249.0 ], [ 2036.0, 2242.8 ], [ 2034.3, 2240.5 ], [ 2031.4, 2232.3 ], [ 2029.2, 2228.5 ], [ 2026.3, 2225.6 ], [ 2023.9, 2224.0 ], [ 2020.5, 2225.4 ], [ 2010.3, 2205.3 ], [ 2009.0, 2198.4 ], [ 2008.1, 2195.9 ], [ 2007.2, 2194.6 ], [ 2006.1, 2193.7 ], [ 2004.1, 2192.5 ], [ 1998.7, 2188.0 ], [ 1997.5, 2187.5 ], [ 1997.2, 2187.8 ], [ 1997.1, 2187.9 ] ] } },
{ "type": "Feature", "properties": { "name": "Vienne", "scalerank": 9, "featurecla": "River", "source": "ne_10m_rivers_lake_centerlines" }, "geometry": { "type": "LineString", "coordinates": [ [ 2124.5, 2404.8 ], [ 2117.9, 2405.4 ], [ 2115.1, 2405.0 ], [ 2112.8, 2402.6 ], [ 2111.3, 2404.1 ], [ 2109.9, 2404.8 ], [ 2109.2, 2404.3 ], [ 2109.9, 2402.3 ], [ 2108.6, 2401.2 ], [ 2104.2, 2399.4 ], [ 2098.9, 2396.1 ], [ 2097.0, 2395.3 ], [ 2096.8, 2395.1 ], [ 2095.2, 2393.7 ], [ 2094.1, 2392.4 ], [ 2093.3, 2391.8 ], [ 2090.1, 2391.5 ], [ 2085.7, 2389.1 ], [ 2080.3, 2387.6 ], [ 2077.0, 2385.6 ], [ 2074.3, 2382.9 ], [ 2070.3, 2376.9 ], [ 2065.1, 2367.3 ], [ 2063.5, 2368.3 ], [ 2057.9, 2369.9 ], [ 2056.6, 2371.1 ], [ 2055.3, 2373.8 ], [ 2052.7, 2375.3 ], [ 2047.7, 2377.0 ], [ 2043.9, 2380.1 ], [ 2041.9, 2381.2 ], [ 2039.4, 2381.4 ], [ 2037.1, 2380.5 ], [ 2035.7, 2378.9 ], [ 2033.9, 2374.2 ], [ 2031.1, 2369.4 ], [ 2027.8, 2367.0 ], [ 2009.6, 2361.7 ], [ 2000.2, 2362.7 ], [ 1995.5, 2361.7 ], [ 1989.6, 2359.2 ], [ 1985.6, 2355.3 ], [ 1986.8, 2350.3 ], [ 1986.8, 2347.9 ], [ 1991.8, 2332.5 ], [ 1992.5, 2329.4 ], [ 1992.9, 2326.4 ], [ 1992.9, 2323.5 ], [ 1992.7, 2320.8 ], [ 1992.2, 2318.0 ], [ 1992.9, 2318.0 ], [ 1993.0, 2316.9 ], [ 1992.8, 2313.5 ], [ 1992.8, 2312.6 ], [ 1993.6, 2311.4 ], [ 1994.4, 2310.4 ], [ 1995.1, 2309.3 ], [ 1994.9, 2307.6 ], [ 1995.7, 2307.7 ], [ 1995.3, 2305.7 ], [ 1995.5, 2305.2 ], [ 1996.0, 2304.5 ], [ 1995.7, 2303.7 ], [ 1995.7, 2303.3 ], [ 1996.3, 2302.3 ], [ 1995.6, 2302.2 ], [ 1996.5, 2299.5 ], [ 1997.1, 2292.8 ], [ 1999.4, 2287.5 ], [ 1999.8, 2284.3 ], [ 1999.7, 2277.3 ], [ 1999.1, 2276.1 ], [ 1998.3, 2275.0 ], [ 1997.6, 2273.7 ], [ 1997.0, 2271.9 ], [ 1995.7, 2265.6 ], [ 1995.4, 2264.7 ], [ 1995.2, 2263.7 ], [ 1995.3, 2261.8 ], [ 1995.5, 2260.6 ], [ 1996.4, 2257.8 ], [ 1996.7, 2256.5 ], [ 1996.0, 2254.6 ], [ 1993.1, 2249.7 ], [ 1992.6, 2247.9 ], [ 1989.7, 2232.5 ], [ 1989.4, 2228.0 ], [ 1990.4, 2212.5 ], [ 1991.0, 2210.0 ], [ 1992.8, 2207.0 ], [ 1993.5, 2204.3 ], [ 1994.3, 2202.6 ], [ 1997.3, 2198.8 ], [ 1998.2, 2196.4 ], [ 1998.1, 2193.6 ], [ 1997.0, 2189.7 ], [ 1997.1, 2187.2 ], [ 1996.6, 2179.6 ], [ 1996.0, 2175.8 ], [ 1993.6, 2172.1 ], [ 1990.5, 2169.3 ], [ 1987.8, 2167.8 ], [ 1975.7, 2164.0 ], [ 1974.0, 2162.3 ], [ 1972.1, 2161.7 ], [ 1961.3, 2155.8 ], [ 1957.6, 2154.7 ], [ 1954.5, 2152.8 ], [ 1951.9, 2150.4 ], [ 1949.7, 2147.7 ] ] } },
{ "type": "Feature", "properties": { "name": "Cher", "scalerank": 11, "featurecla": "River", "source": "ne_10m_rivers_europe" }, "geometry": { "type": "LineString", "coordinates": [ [ 2161.6, 2374.4 ], [ 2161.3, 2372.6 ], [ 2162.5, 2369.9 ], [ 2164.7, 2366.6 ], [ 2166.4, 2362.1 ], [ 2166.4, 2356.5 ], [ 2165.9, 2351.0 ], [ 2166.4, 2346.7 ], [ 2167.8, 2343.5 ], [ 2169.7, 2340.7 ], [ 2172.1, 2338.3 ], [ 2174.9, 2336.1 ], [ 2177.9, 2334.8 ], [ 2183.1, 2334.4 ], [ 2185.0, 2334.0 ], [ 2188.2, 2331.4 ], [ 2193.4, 2326.3 ], [ 2198.2, 2320.3 ], [ 2200.0, 2315.9 ], [ 2200.4, 2311.8 ], [ 2202.2, 2301.9 ], [ 2202.7, 2294.7 ], [ 2203.9, 2290.1 ], [ 2204.9, 2284.0 ], [ 2205.2, 2281.8 ], [ 2205.7, 2281.5 ], [ 2205.9, 2280.8 ], [ 2205.9, 2280.1 ], [ 2205.9, 2279.4 ], [ 2205.8, 2278.7 ], [ 2205.5, 2277.8 ], [ 2204.9, 2276.8 ], [ 2203.6, 2274.7 ], [ 2203.0, 2273.6 ], [ 2202.9, 2272.5 ], [ 2203.1, 2271.5 ], [ 2204.1, 2270.0 ], [ 2204.3, 2269.4 ], [ 2204.1, 2268.6 ], [ 2203.0, 2266.8 ], [ 2202.8, 2265.9 ], [ 2202.9, 2265.1 ], [ 2203.4, 2264.5 ], [ 2202.4, 2262.7 ], [ 2201.4, 2260.6 ], [ 2195.6, 2254.7 ], [ 2194.5, 2252.6 ], [ 2194.2, 2251.4 ], [ 2191.4, 2250.0 ], [ 2189.9, 2248.7 ], [ 2188.6, 2246.6 ], [ 2186.6, 2241.1 ], [ 2185.0, 2239.3 ], [ 2183.0, 2237.7 ], [ 2181.0, 2235.3 ], [ 2179.3, 2232.0 ], [ 2178.0, 2227.9 ], [ 2177.3, 2224.2 ], [ 2177.0, 2220.0 ], [ 2175.0, 2216.0 ], [ 2172.8, 2208.5 ], [ 2170.3, 2201.3 ], [ 2169.2, 2194.4 ], [ 2167.6, 2190.2 ], [ 2166.2, 2181.7 ], [ 2165.0, 2178.6 ], [ 2161.0, 2173.8 ], [ 2158.2, 2172.0 ], [ 2152.0, 2170.9 ], [ 2149.5, 2170.0 ], [ 2141.3, 2163.3 ], [ 2129.4, 2158.1 ], [ 2126.3, 2157.6 ], [ 2123.2, 2158.1 ], [ 2117.5, 2160.1 ], [ 2116.0, 2159.6 ], [ 2114.1, 2158.4 ], [ 2110.5, 2157.4 ], [ 2106.4, 2157.0 ], [ 2099.2, 2157.7 ], [ 2093.9, 2157.2 ], [ 2087.8, 2154.7 ], [ 2075.4, 2145.2 ], [ 2068.5, 2143.1 ], [ 2057.8, 2143.1 ], [ 2053.8, 2142.8 ], [ 2035.4, 2136.9 ], [ 2029.4, 2133.4 ], [ 2026.4, 2132.2 ], [ 2016.1, 2130.8 ], [ 2006.3, 2130.5 ], [ 2004.1, 2131.0 ], [ 2000.8, 2132.5 ], [ 1994.2, 2132.7 ] ] } },
{ "type": "Feature", "properties": { "name": "Conie", "scalerank": 10, "featurecla": "River", "source": "ne_10m_rivers_europe" }, "geometry": { "type": "LineString", "coordinates": [ [ 2164.0, 2051.0 ], [ 2161.8, 2050.3 ], [ 2159.1, 2050.2 ], [ 2151.7, 2051.5 ], [ 2148.1, 2051.6 ], [ 2145.4, 2050.7 ], [ 2142.0, 2047.6 ], [ 2136.9, 2045.5 ], [ 2126.3, 2037.4 ], [ 2119.8, 2034.1 ], [ 2110.8, 2027.1 ], [ 2108.3, 2026.1 ], [ 2106.8, 2026.4 ], [ 2102.2, 2025.8 ], [ 2099.0, 2025.9 ], [ 2096.6, 2026.7 ], [ 2095.3, 2030.2 ], [ 2090.1, 2034.2 ], [ 2089.1, 2038.4 ], [ 2085.5, 2041.6 ], [ 2085.8, 2045.7 ], [ 2084.5, 2047.5 ], [ 2082.7, 2049.0 ], [ 2081.6, 2050.6 ], [ 2081.3, 2052.5 ], [ 2081.6, 2054.9 ], [ 2081.2, 2056.9 ], [ 2079.5, 2057.9 ], [ 2076.4, 2059.1 ], [ 2070.0, 2063.5 ], [ 2068.3, 2064.4 ], [ 2067.3, 2065.6 ], [ 2066.2, 2068.2 ], [ 2064.6, 2070.6 ], [ 2062.3, 2071.0 ], [ 2059.7, 2070.7 ], [ 2057.4, 2071.1 ], [ 2055.6, 2071.1 ], [ 2053.3, 2068.9 ], [ 2050.5, 2072.3 ], [ 2046.2, 2072.4 ], [ 2045.3, 2073.7 ], [ 2044.8, 2075.4 ], [ 2043.9, 2076.4 ], [ 2042.8, 2076.2 ], [ 2040.0, 2073.5 ], [ 2037.7, 2072.0 ], [ 2035.0, 2071.3 ], [ 2029.3, 2072.2 ], [ 2022.8, 2070.7 ], [ 2019.9, 2071.0 ], [ 2017.7, 2072.1 ], [ 2016.1, 2073.5 ], [ 2014.3, 2074.3 ], [ 2008.4, 2074.1 ], [ 2004.2, 2075.8 ], [ 2002.2, 2076.1 ], [ 2001.7, 2077.5 ], [ 2000.5, 2079.2 ], [ 1993.0, 2081.9 ], [ 1990.2, 2080.8 ], [ 1984.7, 2081.6 ], [ 1977.9, 2081.4 ], [ 1972.2, 2083.7 ], [ 1969.7, 2083.4 ], [ 1968.1, 2081.8 ], [ 1967.2, 2078.5 ], [ 1963.7, 2076.6 ], [ 1960.5, 2072.9 ], [ 1958.5, 2072.4 ], [ 1956.1, 2072.4 ], [ 1950.9, 2071.3 ], [ 1945.7, 2071.8 ], [ 1935.3, 2071.6 ], [ 1932.4, 2072.7 ], [ 1931.3, 2073.8 ], [ 1930.4, 2073.7 ], [ 1929.2, 2073.0 ], [ 1927.4, 2072.8 ], [ 1924.1, 2073.6 ], [ 1914.9, 2077.0 ], [ 1909.4, 2076.7 ], [ 1908.4, 2077.7 ], [ 1908.8, 2079.5 ], [ 1910.2, 2081.3 ], [ 1911.0, 2083.1 ], [ 1910.0, 2085.2 ], [ 1907.5, 2086.2 ], [ 1904.7, 2085.7 ], [ 1902.0, 2084.5 ], [ 1899.8, 2084.0 ], [ 1898.2, 2084.5 ], [ 1895.7, 2086.6 ], [ 1894.0, 2087.3 ], [ 1892.8, 2088.2 ], [ 1892.8, 2089.9 ], [ 1892.2, 2092.9 ], [ 1889.5, 2096.7 ], [ 1886.0, 2100.7 ], [ 1883.6, 2103.9 ], [ 1882.4, 2107.8 ] ] } },
{ "type": "Feature", "properties": { "name": "Vilaine", "scalerank": 10, "featurecla": "River", "source": "ne_10m_rivers_europe" }, "geometry": { "type": "LineString", "coordinates": [ [ 1860.9, 1977.5 ], [ 1859.4, 1977.7 ], [ 1857.3, 1978.5 ], [ 1854.4, 1980.2 ], [ 1851.9, 1982.2 ], [ 1851.0, 1984.0 ], [ 1850.7, 1985.3 ], [ 1849.7, 1986.3 ], [ 1847.8, 1986.7 ], [ 1841.0, 1987.1 ], [ 1831.1, 1989.5 ], [ 1828.5, 1989.2 ], [ 1826.4, 1988.6 ], [ 1823.1, 1988.6 ], [ 1818.1, 1988.0 ], [ 1806.5, 1983.7 ], [ 1802.0, 1982.8 ], [ 1798.8, 1981.2 ], [ 1795.0, 1982.8 ], [ 1789.3, 1983.3 ], [ 1783.1, 1984.7 ], [ 1779.1, 1987.8 ], [ 1777.1, 1991.7 ], [ 1775.9, 1994.9 ], [ 1775.6, 1997.2 ], [ 1776.2, 1998.9 ], [ 1777.0, 2000.6 ], [ 1777.5, 2002.7 ], [ 1777.2, 2005.3 ], [ 1775.0, 2010.4 ], [ 1774.6, 2013.6 ], [ 1772.6, 2015.6 ], [ 1772.2, 2018.9 ], [ 1771.5, 2021.0 ], [ 1769.7, 2023.0 ], [ 1767.1, 2024.7 ], [ 1764.6, 2028.1 ], [ 1763.1, 2034.2 ], [ 1759.4, 2040.1 ], [ 1758.3, 2043.7 ], [ 1751.3, 2045.1 ], [ 1749.0, 2046.2 ], [ 1745.4, 2045.5 ], [ 1742.2, 2045.5 ], [ 1741.4, 2045.6 ], [ 1740.9, 2045.8 ], [ 1739.2, 2046.9 ], [ 1735.7, 2048.1 ], [ 1734.5, 2050.6 ], [ 1734.6, 2051.1 ], [ 1734.8, 2052.1 ], [ 1734.6, 2052.5 ], [ 1734.3, 2053.1 ], [ 1734.2, 2053.7 ], [ 1734.2, 2054.4 ], [ 1733.9, 2055.0 ], [ 1733.4, 2055.7 ], [ 1731.0, 2056.1 ], [ 1727.3, 2055.5 ], [ 1723.3, 2054.4 ], [ 1720.3, 2054.4 ], [ 1713.5, 2055.2 ], [ 1711.6, 2056.6 ], [ 1710.4, 2058.4 ], [ 1709.8, 2061.2 ], [ 1708.6, 2062.5 ], [ 1706.3, 2064.9 ], [ 1703.0, 2065.1 ] ] } },
{ "type": "Feature", "properties": { "name": "Mayenne", "scalerank": 12, "featurecla": "River", "source": "ne_10m_rivers_europe" }, "geometry": { "type": "LineString", "coordinates": [ [ 1918.1, 1960.7 ], [ 1921.0, 1959.9 ], [ 1924.2, 1959.4 ], [ 1927.7, 1959.4 ], [ 1930.6, 1958.4 ], [ 1932.4, 1955.4 ], [ 1932.9, 1951.7 ], [ 1932.9, 1950.0 ], [ 1932.6, 1946.2 ], [ 1931.8, 1946.3 ], [ 1925.2, 1943.4 ], [ 1920.1, 1942.2 ], [ 1918.8, 1942.2 ], [ 1917.8, 1942.3 ], [ 1916.9, 1942.7 ], [ 1912.9, 1946.0 ], [ 1911.8, 1946.6 ], [ 1910.7, 1946.9 ], [ 1908.2, 1947.2 ], [ 1907.3, 1949.2 ], [ 1907.1, 1950.3 ], [ 1904.6, 1953.7 ], [ 1903.8, 1955.6 ], [ 1903.9, 1957.9 ], [ 1904.7, 1960.3 ], [ 1904.3, 1964.0 ], [ 1901.4, 1969.1 ], [ 1898.1, 1973.9 ], [ 1895.8, 1977.9 ], [ 1892.1, 1980.3 ], [ 1888.0, 1985.0 ], [ 1886.2, 1986.6 ], [ 1884.9, 1988.5 ], [ 1883.2, 1994.4 ], [ 1879.9, 1998.5 ], [ 1879.8, 1999.9 ], [ 1880.3, 2001.9 ], [ 1880.8, 2008.7 ], [ 1881.8, 2012.9 ], [ 1882.3, 2020.1 ], [ 1883.0, 2024.8 ], [ 1882.0, 2027.7 ], [ 1882.9, 2029.3 ], [ 1883.7, 2031.9 ], [ 1882.7, 2040.5 ], [ 1883.2, 2044.8 ], [ 1883.9, 2048.1 ], [ 1883.5, 2051.5 ], [ 1884.6, 2053.3 ], [ 1884.8, 2056.5 ], [ 1882.5, 2061.3 ], [ 1879.6, 2066.6 ], [ 1878.3, 2070.8 ], [ 1878.6, 2074.1 ], [ 1879.3, 2077.0 ], [ 1880.9, 2079.5 ], [ 1884.9, 2083.4 ], [ 1885.5, 2086.7 ], [ 1888.3, 2089.1 ], [ 1889.8, 2091.7 ], [ 1890.6, 2095.2 ] ] } },
{ "type": "Feature", "properties": { "name": "Sarthe", "scalerank": 11, "featurecla": "River", "source": "ne_10m_rivers_europe" }, "geometry": { "type": "LineString", "coordinates": [ [ 2021.0, 1934.0 ], [ 2019.1, 1934.5 ], [ 2017.1, 1935.4 ], [ 2015.0, 1936.9 ], [ 2013.4, 1939.6 ], [ 2012.3, 1946.9 ], [ 2010.7, 1949.9 ], [ 2008.4, 1951.6 ], [ 2003.3, 1953.2 ], [ 1998.7, 1956.4 ], [ 1997.2, 1958.1 ], [ 1995.8, 1957.8 ], [ 1986.6, 1958.8 ], [ 1984.7, 1959.9 ], [ 1983.6, 1960.3 ], [ 1982.2, 1960.5 ], [ 1981.1, 1961.2 ], [ 1979.4, 1961.3 ], [ 1976.5, 1961.7 ], [ 1970.4, 1961.0 ], [ 1966.1, 1964.3 ], [ 1959.4, 1966.4 ], [ 1957.4, 1967.8 ], [ 1956.8, 1969.8 ], [ 1956.7, 1972.5 ], [ 1957.7, 1975.8 ], [ 1959.7, 1979.3 ], [ 1962.0, 1981.9 ], [ 1965.0, 1983.4 ], [ 1967.7, 1986.2 ], [ 1970.8, 1986.4 ], [ 1972.6, 1986.9 ], [ 1974.1, 1988.3 ], [ 1974.9, 1990.4 ], [ 1974.9, 1992.5 ], [ 1973.7, 1996.1 ], [ 1973.7, 1998.2 ], [ 1974.8, 2000.8 ], [ 1978.7, 2006.6 ], [ 1979.0, 2009.2 ], [ 1978.9, 2011.3 ], [ 1980.1, 2014.1 ], [ 1979.0, 2016.8 ], [ 1979.4, 2019.1 ], [ 1977.5, 2021.6 ], [ 1977.5, 2026.2 ], [ 1974.7, 2031.7 ], [ 1974.5, 2037.8 ], [ 1973.4, 2039.3 ], [ 1971.4, 2040.6 ], [ 1967.1, 2045.0 ], [ 1965.3, 2046.0 ], [ 1964.1, 2045.7 ], [ 1962.4, 2043.4 ], [ 1959.4, 2043.0 ], [ 1957.4, 2040.7 ], [ 1955.7, 2039.8 ], [ 1953.6, 2040.0 ], [ 1949.9, 2042.5 ], [ 1946.3, 2043.5 ], [ 1943.5, 2046.8 ], [ 1941.2, 2047.2 ], [ 1935.0, 2047.2 ], [ 1934.0, 2044.7 ], [ 1930.5, 2044.7 ], [ 1927.9, 2044.1 ], [ 1925.0, 2044.0 ], [ 1922.2, 2045.3 ], [ 1919.4, 2046.9 ], [ 1916.7, 2047.7 ], [ 1914.8, 2049.0 ], [ 1913.6, 2054.8 ], [ 1911.8, 2056.2 ], [ 1909.5, 2057.2 ], [ 1907.6, 2059.0 ], [ 1906.5, 2061.3 ], [ 1906.2, 2063.8 ], [ 1905.5, 2065.8 ], [ 1903.8, 2066.9 ], [ 1901.4, 2069.1 ], [ 1899.2, 2073.4 ], [ 1898.0, 2077.7 ], [ 1897.6, 2081.3 ], [ 1896.3, 2083.2 ], [ 1894.0, 2087.3 ] ] } },
{ "type": "Feature", "properties": { "name": "Sava", "scalerank": 10, "featurecla": "River", "source": "ne_10m_rivers_europe" }, "geometry": { "type": "LineString", "coordinates": [ [ 3433.7, 2330.0 ], [ 3430.7, 2329.0 ], [ 3428.2, 2328.0 ], [ 3425.0, 2326.9 ], [ 3422.1, 2325.6 ], [ 3419.1, 2324.8 ], [ 3416.5, 2323.5 ], [ 3413.5, 2323.1 ], [ 3410.4, 2322.4 ], [ 3407.6, 2321.2 ], [ 3404.4, 2321.5 ], [ 3401.0, 2320.1 ], [ 3395.5, 2320.1 ], [ 3392.1, 2319.7 ] ] } },
{ "type": "Feature", "properties": { "name": "Drau", "scalerank": 7, "featurecla": "River", "source": "ne_10m_rivers_lake_centerlines" }, "geometry": { "type": "LineString", "coordinates": [ [ 3728.9, 2323.3 ], [ 3726.5, 2323.2 ], [ 3716.9, 2323.3 ], [ 3712.2, 2325.2 ], [ 3699.8, 2325.7 ], [ 3698.7, 2325.4 ], [ 3697.7, 2325.7 ], [ 3690.5, 2328.7 ], [ 3687.0, 2329.0 ], [ 3673.7, 2327.3 ], [ 3673.4, 2327.2 ], [ 3673.1, 2326.9 ], [ 3672.6, 2326.4 ], [ 3672.0, 2325.2 ], [ 3671.7, 2324.5 ], [ 3671.5, 2323.8 ], [ 3671.4, 2323.3 ], [ 3671.3, 2323.0 ], [ 3671.1, 2322.6 ], [ 3669.8, 2321.1 ], [ 3669.2, 2320.6 ], [ 3668.5, 2320.2 ], [ 3666.3, 2320.1 ], [ 3664.5, 2319.1 ], [ 3664.2, 2319.0 ], [ 3662.8, 2318.1 ], [ 3661.0, 2317.4 ], [ 3654.8, 2317.8 ], [ 3649.5, 2315.8 ], [ 3647.7, 2316.6 ], [ 3646.3, 2318.0 ], [ 3644.9, 2318.8 ], [ 3643.4, 2318.7 ], [ 3641.9, 2318.0 ], [ 3639.3, 2318.1 ], [ 3630.9, 2321.8 ], [ 3628.2, 2321.4 ], [ 3625.7, 2319.1 ], [ 3617.8, 2313.5 ], [ 3615.2, 2311.2 ], [ 3611.9, 2308.2 ], [ 3605.6, 2305.4 ], [ 3603.7, 2303.9 ], [ 3602.7, 2301.8 ], [ 3601.9, 2299.0 ], [ 3600.4, 2296.8 ], [ 3597.6, 2295.8 ], [ 3589.9, 2294.7 ], [ 3586.3, 2295.2 ], [ 3582.6, 2296.6 ], [ 3577.4, 2299.7 ], [ 3575.5, 2300.0 ], [ 3574.2, 2298.7 ], [ 3572.6, 2294.6 ], [ 3571.7, 2294.7 ], [ 3570.5, 2295.3 ], [ 3567.5, 2293.8 ], [ 3565.0, 2293.1 ], [ 3561.7, 2292.9 ], [ 3554.6, 2293.5 ], [ 3551.6, 2293.3 ], [ 3549.2, 2292.6 ], [ 3547.0, 2291.5 ], [ 3544.9, 2291.2 ], [ 3541.1, 2293.3 ], [ 3539.1, 2293.1 ], [ 3537.0, 2292.5 ], [ 3534.7, 2292.4 ], [ 3532.3, 2293.1 ], [ 3527.4, 2295.3 ], [ 3525.3, 2295.1 ], [ 3523.5, 2293.6 ], [ 3520.6, 2289.6 ], [ 3518.4, 2287.7 ], [ 3516.2, 2286.7 ], [ 3512.8, 2286.7 ], [ 3509.5, 2285.3 ], [ 3508.4, 2286.0 ], [ 3507.0, 2287.6 ], [ 3504.8, 2289.0 ], [ 3502.3, 2289.9 ], [ 3497.0, 2290.1 ], [ 3489.6, 2291.0 ], [ 3487.6, 2290.0 ], [ 3485.5, 2289.6 ], [ 3481.7, 2291.1 ], [ 3477.4, 2293.9 ], [ 3474.2, 2296.9 ], [ 3472.5, 2299.5 ], [ 3471.6, 2301.4 ], [ 3469.2, 2302.9 ], [ 3463.8, 2304.8 ], [ 3457.5, 2306.2 ], [ 3445.5, 2307.0 ], [ 3442.1, 2307.7 ], [ 3437.7, 2309.2 ], [ 3434.2, 2309.5 ], [ 3429.9, 2308.2 ], [ 3421.8, 2302.4 ], [ 3418.2, 2301.4 ], [ 3415.3, 2301.1 ], [ 3410.8, 2299.3 ], [ 3407.5, 2299.3 ], [ 3403.7, 2298.7 ], [ 3400.1, 2296.7 ], [ 3396.2, 2293.9 ], [ 3387.1, 2289.4 ], [ 3384.1, 2287.0 ], [ 3381.8, 2284.6 ], [ 3379.1, 2282.4 ], [ 3376.4, 2280.8 ], [ 3372.4, 2279.1 ], [ 3368.9, 2276.4 ], [ 3362.0, 2273.2 ], [ 3357.5, 2269.9 ], [ 3353.5, 2268.7 ], [ 3350.1, 2268.9 ], [ 3349.0, 2270.5 ], [ 3349.0, 2273.3 ], [ 3348.3, 2276.1 ], [ 3345.6, 2278.4 ], [ 3340.6, 2280.1 ], [ 3335.5, 2281.2 ], [ 3330.0, 2283.2 ], [ 3326.4, 2283.9 ], [ 3320.9, 2284.1 ], [ 3314.2, 2283.8 ], [ 3306.8, 2281.8 ], [ 3300.1, 2278.1 ], [ 3293.9, 2274.1 ], [ 3286.8, 2270.9 ], [ 3285.1, 2275.0 ], [ 3278.6, 2279.6 ], [ 3273.1, 2280.5 ], [ 3270.2, 2281.6 ], [ 3265.4, 2283.0 ], [ 3260.5, 2284.8 ], [ 3256.0, 2286.3 ], [ 3252.5, 2286.0 ], [ 3247.1, 2286.8 ], [ 3240.2, 2288.7 ], [ 3236.6, 2289.0 ] ] } },
{ "type": "Feature", "properties": { "name": "Mur", "scalerank": 6, "featurecla": "River", "source": "ne_10m_rivers_lake_centerlines" }, "geometry": { "type": "LineString", "coordinates": [ [ 3361.6, 2217.6 ], [ 3367.7, 2221.3 ], [ 3371.4, 2224.2 ], [ 3374.5, 2225.8 ], [ 3378.9, 2226.4 ], [ 3383.8, 2225.5 ], [ 3387.8, 2223.2 ], [ 3391.2, 2221.4 ], [ 3393.5, 2220.9 ], [ 3394.7, 2222.2 ], [ 3395.3, 2224.6 ], [ 3396.2, 2227.1 ], [ 3397.4, 2227.5 ], [ 3403.1, 2228.3 ], [ 3405.0, 2228.2 ], [ 3411.6, 2225.1 ], [ 3413.8, 2224.6 ], [ 3415.3, 2223.8 ], [ 3416.6, 2222.1 ], [ 3418.2, 2220.6 ], [ 3420.5, 2220.0 ], [ 3421.6, 2220.3 ], [ 3423.9, 2221.5 ], [ 3425.0, 2221.9 ], [ 3429.6, 2220.6 ], [ 3436.3, 2220.3 ], [ 3437.8, 2219.9 ], [ 3443.4, 2216.8 ], [ 3453.3, 2215.1 ], [ 3454.3, 2214.7 ], [ 3456.9, 2212.7 ], [ 3460.8, 2206.3 ], [ 3463.3, 2203.9 ], [ 3472.1, 2201.2 ], [ 3475.4, 2201.4 ], [ 3481.6, 2204.9 ], [ 3484.8, 2204.4 ], [ 3486.3, 2203.6 ], [ 3487.7, 2203.0 ], [ 3489.2, 2202.7 ], [ 3497.1, 2203.3 ], [ 3500.1, 2202.7 ], [ 3502.6, 2200.5 ], [ 3503.0, 2198.7 ], [ 3502.8, 2196.3 ], [ 3502.9, 2194.1 ], [ 3503.9, 2193.1 ], [ 3505.5, 2192.7 ], [ 3507.2, 2191.7 ], [ 3508.6, 2190.4 ], [ 3509.1, 2188.9 ], [ 3509.1, 2187.8 ], [ 3509.5, 2187.2 ], [ 3509.9, 2186.8 ], [ 3515.2, 2180.0 ], [ 3516.6, 2178.8 ], [ 3518.2, 2178.2 ], [ 3521.1, 2178.1 ], [ 3522.1, 2177.8 ], [ 3523.5, 2176.9 ], [ 3525.3, 2175.3 ], [ 3528.1, 2171.5 ], [ 3529.8, 2169.9 ], [ 3531.7, 2169.0 ], [ 3539.5, 2167.8 ], [ 3541.9, 2168.4 ], [ 3543.5, 2168.5 ], [ 3544.3, 2168.2 ], [ 3545.0, 2167.7 ], [ 3545.7, 2167.3 ], [ 3546.7, 2167.3 ], [ 3546.9, 2167.8 ], [ 3547.1, 2168.9 ], [ 3547.6, 2169.9 ], [ 3548.7, 2170.3 ], [ 3549.5, 2170.9 ], [ 3554.0, 2176.7 ], [ 3556.6, 2180.9 ], [ 3555.8, 2182.8 ], [ 3552.9, 2184.6 ], [ 3550.9, 2186.3 ], [ 3553.2, 2188.1 ], [ 3552.3, 2188.5 ], [ 3551.7, 2189.2 ], [ 3551.3, 2190.2 ], [ 3551.2, 2191.4 ], [ 3551.9, 2193.3 ], [ 3553.0, 2194.1 ], [ 3554.0, 2194.7 ], [ 3554.5, 2195.9 ], [ 3554.7, 2197.5 ], [ 3555.2, 2199.6 ], [ 3555.4, 2201.2 ], [ 3555.2, 2202.2 ], [ 3554.0, 2204.5 ], [ 3553.7, 2206.0 ], [ 3555.4, 2210.4 ], [ 3563.7, 2214.6 ], [ 3566.8, 2217.8 ], [ 3567.1, 2219.0 ], [ 3567.5, 2222.4 ], [ 3568.0, 2224.1 ], [ 3570.0, 2226.6 ], [ 3571.1, 2230.0 ], [ 3573.7, 2233.8 ], [ 3574.8, 2236.4 ], [ 3575.0, 2239.2 ], [ 3575.0, 2242.4 ], [ 3575.5, 2244.9 ], [ 3577.2, 2245.8 ], [ 3578.6, 2247.0 ], [ 3583.4, 2254.8 ], [ 3585.0, 2258.4 ], [ 3585.0, 2261.0 ], [ 3584.5, 2263.5 ], [ 3584.9, 2266.4 ], [ 3586.3, 2268.8 ], [ 3588.4, 2270.6 ], [ 3593.4, 2273.2 ], [ 3601.6, 2273.8 ], [ 3604.5, 2273.4 ], [ 3611.4, 2269.9 ], [ 3614.4, 2269.4 ], [ 3617.4, 2269.8 ], [ 3624.8, 2272.8 ], [ 3629.2, 2273.3 ], [ 3630.4, 2274.0 ], [ 3632.6, 2276.3 ], [ 3633.9, 2277.1 ], [ 3635.4, 2277.4 ], [ 3638.3, 2280.0 ], [ 3644.3, 2283.4 ], [ 3653.5, 2286.8 ], [ 3655.0, 2287.9 ], [ 3659.4, 2293.2 ], [ 3661.0, 2294.3 ], [ 3661.3, 2293.8 ], [ 3661.6, 2293.5 ], [ 3662.3, 2293.0 ], [ 3663.6, 2294.9 ], [ 3665.6, 2295.2 ], [ 3667.6, 2294.4 ], [ 3668.9, 2292.5 ], [ 3669.8, 2293.6 ], [ 3670.4, 2292.3 ], [ 3671.7, 2293.2 ], [ 3673.1, 2293.3 ], [ 3674.4, 2293.1 ], [ 3675.6, 2293.1 ], [ 3676.6, 2293.6 ], [ 3678.6, 2295.3 ], [ 3679.5, 2295.9 ], [ 3680.4, 2295.9 ], [ 3682.7, 2295.4 ], [ 3683.9, 2295.5 ], [ 3685.0, 2296.0 ], [ 3688.4, 2298.3 ], [ 3687.8, 2298.3 ], [ 3693.2, 2300.8 ], [ 3694.7, 2302.1 ], [ 3695.4, 2302.0 ], [ 3695.8, 2300.6 ], [ 3696.4, 2300.0 ], [ 3697.2, 2300.1 ], [ 3698.2, 2300.6 ], [ 3701.1, 2300.9 ], [ 3703.5, 2302.3 ], [ 3705.7, 2304.5 ], [ 3707.6, 2307.3 ], [ 3709.9, 2309.7 ], [ 3713.3, 2311.4 ], [ 3714.8, 2314.0 ], [ 3715.6, 2313.9 ], [ 3716.2, 2311.7 ], [ 3717.0, 2312.1 ], [ 3719.9, 2312.5 ], [ 3720.4, 2312.7 ], [ 3720.9, 2313.0 ], [ 3721.4, 2313.4 ], [ 3721.9, 2313.9 ], [ 3722.7, 2314.5 ], [ 3722.9, 2314.0 ], [ 3723.1, 2313.3 ], [ 3723.6, 2313.2 ], [ 3725.1, 2314.4 ], [ 3726.9, 2316.4 ], [ 3728.2, 2318.8 ], [ 3728.0, 2321.3 ], [ 3728.9, 2323.3 ], [ 3730.4, 2326.5 ], [ 3731.2, 2327.3 ], [ 3732.0, 2327.9 ], [ 3736.4, 2332.3 ], [ 3739.5, 2336.9 ], [ 3740.6, 2338.2 ], [ 3746.8, 2342.3 ], [ 3747.7, 2343.4 ], [ 3748.4, 2345.0 ], [ 3749.8, 2346.2 ], [ 3755.3, 2349.6 ], [ 3757.0, 2350.2 ], [ 3765.7, 2349.7 ], [ 3767.0, 2350.3 ], [ 3771.8, 2355.5 ], [ 3772.5, 2356.8 ], [ 3774.3, 2361.6 ], [ 3774.7, 2363.2 ], [ 3775.7, 2365.7 ], [ 3777.4, 2366.1 ], [ 3779.2, 2366.2 ], [ 3780.3, 2367.4 ], [ 3779.5, 2367.7 ], [ 3778.2, 2368.4 ], [ 3777.5, 2368.7 ], [ 3777.6, 2369.7 ], [ 3779.3, 2370.1 ], [ 3780.6, 2371.1 ], [ 3781.8, 2371.3 ], [ 3782.8, 2369.2 ], [ 3783.6, 2371.8 ], [ 3783.6, 2373.2 ], [ 3784.0, 2373.6 ], [ 3786.1, 2373.2 ], [ 3788.6, 2372.0 ], [ 3789.7, 2372.4 ], [ 3790.7, 2374.8 ], [ 3791.2, 2374.3 ], [ 3791.6, 2373.8 ], [ 3791.8, 2373.2 ], [ 3792.7, 2372.6 ], [ 3801.9, 2372.1 ], [ 3806.5, 2372.5 ], [ 3810.7, 2373.9 ], [ 3816.3, 2378.8 ], [ 3817.2, 2380.1 ], [ 3817.4, 2381.4 ], [ 3818.2, 2383.6 ], [ 3818.5, 2385.4 ], [ 3819.1, 2387.2 ], [ 3820.0, 2387.7 ], [ 3822.4, 2387.6 ], [ 3835.9, 2390.2 ], [ 3839.3, 2392.2 ], [ 3841.8, 2395.6 ], [ 3841.9, 2396.2 ], [ 3843.1, 2395.8 ], [ 3843.6, 2394.6 ], [ 3844.0, 2393.4 ], [ 3845.0, 2392.7 ], [ 3854.2, 2391.7 ], [ 3865.8, 2393.7 ], [ 3867.1, 2393.5 ], [ 3868.2, 2392.9 ], [ 3869.9, 2391.4 ], [ 3870.8, 2391.0 ], [ 3879.7, 2390.0 ], [ 3881.7, 2390.4 ], [ 3885.3, 2392.5 ], [ 3887.7, 2392.3 ], [ 3889.1, 2394.9 ], [ 3890.8, 2396.5 ], [ 3892.9, 2397.4 ], [ 3895.7, 2397.8 ], [ 3897.6, 2397.5 ], [ 3898.5, 2397.8 ], [ 3899.6, 2399.5 ], [ 3900.6, 2400.4 ], [ 3902.4, 2401.1 ], [ 3904.0, 2401.1 ], [ 3906.6, 2400.8 ], [ 3910.4, 2401.0 ], [ 3911.7, 2402.1 ], [ 3911.5, 2404.5 ], [ 3913.4, 2404.3 ], [ 3914.6, 2405.2 ], [ 3915.7, 2406.6 ], [ 3917.1, 2408.1 ], [ 3918.6, 2408.6 ], [ 3921.8, 2408.8 ], [ 3923.3, 2409.6 ], [ 3924.5, 2411.0 ], [ 3926.3, 2414.0 ], [ 3927.7, 2415.4 ], [ 3929.3, 2416.2 ], [ 3944.1, 2418.4 ], [ 3960.8, 2416.8 ] ] } },
{ "type": "Feature", "properties": { "name": "Zala", "scalerank": 10, "featurecla": "River", "source": "ne_10m_rivers_europe" }, "geometry": { "type": "LineString", "coordinates": [ [ 3843.1, 2217.9 ], [ 3843.5, 2218.1 ] ] } },
{ "type": "Feature", "properties": { "name": "Zala", "scalerank": 10, "featurecla": "River", "source": "ne_10m_rivers_europe" }, "geometry": { "type": "LineString", "coordinates": [ [ 3665.6, 2241.7 ], [ 3667.2, 2243.3 ], [ 3668.9, 2244.4 ], [ 3672.8, 2245.0 ], [ 3675.0, 2245.7 ], [ 3677.8, 2246.0 ], [ 3693.1, 2242.5 ], [ 3699.1, 2240.1 ], [ 3705.7, 2238.3 ], [ 3711.6, 2238.5 ], [ 3716.0, 2239.4 ], [ 3718.9, 2239.5 ], [ 3720.7, 2238.2 ], [ 3723.9, 2234.4 ], [ 3725.3, 2234.0 ], [ 3727.6, 2232.0 ], [ 3734.9, 2220.6 ], [ 3737.6, 2218.5 ], [ 3739.3, 2220.2 ], [ 3743.8, 2233.6 ], [ 3746.2, 2241.4 ], [ 3751.0, 2262.3 ], [ 3753.3, 2267.5 ], [ 3755.3, 2268.7 ], [ 3756.8, 2268.8 ], [ 3758.5, 2267.2 ], [ 3760.7, 2264.2 ], [ 3763.7, 2257.3 ] ] } },
{ "type": "Feature", "properties": { "name": "Zala", "scalerank": 10, "featurecla": "Lake Centerline", "source": "ne_10m_rivers_europe" }, "geometry": { "type": "LineString", "coordinates": [ [ 3763.7, 2257.3 ], [ 3766.2, 2253.8 ], [ 3781.6, 2251.1 ], [ 3791.5, 2245.8 ], [ 3806.4, 2236.0 ], [ 3820.2, 2229.2 ], [ 3829.4, 2222.8 ], [ 3834.7, 2217.6 ], [ 3839.7, 2216.2 ], [ 3843.1, 2217.9 ] ] } },
{ "type": "Feature", "properties": { "name": "Raab", "scalerank": 10, "featurecla": "River", "source": "ne_10m_rivers_europe" }, "geometry": { "type": "LineString", "coordinates": [ [ 3600.0, 2145.7 ], [ 3597.3, 2146.7 ], [ 3594.2, 2149.6 ], [ 3591.5, 2153.5 ], [ 3590.0, 2156.8 ], [ 3589.7, 2159.5 ], [ 3590.3, 2164.2 ], [ 3590.2, 2169.8 ], [ 3590.9, 2173.2 ], [ 3590.8, 2177.1 ], [ 3591.2, 2181.7 ], [ 3592.7, 2185.6 ], [ 3595.6, 2188.1 ], [ 3599.1, 2189.2 ], [ 3603.2, 2191.2 ], [ 3607.5, 2196.0 ], [ 3612.1, 2201.7 ], [ 3623.7, 2211.7 ], [ 3626.2, 2213.4 ], [ 3629.3, 2214.0 ], [ 3632.5, 2214.3 ], [ 3635.5, 2215.1 ], [ 3638.6, 2217.2 ], [ 3645.1, 2223.2 ], [ 3648.0, 2224.3 ], [ 3650.0, 2224.5 ], [ 3651.3, 2225.2 ], [ 3654.1, 2225.8 ], [ 3665.5, 2226.2 ], [ 3668.6, 2227.2 ], [ 3670.7, 2228.3 ], [ 3673.9, 2228.9 ], [ 3677.3, 2228.4 ], [ 3679.8, 2226.5 ], [ 3682.6, 2223.7 ], [ 3686.6, 2220.7 ], [ 3695.8, 2215.2 ], [ 3697.8, 2211.8 ], [ 3699.6, 2210.0 ], [ 3702.5, 2208.1 ], [ 3709.5, 2204.5 ], [ 3712.0, 2202.7 ], [ 3713.4, 2201.0 ], [ 3714.7, 2197.1 ], [ 3717.2, 2191.7 ], [ 3719.5, 2184.0 ], [ 3724.5, 2176.4 ], [ 3725.0, 2174.5 ], [ 3724.8, 2170.8 ], [ 3725.5, 2167.8 ], [ 3727.3, 2163.5 ], [ 3730.1, 2158.0 ], [ 3733.4, 2153.3 ], [ 3736.4, 2150.6 ], [ 3738.7, 2149.4 ], [ 3742.0, 2146.6 ], [ 3744.2, 2145.6 ], [ 3747.7, 2145.2 ], [ 3757.3, 2145.5 ], [ 3761.0, 2144.9 ], [ 3763.2, 2143.8 ], [ 3764.6, 2142.6 ], [ 3765.3, 2139.6 ], [ 3766.1, 2128.5 ], [ 3766.7, 2124.9 ], [ 3768.0, 2122.4 ], [ 3770.1, 2119.1 ], [ 3773.0, 2115.8 ], [ 3776.2, 2113.2 ], [ 3782.0, 2110.0 ], [ 3784.1, 2108.4 ], [ 3790.1, 2099.5 ], [ 3793.4, 2096.8 ], [ 3798.2, 2094.7 ], [ 3807.3, 2092.3 ] ] } },
{ "type": "Feature", "properties": { "name": null, "scalerank": 12, "featurecla": "River", "source": "ne_10m_rivers_europe" }, "geometry": { "type": "LineString", "coordinates": [ [ 3646.1, 2132.6 ], [ 3649.4, 2133.7 ], [ 3651.8, 2135.0 ], [ 3652.7, 2136.3 ], [ 3653.1, 2137.6 ], [ 3655.6, 2141.1 ], [ 3658.0, 2147.2 ], [ 3659.4, 2149.7 ], [ 3660.9, 2151.2 ], [ 3662.5, 2151.9 ], [ 3664.2, 2151.6 ], [ 3666.1, 2150.7 ], [ 3667.8, 2149.3 ], [ 3669.8, 2146.4 ], [ 3671.1, 2146.1 ], [ 3672.5, 2146.9 ], [ 3675.2, 2150.3 ], [ 3677.1, 2152.1 ], [ 3679.5, 2153.1 ], [ 3682.1, 2153.2 ], [ 3684.3, 2152.0 ], [ 3687.2, 2148.3 ], [ 3689.1, 2147.6 ], [ 3691.1, 2148.5 ], [ 3692.7, 2150.4 ], [ 3696.4, 2156.1 ], [ 3698.8, 2158.7 ], [ 3701.2, 2160.6 ], [ 3704.4, 2161.5 ], [ 3708.5, 2161.7 ], [ 3713.0, 2160.8 ], [ 3716.8, 2158.8 ], [ 3719.5, 2156.1 ], [ 3722.5, 2151.9 ], [ 3726.6, 2148.9 ], [ 3729.0, 2146.6 ], [ 3730.2, 2143.4 ], [ 3729.8, 2139.7 ], [ 3728.7, 2136.0 ], [ 3728.2, 2133.1 ], [ 3726.6, 2129.1 ], [ 3720.1, 2117.4 ], [ 3719.5, 2114.0 ], [ 3721.5, 2112.4 ], [ 3724.4, 2110.7 ], [ 3728.4, 2109.4 ], [ 3738.0, 2108.1 ], [ 3741.9, 2106.3 ], [ 3748.7, 2102.1 ], [ 3752.3, 2101.2 ], [ 3756.0, 2101.4 ], [ 3759.3, 2102.2 ], [ 3764.7, 2102.8 ], [ 3773.2, 2105.1 ], [ 3776.9, 2105.3 ], [ 3779.4, 2104.2 ], [ 3780.9, 2102.5 ], [ 3784.2, 2099.1 ], [ 3784.2, 2099.0 ] ] } },
{ "type": "Feature", "properties": { "name": "Enns", "scalerank": 11, "featurecla": "River", "source": "ne_10m_rivers_europe" }, "geometry": { "type": "LineString", "coordinates": [ [ 3349.9, 2194.6 ], [ 3349.4, 2188.8 ], [ 3350.3, 2184.2 ], [ 3352.6, 2182.7 ], [ 3356.5, 2182.4 ], [ 3365.6, 2179.8 ], [ 3368.5, 2179.8 ], [ 3371.0, 2180.5 ], [ 3374.3, 2180.5 ], [ 3377.8, 2179.7 ], [ 3384.6, 2177.2 ], [ 3393.1, 2174.5 ], [ 3398.1, 2173.7 ], [ 3403.0, 2172.1 ], [ 3407.6, 2169.3 ], [ 3411.4, 2166.1 ], [ 3416.2, 2161.4 ], [ 3420.4, 2158.9 ], [ 3427.2, 2154.0 ], [ 3431.1, 2152.2 ], [ 3434.9, 2151.3 ], [ 3441.3, 2150.5 ], [ 3445.0, 2148.4 ], [ 3447.8, 2147.2 ], [ 3450.8, 2146.5 ], [ 3455.9, 2146.6 ], [ 3464.1, 2144.6 ], [ 3469.4, 2145.1 ], [ 3474.4, 2144.8 ], [ 3479.9, 2143.8 ], [ 3483.8, 2142.8 ], [ 3486.4, 2140.9 ], [ 3488.3, 2138.0 ], [ 3488.7, 2134.9 ], [ 3487.4, 2132.8 ], [ 3484.9, 2130.6 ], [ 3480.2, 2124.8 ], [ 3477.8, 2123.9 ], [ 3477.0, 2122.4 ], [ 3476.6, 2119.8 ], [ 3476.9, 2114.9 ], [ 3475.9, 2111.3 ], [ 3475.5, 2107.8 ], [ 3474.7, 2104.1 ], [ 3473.0, 2101.3 ], [ 3470.4, 2099.9 ], [ 3464.3, 2098.8 ], [ 3460.7, 2097.6 ], [ 3458.7, 2097.6 ], [ 3456.6, 2097.2 ], [ 3452.1, 2093.6 ], [ 3448.6, 2092.5 ], [ 3445.7, 2091.0 ], [ 3444.5, 2088.3 ], [ 3445.3, 2085.3 ], [ 3449.2, 2080.5 ], [ 3450.7, 2077.0 ], [ 3451.4, 2074.3 ], [ 3451.5, 2073.6 ], [ 3452.3, 2073.3 ], [ 3452.7, 2073.0 ], [ 3453.2, 2072.4 ], [ 3454.5, 2069.7 ], [ 3454.6, 2069.1 ], [ 3454.5, 2068.4 ], [ 3454.6, 2067.9 ], [ 3454.7, 2067.6 ], [ 3455.8, 2066.2 ], [ 3456.3, 2065.2 ], [ 3456.3, 2064.6 ], [ 3456.1, 2064.2 ], [ 3455.8, 2063.8 ], [ 3455.6, 2063.2 ], [ 3454.9, 2058.8 ], [ 3455.0, 2057.9 ], [ 3455.5, 2056.6 ], [ 3455.7, 2055.3 ], [ 3455.9, 2049.1 ], [ 3456.0, 2048.1 ], [ 3456.2, 2047.8 ], [ 3456.4, 2047.4 ], [ 3456.6, 2047.1 ], [ 3457.3, 2046.4 ], [ 3458.0, 2046.0 ], [ 3459.3, 2044.8 ] ] } },
{ "type": "Feature", "properties": { "name": "Traun", "scalerank": 10, "featurecla": "Lake Centerline", "source": "ne_10m_rivers_europe" }, "geometry": { "type": "LineString", "coordinates": [ [ 3387.0, 2112.6 ], [ 3388.0, 2110.0 ], [ 3388.0, 2106.8 ], [ 3387.4, 2100.9 ], [ 3387.6, 2098.7 ] ] } },
{ "type": "Feature", "properties": { "name": "Traun", "scalerank": 10, "featurecla": "River", "source": "ne_10m_rivers_europe" }, "geometry": { "type": "LineString", "coordinates": [ [ 3409.8, 2134.3 ], [ 3406.1, 2137.9 ], [ 3401.4, 2140.2 ], [ 3395.8, 2142.2 ], [ 3389.7, 2144.8 ], [ 3382.1, 2148.8 ], [ 3381.3, 2150.2 ], [ 3381.1, 2152.0 ], [ 3380.6, 2153.6 ], [ 3378.9, 2154.5 ], [ 3377.0, 2153.9 ], [ 3376.0, 2152.0 ], [ 3375.1, 2149.3 ], [ 3371.6, 2144.4 ], [ 3370.2, 2141.2 ], [ 3369.8, 2138.3 ], [ 3370.4, 2135.0 ], [ 3370.1, 2133.5 ], [ 3370.7, 2131.4 ], [ 3373.1, 2128.6 ], [ 3376.3, 2125.4 ], [ 3381.5, 2119.2 ], [ 3384.4, 2116.2 ], [ 3386.8, 2113.2 ], [ 3387.0, 2112.6 ] ] } },
{ "type": "Feature", "properties": { "name": "Traun", "scalerank": 10, "featurecla": "River", "source": "ne_10m_rivers_europe" }, "geometry": { "type": "LineString", "coordinates": [ [ 3387.6, 2098.7 ], [ 3388.3, 2093.8 ], [ 3388.4, 2090.7 ], [ 3388.1, 2088.0 ], [ 3387.3, 2085.6 ], [ 3387.3, 2083.2 ], [ 3388.6, 2080.4 ], [ 3390.5, 2077.4 ], [ 3391.7, 2074.4 ], [ 3393.0, 2072.4 ], [ 3397.5, 2071.0 ], [ 3400.3, 2069.1 ], [ 3402.5, 2066.8 ], [ 3403.6, 2065.1 ], [ 3405.4, 2063.2 ], [ 3409.5, 2060.6 ], [ 3415.2, 2057.3 ], [ 3422.6, 2054.0 ], [ 3429.9, 2050.2 ], [ 3437.1, 2045.6 ], [ 3444.0, 2040.2 ] ] } },
{ "type": "Feature", "properties": { "name": "Rhein", "scalerank": 4, "featurecla": "River", "source": "ne_10m_rivers_lake_centerlines" }, "geometry": { "type": "LineString", "coordinates": [ [ 2854.9, 2308.5 ], [ 2855.4, 2304.2 ], [ 2857.1, 2301.4 ], [ 2859.1, 2300.4 ], [ 2859.4, 2300.3 ], [ 2867.8, 2298.7 ], [ 2872.0, 2294.6 ], [ 2874.6, 2292.8 ], [ 2877.3, 2291.6 ], [ 2882.3, 2290.9 ], [ 2891.0, 2288.2 ], [ 2900.6, 2284.0 ], [ 2901.8, 2283.9 ], [ 2905.6, 2284.1 ], [ 2907.1, 2283.7 ], [ 2910.2, 2282.3 ], [ 2914.3, 2281.6 ], [ 2918.6, 2279.5 ], [ 2923.1, 2278.7 ], [ 2927.6, 2277.1 ], [ 2930.4, 2276.7 ] ] } },
{ "type": "Feature", "properties": { "name": "Rhein", "scalerank": 4, "featurecla": "River", "source": "ne_10m_rivers_lake_centerlines" }, "geometry": { "type": "LineString", "coordinates": [ [ 2945.7, 2172.3 ], [ 2948.8, 2177.0 ], [ 2952.7, 2178.8 ], [ 2955.7, 2181.5 ], [ 2955.6, 2188.0 ], [ 2954.6, 2190.3 ], [ 2950.5, 2195.5 ], [ 2950.0, 2196.9 ], [ 2949.4, 2199.6 ], [ 2949.0, 2200.6 ], [ 2945.4, 2204.9 ], [ 2940.2, 2213.6 ], [ 2938.4, 2218.8 ], [ 2938.1, 2224.0 ], [ 2938.9, 2226.5 ], [ 2940.0, 2228.8 ], [ 2940.8, 2231.2 ], [ 2940.9, 2234.5 ], [ 2939.9, 2236.6 ], [ 2938.2, 2238.2 ], [ 2937.0, 2239.9 ], [ 2937.2, 2242.0 ], [ 2937.9, 2244.6 ], [ 2939.1, 2247.2 ], [ 2943.8, 2255.2 ], [ 2944.4, 2256.8 ], [ 2944.4, 2257.3 ], [ 2945.1, 2262.0 ], [ 2942.8, 2268.7 ], [ 2939.0, 2272.4 ], [ 2929.7, 2276.7 ] ] } },
{ "type": "Feature", "properties": { "name": "Rhein", "scalerank": 4, "featurecla": "River", "source": "ne_10m_rivers_lake_centerlines" }, "geometry": { "type": "LineString", "coordinates": [ [ 2907.1, 2147.3 ], [ 2901.3, 2147.3 ] ] } },
{ "type": "Feature", "properties": { "name": "Reuss", "scalerank": 11, "featurecla": "River", "source": "ne_10m_rivers_europe" }, "geometry": { "type": "LineString", "coordinates": [ [ 2816.1, 2242.2 ], [ 2813.5, 2241.4 ], [ 2812.2, 2239.8 ], [ 2812.5, 2238.5 ], [ 2814.4, 2236.5 ], [ 2818.6, 2232.7 ], [ 2820.9, 2231.4 ], [ 2822.8, 2230.2 ], [ 2823.5, 2229.3 ], [ 2824.1, 2227.6 ], [ 2823.5, 2222.2 ], [ 2823.0, 2215.7 ], [ 2823.2, 2214.7 ], [ 2823.2, 2214.3 ], [ 2824.7, 2211.7 ], [ 2824.2, 2209.0 ], [ 2821.4, 2201.4 ], [ 2819.3, 2196.9 ], [ 2817.4, 2193.1 ], [ 2815.6, 2191.2 ], [ 2814.6, 2190.0 ], [ 2812.1, 2185.7 ], [ 2809.0, 2182.7 ], [ 2809.1, 2179.9 ], [ 2807.4, 2178.2 ], [ 2806.7, 2175.0 ], [ 2805.3, 2172.0 ] ] } },
{ "type": "Feature", "properties": { "name": "Limmat", "scalerank": 11, "featurecla": "Lake Centerline", "source": "ne_10m_rivers_europe" }, "geometry": { "type": "LineString", "coordinates": [ [ 2880.4, 2215.4 ], [ 2872.8, 2216.7 ], [ 2867.7, 2216.3 ], [ 2862.4, 2214.4 ], [ 2857.7, 2213.9 ], [ 2853.9, 2211.5 ], [ 2849.6, 2208.9 ], [ 2846.6, 2207.2 ], [ 2844.2, 2203.9 ], [ 2842.0, 2199.0 ], [ 2840.5, 2195.2 ], [ 2840.1, 2194.0 ] ] } },
{ "type": "Feature", "properties": { "name": "Limmat", "scalerank": 11, "featurecla": "River", "source": "ne_10m_rivers_europe" }, "geometry": { "type": "LineString", "coordinates": [ [ 2900.7, 2229.2 ], [ 2898.3, 2228.2 ], [ 2895.3, 2228.2 ], [ 2892.2, 2226.6 ], [ 2891.8, 2223.8 ], [ 2891.2, 2221.3 ], [ 2889.6, 2221.7 ], [ 2887.8, 2221.5 ], [ 2886.1, 2219.2 ], [ 2885.9, 2217.6 ], [ 2884.3, 2215.6 ], [ 2880.4, 2215.4 ] ] } },
{ "type": "Feature", "properties": { "name": "Limmat", "scalerank": 11, "featurecla": "River", "source": "ne_10m_rivers_europe" }, "geometry": { "type": "LineString", "coordinates": [ [ 2840.1, 2194.0 ], [ 2839.4, 2192.1 ], [ 2836.6, 2189.1 ], [ 2833.2, 2187.3 ], [ 2831.7, 2186.6 ], [ 2830.4, 2186.0 ], [ 2827.6, 2185.8 ], [ 2825.6, 2185.8 ], [ 2824.5, 2184.3 ], [ 2823.5, 2182.6 ], [ 2821.1, 2181.3 ], [ 2818.0, 2179.2 ], [ 2816.3, 2177.7 ], [ 2815.4, 2175.6 ], [ 2813.3, 2173.4 ], [ 2810.4, 2172.2 ], [ 2808.6, 2171.1 ], [ 2806.3, 2170.8 ] ] } },
{ "type": "Feature", "properties": { "name": "Inn", "scalerank": 8, "featurecla": "River", "source": "ne_10m_rivers_lake_centerlines" }, "geometry": { "type": "LineString", "coordinates": [ [ 2965.3, 2343.6 ], [ 2965.1, 2340.3 ], [ 2966.3, 2338.2 ], [ 2969.3, 2335.6 ], [ 2971.0, 2334.2 ], [ 2971.7, 2332.5 ], [ 2972.8, 2331.3 ], [ 2974.0, 2330.4 ], [ 2975.0, 2329.4 ], [ 2978.7, 2323.1 ], [ 2982.3, 2318.5 ], [ 2993.6, 2307.3 ], [ 3001.7, 2298.1 ], [ 3002.6, 2296.8 ], [ 3002.8, 2295.2 ], [ 3001.9, 2292.0 ], [ 3002.0, 2290.4 ], [ 3002.8, 2288.7 ], [ 3003.7, 2287.2 ], [ 3004.8, 2286.2 ], [ 3006.3, 2285.5 ], [ 3012.7, 2285.2 ], [ 3024.3, 2281.2 ], [ 3034.1, 2275.9 ], [ 3038.0, 2272.6 ], [ 3041.3, 2268.3 ], [ 3047.0, 2257.4 ], [ 3061.6, 2241.6 ], [ 3062.2, 2240.4 ], [ 3062.3, 2238.9 ], [ 3062.0, 2237.3 ], [ 3060.8, 2234.5 ], [ 3060.0, 2233.1 ], [ 3058.7, 2232.2 ], [ 3056.2, 2231.1 ], [ 3054.4, 2230.9 ], [ 3053.6, 2230.6 ], [ 3052.9, 2229.8 ], [ 3052.6, 2226.7 ], [ 3054.6, 2224.3 ], [ 3066.6, 2217.2 ], [ 3077.3, 2215.5 ], [ 3079.9, 2214.4 ], [ 3081.3, 2213.2 ], [ 3083.5, 2210.4 ], [ 3084.7, 2209.3 ], [ 3100.5, 2202.6 ], [ 3110.0, 2202.7 ], [ 3121.4, 2206.7 ], [ 3131.2, 2206.5 ], [ 3136.6, 2207.6 ], [ 3138.2, 2207.3 ], [ 3143.2, 2205.1 ], [ 3154.2, 2203.2 ], [ 3161.8, 2200.4 ], [ 3168.8, 2196.1 ], [ 3177.7, 2187.6 ], [ 3178.8, 2186.8 ], [ 3183.8, 2184.7 ], [ 3186.1, 2182.6 ], [ 3189.9, 2178.0 ], [ 3192.2, 2175.9 ], [ 3205.4, 2170.3 ], [ 3206.8, 2169.4 ], [ 3207.8, 2168.4 ], [ 3209.6, 2165.7 ], [ 3210.9, 2164.2 ], [ 3216.6, 2158.9 ], [ 3222.7, 2150.7 ], [ 3223.1, 2149.7 ], [ 3223.1, 2148.2 ], [ 3222.8, 2144.1 ], [ 3222.5, 2143.2 ], [ 3222.0, 2142.9 ], [ 3221.1, 2142.1 ], [ 3220.3, 2141.1 ], [ 3219.9, 2140.2 ], [ 3219.5, 2138.2 ], [ 3218.7, 2137.3 ], [ 3217.7, 2136.9 ], [ 3216.8, 2136.2 ], [ 3216.0, 2134.2 ], [ 3215.2, 2131.3 ], [ 3214.7, 2128.0 ], [ 3214.4, 2125.0 ], [ 3214.6, 2123.8 ], [ 3215.6, 2120.0 ], [ 3216.0, 2119.2 ], [ 3217.1, 2118.5 ], [ 3216.8, 2117.0 ], [ 3215.5, 2113.9 ], [ 3215.5, 2107.5 ], [ 3216.0, 2101.3 ], [ 3217.1, 2095.6 ], [ 3219.2, 2090.5 ], [ 3221.4, 2086.3 ], [ 3223.0, 2084.3 ], [ 3224.6, 2083.0 ], [ 3224.6, 2081.8 ], [ 3222.5, 2081.9 ], [ 3224.1, 2077.4 ], [ 3225.4, 2075.2 ], [ 3227.2, 2074.4 ], [ 3227.2, 2073.2 ], [ 3226.6, 2072.7 ], [ 3226.3, 2072.3 ], [ 3226.1, 2071.9 ], [ 3225.7, 2071.2 ], [ 3227.0, 2071.1 ], [ 3227.8, 2070.5 ], [ 3228.4, 2069.8 ], [ 3229.2, 2069.0 ], [ 3230.8, 2068.6 ], [ 3231.8, 2068.1 ], [ 3232.7, 2066.7 ], [ 3234.1, 2067.8 ], [ 3233.7, 2066.3 ], [ 3233.4, 2065.7 ], [ 3233.7, 2065.5 ], [ 3233.9, 2065.5 ], [ 3234.0, 2065.3 ], [ 3235.4, 2065.3 ], [ 3239.8, 2065.6 ], [ 3241.2, 2065.5 ], [ 3241.8, 2065.1 ], [ 3242.4, 2064.3 ], [ 3243.1, 2063.6 ], [ 3244.3, 2063.3 ], [ 3244.8, 2062.7 ], [ 3244.9, 2061.6 ], [ 3245.4, 2061.1 ], [ 3246.7, 2062.0 ], [ 3248.3, 2060.2 ], [ 3249.1, 2059.5 ], [ 3250.2, 2058.8 ], [ 3249.4, 2058.2 ], [ 3248.8, 2057.4 ], [ 3248.0, 2055.6 ], [ 3266.2, 2052.9 ], [ 3272.9, 2050.6 ], [ 3279.3, 2051.5 ], [ 3280.4, 2050.8 ], [ 3281.9, 2049.6 ], [ 3283.5, 2048.8 ], [ 3284.9, 2049.6 ], [ 3286.2, 2051.1 ], [ 3287.4, 2051.8 ], [ 3288.7, 2052.0 ], [ 3290.7, 2052.0 ], [ 3291.6, 2052.8 ], [ 3295.5, 2058.1 ], [ 3297.1, 2056.8 ], [ 3300.3, 2054.8 ], [ 3304.0, 2051.0 ], [ 3305.6, 2049.7 ], [ 3316.2, 2045.0 ], [ 3330.3, 2041.9 ], [ 3333.6, 2039.8 ], [ 3343.3, 2030.6 ], [ 3344.6, 2028.1 ], [ 3345.1, 2024.8 ], [ 3345.2, 2024.0 ], [ 3345.7, 2023.2 ], [ 3346.1, 2022.1 ], [ 3346.2, 2020.5 ], [ 3345.8, 2016.1 ], [ 3346.0, 2014.7 ], [ 3346.4, 2013.2 ], [ 3347.6, 2010.2 ], [ 3347.9, 2008.7 ], [ 3347.6, 2007.4 ], [ 3346.5, 2005.9 ], [ 3346.0, 2003.1 ], [ 3345.7, 2002.5 ], [ 3345.6, 2001.9 ], [ 3346.1, 2000.8 ], [ 3347.0, 1999.9 ], [ 3350.2, 1998.5 ] ] } },
{ "type": "Feature", "properties": { "name": "Saône", "scalerank": 10, "featurecla": "River", "source": "ne_10m_rivers_europe" }, "geometry": { "type": "LineString", "coordinates": [ [ 2594.6, 2072.8 ], [ 2592.3, 2072.7 ], [ 2589.7, 2072.2 ], [ 2587.0, 2070.9 ], [ 2584.2, 2070.9 ], [ 2581.8, 2073.3 ], [ 2579.4, 2076.4 ], [ 2576.7, 2078.0 ], [ 2574.5, 2078.7 ], [ 2572.3, 2080.8 ], [ 2569.0, 2082.9 ], [ 2567.1, 2085.5 ], [ 2565.9, 2088.4 ], [ 2565.6, 2090.5 ], [ 2566.9, 2092.3 ], [ 2571.9, 2096.5 ], [ 2573.5, 2098.6 ], [ 2573.1, 2101.1 ], [ 2568.9, 2107.1 ], [ 2568.5, 2109.4 ], [ 2569.7, 2110.9 ], [ 2571.3, 2111.7 ], [ 2573.5, 2113.3 ], [ 2575.9, 2116.9 ], [ 2579.4, 2124.2 ], [ 2579.8, 2127.0 ], [ 2579.5, 2130.6 ], [ 2578.6, 2134.0 ], [ 2577.5, 2136.7 ], [ 2575.8, 2137.9 ], [ 2572.2, 2138.1 ], [ 2571.7, 2139.9 ], [ 2571.5, 2142.1 ], [ 2570.5, 2143.2 ], [ 2569.0, 2142.9 ], [ 2567.8, 2141.5 ], [ 2566.2, 2140.9 ], [ 2560.9, 2144.8 ], [ 2557.5, 2145.9 ], [ 2556.7, 2146.9 ], [ 2555.2, 2148.0 ], [ 2549.0, 2149.7 ], [ 2547.0, 2151.4 ], [ 2545.6, 2153.3 ], [ 2543.7, 2154.7 ], [ 2541.5, 2155.4 ], [ 2539.3, 2155.5 ], [ 2538.0, 2156.4 ], [ 2537.9, 2159.0 ], [ 2537.1, 2162.2 ], [ 2534.5, 2164.7 ], [ 2526.3, 2167.8 ], [ 2523.5, 2170.1 ], [ 2521.0, 2173.1 ], [ 2519.4, 2175.9 ], [ 2518.9, 2178.6 ], [ 2518.8, 2181.1 ], [ 2518.0, 2183.2 ], [ 2513.0, 2186.5 ], [ 2511.0, 2189.0 ], [ 2509.6, 2191.3 ], [ 2507.7, 2193.1 ], [ 2508.6, 2196.6 ], [ 2508.7, 2198.8 ], [ 2507.6, 2201.3 ], [ 2505.6, 2204.1 ], [ 2503.8, 2207.3 ], [ 2503.5, 2210.5 ], [ 2502.8, 2213.5 ], [ 2500.1, 2216.2 ], [ 2496.6, 2217.9 ], [ 2491.0, 2219.2 ], [ 2483.6, 2222.7 ], [ 2479.4, 2223.6 ], [ 2477.8, 2225.1 ], [ 2477.1, 2227.9 ], [ 2477.5, 2231.2 ], [ 2477.4, 2235.0 ], [ 2475.4, 2238.9 ], [ 2472.3, 2241.7 ], [ 2468.6, 2243.5 ], [ 2468.0, 2246.3 ], [ 2466.8, 2247.1 ], [ 2464.0, 2248.5 ] ] } },
{ "type": "Feature", "properties": { "name": "Rhein", "scalerank": 4, "featurecla": "Lake Centerline", "source": "ne_10m_rivers_lake_centerlines" }, "geometry": { "type": "LineString", "coordinates": [ [ 2945.7, 2172.3 ], [ 2945.6, 2171.7 ], [ 2945.6, 2170.8 ], [ 2945.5, 2169.5 ], [ 2945.2, 2168.8 ], [ 2916.4, 2150.6 ], [ 2912.4, 2149.6 ], [ 2907.1, 2147.3 ] ] } },
{ "type": "Feature", "properties": { "name": "Rhein", "scalerank": 4, "featurecla": "Lake Centerline", "source": "ne_10m_rivers_lake_centerlines" }, "geometry": { "type": "LineString", "coordinates": [ [ 2875.5, 2149.1 ], [ 2876.7, 2149.2 ], [ 2878.3, 2149.4 ], [ 2880.5, 2148.7 ], [ 2882.4, 2147.9 ], [ 2884.3, 2147.0 ], [ 2886.6, 2146.0 ], [ 2890.9, 2143.4 ], [ 2893.5, 2143.3 ], [ 2896.2, 2144.4 ], [ 2901.3, 2147.3 ] ] } },
{ "type": "Feature", "properties": { "name": "Salzach", "scalerank": 11, "featurecla": "River", "source": "ne_10m_rivers_europe" }, "geometry": { "type": "LineString", "coordinates": [ [ 3232.0, 2232.1 ], [ 3230.8, 2232.4 ], [ 3229.1, 2231.8 ], [ 3226.6, 2230.1 ], [ 3224.6, 2227.5 ], [ 3223.8, 2225.0 ], [ 3223.5, 2222.0 ], [ 3222.6, 2218.2 ], [ 3222.1, 2214.5 ], [ 3222.9, 2211.6 ], [ 3225.1, 2209.9 ], [ 3231.5, 2208.3 ], [ 3239.5, 2205.0 ], [ 3245.2, 2203.4 ], [ 3252.6, 2202.3 ], [ 3268.0, 2201.7 ], [ 3274.5, 2201.1 ], [ 3283.1, 2201.2 ], [ 3292.7, 2200.4 ], [ 3301.9, 2199.0 ], [ 3309.2, 2196.9 ], [ 3315.5, 2196.8 ], [ 3320.7, 2195.5 ], [ 3325.5, 2193.0 ], [ 3328.3, 2190.1 ], [ 3329.4, 2186.4 ], [ 3330.2, 2182.2 ], [ 3330.1, 2177.5 ], [ 3329.0, 2172.8 ], [ 3327.3, 2168.8 ], [ 3325.7, 2165.7 ], [ 3324.5, 2162.4 ], [ 3322.7, 2152.2 ], [ 3320.8, 2146.7 ], [ 3318.4, 2141.8 ], [ 3316.0, 2137.9 ], [ 3314.4, 2133.9 ], [ 3312.6, 2123.6 ], [ 3311.1, 2120.5 ], [ 3309.4, 2118.7 ], [ 3307.5, 2115.0 ], [ 3306.7, 2113.7 ], [ 3303.4, 2113.7 ], [ 3301.0, 2110.5 ], [ 3297.1, 2102.4 ], [ 3295.3, 2100.8 ], [ 3294.5, 2100.4 ], [ 3292.3, 2098.3 ], [ 3289.8, 2096.9 ], [ 3288.9, 2095.7 ], [ 3288.3, 2094.1 ], [ 3287.9, 2092.2 ], [ 3286.2, 2088.8 ], [ 3278.6, 2081.5 ], [ 3277.6, 2080.0 ], [ 3276.6, 2078.2 ], [ 3276.0, 2076.2 ], [ 3276.1, 2074.1 ], [ 3278.6, 2071.7 ], [ 3279.7, 2070.6 ], [ 3280.9, 2070.2 ], [ 3282.7, 2067.5 ], [ 3286.7, 2063.7 ], [ 3289.9, 2059.0 ], [ 3292.2, 2057.6 ], [ 3295.5, 2058.1 ] ] } },
{ "type": "Feature", "properties": { "name": "Yonne", "scalerank": 8, "featurecla": "River", "source": "ne_10m_rivers_lake_centerlines" }, "geometry": { "type": "LineString", "coordinates": [ [ 2355.1, 2219.3 ], [ 2352.8, 2211.7 ], [ 2352.6, 2209.1 ], [ 2352.7, 2206.9 ], [ 2352.2, 2205.2 ], [ 2350.5, 2204.1 ], [ 2347.3, 2198.5 ], [ 2345.5, 2198.5 ], [ 2344.2, 2197.9 ], [ 2341.7, 2195.9 ], [ 2340.3, 2195.3 ], [ 2336.7, 2195.4 ], [ 2333.6, 2194.5 ], [ 2330.6, 2192.3 ], [ 2327.9, 2189.2 ], [ 2325.5, 2185.5 ], [ 2324.4, 2183.0 ], [ 2324.5, 2181.8 ], [ 2325.2, 2180.9 ], [ 2325.7, 2179.2 ], [ 2325.9, 2178.0 ], [ 2326.3, 2177.5 ], [ 2326.6, 2176.8 ], [ 2326.7, 2175.5 ], [ 2326.5, 2175.0 ], [ 2326.0, 2174.6 ], [ 2325.6, 2173.9 ], [ 2325.3, 2171.2 ], [ 2324.8, 2171.2 ], [ 2324.1, 2171.4 ], [ 2323.6, 2170.9 ], [ 2323.3, 2169.8 ], [ 2323.1, 2167.2 ], [ 2321.9, 2163.7 ], [ 2321.8, 2161.9 ], [ 2322.6, 2157.1 ], [ 2321.0, 2157.8 ], [ 2319.2, 2157.3 ], [ 2317.5, 2156.0 ], [ 2316.3, 2154.4 ], [ 2316.7, 2152.8 ], [ 2316.5, 2151.8 ], [ 2315.9, 2151.5 ], [ 2315.0, 2152.2 ], [ 2313.4, 2148.6 ], [ 2313.8, 2145.0 ], [ 2315.4, 2142.2 ], [ 2317.4, 2140.6 ], [ 2319.0, 2140.4 ], [ 2321.7, 2141.0 ], [ 2323.1, 2141.1 ], [ 2323.0, 2140.9 ], [ 2323.5, 2140.2 ], [ 2324.7, 2139.1 ], [ 2324.5, 2139.6 ], [ 2325.2, 2140.0 ], [ 2326.7, 2140.4 ], [ 2326.5, 2138.9 ], [ 2326.7, 2137.9 ], [ 2327.3, 2137.4 ], [ 2328.4, 2137.3 ], [ 2328.1, 2133.4 ], [ 2328.1, 2132.6 ], [ 2328.7, 2130.9 ], [ 2329.6, 2131.0 ], [ 2330.8, 2131.5 ], [ 2331.8, 2131.2 ], [ 2332.5, 2129.9 ], [ 2332.5, 2128.7 ], [ 2332.3, 2127.6 ], [ 2332.2, 2126.5 ], [ 2333.1, 2117.9 ], [ 2332.8, 2117.1 ], [ 2331.7, 2115.4 ], [ 2330.7, 2114.6 ], [ 2329.6, 2114.2 ], [ 2328.8, 2113.4 ], [ 2328.5, 2111.4 ], [ 2325.3, 2108.6 ], [ 2324.6, 2107.1 ], [ 2324.7, 2105.7 ], [ 2325.4, 2104.5 ], [ 2327.2, 2102.2 ], [ 2325.5, 2100.3 ], [ 2324.6, 2099.1 ], [ 2323.9, 2097.7 ], [ 2324.1, 2097.0 ], [ 2324.2, 2092.7 ], [ 2324.1, 2091.8 ], [ 2320.9, 2082.5 ], [ 2321.2, 2079.8 ], [ 2319.3, 2074.4 ], [ 2314.2, 2071.2 ], [ 2304.7, 2067.9 ], [ 2304.8, 2067.8 ], [ 2303.3, 2066.8 ], [ 2298.3, 2063.5 ], [ 2298.4, 2062.3 ], [ 2300.4, 2061.2 ], [ 2300.3, 2059.3 ], [ 2298.2, 2055.9 ], [ 2297.6, 2054.4 ], [ 2297.4, 2053.9 ], [ 2297.9, 2051.1 ], [ 2297.7, 2049.8 ], [ 2297.3, 2048.6 ], [ 2296.7, 2047.8 ], [ 2296.1, 2047.3 ], [ 2297.2, 2045.9 ], [ 2300.2, 2043.3 ], [ 2300.9, 2041.9 ], [ 2300.3, 2040.7 ], [ 2296.4, 2036.6 ], [ 2298.0, 2033.0 ], [ 2297.2, 2029.5 ], [ 2295.5, 2026.3 ], [ 2294.4, 2022.0 ], [ 2291.3, 2014.9 ], [ 2290.3, 2013.7 ], [ 2282.8, 2009.9 ], [ 2282.7, 2009.6 ], [ 2281.7, 2008.0 ], [ 2281.2, 2007.5 ], [ 2280.4, 2007.3 ], [ 2278.8, 2007.3 ], [ 2278.1, 2006.7 ], [ 2275.8, 2005.4 ], [ 2272.3, 2005.0 ], [ 2269.3, 2004.0 ], [ 2268.4, 2001.0 ] ] } },
{ "type": "Feature", "properties": { "name": "Ill", "scalerank": 11, "featurecla": "River", "source": "ne_10m_rivers_europe" }, "geometry": { "type": "LineString", "coordinates": [ [ 2700.8, 2174.6 ], [ 2699.4, 2168.5 ], [ 2698.1, 2163.8 ], [ 2696.7, 2161.0 ], [ 2694.9, 2158.5 ], [ 2692.6, 2154.2 ], [ 2691.0, 2149.6 ], [ 2690.7, 2146.2 ], [ 2692.1, 2144.0 ], [ 2694.5, 2142.3 ], [ 2697.4, 2141.7 ], [ 2700.0, 2142.0 ], [ 2702.8, 2141.6 ], [ 2706.4, 2139.4 ], [ 2709.8, 2135.6 ], [ 2712.3, 2131.4 ], [ 2714.0, 2127.9 ], [ 2715.7, 2125.7 ], [ 2716.9, 2123.4 ], [ 2717.6, 2119.4 ], [ 2717.5, 2115.0 ], [ 2716.8, 2111.7 ], [ 2716.9, 2108.1 ], [ 2721.1, 2097.3 ], [ 2722.3, 2092.4 ], [ 2722.9, 2088.7 ], [ 2723.7, 2086.1 ], [ 2723.9, 2084.1 ], [ 2723.2, 2081.7 ], [ 2722.0, 2079.3 ], [ 2721.5, 2077.2 ], [ 2722.0, 2074.7 ], [ 2725.6, 2066.5 ], [ 2727.7, 2059.6 ], [ 2730.0, 2053.6 ], [ 2732.7, 2050.7 ], [ 2734.9, 2049.6 ], [ 2736.0, 2047.7 ], [ 2736.7, 2045.1 ], [ 2737.9, 2042.1 ], [ 2739.3, 2039.7 ], [ 2740.3, 2038.5 ], [ 2746.4, 2033.7 ], [ 2750.3, 2029.5 ], [ 2752.4, 2026.0 ], [ 2753.4, 2023.0 ], [ 2756.1, 2017.3 ], [ 2756.8, 2013.6 ], [ 2758.0, 2009.2 ], [ 2763.1, 2000.5 ], [ 2764.1, 1997.0 ], [ 2766.8, 1994.9 ], [ 2768.2, 1993.2 ], [ 2770.3, 1991.3 ], [ 2773.5, 1991.0 ] ] } },
{ "type": "Feature", "properties": { "name": "Isar", "scalerank": 10, "featurecla": "River", "source": "ne_10m_rivers_europe" }, "geometry": { "type": "LineString", "coordinates": [ [ 3141.0, 2192.2 ], [ 3134.0, 2191.7 ], [ 3131.3, 2192.2 ], [ 3126.1, 2190.7 ], [ 3125.4, 2188.6 ], [ 3124.3, 2186.6 ], [ 3124.3, 2183.8 ], [ 3125.4, 2181.7 ], [ 3125.9, 2178.0 ], [ 3126.5, 2174.5 ], [ 3127.7, 2171.0 ], [ 3130.8, 2167.7 ], [ 3136.0, 2164.8 ], [ 3141.8, 2162.8 ], [ 3149.8, 2161.3 ], [ 3152.6, 2160.2 ], [ 3154.7, 2158.2 ], [ 3156.8, 2155.6 ], [ 3158.1, 2152.5 ], [ 3158.5, 2149.7 ], [ 3157.9, 2146.6 ], [ 3155.8, 2139.8 ], [ 3155.2, 2133.7 ], [ 3153.3, 2128.5 ], [ 3152.6, 2122.8 ], [ 3151.6, 2119.3 ], [ 3149.7, 2116.0 ], [ 3144.9, 2110.4 ], [ 3143.1, 2107.0 ], [ 3142.6, 2103.8 ], [ 3143.6, 2101.4 ], [ 3145.1, 2099.1 ], [ 3146.8, 2092.9 ], [ 3151.6, 2084.1 ], [ 3154.3, 2076.4 ], [ 3157.7, 2071.2 ], [ 3164.8, 2057.2 ], [ 3166.2, 2053.8 ], [ 3168.3, 2043.8 ], [ 3170.2, 2038.2 ], [ 3172.2, 2033.9 ], [ 3173.7, 2031.6 ], [ 3175.3, 2031.0 ], [ 3180.6, 2030.2 ], [ 3183.2, 2029.5 ], [ 3188.8, 2026.4 ], [ 3191.2, 2024.2 ], [ 3192.8, 2021.9 ], [ 3193.4, 2019.7 ], [ 3193.5, 2017.8 ], [ 3195.0, 2016.3 ], [ 3204.3, 2014.0 ], [ 3208.5, 2012.5 ], [ 3211.6, 2010.5 ], [ 3216.9, 2005.3 ], [ 3220.0, 2002.7 ], [ 3223.6, 2000.6 ], [ 3230.5, 1998.1 ], [ 3232.8, 1996.9 ], [ 3236.4, 1995.6 ], [ 3250.2, 1992.5 ], [ 3263.0, 1987.7 ], [ 3277.2, 1983.0 ], [ 3281.0, 1981.2 ], [ 3282.9, 1979.0 ], [ 3286.1, 1972.6 ], [ 3288.0, 1970.3 ], [ 3290.0, 1969.1 ], [ 3293.1, 1968.4 ], [ 3294.6, 1967.0 ], [ 3298.8, 1966.8 ] ] } },
{ "type": "Feature", "properties": { "name": "Ouanne", "scalerank": 12, "featurecla": "River", "source": "ne_10m_rivers_europe" }, "geometry": { "type": "LineString", "coordinates": [ [ 2306.9, 2121.8 ], [ 2306.2, 2119.6 ], [ 2304.8, 2117.1 ], [ 2302.5, 2114.1 ], [ 2299.7, 2111.3 ], [ 2295.3, 2107.5 ], [ 2293.8, 2105.3 ], [ 2290.8, 2101.8 ], [ 2279.5, 2092.0 ], [ 2276.2, 2088.7 ], [ 2275.1, 2085.8 ], [ 2274.7, 2081.7 ], [ 2274.6, 2077.7 ], [ 2274.1, 2074.8 ], [ 2272.8, 2073.0 ], [ 2270.7, 2071.5 ], [ 2267.4, 2070.8 ], [ 2256.8, 2071.2 ], [ 2254.7, 2070.4 ], [ 2249.5, 2067.2 ], [ 2243.7, 2065.0 ], [ 2241.6, 2063.5 ], [ 2240.3, 2061.0 ], [ 2239.6, 2057.5 ], [ 2239.8, 2054.1 ], [ 2240.7, 2051.7 ], [ 2242.2, 2049.2 ], [ 2243.5, 2045.5 ], [ 2244.2, 2041.5 ], [ 2244.2, 2038.2 ], [ 2243.4, 2035.2 ], [ 2242.1, 2032.1 ], [ 2240.7, 2027.2 ], [ 2239.8, 2020.1 ], [ 2239.5, 2013.5 ], [ 2239.8, 2010.1 ], [ 2241.6, 2009.0 ], [ 2249.0, 2006.9 ], [ 2251.9, 2005.3 ], [ 2253.2, 2003.4 ], [ 2253.1, 2001.4 ], [ 2252.2, 1999.4 ] ] } },
{ "type": "Feature", "properties": { "name": "Rhin", "scalerank": 4, "featurecla": "River", "source": "ne_10m_rivers_lake_centerlines" }, "geometry": { "type": "LineString", "coordinates": [ [ 2812.2, 1945.5 ], [ 2809.1, 1946.4 ], [ 2806.9, 1948.8 ], [ 2803.5, 1954.8 ], [ 2798.6, 1967.4 ], [ 2797.3, 1969.5 ], [ 2796.6, 1970.0 ], [ 2792.8, 1971.9 ], [ 2791.9, 1972.0 ], [ 2791.7, 1972.3 ], [ 2791.2, 1972.8 ], [ 2790.7, 1973.6 ], [ 2790.5, 1975.0 ], [ 2790.2, 1975.9 ], [ 2789.6, 1976.4 ], [ 2788.8, 1976.6 ], [ 2786.0, 1976.6 ], [ 2784.8, 1976.9 ], [ 2784.2, 1978.3 ], [ 2784.0, 1981.2 ], [ 2783.5, 1982.5 ], [ 2782.4, 1983.9 ], [ 2781.0, 1985.2 ], [ 2779.7, 1985.9 ], [ 2776.9, 1989.2 ], [ 2775.2, 1990.5 ], [ 2773.5, 1991.0 ], [ 2772.3, 1991.8 ], [ 2767.8, 1998.5 ], [ 2766.8, 2003.5 ], [ 2766.6, 2008.9 ], [ 2767.7, 2012.2 ], [ 2767.7, 2013.2 ], [ 2765.1, 2015.2 ], [ 2763.8, 2016.4 ], [ 2763.2, 2017.8 ], [ 2762.9, 2020.7 ], [ 2762.4, 2022.2 ], [ 2761.7, 2023.2 ], [ 2760.9, 2024.6 ], [ 2760.3, 2026.4 ], [ 2759.5, 2030.5 ], [ 2759.3, 2032.5 ], [ 2759.5, 2034.3 ], [ 2760.2, 2036.3 ], [ 2760.6, 2038.4 ], [ 2760.4, 2040.6 ], [ 2758.9, 2042.8 ], [ 2757.0, 2043.8 ], [ 2755.3, 2045.1 ], [ 2754.5, 2048.3 ], [ 2754.2, 2051.4 ], [ 2753.5, 2054.0 ], [ 2752.3, 2056.2 ], [ 2745.5, 2065.2 ], [ 2744.8, 2067.1 ], [ 2744.5, 2069.3 ], [ 2743.9, 2070.5 ], [ 2743.2, 2071.4 ], [ 2742.4, 2072.7 ], [ 2741.6, 2075.1 ], [ 2740.8, 2078.1 ], [ 2741.0, 2084.5 ], [ 2745.2, 2092.5 ], [ 2745.3, 2097.3 ], [ 2744.2, 2099.1 ], [ 2741.4, 2102.0 ], [ 2740.7, 2104.0 ], [ 2740.8, 2106.5 ], [ 2740.6, 2107.2 ], [ 2739.9, 2108.7 ], [ 2739.4, 2109.5 ], [ 2738.7, 2110.1 ], [ 2738.4, 2110.8 ], [ 2738.2, 2111.4 ], [ 2738.3, 2111.8 ], [ 2738.4, 2112.2 ], [ 2738.3, 2112.9 ], [ 2738.8, 2115.8 ], [ 2738.5, 2117.5 ], [ 2737.0, 2118.3 ], [ 2736.4, 2119.0 ], [ 2734.8, 2123.9 ], [ 2734.4, 2126.1 ], [ 2735.6, 2131.5 ], [ 2735.4, 2134.0 ], [ 2734.8, 2135.0 ], [ 2733.0, 2136.8 ], [ 2732.6, 2137.7 ], [ 2732.8, 2141.1 ], [ 2733.1, 2142.7 ], [ 2733.4, 2143.5 ], [ 2735.0, 2144.3 ], [ 2736.3, 2146.3 ], [ 2738.5, 2151.1 ], [ 2739.1, 2151.9 ], [ 2739.8, 2152.5 ], [ 2740.3, 2153.4 ], [ 2740.5, 2154.8 ], [ 2740.2, 2155.4 ], [ 2739.7, 2157.0 ], [ 2739.5, 2158.8 ], [ 2740.0, 2159.6 ], [ 2742.1, 2160.1 ], [ 2747.4, 2163.1 ], [ 2749.7, 2163.5 ], [ 2758.5, 2162.0 ], [ 2760.5, 2160.9 ], [ 2762.3, 2159.0 ], [ 2764.2, 2156.1 ], [ 2765.7, 2156.8 ], [ 2772.4, 2157.4 ], [ 2773.0, 2158.1 ], [ 2773.3, 2159.6 ], [ 2773.5, 2161.0 ], [ 2773.8, 2161.7 ], [ 2787.4, 2162.1 ], [ 2792.1, 2161.1 ], [ 2793.2, 2160.5 ], [ 2793.6, 2159.8 ], [ 2794.1, 2159.1 ], [ 2795.0, 2158.1 ], [ 2795.9, 2157.4 ], [ 2798.2, 2156.2 ], [ 2800.1, 2155.7 ], [ 2800.8, 2155.0 ], [ 2801.3, 2154.2 ], [ 2801.9, 2153.9 ], [ 2807.6, 2153.1 ], [ 2809.5, 2153.1 ], [ 2812.2, 2154.0 ], [ 2813.4, 2154.2 ], [ 2813.9, 2154.9 ], [ 2814.4, 2156.4 ], [ 2815.1, 2157.9 ], [ 2816.2, 2158.6 ], [ 2820.1, 2159.7 ], [ 2826.8, 2159.9 ], [ 2833.4, 2158.9 ], [ 2836.0, 2159.5 ], [ 2837.8, 2160.6 ], [ 2839.5, 2162.1 ], [ 2841.6, 2163.3 ], [ 2842.5, 2161.1 ], [ 2845.4, 2157.3 ], [ 2846.0, 2155.4 ], [ 2846.3, 2150.0 ], [ 2846.8, 2148.6 ], [ 2847.6, 2150.8 ], [ 2848.7, 2149.6 ], [ 2848.7, 2148.3 ], [ 2848.0, 2147.1 ], [ 2846.9, 2146.4 ], [ 2848.7, 2144.8 ], [ 2849.5, 2143.4 ], [ 2850.4, 2142.6 ], [ 2864.7, 2143.2 ], [ 2868.7, 2144.7 ], [ 2872.5, 2146.8 ], [ 2875.5, 2149.1 ] ] } },
{ "type": "Feature", "properties": { "name": "Aube", "scalerank": 11, "featurecla": "River", "source": "ne_10m_rivers_europe" }, "geometry": { "type": "LineString", "coordinates": [ [ 2484.6, 2115.8 ], [ 2483.3, 2116.2 ], [ 2481.8, 2115.5 ], [ 2479.8, 2113.6 ], [ 2478.4, 2110.7 ], [ 2478.2, 2107.9 ], [ 2477.5, 2105.1 ], [ 2474.9, 2102.3 ], [ 2471.5, 2099.3 ], [ 2466.9, 2092.9 ], [ 2464.9, 2090.5 ], [ 2462.8, 2089.2 ], [ 2459.5, 2088.3 ], [ 2458.7, 2087.0 ], [ 2458.3, 2086.3 ], [ 2457.4, 2085.4 ], [ 2453.8, 2083.8 ], [ 2452.7, 2083.1 ], [ 2452.4, 2082.0 ], [ 2453.5, 2080.2 ], [ 2453.4, 2079.3 ], [ 2452.2, 2078.3 ], [ 2452.0, 2076.2 ], [ 2452.5, 2063.8 ], [ 2454.0, 2055.8 ], [ 2454.2, 2051.8 ], [ 2453.5, 2048.1 ], [ 2452.1, 2045.0 ], [ 2450.2, 2043.3 ], [ 2446.5, 2042.3 ], [ 2445.9, 2041.5 ], [ 2445.2, 2040.1 ], [ 2443.7, 2038.3 ], [ 2437.9, 2033.6 ], [ 2435.1, 2031.0 ], [ 2433.6, 2028.4 ], [ 2432.7, 2026.3 ], [ 2430.1, 2022.9 ], [ 2427.4, 2017.4 ], [ 2424.1, 2015.4 ], [ 2418.0, 2006.8 ], [ 2413.6, 2002.3 ], [ 2411.8, 1998.8 ], [ 2409.9, 1996.5 ], [ 2407.6, 1994.6 ], [ 2403.6, 1993.0 ], [ 2399.4, 1989.8 ], [ 2396.9, 1988.4 ], [ 2394.4, 1987.9 ], [ 2392.1, 1988.1 ], [ 2389.1, 1987.8 ], [ 2378.3, 1983.6 ], [ 2368.7, 1981.1 ], [ 2359.3, 1979.6 ], [ 2352.9, 1979.7 ], [ 2348.6, 1981.8 ] ] } },
{ "type": "Feature", "properties": { "name": "Donau", "scalerank": 2, "featurecla": "River", "source": "ne_10m_rivers_lake_centerlines" }, "geometry": { "type": "LineString", "coordinates": [ [ 2803.7, 2080.1 ], [ 2805.3, 2082.9 ], [ 2807.0, 2085.9 ], [ 2808.9, 2087.4 ], [ 2813.6, 2087.1 ], [ 2815.2, 2087.6 ], [ 2816.7, 2089.0 ], [ 2817.5, 2090.7 ], [ 2818.1, 2092.6 ], [ 2819.0, 2094.6 ], [ 2819.7, 2095.1 ], [ 2820.6, 2095.3 ], [ 2822.6, 2095.2 ], [ 2823.4, 2095.4 ], [ 2823.9, 2096.0 ], [ 2824.3, 2096.8 ], [ 2825.0, 2097.3 ], [ 2828.3, 2098.3 ], [ 2829.9, 2099.3 ], [ 2830.6, 2101.2 ], [ 2830.9, 2103.7 ], [ 2831.9, 2105.4 ], [ 2833.4, 2106.2 ], [ 2835.5, 2106.0 ], [ 2837.4, 2104.8 ], [ 2838.6, 2103.4 ], [ 2839.8, 2103.3 ], [ 2841.6, 2105.6 ], [ 2843.0, 2106.8 ], [ 2846.6, 2107.3 ], [ 2848.3, 2108.4 ], [ 2850.9, 2106.8 ], [ 2864.0, 2105.4 ], [ 2864.0, 2102.4 ], [ 2865.9, 2100.3 ], [ 2872.5, 2095.7 ], [ 2877.8, 2089.8 ], [ 2880.3, 2090.6 ], [ 2881.1, 2091.5 ], [ 2879.8, 2093.0 ], [ 2879.8, 2094.1 ], [ 2882.7, 2093.3 ], [ 2884.2, 2092.5 ], [ 2884.9, 2091.5 ], [ 2884.7, 2090.5 ], [ 2884.5, 2090.0 ], [ 2884.6, 2089.5 ], [ 2885.3, 2088.4 ], [ 2886.1, 2088.0 ], [ 2888.0, 2087.7 ], [ 2888.5, 2087.3 ], [ 2890.2, 2084.2 ], [ 2894.0, 2082.2 ], [ 2897.9, 2081.9 ], [ 2899.9, 2083.7 ], [ 2900.7, 2083.8 ], [ 2901.6, 2082.8 ], [ 2903.2, 2082.9 ], [ 2906.7, 2083.8 ], [ 2907.5, 2083.7 ], [ 2909.8, 2082.7 ], [ 2910.7, 2082.8 ], [ 2911.0, 2083.1 ], [ 2911.3, 2083.5 ], [ 2911.9, 2083.9 ], [ 2924.7, 2086.2 ], [ 2927.9, 2085.3 ], [ 2930.5, 2083.2 ], [ 2936.8, 2074.8 ], [ 2942.0, 2065.0 ], [ 2942.7, 2064.0 ], [ 2943.3, 2062.2 ], [ 2943.9, 2060.9 ], [ 2944.8, 2059.8 ], [ 2946.2, 2058.8 ], [ 2947.8, 2058.4 ], [ 2949.6, 2058.4 ], [ 2951.9, 2058.9 ], [ 2954.4, 2059.8 ], [ 2955.3, 2059.9 ], [ 2958.4, 2059.7 ], [ 2959.8, 2059.9 ], [ 2961.1, 2059.8 ], [ 2962.5, 2058.9 ], [ 2966.0, 2054.7 ], [ 2967.5, 2053.5 ], [ 2969.0, 2052.9 ], [ 2973.8, 2052.5 ], [ 2975.3, 2051.8 ], [ 2977.5, 2049.4 ], [ 2978.8, 2048.3 ], [ 2983.1, 2046.4 ], [ 2983.8, 2046.2 ], [ 2986.6, 2043.3 ], [ 2996.2, 2029.9 ], [ 2997.2, 2029.2 ], [ 2999.5, 2028.4 ], [ 3010.6, 2027.1 ], [ 3012.7, 2026.4 ], [ 3016.6, 2024.3 ], [ 3024.8, 2022.6 ], [ 3030.5, 2019.8 ], [ 3032.3, 2018.2 ], [ 3033.1, 2015.9 ], [ 3033.5, 2012.3 ], [ 3034.8, 2010.0 ], [ 3036.6, 2008.6 ], [ 3051.0, 2003.8 ], [ 3054.9, 2001.4 ], [ 3059.7, 1996.8 ], [ 3063.7, 1995.4 ], [ 3065.2, 1993.6 ], [ 3066.4, 1991.5 ], [ 3068.1, 1989.7 ], [ 3074.9, 1985.8 ], [ 3082.9, 1983.0 ], [ 3133.7, 1980.0 ], [ 3135.3, 1979.5 ], [ 3136.1, 1979.1 ], [ 3138.8, 1976.2 ], [ 3139.8, 1975.8 ], [ 3147.8, 1976.7 ], [ 3156.6, 1975.5 ], [ 3161.0, 1974.1 ], [ 3164.6, 1972.2 ], [ 3171.1, 1965.8 ], [ 3172.0, 1964.7 ], [ 3172.8, 1963.4 ], [ 3173.6, 1961.5 ], [ 3174.6, 1957.6 ], [ 3175.4, 1956.1 ], [ 3175.9, 1956.0 ], [ 3177.5, 1956.9 ], [ 3178.2, 1956.8 ], [ 3179.6, 1954.8 ], [ 3182.0, 1953.1 ], [ 3184.3, 1952.6 ], [ 3192.2, 1952.5 ], [ 3192.8, 1952.4 ], [ 3193.3, 1951.8 ], [ 3194.2, 1949.9 ], [ 3194.8, 1949.3 ], [ 3196.3, 1949.1 ], [ 3197.4, 1949.6 ], [ 3198.5, 1949.6 ], [ 3199.6, 1948.0 ], [ 3197.8, 1946.7 ], [ 3196.4, 1946.4 ], [ 3196.0, 1945.8 ], [ 3199.3, 1941.6 ], [ 3200.1, 1940.4 ], [ 3200.0, 1938.7 ], [ 3199.3, 1935.2 ], [ 3207.7, 1935.1 ], [ 3211.9, 1935.9 ], [ 3215.4, 1938.0 ], [ 3218.4, 1935.9 ], [ 3222.9, 1935.4 ], [ 3227.7, 1936.3 ], [ 3231.5, 1938.5 ], [ 3231.1, 1939.7 ], [ 3230.0, 1941.6 ], [ 3229.6, 1942.9 ], [ 3238.2, 1942.8 ], [ 3241.5, 1943.6 ], [ 3242.9, 1943.4 ], [ 3243.5, 1943.5 ], [ 3244.2, 1944.0 ], [ 3244.3, 1944.7 ], [ 3244.6, 1945.3 ], [ 3245.4, 1945.5 ], [ 3247.5, 1945.4 ], [ 3247.8, 1945.6 ], [ 3248.4, 1946.0 ], [ 3249.1, 1946.4 ], [ 3249.9, 1946.4 ], [ 3250.0, 1947.6 ], [ 3249.0, 1947.5 ], [ 3248.6, 1948.0 ], [ 3248.2, 1949.1 ] ] } },
{ "type": "Feature", "properties": { "name": "Donau", "scalerank": 2, "featurecla": "River", "source": "ne_10m_rivers_lake_centerlines" }, "geometry": { "type": "LineString", "coordinates": [ [ 3248.2, 1949.1 ], [ 3248.0, 1949.7 ] ] } },
{ "type": "Feature", "properties": { "name": "Donau", "scalerank": 2, "featurecla": "River", "source": "ne_10m_rivers_lake_centerlines" }, "geometry": { "type": "LineString", "coordinates": [ [ 3738.6, 2051.0 ], [ 3735.8, 2050.0 ], [ 3733.2, 2047.7 ], [ 3731.7, 2044.4 ], [ 3731.9, 2040.0 ], [ 3729.8, 2038.9 ], [ 3721.9, 2039.8 ], [ 3719.3, 2038.7 ], [ 3716.8, 2036.8 ], [ 3714.4, 2035.3 ], [ 3711.6, 2035.6 ], [ 3710.8, 2038.2 ], [ 3710.5, 2038.9 ], [ 3710.0, 2039.1 ], [ 3708.0, 2039.1 ], [ 3707.1, 2039.4 ], [ 3702.3, 2042.7 ], [ 3690.5, 2045.0 ], [ 3673.5, 2044.4 ], [ 3669.5, 2042.9 ], [ 3662.7, 2038.9 ], [ 3655.1, 2032.9 ], [ 3652.2, 2029.6 ], [ 3649.6, 2025.1 ], [ 3646.9, 2017.8 ], [ 3643.2, 2011.1 ], [ 3642.0, 2010.1 ], [ 3640.6, 2009.7 ], [ 3639.1, 2009.7 ], [ 3636.2, 2010.3 ], [ 3635.1, 2010.8 ], [ 3632.9, 2012.3 ], [ 3631.7, 2012.8 ], [ 3620.1, 2015.4 ], [ 3604.8, 2016.1 ], [ 3601.2, 2014.9 ], [ 3597.3, 2011.7 ], [ 3595.1, 2010.5 ], [ 3592.7, 2010.0 ], [ 3590.4, 2010.1 ], [ 3585.5, 2011.5 ], [ 3584.3, 2011.3 ], [ 3581.3, 2009.9 ], [ 3579.9, 2009.6 ], [ 3576.2, 2009.5 ], [ 3572.6, 2008.9 ], [ 3569.4, 2008.9 ], [ 3560.9, 2011.6 ], [ 3560.4, 2011.5 ], [ 3559.6, 2010.5 ], [ 3559.2, 2010.1 ], [ 3557.2, 2010.4 ], [ 3555.0, 2012.2 ], [ 3551.4, 2016.4 ], [ 3549.9, 2019.8 ], [ 3549.1, 2029.1 ], [ 3547.9, 2033.2 ], [ 3545.3, 2036.9 ], [ 3542.1, 2039.4 ], [ 3533.8, 2042.8 ], [ 3525.0, 2044.6 ], [ 3522.9, 2045.7 ], [ 3520.1, 2049.8 ], [ 3518.4, 2050.5 ], [ 3517.5, 2050.1 ], [ 3515.5, 2048.6 ], [ 3514.5, 2048.1 ], [ 3512.0, 2047.7 ], [ 3509.6, 2047.7 ], [ 3507.9, 2047.2 ], [ 3504.0, 2043.1 ], [ 3502.7, 2042.4 ], [ 3501.5, 2042.2 ], [ 3496.4, 2042.8 ], [ 3494.6, 2043.8 ], [ 3493.2, 2045.3 ], [ 3491.8, 2047.6 ], [ 3490.4, 2048.9 ], [ 3475.9, 2053.4 ], [ 3473.7, 2052.9 ], [ 3471.8, 2051.4 ], [ 3468.8, 2047.5 ], [ 3467.3, 2046.1 ], [ 3465.7, 2045.1 ], [ 3463.9, 2044.6 ], [ 3453.0, 2045.1 ], [ 3451.3, 2044.6 ], [ 3446.3, 2042.2 ], [ 3443.8, 2040.0 ], [ 3440.6, 2038.3 ], [ 3439.6, 2037.0 ], [ 3437.9, 2034.3 ], [ 3436.7, 2033.2 ], [ 3433.7, 2036.0 ], [ 3429.8, 2035.5 ], [ 3422.2, 2032.9 ], [ 3420.6, 2033.4 ], [ 3417.0, 2035.1 ], [ 3415.0, 2035.4 ], [ 3411.4, 2035.2 ], [ 3410.0, 2034.6 ], [ 3408.7, 2033.2 ], [ 3407.6, 2030.6 ], [ 3406.3, 2024.5 ], [ 3405.4, 2021.9 ], [ 3404.2, 2020.6 ], [ 3402.8, 2020.3 ], [ 3399.9, 2020.5 ], [ 3398.1, 2020.0 ], [ 3393.1, 2016.5 ], [ 3390.7, 2015.5 ], [ 3385.8, 2015.4 ], [ 3383.4, 2014.5 ], [ 3377.4, 2008.4 ], [ 3375.3, 2006.9 ], [ 3369.7, 2004.7 ], [ 3368.0, 2002.4 ], [ 3366.3, 2001.2 ], [ 3364.4, 2000.3 ], [ 3353.7, 1997.9 ], [ 3350.2, 1998.5 ], [ 3343.9, 1998.8 ], [ 3342.7, 1998.3 ], [ 3340.1, 1996.3 ], [ 3339.2, 1995.9 ], [ 3332.8, 1995.1 ], [ 3326.8, 1995.4 ], [ 3324.2, 1994.1 ], [ 3319.5, 1990.2 ], [ 3317.1, 1989.4 ], [ 3311.6, 1985.9 ], [ 3311.1, 1984.4 ], [ 3308.9, 1982.8 ], [ 3308.0, 1981.4 ], [ 3308.4, 1981.1 ], [ 3309.3, 1980.2 ], [ 3308.0, 1979.1 ], [ 3305.6, 1977.8 ], [ 3303.3, 1977.3 ], [ 3302.3, 1978.9 ], [ 3301.7, 1979.5 ], [ 3300.6, 1978.5 ], [ 3300.0, 1977.1 ], [ 3301.1, 1976.3 ], [ 3302.4, 1975.7 ], [ 3302.7, 1974.4 ], [ 3302.3, 1973.0 ], [ 3302.0, 1971.9 ], [ 3300.8, 1969.6 ], [ 3296.0, 1963.0 ], [ 3294.2, 1961.7 ], [ 3290.3, 1960.8 ], [ 3289.7, 1960.3 ], [ 3285.9, 1960.6 ], [ 3284.6, 1959.9 ], [ 3281.8, 1962.9 ], [ 3280.6, 1963.3 ], [ 3279.1, 1963.4 ], [ 3276.7, 1962.6 ], [ 3275.3, 1962.4 ], [ 3274.7, 1961.7 ], [ 3274.0, 1959.9 ], [ 3273.5, 1958.0 ], [ 3273.3, 1956.7 ], [ 3272.8, 1955.6 ], [ 3265.5, 1952.1 ], [ 3263.1, 1951.5 ], [ 3260.2, 1951.3 ], [ 3259.3, 1951.6 ], [ 3256.9, 1953.3 ], [ 3256.1, 1954.2 ], [ 3255.2, 1954.7 ], [ 3252.9, 1953.0 ], [ 3251.6, 1952.7 ], [ 3251.5, 1951.6 ], [ 3252.8, 1950.5 ], [ 3251.4, 1950.1 ], [ 3249.9, 1950.4 ], [ 3248.7, 1950.3 ], [ 3248.2, 1949.1 ] ] } },
{ "type": "Feature", "properties": { "name": "Donau", "scalerank": 2, "featurecla": "River", "source": "ne_10m_rivers_lake_centerlines" }, "geometry": { "type": "LineString", "coordinates": [ [ 3248.2, 1949.1 ], [ 3247.9, 1948.6 ] ] } },
{ "type": "Feature", "properties": { "name": "Marne", "scalerank": 9, "featurecla": "River", "source": "ne_10m_rivers_lake_centerlines" }, "geometry": { "type": "LineString", "coordinates": [ [ 2514.8, 2101.0 ], [ 2512.7, 2100.9 ], [ 2510.3, 2099.9 ], [ 2507.1, 2097.3 ], [ 2506.3, 2096.6 ], [ 2503.9, 2093.0 ], [ 2500.9, 2080.5 ], [ 2499.0, 2076.8 ], [ 2494.2, 2071.8 ], [ 2492.9, 2069.5 ], [ 2491.4, 2065.9 ], [ 2491.0, 2064.3 ], [ 2490.7, 2062.2 ], [ 2490.7, 2059.3 ], [ 2492.0, 2052.3 ], [ 2491.8, 2048.9 ], [ 2490.5, 2043.1 ], [ 2490.7, 2039.4 ], [ 2491.9, 2035.1 ], [ 2491.7, 2033.0 ], [ 2490.1, 2031.4 ], [ 2490.6, 2031.2 ], [ 2491.1, 2030.7 ], [ 2491.6, 2029.9 ], [ 2492.1, 2028.9 ], [ 2493.1, 2026.7 ], [ 2493.8, 2024.3 ], [ 2494.3, 2022.0 ], [ 2494.5, 2020.0 ], [ 2493.8, 2012.9 ], [ 2494.0, 2012.1 ], [ 2494.9, 2010.7 ], [ 2495.0, 2010.0 ], [ 2494.4, 2009.1 ], [ 2492.3, 2006.0 ], [ 2490.5, 2001.2 ], [ 2485.5, 1992.9 ], [ 2484.0, 1988.8 ], [ 2484.0, 1988.0 ], [ 2484.4, 1986.2 ], [ 2484.3, 1985.6 ], [ 2483.7, 1985.0 ], [ 2482.9, 1985.1 ], [ 2482.2, 1985.3 ], [ 2481.5, 1985.1 ], [ 2479.2, 1983.2 ], [ 2477.1, 1982.1 ], [ 2474.8, 1981.6 ], [ 2470.0, 1981.2 ], [ 2463.6, 1978.7 ], [ 2459.3, 1978.2 ], [ 2450.7, 1978.7 ], [ 2446.4, 1977.2 ], [ 2444.1, 1975.2 ], [ 2438.4, 1967.9 ], [ 2438.1, 1966.7 ], [ 2437.9, 1961.1 ], [ 2437.4, 1959.5 ], [ 2436.6, 1958.0 ], [ 2435.8, 1956.6 ], [ 2434.8, 1955.6 ], [ 2434.2, 1954.2 ], [ 2432.5, 1948.0 ], [ 2430.8, 1945.1 ], [ 2428.9, 1942.6 ], [ 2427.9, 1941.9 ], [ 2425.7, 1941.0 ], [ 2425.0, 1940.2 ], [ 2423.7, 1936.9 ], [ 2423.0, 1935.6 ], [ 2422.0, 1934.2 ], [ 2419.0, 1930.9 ], [ 2418.2, 1929.5 ], [ 2416.6, 1924.9 ], [ 2415.6, 1923.5 ], [ 2413.9, 1922.3 ], [ 2407.7, 1919.5 ], [ 2399.9, 1912.7 ], [ 2396.8, 1911.6 ], [ 2386.5, 1910.5 ], [ 2385.0, 1910.0 ], [ 2384.6, 1909.1 ], [ 2384.5, 1908.0 ], [ 2383.8, 1906.8 ], [ 2382.8, 1906.2 ], [ 2379.3, 1905.4 ], [ 2372.9, 1902.9 ], [ 2363.8, 1903.1 ], [ 2358.9, 1901.5 ], [ 2337.1, 1899.8 ], [ 2334.2, 1900.7 ], [ 2328.8, 1904.2 ], [ 2325.9, 1905.0 ], [ 2323.7, 1905.0 ], [ 2322.5, 1905.3 ], [ 2321.5, 1906.0 ], [ 2321.0, 1906.7 ], [ 2320.3, 1908.8 ], [ 2319.8, 1909.6 ], [ 2319.0, 1910.4 ], [ 2316.1, 1912.4 ], [ 2314.4, 1913.1 ], [ 2309.2, 1914.0 ], [ 2307.5, 1914.4 ], [ 2305.9, 1914.3 ], [ 2304.3, 1913.7 ], [ 2301.1, 1911.6 ], [ 2299.8, 1911.3 ], [ 2298.7, 1911.9 ], [ 2295.2, 1915.1 ], [ 2293.2, 1916.0 ], [ 2291.2, 1916.4 ], [ 2284.3, 1915.5 ], [ 2281.9, 1914.6 ], [ 2281.1, 1913.1 ], [ 2282.3, 1912.1 ], [ 2284.4, 1911.7 ], [ 2285.7, 1910.5 ], [ 2284.8, 1907.1 ], [ 2283.8, 1906.2 ], [ 2283.0, 1906.8 ], [ 2282.3, 1907.9 ], [ 2281.4, 1908.6 ], [ 2280.3, 1908.6 ], [ 2276.7, 1907.6 ], [ 2276.3, 1907.4 ], [ 2275.9, 1907.5 ], [ 2275.0, 1908.5 ], [ 2273.8, 1910.3 ], [ 2274.3, 1911.0 ], [ 2275.0, 1911.7 ], [ 2274.8, 1913.5 ], [ 2273.1, 1916.0 ], [ 2271.0, 1916.2 ], [ 2269.0, 1915.6 ], [ 2267.4, 1915.5 ], [ 2266.5, 1916.8 ], [ 2264.8, 1920.5 ], [ 2264.0, 1921.5 ], [ 2262.4, 1921.2 ], [ 2261.7, 1919.8 ], [ 2260.8, 1916.1 ], [ 2259.6, 1915.2 ], [ 2257.7, 1915.8 ], [ 2255.5, 1916.9 ], [ 2251.7, 1918.0 ], [ 2251.8, 1918.8 ], [ 2253.3, 1920.4 ], [ 2254.3, 1921.0 ], [ 2255.6, 1921.2 ], [ 2256.1, 1921.7 ], [ 2254.8, 1923.2 ], [ 2252.5, 1924.2 ], [ 2242.4, 1924.5 ], [ 2236.0, 1922.8 ], [ 2235.0, 1922.7 ], [ 2234.0, 1922.9 ], [ 2233.1, 1923.4 ], [ 2232.2, 1924.7 ], [ 2230.7, 1927.6 ], [ 2229.4, 1928.8 ], [ 2227.1, 1929.1 ], [ 2226.0, 1929.6 ], [ 2226.0, 1930.6 ], [ 2227.0, 1931.5 ], [ 2228.5, 1932.3 ], [ 2229.5, 1933.4 ], [ 2229.4, 1935.1 ], [ 2228.1, 1936.4 ], [ 2226.6, 1935.9 ], [ 2225.4, 1934.6 ], [ 2223.2, 1931.6 ], [ 2221.7, 1930.9 ], [ 2220.1, 1930.7 ], [ 2218.4, 1930.8 ] ] } },
{ "type": "Feature", "properties": { "name": "Seine", "scalerank": 4, "featurecla": "River", "source": "ne_10m_rivers_lake_centerlines" }, "geometry": { "type": "LineString", "coordinates": [ [ 2438.7, 2152.4 ], [ 2437.9, 2150.2 ], [ 2437.8, 2148.0 ], [ 2438.3, 2145.9 ], [ 2438.6, 2143.3 ], [ 2438.9, 2142.3 ], [ 2438.6, 2141.2 ], [ 2437.9, 2140.1 ], [ 2437.3, 2138.9 ], [ 2437.1, 2136.8 ], [ 2437.3, 2133.2 ], [ 2437.2, 2131.9 ], [ 2436.4, 2126.6 ], [ 2435.8, 2125.6 ], [ 2434.4, 2124.5 ], [ 2431.3, 2123.2 ], [ 2430.1, 2122.3 ], [ 2429.7, 2120.5 ], [ 2429.4, 2116.4 ], [ 2428.1, 2112.9 ], [ 2426.2, 2110.0 ], [ 2424.1, 2107.8 ], [ 2424.6, 2106.0 ], [ 2426.7, 2101.7 ], [ 2427.6, 2098.9 ], [ 2428.3, 2097.4 ], [ 2429.2, 2096.5 ], [ 2427.3, 2096.4 ], [ 2426.0, 2095.3 ], [ 2425.2, 2093.6 ], [ 2424.6, 2091.9 ], [ 2425.2, 2091.5 ], [ 2425.5, 2091.0 ], [ 2425.8, 2090.5 ], [ 2426.1, 2089.9 ], [ 2424.7, 2088.3 ], [ 2422.0, 2082.2 ], [ 2422.1, 2080.8 ], [ 2420.9, 2077.8 ], [ 2419.4, 2074.9 ], [ 2418.6, 2074.0 ], [ 2417.4, 2071.1 ], [ 2411.5, 2065.3 ], [ 2410.4, 2060.5 ], [ 2410.6, 2057.3 ], [ 2410.5, 2055.7 ], [ 2409.5, 2054.8 ], [ 2407.4, 2053.4 ], [ 2406.5, 2052.7 ], [ 2406.0, 2051.9 ], [ 2405.4, 2051.4 ], [ 2404.3, 2051.1 ], [ 2401.3, 2051.1 ], [ 2400.4, 2050.8 ], [ 2391.6, 2040.4 ], [ 2389.2, 2040.3 ], [ 2388.7, 2038.0 ], [ 2388.0, 2036.0 ], [ 2387.0, 2034.2 ], [ 2386.2, 2032.7 ], [ 2385.0, 2030.1 ], [ 2382.8, 2022.2 ], [ 2381.2, 2020.5 ], [ 2378.8, 2019.1 ], [ 2375.3, 2013.7 ], [ 2372.6, 2011.0 ], [ 2369.5, 2002.6 ], [ 2367.0, 1998.1 ], [ 2366.3, 1995.7 ], [ 2366.6, 1993.9 ], [ 2363.5, 1990.1 ], [ 2359.3, 1988.7 ], [ 2354.9, 1987.9 ], [ 2351.0, 1986.2 ], [ 2350.6, 1985.5 ], [ 2349.5, 1982.9 ], [ 2349.1, 1982.5 ], [ 2348.5, 1981.8 ], [ 2348.1, 1981.5 ], [ 2347.8, 1982.2 ], [ 2347.6, 1982.5 ], [ 2347.0, 1983.0 ], [ 2346.4, 1983.4 ], [ 2345.9, 1983.5 ], [ 2343.8, 1983.6 ], [ 2341.6, 1984.1 ], [ 2339.5, 1985.0 ], [ 2337.9, 1986.6 ], [ 2336.5, 1987.6 ], [ 2334.4, 1987.8 ], [ 2330.5, 1987.6 ], [ 2329.9, 1987.2 ], [ 2329.2, 1986.5 ], [ 2328.6, 1986.4 ], [ 2328.3, 1987.9 ], [ 2327.8, 1988.5 ], [ 2325.6, 1990.0 ], [ 2324.9, 1990.3 ], [ 2323.9, 1990.3 ], [ 2322.5, 1990.9 ], [ 2321.7, 1991.1 ], [ 2321.0, 1991.0 ], [ 2320.5, 1990.8 ], [ 2319.8, 1990.7 ], [ 2318.9, 1990.8 ], [ 2318.7, 1991.2 ], [ 2316.4, 1993.7 ], [ 2315.4, 1994.1 ], [ 2314.6, 1994.0 ], [ 2314.0, 1994.2 ], [ 2313.5, 1995.6 ], [ 2312.7, 1995.6 ], [ 2311.4, 1994.3 ], [ 2309.3, 1993.9 ], [ 2307.3, 1994.6 ], [ 2306.3, 1996.6 ], [ 2305.3, 1997.8 ], [ 2303.0, 1998.8 ], [ 2298.9, 1999.6 ], [ 2294.5, 1997.8 ], [ 2292.2, 1997.2 ], [ 2290.2, 1998.2 ], [ 2288.6, 1999.6 ], [ 2284.1, 2001.8 ], [ 2282.4, 2002.3 ], [ 2280.1, 2002.3 ], [ 2273.8, 2000.4 ], [ 2258.2, 2002.4 ], [ 2257.0, 2001.4 ], [ 2256.7, 2000.7 ], [ 2254.8, 1998.9 ], [ 2254.1, 1998.5 ], [ 2253.6, 1998.7 ], [ 2252.5, 1999.3 ], [ 2251.9, 1999.4 ], [ 2251.6, 1998.9 ], [ 2251.7, 1997.9 ], [ 2252.0, 1996.8 ], [ 2251.9, 1996.2 ], [ 2250.5, 1995.9 ], [ 2249.0, 1995.9 ], [ 2247.7, 1995.7 ], [ 2247.0, 1994.7 ], [ 2247.0, 1992.7 ], [ 2247.8, 1991.1 ], [ 2249.0, 1989.9 ], [ 2249.7, 1988.6 ], [ 2249.3, 1985.6 ], [ 2247.1, 1984.8 ], [ 2244.1, 1984.6 ], [ 2241.8, 1983.5 ], [ 2241.0, 1981.9 ], [ 2241.1, 1980.4 ], [ 2241.3, 1978.7 ], [ 2240.9, 1977.0 ], [ 2239.8, 1975.9 ], [ 2238.6, 1976.2 ], [ 2236.6, 1977.7 ], [ 2234.8, 1978.0 ], [ 2233.9, 1977.8 ], [ 2231.8, 1976.1 ], [ 2228.2, 1974.4 ], [ 2227.1, 1973.6 ], [ 2227.2, 1972.4 ], [ 2228.7, 1971.5 ], [ 2228.3, 1970.6 ], [ 2225.5, 1969.1 ], [ 2223.1, 1968.7 ], [ 2222.9, 1967.6 ], [ 2223.2, 1964.1 ], [ 2222.3, 1960.3 ], [ 2219.7, 1956.4 ], [ 2214.6, 1950.8 ], [ 2218.6, 1946.6 ], [ 2220.3, 1944.2 ], [ 2220.7, 1942.4 ], [ 2219.4, 1940.2 ], [ 2218.9, 1939.0 ], [ 2218.8, 1937.9 ], [ 2219.2, 1934.7 ], [ 2219.0, 1933.9 ], [ 2218.6, 1932.1 ], [ 2216.8, 1927.9 ], [ 2213.9, 1924.2 ], [ 2210.4, 1922.1 ], [ 2206.9, 1922.4 ], [ 2203.1, 1925.7 ], [ 2201.0, 1926.2 ], [ 2200.5, 1923.2 ], [ 2201.4, 1920.8 ], [ 2203.2, 1918.3 ], [ 2205.3, 1916.2 ], [ 2207.0, 1914.9 ], [ 2211.0, 1913.3 ], [ 2211.9, 1912.3 ], [ 2212.4, 1909.6 ], [ 2211.5, 1908.0 ], [ 2209.0, 1908.0 ], [ 2204.8, 1909.4 ], [ 2201.9, 1911.6 ], [ 2200.3, 1912.6 ], [ 2198.4, 1912.9 ], [ 2197.1, 1913.5 ], [ 2194.6, 1916.7 ], [ 2193.3, 1917.8 ], [ 2190.7, 1917.0 ], [ 2190.8, 1913.2 ], [ 2192.7, 1909.1 ], [ 2196.0, 1907.0 ], [ 2196.7, 1906.1 ], [ 2197.3, 1905.0 ], [ 2197.6, 1903.8 ], [ 2197.6, 1902.4 ], [ 2197.2, 1901.8 ], [ 2196.6, 1901.5 ], [ 2194.5, 1900.1 ], [ 2189.3, 1899.1 ], [ 2187.2, 1899.6 ], [ 2185.8, 1901.4 ], [ 2183.3, 1906.0 ], [ 2181.4, 1907.2 ], [ 2179.9, 1906.4 ], [ 2179.3, 1904.3 ], [ 2180.3, 1901.4 ], [ 2178.9, 1897.8 ], [ 2177.8, 1896.4 ], [ 2176.1, 1895.5 ], [ 2174.2, 1895.4 ], [ 2160.8, 1898.9 ], [ 2159.2, 1899.0 ], [ 2155.8, 1898.7 ], [ 2154.4, 1898.0 ], [ 2152.8, 1896.6 ], [ 2151.5, 1894.9 ], [ 2151.0, 1893.3 ], [ 2150.2, 1892.7 ], [ 2144.5, 1892.0 ], [ 2141.8, 1890.7 ], [ 2143.8, 1888.5 ], [ 2150.7, 1884.1 ], [ 2148.3, 1882.7 ], [ 2146.2, 1882.2 ], [ 2144.1, 1882.6 ], [ 2139.2, 1886.1 ], [ 2137.9, 1886.7 ], [ 2136.3, 1886.8 ], [ 2134.9, 1885.8 ], [ 2133.9, 1883.9 ], [ 2133.1, 1882.0 ], [ 2132.1, 1880.7 ], [ 2131.9, 1878.5 ], [ 2131.8, 1877.8 ], [ 2131.3, 1877.4 ], [ 2129.7, 1876.8 ], [ 2129.1, 1876.4 ], [ 2127.2, 1872.5 ], [ 2126.5, 1871.8 ], [ 2125.5, 1871.2 ], [ 2125.0, 1870.0 ], [ 2124.5, 1868.6 ], [ 2123.9, 1867.3 ], [ 2121.0, 1864.3 ], [ 2120.9, 1863.6 ], [ 2118.4, 1862.6 ], [ 2117.4, 1860.2 ], [ 2118.1, 1858.0 ], [ 2120.6, 1857.2 ], [ 2122.3, 1856.3 ], [ 2122.5, 1854.0 ], [ 2121.3, 1852.0 ], [ 2118.7, 1851.7 ], [ 2116.9, 1852.8 ], [ 2112.6, 1856.5 ], [ 2110.8, 1857.1 ], [ 2109.8, 1856.8 ], [ 2107.5, 1855.6 ], [ 2106.4, 1854.9 ], [ 2106.8, 1853.5 ], [ 2107.8, 1852.1 ], [ 2108.3, 1851.5 ], [ 2109.1, 1850.1 ], [ 2109.7, 1849.5 ], [ 2110.0, 1848.7 ], [ 2110.4, 1844.7 ], [ 2110.4, 1843.3 ], [ 2110.0, 1842.4 ], [ 2093.6, 1839.1 ], [ 2087.9, 1841.1 ], [ 2085.0, 1841.2 ], [ 2083.9, 1838.9 ], [ 2085.1, 1837.3 ], [ 2087.6, 1836.3 ], [ 2090.3, 1835.8 ], [ 2094.4, 1835.7 ], [ 2096.1, 1835.0 ], [ 2097.4, 1833.2 ], [ 2098.3, 1830.1 ], [ 2098.0, 1824.5 ], [ 2096.0, 1819.8 ], [ 2092.8, 1817.9 ], [ 2089.0, 1820.4 ], [ 2085.8, 1829.2 ], [ 2084.6, 1830.5 ], [ 2080.7, 1831.0 ], [ 2078.8, 1830.6 ], [ 2077.5, 1828.5 ], [ 2077.4, 1825.6 ], [ 2078.3, 1822.7 ], [ 2079.6, 1819.8 ], [ 2080.4, 1816.6 ], [ 2080.6, 1812.8 ], [ 2079.9, 1810.7 ], [ 2078.5, 1809.9 ], [ 2075.3, 1810.5 ], [ 2074.5, 1810.8 ], [ 2073.8, 1811.5 ], [ 2073.1, 1813.0 ], [ 2073.1, 1814.1 ], [ 2073.5, 1818.5 ], [ 2074.0, 1819.4 ], [ 2073.3, 1821.1 ], [ 2072.4, 1822.6 ], [ 2071.9, 1823.0 ], [ 2071.3, 1823.9 ], [ 2070.2, 1823.0 ], [ 2067.8, 1819.5 ], [ 2067.7, 1818.5 ], [ 2067.9, 1816.6 ], [ 2069.4, 1814.1 ], [ 2070.0, 1812.4 ], [ 2069.6, 1811.5 ], [ 2069.1, 1811.1 ], [ 2067.9, 1809.5 ], [ 2066.0, 1808.5 ], [ 2065.9, 1807.4 ], [ 2066.1, 1806.1 ], [ 2065.9, 1804.6 ], [ 2064.6, 1803.1 ], [ 2062.7, 1802.3 ], [ 2058.3, 1801.5 ], [ 2056.7, 1802.5 ], [ 2055.4, 1805.1 ], [ 2053.4, 1810.5 ], [ 2052.1, 1812.3 ], [ 2050.5, 1813.4 ], [ 2048.6, 1813.9 ], [ 2046.3, 1813.9 ], [ 2044.4, 1812.7 ], [ 2041.7, 1807.8 ], [ 2040.0, 1805.6 ], [ 2038.9, 1804.5 ], [ 2038.3, 1804.2 ], [ 2037.4, 1804.1 ] ] } },
{ "type": "Feature", "properties": { "name": "Neckar", "scalerank": 10, "featurecla": "River", "source": "ne_10m_rivers_europe" }, "geometry": { "type": "LineString", "coordinates": [ [ 2832.1, 2059.5 ], [ 2833.8, 2059.1 ], [ 2835.6, 2059.7 ], [ 2837.6, 2061.8 ], [ 2839.5, 2064.9 ], [ 2842.5, 2071.0 ], [ 2844.2, 2073.1 ], [ 2846.4, 2073.5 ], [ 2849.1, 2072.3 ], [ 2850.7, 2069.6 ], [ 2850.3, 2066.1 ], [ 2848.9, 2061.8 ], [ 2847.6, 2052.2 ], [ 2845.7, 2046.0 ], [ 2846.1, 2043.2 ], [ 2848.2, 2040.3 ], [ 2854.5, 2035.5 ], [ 2854.5, 2033.9 ], [ 2853.1, 2032.7 ], [ 2852.3, 2031.2 ], [ 2852.7, 2029.5 ], [ 2854.2, 2027.8 ], [ 2857.0, 2026.4 ], [ 2860.4, 2025.2 ], [ 2864.4, 2024.8 ], [ 2872.6, 2025.7 ], [ 2875.4, 2024.8 ], [ 2878.4, 2023.2 ], [ 2888.1, 2019.0 ], [ 2899.8, 2013.0 ], [ 2904.1, 2012.0 ], [ 2909.0, 2009.8 ], [ 2910.9, 2009.4 ], [ 2912.0, 2008.7 ], [ 2914.1, 2004.4 ], [ 2915.7, 2002.3 ], [ 2917.6, 2001.0 ], [ 2921.6, 1999.6 ], [ 2923.7, 1998.2 ], [ 2925.9, 1995.1 ], [ 2928.2, 1990.2 ], [ 2929.3, 1986.0 ], [ 2928.6, 1984.3 ], [ 2926.0, 1983.7 ], [ 2922.4, 1982.3 ], [ 2919.1, 1980.2 ], [ 2917.0, 1977.8 ], [ 2915.7, 1975.4 ], [ 2914.0, 1973.3 ], [ 2912.9, 1971.0 ], [ 2913.1, 1968.2 ], [ 2914.5, 1965.2 ], [ 2916.3, 1962.5 ], [ 2917.5, 1959.1 ], [ 2917.3, 1954.6 ], [ 2915.5, 1950.7 ], [ 2910.7, 1948.1 ], [ 2911.1, 1943.8 ], [ 2909.5, 1941.4 ], [ 2907.5, 1939.1 ], [ 2906.6, 1937.1 ], [ 2906.9, 1935.1 ], [ 2908.3, 1931.3 ], [ 2907.9, 1930.0 ], [ 2907.1, 1928.4 ], [ 2906.5, 1926.2 ], [ 2906.8, 1924.1 ], [ 2909.8, 1921.2 ], [ 2911.3, 1918.8 ], [ 2912.3, 1915.6 ], [ 2912.7, 1911.9 ], [ 2912.0, 1908.6 ], [ 2908.4, 1903.3 ], [ 2905.7, 1893.8 ], [ 2903.8, 1890.9 ], [ 2902.2, 1889.2 ], [ 2901.6, 1887.2 ], [ 2901.4, 1885.1 ], [ 2900.8, 1882.9 ], [ 2899.5, 1880.6 ], [ 2897.7, 1878.2 ], [ 2895.6, 1876.4 ], [ 2892.4, 1875.0 ], [ 2891.8, 1871.9 ], [ 2890.9, 1870.1 ], [ 2888.7, 1869.3 ], [ 2885.5, 1869.7 ], [ 2882.5, 1871.2 ], [ 2881.0, 1872.9 ], [ 2880.2, 1874.8 ], [ 2878.6, 1876.7 ], [ 2876.1, 1878.1 ], [ 2872.8, 1878.8 ], [ 2870.2, 1878.6 ], [ 2869.1, 1877.7 ], [ 2868.3, 1876.6 ], [ 2866.5, 1875.7 ], [ 2863.8, 1875.4 ], [ 2858.4, 1875.4 ], [ 2856.9, 1874.3 ], [ 2855.4, 1871.9 ], [ 2852.6, 1869.0 ], [ 2850.0, 1866.9 ], [ 2846.7, 1866.5 ], [ 2842.7, 1864.9 ], [ 2838.4, 1862.6 ], [ 2836.1, 1861.1 ], [ 2835.0, 1860.0 ] ] } },
{ "type": "Feature", "properties": { "name": "Sarre", "scalerank": 10, "featurecla": "River", "source": "ne_10m_rivers_europe" }, "geometry": { "type": "LineString", "coordinates": [ [ 2702.3, 2005.9 ], [ 2699.8, 2002.1 ], [ 2698.2, 1998.6 ], [ 2697.7, 1995.8 ], [ 2696.9, 1993.6 ], [ 2691.5, 1990.0 ], [ 2689.0, 1987.1 ], [ 2687.6, 1983.8 ], [ 2687.3, 1980.9 ], [ 2688.5, 1978.2 ], [ 2690.4, 1975.3 ], [ 2691.7, 1972.4 ], [ 2691.3, 1969.8 ], [ 2689.7, 1967.9 ], [ 2688.0, 1966.8 ], [ 2687.3, 1965.7 ], [ 2690.4, 1955.8 ], [ 2694.2, 1949.1 ], [ 2694.9, 1946.5 ], [ 2694.5, 1945.0 ], [ 2693.5, 1944.5 ], [ 2692.2, 1943.2 ], [ 2691.2, 1940.0 ], [ 2691.2, 1936.3 ], [ 2692.7, 1934.1 ], [ 2698.7, 1930.3 ], [ 2701.0, 1927.5 ], [ 2701.5, 1924.6 ], [ 2700.5, 1922.5 ], [ 2699.4, 1921.6 ], [ 2697.7, 1920.9 ], [ 2695.4, 1919.1 ], [ 2693.2, 1916.1 ], [ 2691.8, 1912.4 ], [ 2691.3, 1908.4 ], [ 2691.1, 1904.8 ], [ 2690.5, 1901.9 ], [ 2689.1, 1899.7 ], [ 2687.3, 1898.5 ], [ 2683.4, 1897.9 ], [ 2677.2, 1895.9 ], [ 2673.2, 1895.6 ], [ 2670.4, 1892.5 ], [ 2668.3, 1891.2 ], [ 2666.5, 1889.6 ], [ 2665.0, 1884.9 ], [ 2660.6, 1879.9 ], [ 2658.4, 1874.7 ], [ 2653.7, 1868.3 ], [ 2652.7, 1865.7 ], [ 2652.0, 1863.1 ], [ 2650.5, 1860.2 ], [ 2649.4, 1857.3 ], [ 2649.8, 1854.8 ], [ 2650.9, 1852.7 ], [ 2651.2, 1850.6 ], [ 2650.5, 1848.4 ], [ 2647.6, 1843.6 ], [ 2646.6, 1841.3 ], [ 2646.7, 1838.9 ], [ 2648.0, 1836.2 ], [ 2649.1, 1832.8 ], [ 2649.1, 1828.7 ], [ 2647.8, 1824.6 ] ] } },
{ "type": "Feature", "properties": { "name": "Mosel", "scalerank": 7, "featurecla": "River", "source": "ne_10m_rivers_lake_centerlines" }, "geometry": { "type": "LineString", "coordinates": [ [ 2673.0, 2087.9 ], [ 2668.5, 2088.3 ], [ 2666.2, 2089.3 ], [ 2664.4, 2091.0 ], [ 2663.2, 2094.2 ], [ 2661.8, 2095.5 ], [ 2659.7, 2096.1 ], [ 2657.3, 2096.1 ], [ 2655.1, 2095.3 ], [ 2653.4, 2093.9 ], [ 2652.2, 2091.6 ], [ 2651.2, 2088.7 ], [ 2649.4, 2086.4 ], [ 2646.6, 2085.7 ], [ 2643.3, 2085.4 ], [ 2640.5, 2084.0 ], [ 2639.2, 2081.8 ], [ 2639.9, 2079.2 ], [ 2640.8, 2076.5 ], [ 2640.7, 2075.1 ], [ 2639.7, 2074.3 ], [ 2636.2, 2071.0 ], [ 2635.2, 2069.6 ], [ 2634.6, 2069.6 ], [ 2633.8, 2069.9 ], [ 2632.6, 2069.7 ], [ 2631.6, 2069.0 ], [ 2631.2, 2067.8 ], [ 2630.9, 2065.7 ], [ 2630.1, 2065.5 ], [ 2628.9, 2066.0 ], [ 2627.7, 2066.0 ], [ 2625.7, 2063.9 ], [ 2624.9, 2061.1 ], [ 2624.9, 2057.8 ], [ 2625.3, 2054.4 ], [ 2623.5, 2048.9 ], [ 2622.2, 2045.7 ], [ 2620.6, 2043.5 ], [ 2620.3, 2042.4 ], [ 2620.3, 2040.5 ], [ 2607.0, 2024.7 ], [ 2607.1, 2023.8 ], [ 2607.9, 2023.0 ], [ 2609.1, 2020.8 ], [ 2610.1, 2019.6 ], [ 2611.9, 2018.4 ], [ 2612.7, 2017.6 ], [ 2613.1, 2016.0 ], [ 2612.8, 2012.4 ], [ 2611.7, 2009.4 ], [ 2608.7, 2004.6 ], [ 2607.1, 2002.8 ], [ 2605.3, 2001.3 ], [ 2604.8, 2000.5 ], [ 2604.7, 1999.8 ], [ 2604.5, 1999.3 ], [ 2603.7, 1999.1 ], [ 2602.2, 1999.1 ], [ 2601.5, 1998.9 ], [ 2600.9, 1998.4 ], [ 2599.6, 1996.4 ], [ 2597.5, 1994.0 ], [ 2595.2, 1992.5 ], [ 2593.0, 1993.3 ], [ 2591.2, 1991.9 ], [ 2589.2, 1990.8 ], [ 2587.4, 1989.2 ], [ 2586.4, 1986.6 ], [ 2584.4, 1985.3 ], [ 2573.8, 1985.3 ], [ 2573.4, 1984.8 ], [ 2572.7, 1984.7 ], [ 2572.0, 1984.4 ], [ 2571.8, 1983.0 ], [ 2572.0, 1981.4 ], [ 2572.3, 1980.6 ], [ 2574.1, 1979.4 ], [ 2574.9, 1979.4 ], [ 2577.1, 1979.7 ], [ 2577.6, 1979.1 ], [ 2577.9, 1978.4 ], [ 2579.9, 1976.7 ], [ 2582.3, 1971.9 ], [ 2583.7, 1970.1 ], [ 2585.5, 1969.5 ], [ 2589.3, 1969.7 ], [ 2590.5, 1970.2 ], [ 2591.5, 1970.2 ], [ 2592.5, 1969.3 ], [ 2594.3, 1968.2 ], [ 2596.2, 1967.9 ], [ 2597.5, 1967.2 ], [ 2597.4, 1964.7 ], [ 2596.4, 1963.3 ], [ 2595.2, 1962.7 ], [ 2594.9, 1961.8 ], [ 2596.2, 1959.5 ], [ 2595.3, 1958.8 ], [ 2594.6, 1958.5 ], [ 2594.0, 1958.6 ], [ 2593.5, 1959.3 ], [ 2592.8, 1957.3 ], [ 2592.4, 1955.1 ], [ 2592.6, 1953.1 ], [ 2593.8, 1951.9 ], [ 2593.9, 1950.8 ], [ 2591.9, 1950.0 ], [ 2590.1, 1947.5 ], [ 2589.4, 1944.2 ], [ 2590.1, 1942.1 ], [ 2590.8, 1941.2 ], [ 2590.1, 1939.3 ], [ 2588.5, 1932.5 ], [ 2589.8, 1931.4 ], [ 2590.4, 1929.6 ], [ 2590.8, 1927.5 ], [ 2591.7, 1925.2 ], [ 2594.8, 1919.0 ], [ 2596.7, 1917.0 ], [ 2601.9, 1912.8 ], [ 2603.9, 1912.1 ], [ 2605.9, 1910.8 ], [ 2607.4, 1907.9 ], [ 2607.8, 1905.0 ], [ 2606.1, 1903.8 ], [ 2606.7, 1901.5 ], [ 2607.1, 1899.0 ], [ 2606.8, 1896.8 ], [ 2605.8, 1895.3 ], [ 2606.6, 1894.2 ], [ 2605.9, 1893.1 ], [ 2606.5, 1892.3 ], [ 2606.8, 1891.6 ], [ 2607.4, 1890.0 ], [ 2605.1, 1887.8 ], [ 2605.0, 1884.3 ], [ 2605.2, 1880.5 ], [ 2603.9, 1877.1 ], [ 2606.8, 1875.9 ], [ 2608.3, 1875.0 ], [ 2609.0, 1873.6 ], [ 2609.8, 1872.8 ], [ 2614.4, 1870.2 ], [ 2615.4, 1870.0 ], [ 2616.1, 1869.5 ], [ 2617.3, 1867.7 ], [ 2618.2, 1866.8 ], [ 2618.9, 1867.0 ], [ 2619.6, 1867.5 ], [ 2620.4, 1867.3 ], [ 2621.2, 1866.1 ], [ 2621.6, 1864.7 ], [ 2622.0, 1863.6 ], [ 2623.0, 1863.2 ], [ 2624.0, 1863.2 ], [ 2624.1, 1861.6 ], [ 2624.0, 1856.9 ], [ 2625.2, 1850.5 ], [ 2625.4, 1845.6 ], [ 2626.1, 1843.9 ], [ 2627.7, 1841.6 ], [ 2630.5, 1838.5 ], [ 2631.6, 1836.5 ], [ 2632.4, 1835.4 ], [ 2632.7, 1834.7 ], [ 2632.7, 1833.7 ], [ 2632.1, 1833.0 ], [ 2631.5, 1832.6 ], [ 2631.3, 1832.0 ], [ 2633.0, 1829.9 ], [ 2640.6, 1825.5 ], [ 2642.5, 1823.8 ], [ 2645.1, 1823.9 ], [ 2647.8, 1824.6 ], [ 2650.4, 1824.8 ], [ 2652.8, 1823.3 ], [ 2653.7, 1821.4 ], [ 2654.8, 1816.8 ], [ 2655.6, 1815.9 ], [ 2660.7, 1814.2 ], [ 2661.5, 1813.6 ], [ 2661.9, 1810.8 ], [ 2662.4, 1808.9 ], [ 2663.1, 1807.7 ], [ 2664.5, 1807.4 ], [ 2665.7, 1807.9 ], [ 2666.9, 1808.7 ], [ 2669.3, 1809.6 ], [ 2671.5, 1811.8 ], [ 2672.5, 1812.5 ], [ 2674.0, 1812.4 ], [ 2675.1, 1812.0 ], [ 2676.1, 1811.9 ], [ 2677.4, 1812.7 ], [ 2676.7, 1809.5 ], [ 2676.2, 1808.3 ], [ 2675.5, 1807.3 ], [ 2677.0, 1805.3 ], [ 2678.3, 1805.5 ], [ 2682.1, 1809.0 ], [ 2682.3, 1808.4 ], [ 2682.4, 1806.4 ], [ 2682.0, 1803.2 ], [ 2682.0, 1801.1 ], [ 2682.7, 1799.1 ], [ 2683.9, 1798.2 ], [ 2684.9, 1798.7 ], [ 2685.6, 1800.3 ], [ 2686.1, 1802.4 ], [ 2687.9, 1798.4 ], [ 2689.7, 1795.7 ], [ 2692.2, 1794.4 ], [ 2698.9, 1793.9 ], [ 2697.9, 1791.9 ], [ 2692.8, 1786.7 ], [ 2694.3, 1785.0 ], [ 2695.8, 1784.9 ], [ 2699.7, 1786.2 ], [ 2700.0, 1786.6 ], [ 2700.4, 1786.6 ], [ 2702.2, 1784.6 ], [ 2702.8, 1784.2 ], [ 2703.3, 1784.4 ], [ 2703.8, 1785.1 ], [ 2703.8, 1786.1 ], [ 2703.2, 1787.9 ], [ 2704.0, 1789.2 ], [ 2705.4, 1789.2 ], [ 2706.4, 1787.2 ], [ 2706.1, 1785.8 ], [ 2705.1, 1784.4 ], [ 2704.5, 1782.7 ], [ 2705.3, 1780.8 ], [ 2704.9, 1778.4 ], [ 2704.9, 1775.6 ], [ 2705.5, 1774.0 ], [ 2706.6, 1775.1 ], [ 2708.8, 1778.7 ], [ 2710.2, 1779.8 ], [ 2710.9, 1778.5 ], [ 2710.4, 1775.9 ], [ 2709.0, 1774.7 ], [ 2707.5, 1773.9 ], [ 2706.4, 1772.4 ], [ 2706.4, 1770.5 ], [ 2706.8, 1768.5 ], [ 2706.8, 1767.0 ], [ 2705.2, 1766.0 ], [ 2707.4, 1766.1 ], [ 2709.5, 1766.9 ], [ 2711.3, 1768.2 ], [ 2712.6, 1769.5 ], [ 2713.3, 1768.9 ], [ 2714.0, 1768.5 ], [ 2713.6, 1767.7 ], [ 2713.4, 1767.2 ], [ 2713.2, 1766.8 ], [ 2712.7, 1766.3 ], [ 2713.8, 1765.6 ], [ 2715.0, 1765.3 ], [ 2717.6, 1765.5 ], [ 2717.6, 1764.3 ], [ 2716.6, 1763.0 ], [ 2716.8, 1761.5 ], [ 2717.2, 1760.1 ], [ 2717.1, 1759.1 ], [ 2716.1, 1759.0 ], [ 2713.2, 1760.6 ], [ 2711.9, 1761.0 ], [ 2711.3, 1760.5 ], [ 2710.9, 1759.3 ], [ 2710.9, 1758.2 ], [ 2711.4, 1757.7 ], [ 2718.9, 1755.9 ], [ 2721.9, 1756.0 ], [ 2723.2, 1755.6 ], [ 2724.4, 1754.6 ], [ 2725.7, 1753.9 ], [ 2728.8, 1754.5 ], [ 2730.2, 1754.3 ], [ 2731.1, 1753.2 ], [ 2731.9, 1751.4 ], [ 2732.9, 1749.7 ], [ 2734.2, 1749.1 ], [ 2736.6, 1748.4 ], [ 2739.4, 1747.2 ], [ 2739.4, 1746.1 ], [ 2738.7, 1746.0 ], [ 2738.7, 1745.1 ], [ 2739.2, 1744.4 ], [ 2739.2, 1744.3 ], [ 2739.0, 1744.0 ], [ 2738.8, 1742.9 ], [ 2739.9, 1741.8 ], [ 2740.4, 1739.8 ], [ 2740.6, 1737.5 ], [ 2741.1, 1735.5 ], [ 2742.2, 1734.3 ], [ 2743.6, 1734.1 ], [ 2746.9, 1734.7 ], [ 2747.8, 1734.1 ], [ 2749.3, 1732.7 ], [ 2750.5, 1731.3 ], [ 2750.4, 1730.6 ], [ 2750.1, 1729.9 ], [ 2750.7, 1728.4 ], [ 2751.9, 1726.3 ], [ 2752.9, 1726.4 ], [ 2755.6, 1727.5 ] ] } },
{ "type": "Feature", "properties": { "name": "Vrbas", "scalerank": 10, "featurecla": "River", "source": "ne_10m_rivers_europe" }, "geometry": { "type": "LineString", "coordinates": [ [ 3866.5, 2681.5 ], [ 3853.5, 2685.8 ], [ 3850.2, 2687.1 ], [ 3848.1, 2687.1 ], [ 3845.4, 2685.7 ], [ 3843.0, 2683.5 ], [ 3840.6, 2680.4 ], [ 3834.9, 2677.2 ], [ 3832.3, 2674.4 ], [ 3825.3, 2666.0 ], [ 3823.1, 2659.4 ], [ 3821.9, 2657.0 ], [ 3813.1, 2648.6 ], [ 3808.3, 2643.1 ], [ 3804.6, 2638.0 ], [ 3802.2, 2633.5 ], [ 3798.0, 2628.9 ], [ 3797.0, 2626.9 ], [ 3797.5, 2624.8 ], [ 3799.2, 2622.4 ], [ 3800.5, 2619.2 ], [ 3799.9, 2615.5 ], [ 3798.0, 2612.1 ], [ 3794.9, 2608.4 ], [ 3794.2, 2606.3 ], [ 3793.1, 2604.6 ], [ 3788.4, 2602.8 ], [ 3787.1, 2600.9 ], [ 3785.9, 2597.5 ], [ 3781.5, 2589.1 ], [ 3780.3, 2585.7 ], [ 3780.3, 2583.3 ], [ 3781.4, 2578.9 ], [ 3781.2, 2575.6 ], [ 3781.3, 2572.2 ], [ 3783.6, 2567.3 ], [ 3782.9, 2565.1 ], [ 3781.4, 2563.2 ], [ 3780.7, 2561.4 ], [ 3781.5, 2559.7 ], [ 3783.5, 2557.6 ], [ 3785.7, 2554.6 ], [ 3787.3, 2546.2 ], [ 3789.3, 2542.9 ], [ 3796.0, 2535.2 ], [ 3797.9, 2533.8 ], [ 3799.7, 2531.8 ], [ 3803.5, 2524.4 ], [ 3805.2, 2522.1 ], [ 3806.7, 2519.5 ], [ 3809.2, 2509.6 ], [ 3810.1, 2505.1 ], [ 3811.5, 2500.4 ] ] } },
{ "type": "Feature", "properties": { "name": "Una", "scalerank": 12, "featurecla": "River", "source": "ne_10m_rivers_europe" }, "geometry": { "type": "LineString", "coordinates": [ [ 3784.1, 2690.7 ], [ 3782.6, 2688.9 ], [ 3781.2, 2687.7 ], [ 3779.8, 2687.3 ], [ 3778.2, 2688.3 ], [ 3776.4, 2690.4 ], [ 3774.0, 2691.0 ], [ 3771.1, 2688.8 ], [ 3765.4, 2680.6 ], [ 3763.5, 2676.5 ], [ 3761.3, 2668.3 ], [ 3759.4, 2664.8 ], [ 3756.1, 2661.4 ], [ 3751.6, 2657.7 ], [ 3741.3, 2650.5 ], [ 3737.5, 2646.2 ], [ 3736.0, 2645.9 ], [ 3734.2, 2646.4 ], [ 3731.9, 2646.3 ], [ 3728.9, 2644.9 ], [ 3722.2, 2639.5 ], [ 3717.7, 2636.3 ], [ 3716.5, 2634.6 ], [ 3714.1, 2632.5 ], [ 3704.7, 2627.6 ], [ 3699.0, 2623.5 ], [ 3694.0, 2621.4 ], [ 3690.2, 2618.7 ], [ 3686.7, 2615.6 ], [ 3684.4, 2613.1 ], [ 3681.9, 2611.4 ], [ 3677.5, 2610.1 ], [ 3672.8, 2607.9 ], [ 3669.3, 2603.8 ], [ 3666.8, 2599.0 ], [ 3659.3, 2588.3 ], [ 3657.0, 2585.5 ], [ 3651.6, 2581.8 ], [ 3650.0, 2579.8 ], [ 3646.2, 2573.6 ], [ 3646.6, 2572.1 ], [ 3646.5, 2570.0 ], [ 3644.7, 2567.0 ], [ 3641.7, 2563.8 ], [ 3637.0, 2559.9 ], [ 3636.3, 2558.0 ], [ 3638.0, 2555.2 ], [ 3642.1, 2551.3 ], [ 3647.5, 2548.0 ], [ 3652.3, 2547.0 ], [ 3656.1, 2548.1 ], [ 3659.4, 2550.0 ], [ 3662.4, 2551.0 ], [ 3665.8, 2550.2 ], [ 3668.1, 2547.9 ], [ 3668.8, 2545.4 ], [ 3668.9, 2542.2 ], [ 3669.9, 2538.2 ], [ 3671.2, 2535.6 ], [ 3671.5, 2535.2 ], [ 3671.8, 2535.0 ], [ 3672.1, 2534.8 ], [ 3672.5, 2534.8 ], [ 3673.1, 2534.5 ], [ 3673.4, 2534.6 ], [ 3673.6, 2534.6 ], [ 3674.3, 2534.2 ], [ 3675.2, 2533.9 ], [ 3675.6, 2534.0 ], [ 3676.4, 2534.0 ], [ 3676.7, 2534.0 ], [ 3677.0, 2534.1 ], [ 3677.4, 2534.2 ], [ 3677.9, 2534.1 ], [ 3678.2, 2534.0 ], [ 3678.4, 2533.8 ], [ 3678.6, 2533.5 ], [ 3678.7, 2533.4 ], [ 3678.8, 2533.4 ], [ 3679.0, 2533.5 ], [ 3679.2, 2533.5 ], [ 3679.4, 2533.5 ], [ 3679.6, 2533.3 ], [ 3679.7, 2533.2 ], [ 3680.2, 2533.1 ], [ 3680.7, 2532.9 ], [ 3680.8, 2532.7 ], [ 3680.8, 2532.5 ], [ 3680.9, 2532.3 ], [ 3681.0, 2532.2 ], [ 3681.3, 2532.0 ], [ 3682.4, 2531.8 ], [ 3682.9, 2531.4 ], [ 3683.1, 2531.4 ], [ 3683.4, 2531.4 ], [ 3683.9, 2531.3 ], [ 3684.1, 2531.1 ], [ 3684.2, 2531.0 ], [ 3684.3, 2530.9 ], [ 3684.4, 2530.9 ], [ 3684.5, 2531.0 ], [ 3684.7, 2531.1 ], [ 3684.9, 2531.2 ], [ 3685.0, 2531.2 ], [ 3685.1, 2531.1 ], [ 3685.4, 2530.9 ], [ 3686.8, 2528.5 ], [ 3687.9, 2527.9 ], [ 3689.6, 2525.9 ], [ 3689.8, 2524.2 ], [ 3691.7, 2520.0 ], [ 3692.7, 2515.7 ], [ 3694.2, 2511.3 ], [ 3698.9, 2505.8 ], [ 3699.9, 2503.1 ], [ 3700.7, 2500.0 ], [ 3702.4, 2496.7 ], [ 3705.2, 2494.0 ], [ 3708.8, 2492.3 ], [ 3712.3, 2492.0 ], [ 3714.8, 2492.5 ], [ 3720.6, 2494.7 ], [ 3723.9, 2495.2 ], [ 3728.8, 2494.5 ], [ 3735.6, 2495.7 ], [ 3738.2, 2495.5 ], [ 3739.4, 2494.4 ], [ 3739.6, 2492.8 ], [ 3740.3, 2490.2 ], [ 3743.0, 2486.6 ], [ 3745.2, 2484.0 ] ] } },
{ "type": "Feature", "properties": { "name": "Kupa", "scalerank": 10, "featurecla": "River", "source": "ne_10m_rivers_europe" }, "geometry": { "type": "LineString", "coordinates": [ [ 3648.8, 2608.9 ], [ 3650.4, 2609.9 ], [ 3651.7, 2611.1 ], [ 3652.4, 2612.8 ], [ 3651.8, 2615.4 ], [ 3650.0, 2618.7 ], [ 3646.6, 2621.5 ], [ 3638.7, 2623.3 ], [ 3637.8, 2625.2 ], [ 3638.2, 2627.6 ], [ 3638.2, 2629.7 ], [ 3638.6, 2632.4 ], [ 3641.6, 2640.1 ], [ 3641.8, 2642.3 ], [ 3640.7, 2642.8 ], [ 3639.1, 2642.6 ], [ 3637.0, 2641.3 ], [ 3631.5, 2636.9 ], [ 3623.8, 2632.6 ], [ 3620.3, 2629.7 ], [ 3615.7, 2627.7 ], [ 3613.8, 2625.7 ], [ 3611.9, 2622.8 ], [ 3609.3, 2619.8 ], [ 3606.6, 2618.1 ], [ 3604.3, 2618.7 ], [ 3601.7, 2619.9 ], [ 3598.6, 2620.1 ], [ 3596.4, 2619.1 ], [ 3595.8, 2617.4 ], [ 3595.7, 2615.5 ], [ 3593.3, 2612.6 ], [ 3592.0, 2607.5 ], [ 3590.0, 2604.3 ], [ 3587.6, 2602.0 ], [ 3585.0, 2600.9 ], [ 3583.9, 2597.0 ], [ 3583.0, 2595.3 ], [ 3581.0, 2593.4 ], [ 3577.9, 2590.9 ], [ 3575.4, 2588.1 ], [ 3574.9, 2585.6 ], [ 3575.5, 2583.5 ], [ 3575.4, 2581.9 ], [ 3576.2, 2581.0 ], [ 3582.0, 2580.1 ], [ 3583.7, 2579.5 ], [ 3583.9, 2578.1 ], [ 3582.6, 2573.5 ], [ 3582.7, 2571.6 ], [ 3582.4, 2569.9 ], [ 3580.5, 2568.1 ], [ 3571.3, 2563.0 ], [ 3569.3, 2561.1 ], [ 3568.5, 2558.7 ], [ 3568.8, 2556.2 ], [ 3568.0, 2553.3 ], [ 3564.8, 2550.3 ], [ 3560.6, 2548.3 ], [ 3555.1, 2547.5 ], [ 3552.1, 2545.4 ], [ 3549.8, 2542.9 ], [ 3549.1, 2541.5 ], [ 3550.6, 2541.1 ], [ 3553.7, 2541.2 ], [ 3557.1, 2540.4 ], [ 3559.4, 2537.7 ], [ 3560.5, 2534.4 ], [ 3561.0, 2532.1 ], [ 3560.0, 2529.9 ], [ 3554.5, 2523.7 ], [ 3552.4, 2520.8 ], [ 3550.6, 2519.2 ], [ 3546.1, 2518.9 ], [ 3543.7, 2517.5 ], [ 3542.2, 2515.1 ], [ 3542.0, 2512.6 ], [ 3542.4, 2510.3 ], [ 3542.3, 2506.5 ], [ 3543.0, 2504.7 ], [ 3545.1, 2503.8 ], [ 3551.6, 2504.7 ], [ 3553.3, 2503.7 ], [ 3554.2, 2502.4 ], [ 3557.3, 2501.9 ], [ 3560.8, 2499.1 ], [ 3562.7, 2498.2 ], [ 3564.3, 2498.3 ], [ 3565.2, 2499.3 ], [ 3566.1, 2500.9 ], [ 3567.7, 2502.7 ], [ 3569.9, 2504.0 ], [ 3572.0, 2504.5 ], [ 3573.8, 2503.9 ], [ 3575.2, 2502.6 ], [ 3576.6, 2501.9 ], [ 3580.0, 2503.6 ], [ 3581.9, 2503.4 ], [ 3583.2, 2502.0 ], [ 3583.8, 2500.1 ], [ 3583.4, 2498.3 ], [ 3581.8, 2495.5 ], [ 3581.2, 2492.7 ], [ 3581.1, 2488.8 ], [ 3581.6, 2484.4 ], [ 3582.6, 2480.5 ], [ 3583.6, 2477.7 ], [ 3584.9, 2476.1 ], [ 3588.3, 2474.1 ], [ 3589.8, 2472.6 ], [ 3590.7, 2470.5 ], [ 3590.8, 2468.2 ], [ 3591.7, 2466.2 ], [ 3602.3, 2462.1 ], [ 3606.1, 2461.7 ], [ 3609.4, 2460.9 ], [ 3610.4, 2459.0 ], [ 3610.6, 2457.2 ], [ 3611.9, 2456.8 ], [ 3613.6, 2456.7 ], [ 3616.3, 2455.6 ], [ 3618.4, 2455.9 ], [ 3621.2, 2455.5 ], [ 3622.0, 2454.8 ], [ 3624.3, 2454.8 ], [ 3627.0, 2451.1 ], [ 3628.5, 2450.4 ], [ 3629.1, 2450.5 ], [ 3629.6, 2450.7 ], [ 3630.0, 2451.0 ], [ 3630.1, 2451.5 ], [ 3630.2, 2452.1 ], [ 3630.2, 2452.6 ], [ 3630.6, 2452.9 ], [ 3630.9, 2453.1 ], [ 3633.9, 2453.4 ], [ 3634.0, 2453.4 ], [ 3636.4, 2455.7 ], [ 3637.1, 2456.9 ], [ 3637.1, 2457.4 ], [ 3637.2, 2458.0 ], [ 3637.2, 2459.9 ], [ 3638.2, 2461.2 ], [ 3642.8, 2461.2 ], [ 3644.3, 2460.7 ], [ 3645.1, 2459.7 ], [ 3645.9, 2459.0 ], [ 3646.7, 2458.8 ], [ 3647.8, 2458.8 ], [ 3648.6, 2459.0 ], [ 3649.1, 2459.2 ], [ 3650.2, 2460.1 ], [ 3651.8, 2460.9 ], [ 3653.7, 2462.9 ], [ 3654.7, 2462.3 ], [ 3655.3, 2460.3 ], [ 3656.4, 2458.8 ], [ 3658.4, 2457.9 ], [ 3664.3, 2456.2 ], [ 3666.9, 2453.0 ], [ 3668.4, 2452.6 ], [ 3669.8, 2453.4 ], [ 3670.3, 2454.6 ], [ 3669.9, 2456.2 ], [ 3668.8, 2457.5 ], [ 3668.3, 2458.9 ], [ 3669.3, 2460.5 ], [ 3671.3, 2461.1 ], [ 3673.1, 2460.5 ], [ 3675.2, 2459.0 ], [ 3677.7, 2457.7 ], [ 3680.1, 2457.5 ], [ 3684.4, 2459.7 ], [ 3689.2, 2457.6 ] ] } },
{ "type": "Feature", "properties": { "name": "Ljubljanica", "scalerank": 11, "featurecla": "River", "source": "ne_10m_rivers_europe" }, "geometry": { "type": "LineString", "coordinates": [ [ 3673.7, 2427.7 ], [ 3676.0, 2426.2 ], [ 3679.7, 2426.5 ], [ 3683.2, 2428.3 ], [ 3685.9, 2431.6 ], [ 3687.8, 2434.8 ], [ 3689.6, 2436.1 ], [ 3691.4, 2436.7 ], [ 3693.1, 2437.9 ], [ 3694.1, 2440.1 ], [ 3693.9, 2446.0 ], [ 3695.0, 2448.0 ], [ 3697.1, 2448.7 ], [ 3701.5, 2448.5 ], [ 3704.4, 2451.0 ], [ 3716.1, 2454.8 ], [ 3719.2, 2455.1 ], [ 3721.0, 2458.1 ], [ 3724.7, 2460.9 ], [ 3726.7, 2463.0 ], [ 3728.1, 2465.1 ], [ 3728.6, 2466.8 ], [ 3729.6, 2468.3 ], [ 3735.1, 2471.9 ], [ 3736.6, 2474.1 ], [ 3737.5, 2476.1 ], [ 3738.7, 2477.4 ], [ 3740.4, 2477.9 ], [ 3744.5, 2477.1 ], [ 3747.5, 2477.4 ], [ 3750.3, 2478.1 ], [ 3753.8, 2479.5 ], [ 3756.2, 2479.9 ], [ 3759.3, 2480.8 ], [ 3762.7, 2482.9 ], [ 3765.1, 2485.4 ], [ 3766.4, 2489.0 ], [ 3769.7, 2491.5 ], [ 3771.7, 2493.7 ], [ 3773.8, 2497.7 ] ] } },
{ "type": "Feature", "properties": { "name": "Sava", "scalerank": 7, "featurecla": "River", "source": "ne_10m_rivers_lake_centerlines" }, "geometry": { "type": "LineString", "coordinates": [ [ 3555.6, 2379.0 ], [ 3557.5, 2379.7 ], [ 3560.8, 2378.9 ], [ 3562.8, 2378.9 ], [ 3570.3, 2381.2 ], [ 3578.0, 2381.7 ], [ 3580.4, 2382.8 ], [ 3582.4, 2384.9 ], [ 3582.9, 2386.1 ], [ 3583.7, 2388.5 ], [ 3584.4, 2389.7 ], [ 3585.6, 2390.6 ], [ 3590.7, 2392.6 ], [ 3591.5, 2392.8 ], [ 3593.1, 2392.7 ], [ 3594.7, 2392.6 ], [ 3595.5, 2392.7 ], [ 3596.3, 2392.9 ], [ 3599.0, 2394.8 ], [ 3606.8, 2402.5 ], [ 3614.6, 2405.0 ], [ 3616.4, 2406.3 ], [ 3620.3, 2405.9 ], [ 3621.8, 2407.1 ], [ 3625.3, 2411.2 ], [ 3626.0, 2412.4 ], [ 3627.1, 2413.0 ], [ 3639.7, 2412.6 ], [ 3643.1, 2413.4 ], [ 3646.3, 2415.6 ], [ 3647.0, 2415.5 ], [ 3650.4, 2411.0 ], [ 3651.6, 2411.5 ], [ 3653.4, 2410.7 ], [ 3655.3, 2410.7 ], [ 3656.5, 2410.4 ], [ 3657.0, 2410.5 ], [ 3657.3, 2411.1 ], [ 3658.0, 2413.1 ], [ 3658.4, 2413.5 ], [ 3660.1, 2414.1 ], [ 3662.2, 2415.1 ], [ 3664.4, 2415.8 ], [ 3666.3, 2414.9 ], [ 3666.7, 2416.2 ], [ 3666.6, 2417.4 ], [ 3666.1, 2418.4 ], [ 3665.2, 2419.2 ], [ 3666.3, 2420.2 ], [ 3666.8, 2421.2 ], [ 3666.6, 2422.0 ], [ 3665.4, 2422.6 ], [ 3665.5, 2423.5 ], [ 3667.8, 2423.8 ], [ 3668.6, 2423.8 ], [ 3669.2, 2423.2 ], [ 3669.6, 2425.0 ], [ 3669.7, 2426.7 ], [ 3670.1, 2428.0 ], [ 3671.5, 2428.4 ], [ 3673.7, 2427.7 ], [ 3674.5, 2428.0 ], [ 3675.0, 2429.7 ], [ 3676.2, 2431.3 ], [ 3678.4, 2431.0 ], [ 3680.1, 2431.4 ], [ 3679.9, 2435.0 ], [ 3681.2, 2434.5 ], [ 3682.0, 2435.0 ], [ 3682.0, 2436.1 ], [ 3680.8, 2437.1 ], [ 3680.9, 2438.2 ], [ 3683.1, 2438.6 ], [ 3685.9, 2440.8 ], [ 3687.9, 2441.8 ], [ 3688.0, 2442.9 ], [ 3685.9, 2446.1 ], [ 3685.6, 2447.7 ], [ 3686.3, 2449.4 ], [ 3687.2, 2449.1 ], [ 3690.8, 2449.0 ], [ 3690.5, 2450.2 ], [ 3690.0, 2451.3 ], [ 3688.9, 2453.4 ], [ 3688.1, 2452.5 ], [ 3688.3, 2452.2 ], [ 3688.4, 2452.1 ], [ 3688.6, 2451.9 ], [ 3688.7, 2451.3 ], [ 3687.6, 2451.3 ], [ 3686.5, 2451.5 ], [ 3687.0, 2453.7 ], [ 3687.1, 2455.6 ], [ 3687.6, 2457.0 ], [ 3689.2, 2457.6 ], [ 3690.3, 2458.4 ], [ 3692.2, 2460.6 ], [ 3693.3, 2461.6 ], [ 3701.4, 2465.4 ], [ 3704.2, 2465.9 ], [ 3706.8, 2465.0 ], [ 3709.0, 2462.2 ], [ 3709.8, 2463.7 ], [ 3710.5, 2464.7 ], [ 3711.3, 2464.9 ], [ 3712.2, 2464.2 ], [ 3713.9, 2465.8 ], [ 3720.0, 2467.6 ], [ 3719.8, 2470.0 ], [ 3721.1, 2471.2 ], [ 3723.0, 2471.2 ], [ 3725.8, 2468.9 ], [ 3727.5, 2469.9 ], [ 3729.3, 2471.4 ], [ 3730.9, 2472.0 ], [ 3730.8, 2473.2 ], [ 3731.0, 2473.8 ], [ 3731.5, 2473.9 ], [ 3732.6, 2474.0 ], [ 3732.1, 2475.4 ], [ 3731.9, 2476.5 ], [ 3732.1, 2477.2 ], [ 3733.1, 2477.7 ], [ 3734.0, 2477.9 ], [ 3734.7, 2478.0 ], [ 3735.2, 2478.1 ], [ 3735.4, 2477.7 ], [ 3735.9, 2477.1 ], [ 3736.4, 2477.2 ], [ 3736.8, 2478.9 ], [ 3736.6, 2479.7 ], [ 3734.9, 2483.3 ], [ 3738.6, 2484.1 ], [ 3740.6, 2484.2 ], [ 3743.3, 2482.1 ], [ 3745.2, 2484.0 ], [ 3748.0, 2481.2 ], [ 3748.9, 2482.0 ], [ 3750.1, 2485.1 ], [ 3750.4, 2486.4 ], [ 3750.4, 2487.7 ], [ 3751.1, 2488.5 ], [ 3753.4, 2488.0 ], [ 3753.0, 2487.0 ], [ 3752.4, 2486.0 ], [ 3754.1, 2486.4 ], [ 3755.6, 2487.9 ], [ 3756.8, 2488.6 ], [ 3757.7, 2486.6 ], [ 3758.2, 2487.7 ], [ 3758.4, 2488.6 ], [ 3758.4, 2489.5 ], [ 3758.0, 2490.8 ], [ 3758.7, 2490.2 ], [ 3760.3, 2489.0 ], [ 3760.9, 2488.4 ], [ 3763.4, 2492.8 ], [ 3768.4, 2495.8 ], [ 3778.5, 2499.4 ], [ 3779.6, 2498.6 ], [ 3784.7, 2497.7 ], [ 3785.1, 2497.0 ], [ 3786.8, 2492.2 ], [ 3791.3, 2494.6 ], [ 3793.4, 2495.2 ], [ 3797.2, 2497.2 ], [ 3798.3, 2498.0 ], [ 3799.9, 2498.7 ], [ 3801.8, 2498.3 ], [ 3805.4, 2496.7 ], [ 3805.6, 2496.2 ], [ 3805.7, 2495.2 ], [ 3806.2, 2494.6 ], [ 3807.1, 2495.0 ], [ 3807.8, 2496.0 ], [ 3808.0, 2496.9 ], [ 3807.8, 2497.7 ], [ 3807.1, 2498.8 ], [ 3808.5, 2499.1 ], [ 3809.8, 2498.8 ], [ 3812.2, 2497.1 ], [ 3811.5, 2500.4 ], [ 3811.1, 2501.5 ], [ 3811.9, 2501.1 ], [ 3817.3, 2499.8 ], [ 3819.7, 2499.8 ], [ 3820.9, 2499.5 ], [ 3823.0, 2497.9 ], [ 3826.6, 2493.2 ], [ 3828.8, 2491.8 ], [ 3832.5, 2491.6 ], [ 3835.9, 2493.1 ], [ 3839.1, 2495.7 ], [ 3846.0, 2502.9 ], [ 3848.1, 2504.5 ], [ 3850.4, 2505.2 ], [ 3851.5, 2504.9 ], [ 3854.6, 2503.2 ], [ 3857.5, 2502.4 ], [ 3858.4, 2501.7 ], [ 3860.0, 2499.9 ], [ 3865.8, 2491.2 ], [ 3867.4, 2490.2 ], [ 3869.1, 2490.0 ], [ 3870.9, 2490.7 ], [ 3877.5, 2495.5 ], [ 3880.0, 2496.4 ], [ 3882.2, 2496.6 ], [ 3884.5, 2496.4 ], [ 3886.8, 2495.6 ], [ 3888.6, 2494.2 ], [ 3889.2, 2492.5 ], [ 3889.0, 2490.6 ], [ 3889.1, 2488.6 ], [ 3890.1, 2487.0 ], [ 3892.7, 2486.1 ], [ 3895.5, 2486.9 ], [ 3900.8, 2489.9 ], [ 3902.5, 2490.4 ], [ 3910.2, 2490.2 ], [ 3912.4, 2490.9 ], [ 3914.5, 2492.3 ], [ 3918.9, 2496.2 ], [ 3921.8, 2497.6 ], [ 3924.8, 2498.3 ], [ 3927.4, 2498.1 ], [ 3927.0, 2496.0 ], [ 3926.3, 2494.2 ], [ 3926.2, 2492.8 ], [ 3927.7, 2491.9 ], [ 3928.6, 2491.9 ], [ 3930.4, 2492.1 ], [ 3931.3, 2492.1 ], [ 3932.0, 2491.7 ], [ 3933.4, 2490.6 ], [ 3934.1, 2490.4 ], [ 3934.9, 2490.6 ], [ 3935.5, 2491.3 ], [ 3936.5, 2493.2 ], [ 3937.2, 2494.4 ], [ 3938.1, 2495.3 ], [ 3939.0, 2495.6 ], [ 3940.0, 2494.9 ], [ 3940.2, 2494.2 ], [ 3940.4, 2493.2 ], [ 3940.6, 2492.3 ], [ 3941.1, 2491.6 ], [ 3941.8, 2491.4 ], [ 3942.5, 2491.8 ], [ 3943.1, 2492.4 ], [ 3948.1, 2500.2 ], [ 3949.6, 2501.7 ], [ 3950.9, 2502.1 ], [ 3954.0, 2502.0 ], [ 3954.8, 2502.2 ], [ 3955.3, 2502.6 ], [ 3955.7, 2503.2 ], [ 3956.1, 2504.1 ], [ 3956.2, 2504.4 ], [ 3956.3, 2505.2 ], [ 3956.4, 2505.6 ], [ 3956.7, 2506.1 ], [ 3957.3, 2506.7 ], [ 3957.5, 2507.3 ], [ 3957.4, 2508.8 ], [ 3955.2, 2510.9 ], [ 3954.6, 2512.5 ], [ 3956.3, 2516.7 ], [ 3960.5, 2520.3 ], [ 3965.3, 2522.7 ], [ 3968.8, 2523.4 ], [ 3981.3, 2521.6 ], [ 3985.8, 2519.6 ], [ 3988.1, 2519.0 ], [ 3989.7, 2518.1 ], [ 3998.7, 2509.8 ], [ 4000.0, 2509.3 ], [ 4000.8, 2510.1 ], [ 4001.4, 2511.4 ], [ 4002.0, 2512.0 ], [ 4003.1, 2511.9 ], [ 4004.9, 2510.8 ], [ 4006.0, 2510.5 ], [ 4011.0, 2510.9 ], [ 4011.9, 2510.6 ], [ 4012.8, 2510.1 ], [ 4013.8, 2510.0 ], [ 4016.2, 2511.8 ], [ 4017.3, 2512.0 ], [ 4018.4, 2511.8 ], [ 4019.3, 2511.0 ], [ 4017.3, 2510.0 ], [ 4015.2, 2508.3 ], [ 4017.0, 2508.2 ], [ 4020.5, 2508.9 ], [ 4022.1, 2508.5 ], [ 4023.1, 2507.1 ], [ 4022.8, 2505.8 ], [ 4021.6, 2504.9 ], [ 4020.1, 2504.4 ], [ 4021.7, 2502.6 ], [ 4023.8, 2501.3 ], [ 4026.1, 2500.7 ], [ 4028.0, 2501.3 ], [ 4028.0, 2499.0 ], [ 4029.2, 2497.4 ], [ 4031.5, 2496.6 ], [ 4034.5, 2496.3 ], [ 4046.5, 2497.8 ], [ 4049.5, 2497.4 ], [ 4050.7, 2497.9 ], [ 4051.4, 2499.9 ], [ 4052.3, 2501.4 ], [ 4054.1, 2501.8 ], [ 4056.0, 2501.9 ], [ 4058.6, 2502.9 ], [ 4061.5, 2502.9 ], [ 4062.5, 2503.3 ], [ 4062.8, 2504.8 ], [ 4062.5, 2506.9 ], [ 4059.0, 2517.0 ], [ 4058.4, 2520.6 ], [ 4059.2, 2523.4 ], [ 4060.1, 2524.7 ], [ 4060.7, 2525.8 ], [ 4061.3, 2526.9 ], [ 4062.4, 2527.8 ], [ 4064.3, 2528.4 ], [ 4069.9, 2527.8 ], [ 4075.7, 2529.9 ], [ 4078.9, 2531.6 ], [ 4081.0, 2533.3 ], [ 4083.8, 2534.7 ], [ 4091.3, 2533.6 ], [ 4094.5, 2534.3 ], [ 4092.5, 2536.2 ], [ 4086.4, 2540.0 ], [ 4085.5, 2541.9 ], [ 4088.0, 2544.1 ], [ 4091.4, 2542.1 ], [ 4094.6, 2538.5 ], [ 4096.0, 2536.4 ] ] } },
{ "type": "Feature", "properties": { "name": "Ljubljanica", "scalerank": 11, "featurecla": "River", "source": "ne_10m_rivers_europe" }, "geometry": { "type": "LineString", "coordinates": [ [ 3481.3, 2456.5 ], [ 3480.4, 2449.3 ], [ 3477.6, 2444.0 ], [ 3477.1, 2440.7 ], [ 3476.1, 2437.6 ], [ 3473.7, 2435.3 ], [ 3470.9, 2433.5 ], [ 3467.5, 2430.1 ], [ 3462.1, 2425.4 ], [ 3460.9, 2423.0 ], [ 3460.4, 2421.2 ], [ 3458.2, 2419.3 ], [ 3454.4, 2414.9 ], [ 3451.3, 2413.6 ], [ 3448.5, 2411.5 ], [ 3448.0, 2409.8 ] ] } },
{ "type": "Feature", "properties": { "name": "Ljubljanica", "scalerank": 11, "featurecla": "River", "source": "ne_10m_rivers_europe" }, "geometry": { "type": "LineString", "coordinates": [ [ 3448.0, 2409.8 ], [ 3447.2, 2407.6 ], [ 3449.1, 2402.7 ], [ 3452.9, 2398.6 ], [ 3456.3, 2396.8 ], [ 3464.2, 2395.5 ], [ 3468.9, 2393.5 ], [ 3473.6, 2390.7 ], [ 3476.7, 2387.4 ], [ 3477.9, 2384.6 ], [ 3478.1, 2382.6 ], [ 3479.2, 2381.5 ], [ 3481.5, 2381.3 ], [ 3484.4, 2381.7 ], [ 3487.5, 2381.5 ], [ 3490.0, 2379.9 ], [ 3491.5, 2378.4 ] ] } },
{ "type": "Feature", "properties": { "name": "Drau", "scalerank": 10, "featurecla": "River", "source": "ne_10m_rivers_europe" }, "geometry": { "type": "LineString", "coordinates": [ [ 3790.7, 2374.8 ], [ 3789.5, 2377.7 ], [ 3790.3, 2379.5 ], [ 3793.3, 2379.7 ], [ 3797.4, 2379.2 ], [ 3800.7, 2379.7 ], [ 3803.5, 2381.2 ], [ 3809.5, 2385.4 ], [ 3812.7, 2387.2 ], [ 3816.4, 2388.7 ], [ 3820.0, 2387.7 ] ] } },
{ "type": "Feature", "properties": { "name": "Sava", "scalerank": 10, "featurecla": "River", "source": "ne_10m_rivers_europe" }, "geometry": { "type": "LineString", "coordinates": [ [ 3491.5, 2378.4 ], [ 3492.3, 2377.6 ], [ 3494.9, 2375.9 ], [ 3497.2, 2375.1 ], [ 3501.3, 2374.8 ], [ 3504.3, 2373.6 ], [ 3507.5, 2373.3 ], [ 3512.3, 2377.2 ], [ 3514.9, 2376.6 ], [ 3517.8, 2374.6 ], [ 3523.7, 2372.2 ], [ 3529.1, 2368.4 ], [ 3531.7, 2367.3 ], [ 3537.3, 2366.7 ], [ 3540.6, 2367.6 ], [ 3544.5, 2369.5 ], [ 3548.2, 2372.2 ], [ 3551.1, 2375.0 ], [ 3553.7, 2377.0 ], [ 3555.6, 2379.0 ] ] } },
{ "type": "Feature", "properties": { "name": "Sava", "scalerank": 10, "featurecla": "River", "source": "ne_10m_rivers_europe" }, "geometry": { "type": "LineString", "coordinates": [ [ 3491.4, 2378.4 ], [ 3489.9, 2378.5 ], [ 3487.6, 2377.5 ], [ 3485.2, 2377.7 ], [ 3482.2, 2378.1 ], [ 3479.3, 2377.5 ], [ 3478.9, 2376.8 ], [ 3478.3, 2374.9 ], [ 3475.8, 2373.4 ], [ 3472.8, 2373.5 ], [ 3470.8, 2373.0 ], [ 3469.0, 2371.6 ], [ 3467.0, 2370.2 ], [ 3467.0, 2367.9 ], [ 3468.3, 2367.2 ], [ 3468.1, 2366.0 ], [ 3466.3, 2364.2 ], [ 3465.6, 2361.4 ], [ 3463.7, 2359.1 ], [ 3460.8, 2357.2 ], [ 3459.3, 2355.0 ], [ 3454.7, 2351.7 ], [ 3451.6, 2350.8 ], [ 3450.1, 2350.0 ], [ 3449.2, 2347.6 ], [ 3447.9, 2345.4 ], [ 3442.7, 2343.4 ], [ 3441.2, 2342.2 ], [ 3439.3, 2341.7 ], [ 3435.9, 2337.4 ], [ 3434.1, 2334.4 ], [ 3433.2, 2333.3 ], [ 3433.8, 2331.6 ], [ 3433.8, 2330.1 ], [ 3433.7, 2330.0 ] ] } },
{ "type": "Feature", "properties": { "name": "Danube", "scalerank": 2, "featurecla": "River", "source": "ne_10m_rivers_lake_centerlines" }, "geometry": { "type": "LineString", "coordinates": [ [ 3738.6, 2051.0 ], [ 3742.6, 2053.7 ], [ 3744.2, 2055.6 ], [ 3745.1, 2058.4 ], [ 3746.2, 2058.9 ], [ 3753.0, 2059.3 ], [ 3756.6, 2061.6 ], [ 3768.5, 2074.8 ], [ 3769.7, 2075.6 ], [ 3770.8, 2076.0 ], [ 3773.4, 2076.2 ], [ 3774.5, 2076.8 ], [ 3778.5, 2081.7 ], [ 3779.9, 2082.8 ], [ 3780.9, 2082.7 ], [ 3781.9, 2082.1 ], [ 3783.1, 2081.8 ], [ 3784.7, 2082.4 ], [ 3787.0, 2083.7 ], [ 3789.1, 2085.3 ], [ 3790.1, 2086.8 ], [ 3791.3, 2087.9 ], [ 3798.4, 2090.9 ], [ 3807.3, 2092.3 ], [ 3836.9, 2087.2 ], [ 3849.8, 2087.1 ], [ 3853.6, 2086.3 ], [ 3861.0, 2082.3 ], [ 3881.9, 2077.4 ], [ 3886.6, 2077.2 ], [ 3890.5, 2078.4 ], [ 3893.7, 2078.6 ], [ 3896.7, 2078.0 ], [ 3899.0, 2076.1 ], [ 3902.0, 2071.8 ], [ 3903.6, 2070.2 ], [ 3905.9, 2069.3 ], [ 3915.5, 2068.3 ], [ 3917.2, 2068.4 ], [ 3918.6, 2068.9 ], [ 3919.1, 2069.4 ], [ 3920.0, 2070.8 ], [ 3920.6, 2071.3 ], [ 3922.7, 2071.0 ], [ 3929.0, 2066.1 ], [ 3931.6, 2065.6 ], [ 3934.2, 2065.9 ], [ 3936.7, 2067.0 ], [ 3939.1, 2069.0 ], [ 3941.3, 2073.0 ], [ 3942.6, 2078.9 ], [ 3942.9, 2085.6 ], [ 3942.4, 2091.8 ], [ 3938.5, 2110.0 ], [ 3938.7, 2115.3 ], [ 3939.2, 2116.7 ], [ 3940.3, 2118.3 ], [ 3940.7, 2119.4 ], [ 3940.6, 2120.9 ], [ 3939.9, 2123.3 ], [ 3939.8, 2124.2 ], [ 3939.8, 2127.7 ], [ 3939.0, 2129.8 ], [ 3935.7, 2132.8 ], [ 3933.1, 2135.7 ], [ 3931.2, 2139.4 ], [ 3929.9, 2144.0 ], [ 3929.0, 2149.6 ], [ 3928.7, 2158.4 ], [ 3927.1, 2163.1 ], [ 3926.8, 2166.0 ], [ 3926.9, 2169.2 ], [ 3927.3, 2172.3 ], [ 3929.0, 2178.1 ], [ 3930.2, 2181.1 ], [ 3931.0, 2182.4 ], [ 3932.8, 2183.3 ], [ 3938.7, 2189.0 ], [ 3938.7, 2190.4 ], [ 3938.4, 2191.5 ], [ 3937.9, 2192.4 ], [ 3937.8, 2193.4 ], [ 3938.0, 2195.1 ], [ 3938.9, 2197.6 ], [ 3940.3, 2203.9 ], [ 3940.6, 2206.8 ], [ 3939.9, 2208.2 ], [ 3939.0, 2209.1 ], [ 3938.2, 2211.1 ], [ 3937.6, 2213.4 ], [ 3937.5, 2215.3 ], [ 3937.8, 2219.9 ], [ 3938.1, 2221.1 ], [ 3938.9, 2222.1 ], [ 3940.9, 2223.9 ], [ 3941.4, 2224.4 ], [ 3941.9, 2224.8 ], [ 3944.0, 2227.2 ], [ 3944.4, 2227.7 ], [ 3945.1, 2228.3 ], [ 3945.5, 2229.9 ], [ 3945.8, 2231.6 ], [ 3946.1, 2232.9 ], [ 3947.5, 2236.2 ], [ 3948.1, 2238.4 ], [ 3947.8, 2240.6 ], [ 3946.6, 2243.6 ], [ 3943.9, 2247.1 ], [ 3937.1, 2251.1 ], [ 3934.6, 2254.6 ], [ 3937.0, 2258.0 ], [ 3941.3, 2266.8 ], [ 3943.2, 2271.7 ], [ 3944.1, 2276.3 ], [ 3942.5, 2284.9 ], [ 3942.4, 2290.5 ], [ 3943.0, 2292.9 ], [ 3944.9, 2295.7 ], [ 3945.5, 2297.6 ], [ 3948.1, 2318.4 ], [ 3947.3, 2321.9 ], [ 3943.8, 2320.7 ], [ 3939.5, 2327.7 ], [ 3938.5, 2330.3 ], [ 3936.6, 2332.0 ], [ 3936.2, 2332.8 ], [ 3935.7, 2332.8 ], [ 3934.8, 2334.3 ], [ 3933.7, 2336.9 ], [ 3927.8, 2344.2 ], [ 3927.3, 2348.3 ], [ 3931.1, 2353.1 ], [ 3941.3, 2361.5 ], [ 3944.5, 2365.4 ], [ 3944.6, 2366.1 ], [ 3944.6, 2367.9 ], [ 3944.8, 2368.6 ], [ 3945.2, 2368.8 ], [ 3945.9, 2368.6 ], [ 3946.6, 2368.7 ], [ 3947.1, 2369.4 ], [ 3947.5, 2370.7 ], [ 3947.8, 2375.2 ], [ 3947.7, 2376.1 ], [ 3947.4, 2376.8 ], [ 3947.2, 2377.5 ], [ 3947.7, 2378.4 ], [ 3949.6, 2379.9 ], [ 3950.5, 2381.1 ], [ 3954.1, 2384.6 ], [ 3954.8, 2386.8 ], [ 3955.8, 2391.5 ], [ 3956.9, 2393.3 ], [ 3958.5, 2394.3 ], [ 3960.5, 2395.1 ], [ 3962.2, 2396.3 ], [ 3963.1, 2398.5 ], [ 3962.7, 2399.9 ], [ 3960.2, 2404.3 ], [ 3959.1, 2405.3 ], [ 3958.0, 2406.8 ], [ 3957.8, 2409.7 ], [ 3958.0, 2412.6 ], [ 3957.8, 2414.0 ], [ 3958.8, 2414.6 ], [ 3961.4, 2417.9 ], [ 3962.5, 2418.7 ], [ 3964.5, 2418.5 ], [ 3965.8, 2417.2 ], [ 3966.7, 2415.8 ], [ 3968.5, 2414.5 ], [ 3969.3, 2413.8 ], [ 3970.3, 2413.4 ], [ 3971.3, 2414.0 ], [ 3972.1, 2415.1 ], [ 3972.6, 2415.9 ], [ 3973.1, 2416.5 ], [ 3974.3, 2417.3 ], [ 3976.2, 2417.9 ], [ 3977.8, 2418.1 ], [ 3979.3, 2418.7 ], [ 3980.8, 2420.8 ], [ 3978.0, 2424.2 ], [ 3970.6, 2424.0 ], [ 3969.6, 2428.0 ], [ 3970.6, 2430.8 ], [ 3974.1, 2433.7 ], [ 3974.9, 2435.4 ], [ 3974.2, 2437.1 ], [ 3968.8, 2440.4 ], [ 3970.4, 2442.6 ], [ 3972.3, 2444.4 ], [ 3974.3, 2445.6 ], [ 3976.5, 2445.8 ], [ 3981.0, 2445.3 ], [ 3982.1, 2445.8 ], [ 3982.7, 2447.2 ], [ 3983.0, 2448.9 ], [ 3983.4, 2450.3 ], [ 3986.6, 2453.3 ], [ 3990.9, 2454.8 ], [ 4013.4, 2457.7 ], [ 4018.1, 2457.0 ], [ 4027.0, 2453.5 ], [ 4031.1, 2452.6 ], [ 4034.3, 2453.9 ], [ 4036.2, 2456.6 ], [ 4037.3, 2457.4 ], [ 4039.3, 2457.6 ], [ 4045.6, 2455.8 ], [ 4049.8, 2453.3 ], [ 4054.5, 2452.9 ], [ 4059.3, 2453.5 ], [ 4062.3, 2454.6 ], [ 4062.9, 2453.9 ], [ 4064.4, 2452.7 ], [ 4065.0, 2452.0 ], [ 4065.7, 2450.6 ], [ 4066.4, 2448.2 ], [ 4067.0, 2447.0 ], [ 4068.8, 2445.2 ], [ 4070.8, 2445.4 ], [ 4072.7, 2446.8 ], [ 4074.4, 2448.6 ], [ 4077.5, 2454.0 ], [ 4079.6, 2456.8 ], [ 4082.0, 2457.9 ], [ 4088.4, 2458.9 ], [ 4090.8, 2458.9 ], [ 4096.0, 2457.6 ] ] } },
{ "type": "Feature", "properties": { "name": "Mureș", "scalerank": 8, "featurecla": "River", "source": "ne_10m_rivers_lake_centerlines" }, "geometry": { "type": "LineString", "coordinates": [ [ 4096.0, 2292.8 ], [ 4088.7, 2294.1 ], [ 4084.9, 2293.8 ], [ 4081.6, 2291.1 ] ] } },
{ "type": "Feature", "properties": { "name": null, "scalerank": 11, "featurecla": "River", "source": "ne_10m_rivers_europe" }, "geometry": { "type": "LineString", "coordinates": [ [ 3990.9, 2178.6 ], [ 3990.1, 2176.0 ], [ 3989.2, 2174.1 ], [ 3988.2, 2172.8 ], [ 3986.7, 2172.7 ], [ 3982.6, 2173.8 ], [ 3978.8, 2173.0 ], [ 3975.3, 2173.4 ], [ 3973.9, 2172.8 ], [ 3972.9, 2171.5 ], [ 3971.1, 2166.9 ], [ 3968.6, 2163.5 ], [ 3965.5, 2160.9 ], [ 3962.8, 2160.0 ], [ 3961.5, 2161.5 ], [ 3961.8, 2164.3 ], [ 3962.9, 2167.9 ], [ 3964.5, 2174.4 ], [ 3967.4, 2179.9 ], [ 3968.2, 2182.9 ], [ 3968.1, 2185.6 ], [ 3966.6, 2190.0 ], [ 3966.0, 2193.4 ], [ 3966.1, 2196.8 ], [ 3966.9, 2199.2 ], [ 3968.3, 2202.1 ], [ 3969.9, 2206.7 ], [ 3971.1, 2212.2 ], [ 3971.6, 2217.0 ], [ 3971.1, 2222.3 ], [ 3969.4, 2234.9 ], [ 3969.4, 2239.2 ], [ 3969.8, 2242.8 ], [ 3969.6, 2252.9 ], [ 3970.8, 2266.0 ], [ 3970.4, 2268.4 ], [ 3969.5, 2270.4 ], [ 3968.9, 2273.1 ], [ 3969.1, 2277.3 ], [ 3968.6, 2282.3 ], [ 3966.0, 2287.2 ], [ 3962.6, 2290.6 ], [ 3959.0, 2293.3 ], [ 3957.8, 2296.9 ], [ 3955.0, 2299.7 ], [ 3953.9, 2302.2 ], [ 3951.7, 2314.7 ], [ 3950.6, 2316.8 ], [ 3948.1, 2318.4 ] ] } },
{ "type": "Feature", "properties": { "name": "Crisul Alb", "scalerank": 11, "featurecla": "River", "source": "ne_10m_rivers_europe" }, "geometry": { "type": "LineString", "coordinates": [ [ 4096.0, 2187.0 ], [ 4092.7, 2185.5 ], [ 4089.7, 2185.3 ], [ 4086.0, 2187.2 ], [ 4082.5, 2191.6 ], [ 4080.0, 2196.7 ], [ 4078.1, 2202.5 ], [ 4074.5, 2206.3 ], [ 4074.0, 2208.9 ], [ 4074.1, 2211.2 ], [ 4073.0, 2213.9 ], [ 4073.2, 2221.6 ] ] } },
{ "type": "Feature", "properties": { "name": "Soroksari Duna", "scalerank": 6, "featurecla": "River", "source": "ne_10m_rivers_lake_centerlines" }, "geometry": { "type": "LineString", "coordinates": [ [ 3938.7, 2189.0 ], [ 3938.8, 2187.5 ], [ 3939.1, 2186.7 ], [ 3939.1, 2185.7 ], [ 3937.6, 2185.4 ], [ 3936.9, 2184.4 ], [ 3936.8, 2183.0 ], [ 3937.2, 2181.6 ], [ 3937.9, 2180.6 ], [ 3941.0, 2178.1 ], [ 3938.0, 2175.0 ], [ 3935.5, 2171.4 ], [ 3934.2, 2167.1 ], [ 3934.1, 2161.9 ], [ 3934.7, 2158.0 ], [ 3936.9, 2150.4 ], [ 3946.0, 2131.6 ], [ 3946.2, 2130.1 ], [ 3945.8, 2128.5 ], [ 3944.2, 2124.0 ], [ 3943.2, 2122.2 ], [ 3941.9, 2121.0 ], [ 3940.7, 2120.3 ] ] } },
{ "type": "Feature", "properties": { "name": "Zagyva", "scalerank": 10, "featurecla": "River", "source": "ne_10m_rivers_europe" }, "geometry": { "type": "LineString", "coordinates": [ [ 4012.2, 2009.7 ], [ 4011.7, 2010.4 ], [ 4012.2, 2012.2 ], [ 4013.9, 2015.6 ], [ 4016.3, 2018.7 ], [ 4019.9, 2020.4 ], [ 4021.0, 2022.2 ], [ 4020.2, 2024.5 ], [ 4017.1, 2026.5 ], [ 4013.2, 2027.6 ], [ 4009.5, 2028.0 ], [ 4007.7, 2030.8 ], [ 4003.7, 2033.8 ], [ 4000.4, 2036.9 ], [ 3998.0, 2040.5 ], [ 3997.5, 2043.7 ], [ 3998.0, 2046.1 ], [ 3997.8, 2047.9 ], [ 3997.9, 2052.8 ], [ 4000.3, 2072.4 ], [ 4001.1, 2080.9 ], [ 4003.7, 2087.5 ], [ 4005.2, 2092.4 ], [ 4007.2, 2097.0 ], [ 4009.6, 2100.1 ], [ 4013.5, 2102.0 ], [ 4018.8, 2103.8 ], [ 4023.7, 2104.3 ], [ 4026.3, 2103.0 ], [ 4027.9, 2101.0 ], [ 4030.3, 2099.8 ], [ 4032.5, 2099.9 ], [ 4033.7, 2101.1 ], [ 4034.5, 2102.7 ], [ 4036.0, 2104.1 ], [ 4037.4, 2106.0 ], [ 4038.6, 2111.3 ], [ 4040.2, 2112.8 ], [ 4042.4, 2114.0 ], [ 4045.8, 2118.2 ], [ 4047.4, 2119.5 ], [ 4048.4, 2120.7 ], [ 4048.6, 2125.6 ], [ 4049.1, 2128.4 ], [ 4050.6, 2131.2 ], [ 4055.0, 2135.7 ], [ 4055.4, 2137.6 ], [ 4055.3, 2139.3 ], [ 4056.0, 2141.0 ], [ 4057.9, 2142.4 ], [ 4060.9, 2143.4 ], [ 4063.5, 2144.7 ], [ 4064.5, 2146.8 ], [ 4064.8, 2151.6 ] ] } },
{ "type": "Feature", "properties": { "name": "Ipel", "scalerank": 12, "featurecla": "River", "source": "ne_10m_rivers_europe" }, "geometry": { "type": "LineString", "coordinates": [ [ 3982.1, 1936.7 ], [ 3984.6, 1938.1 ], [ 3985.7, 1940.5 ], [ 3983.7, 1949.1 ], [ 3985.1, 1953.1 ], [ 3988.0, 1956.3 ], [ 3993.0, 1960.5 ], [ 3994.4, 1962.1 ], [ 3994.4, 1963.2 ], [ 3992.2, 1965.0 ], [ 3991.0, 1966.8 ], [ 3991.2, 1969.4 ], [ 3995.6, 1974.7 ], [ 3996.9, 1977.6 ], [ 3996.9, 1980.2 ], [ 3996.0, 1982.0 ], [ 3987.6, 1987.5 ], [ 3985.9, 1989.3 ], [ 3982.3, 1994.4 ], [ 3979.4, 1997.3 ], [ 3978.9, 1999.2 ], [ 3975.0, 2000.8 ], [ 3973.3, 2002.0 ], [ 3972.5, 2004.4 ], [ 3972.3, 2010.5 ], [ 3971.4, 2013.1 ], [ 3971.3, 2013.1 ], [ 3971.3, 2013.2 ], [ 3971.4, 2013.3 ], [ 3971.4, 2013.4 ], [ 3971.7, 2014.2 ], [ 3971.8, 2015.0 ], [ 3971.9, 2015.9 ], [ 3971.8, 2016.7 ], [ 3966.8, 2021.3 ], [ 3952.9, 2022.8 ], [ 3947.3, 2027.5 ], [ 3946.2, 2027.9 ], [ 3933.2, 2027.9 ], [ 3927.2, 2029.6 ], [ 3922.8, 2029.9 ], [ 3921.4, 2030.8 ], [ 3907.0, 2035.9 ], [ 3905.4, 2037.6 ], [ 3903.3, 2043.6 ], [ 3902.4, 2044.6 ], [ 3900.5, 2045.2 ], [ 3899.6, 2045.8 ], [ 3898.5, 2047.7 ], [ 3898.7, 2048.2 ], [ 3899.4, 2048.7 ], [ 3900.0, 2050.5 ], [ 3899.7, 2056.9 ], [ 3899.8, 2060.2 ], [ 3900.8, 2063.0 ], [ 3904.2, 2065.6 ], [ 3909.3, 2069.0 ] ] } },
{ "type": "Feature", "properties": { "name": "Hron", "scalerank": 11, "featurecla": "River", "source": "ne_10m_rivers_europe" }, "geometry": { "type": "LineString", "coordinates": [ [ 4026.1, 1894.3 ], [ 4023.7, 1895.7 ], [ 4021.1, 1896.0 ], [ 4018.1, 1894.3 ], [ 4012.3, 1892.7 ], [ 4007.4, 1891.9 ], [ 4003.5, 1892.4 ], [ 4000.2, 1893.4 ], [ 3992.8, 1894.8 ], [ 3984.1, 1901.0 ], [ 3981.0, 1902.2 ], [ 3976.4, 1903.3 ], [ 3975.0, 1904.6 ], [ 3973.4, 1905.6 ], [ 3968.2, 1905.3 ], [ 3965.0, 1906.3 ], [ 3960.0, 1905.9 ], [ 3955.3, 1907.1 ], [ 3951.7, 1907.4 ], [ 3948.5, 1911.7 ], [ 3945.3, 1912.8 ], [ 3943.1, 1914.8 ], [ 3939.2, 1917.1 ], [ 3934.1, 1921.0 ], [ 3929.9, 1922.9 ], [ 3926.4, 1925.1 ], [ 3925.0, 1927.7 ], [ 3925.6, 1930.8 ], [ 3927.5, 1937.7 ], [ 3927.6, 1941.0 ], [ 3926.7, 1944.5 ], [ 3925.3, 1948.2 ], [ 3922.7, 1950.9 ], [ 3919.3, 1952.0 ], [ 3916.0, 1951.7 ], [ 3911.3, 1949.8 ], [ 3908.2, 1949.2 ], [ 3904.5, 1949.5 ], [ 3900.5, 1950.5 ], [ 3897.3, 1952.4 ], [ 3893.8, 1956.5 ], [ 3891.0, 1958.1 ], [ 3888.7, 1960.6 ], [ 3887.9, 1964.4 ], [ 3887.7, 1968.2 ], [ 3886.5, 1970.4 ], [ 3885.3, 1971.6 ], [ 3885.2, 1973.1 ], [ 3884.5, 1975.3 ], [ 3878.9, 1981.5 ], [ 3876.6, 1984.7 ], [ 3874.7, 1988.7 ], [ 3872.6, 1994.0 ], [ 3871.1, 1999.1 ], [ 3870.5, 2002.8 ], [ 3870.9, 2005.2 ], [ 3872.4, 2009.5 ], [ 3872.4, 2012.1 ], [ 3873.4, 2014.9 ], [ 3876.1, 2017.4 ], [ 3878.8, 2019.3 ], [ 3881.0, 2022.5 ], [ 3884.1, 2025.4 ], [ 3887.5, 2029.5 ], [ 3889.6, 2034.0 ], [ 3890.2, 2038.6 ], [ 3889.9, 2046.6 ], [ 3889.9, 2052.6 ], [ 3889.4, 2055.1 ], [ 3889.7, 2058.3 ], [ 3891.7, 2062.7 ], [ 3895.0, 2066.7 ], [ 3898.2, 2068.9 ], [ 3903.6, 2070.2 ] ] } },
{ "type": "Feature", "properties": { "name": "Slana", "scalerank": 12, "featurecla": "River", "source": "ne_10m_rivers_europe" }, "geometry": { "type": "LineString", "coordinates": [ [ 4031.8, 1902.1 ], [ 4032.8, 1900.3 ], [ 4034.7, 1899.2 ], [ 4042.0, 1899.7 ], [ 4049.7, 1898.8 ], [ 4052.1, 1900.0 ], [ 4053.3, 1902.5 ], [ 4054.6, 1907.1 ], [ 4055.5, 1908.7 ], [ 4057.2, 1909.5 ], [ 4062.0, 1910.5 ], [ 4064.0, 1911.5 ], [ 4065.3, 1913.3 ], [ 4066.2, 1915.8 ], [ 4066.1, 1919.0 ], [ 4065.0, 1922.6 ], [ 4063.7, 1925.8 ], [ 4063.2, 1928.1 ], [ 4062.2, 1930.2 ], [ 4057.3, 1935.9 ], [ 4056.0, 1939.4 ], [ 4055.2, 1942.5 ], [ 4052.4, 1946.8 ], [ 4051.3, 1949.5 ], [ 4050.6, 1953.4 ], [ 4050.1, 1958.4 ], [ 4050.5, 1963.5 ], [ 4051.9, 1967.4 ], [ 4053.4, 1970.5 ], [ 4054.0, 1973.6 ], [ 4055.0, 1976.0 ], [ 4057.4, 1977.3 ], [ 4060.7, 1977.3 ], [ 4067.5, 1975.8 ], [ 4073.2, 1975.8 ], [ 4080.3, 1974.5 ], [ 4084.0, 1975.0 ], [ 4088.2, 1976.3 ], [ 4092.2, 1978.4 ], [ 4096.0, 1980.6 ] ] } },
{ "type": "Feature", "properties": { "name": "Mosoni-Duna", "scalerank": 11, "featurecla": "River", "source": "ne_10m_rivers_europe" }, "geometry": { "type": "LineString", "coordinates": [ [ 3590.6, 2085.1 ], [ 3587.8, 2089.0 ], [ 3585.4, 2093.7 ], [ 3584.6, 2097.3 ], [ 3585.5, 2100.0 ], [ 3589.4, 2105.5 ], [ 3592.2, 2110.2 ], [ 3596.6, 2113.8 ], [ 3597.6, 2115.2 ], [ 3599.8, 2116.8 ], [ 3604.6, 2118.7 ], [ 3610.6, 2119.8 ], [ 3615.5, 2119.2 ], [ 3619.1, 2117.2 ], [ 3622.0, 2114.7 ], [ 3625.1, 2112.7 ], [ 3629.2, 2111.9 ], [ 3633.2, 2111.4 ], [ 3639.9, 2109.1 ], [ 3641.9, 2107.9 ], [ 3643.9, 2105.5 ], [ 3645.3, 2102.5 ], [ 3646.3, 2097.5 ], [ 3649.5, 2093.3 ], [ 3650.8, 2090.2 ], [ 3651.9, 2089.2 ], [ 3653.7, 2088.3 ], [ 3655.0, 2085.1 ], [ 3656.5, 2083.2 ], [ 3661.1, 2078.9 ], [ 3664.1, 2077.7 ], [ 3664.5, 2077.7 ], [ 3666.0, 2075.5 ], [ 3669.5, 2073.9 ], [ 3670.9, 2071.8 ], [ 3672.3, 2068.5 ], [ 3674.1, 2065.1 ], [ 3676.6, 2062.9 ], [ 3680.4, 2062.1 ], [ 3688.8, 2061.8 ], [ 3689.9, 2061.6 ], [ 3692.0, 2060.4 ], [ 3693.2, 2060.0 ], [ 3694.4, 2060.1 ], [ 3698.6, 2057.6 ], [ 3702.5, 2054.2 ], [ 3704.7, 2052.8 ], [ 3706.8, 2052.4 ], [ 3708.5, 2052.9 ], [ 3711.9, 2055.1 ], [ 3713.6, 2055.8 ], [ 3715.4, 2057.1 ], [ 3721.6, 2063.8 ], [ 3725.0, 2066.6 ], [ 3729.5, 2068.7 ], [ 3742.4, 2073.1 ], [ 3746.8, 2075.6 ], [ 3749.0, 2078.1 ], [ 3750.5, 2081.6 ], [ 3753.1, 2081.2 ], [ 3758.4, 2083.7 ], [ 3762.0, 2084.6 ], [ 3763.4, 2086.1 ], [ 3764.8, 2087.1 ], [ 3767.7, 2085.1 ], [ 3768.6, 2085.3 ], [ 3769.6, 2086.3 ], [ 3771.3, 2087.0 ], [ 3772.8, 2088.1 ], [ 3773.7, 2092.3 ], [ 3777.4, 2093.6 ], [ 3782.0, 2097.1 ], [ 3784.2, 2099.1 ], [ 3788.0, 2102.6 ] ] } },
{ "type": "Feature", "properties": { "name": null, "scalerank": 12, "featurecla": "River", "source": "ne_10m_rivers_europe" }, "geometry": { "type": "LineString", "coordinates": [ [ 3864.1, 1895.9 ], [ 3864.1, 1898.1 ], [ 3865.3, 1901.1 ], [ 3871.5, 1909.6 ], [ 3872.9, 1913.5 ], [ 3872.8, 1916.7 ], [ 3872.3, 1919.4 ], [ 3871.2, 1921.5 ], [ 3867.4, 1926.4 ], [ 3865.2, 1930.7 ], [ 3863.5, 1935.1 ], [ 3862.8, 1938.2 ], [ 3861.8, 1940.7 ], [ 3859.5, 1943.8 ], [ 3856.1, 1946.9 ], [ 3852.7, 1949.2 ], [ 3841.8, 1954.2 ], [ 3837.4, 1957.3 ], [ 3833.6, 1960.5 ], [ 3831.3, 1963.0 ], [ 3830.5, 1964.6 ], [ 3830.1, 1967.7 ], [ 3827.4, 1972.8 ], [ 3826.1, 1977.8 ], [ 3824.6, 1980.5 ], [ 3824.3, 1983.2 ], [ 3823.6, 1986.8 ], [ 3821.7, 1990.4 ], [ 3819.8, 1993.4 ], [ 3819.0, 1995.6 ], [ 3819.3, 1997.3 ], [ 3820.2, 1999.0 ], [ 3821.7, 2000.3 ], [ 3825.4, 2001.7 ], [ 3827.4, 2006.0 ], [ 3833.4, 2010.9 ], [ 3835.2, 2013.3 ], [ 3836.9, 2016.9 ], [ 3839.9, 2022.3 ], [ 3842.4, 2028.4 ], [ 3842.8, 2033.7 ], [ 3842.2, 2037.4 ], [ 3842.0, 2042.7 ], [ 3841.0, 2046.8 ], [ 3839.0, 2050.7 ], [ 3836.2, 2052.8 ], [ 3834.2, 2055.2 ], [ 3833.7, 2059.9 ], [ 3835.2, 2069.1 ], [ 3836.1, 2071.6 ], [ 3837.1, 2073.5 ], [ 3838.0, 2075.6 ], [ 3838.5, 2078.8 ], [ 3838.5, 2083.2 ] ] } },
{ "type": "Feature", "properties": { "name": "Váh", "scalerank": 10, "featurecla": "River", "source": "ne_10m_rivers_europe" }, "geometry": { "type": "LineString", "coordinates": [ [ 3953.4, 1819.7 ], [ 3954.5, 1822.5 ], [ 3955.0, 1826.4 ], [ 3954.6, 1829.2 ], [ 3953.0, 1830.6 ], [ 3949.3, 1831.6 ], [ 3949.0, 1832.7 ], [ 3949.0, 1834.4 ], [ 3948.3, 1836.2 ], [ 3946.7, 1838.1 ], [ 3944.6, 1839.8 ], [ 3942.4, 1840.7 ], [ 3938.7, 1840.1 ], [ 3937.1, 1840.6 ], [ 3936.1, 1842.1 ], [ 3935.2, 1845.1 ], [ 3932.9, 1845.4 ], [ 3932.0, 1846.8 ], [ 3929.3, 1849.5 ], [ 3918.4, 1856.0 ], [ 3916.5, 1858.2 ], [ 3916.3, 1859.6 ], [ 3913.3, 1861.9 ], [ 3912.1, 1865.7 ], [ 3910.1, 1867.4 ], [ 3906.4, 1868.4 ], [ 3901.5, 1868.4 ], [ 3896.9, 1867.5 ], [ 3894.2, 1866.4 ], [ 3892.6, 1864.3 ], [ 3890.8, 1861.0 ], [ 3888.7, 1858.2 ], [ 3886.4, 1857.0 ], [ 3883.8, 1856.4 ], [ 3878.5, 1853.6 ], [ 3872.7, 1852.2 ], [ 3867.5, 1850.0 ], [ 3866.0, 1850.5 ], [ 3861.5, 1854.6 ], [ 3858.6, 1856.6 ], [ 3855.7, 1857.9 ], [ 3853.5, 1861.5 ], [ 3852.2, 1862.8 ], [ 3851.0, 1864.6 ], [ 3850.2, 1867.8 ], [ 3849.1, 1870.6 ], [ 3847.3, 1871.7 ], [ 3845.6, 1871.4 ], [ 3844.0, 1869.8 ], [ 3842.6, 1869.6 ], [ 3841.3, 1870.1 ], [ 3840.5, 1872.3 ], [ 3837.6, 1872.4 ], [ 3836.1, 1873.8 ], [ 3835.1, 1876.4 ], [ 3834.1, 1883.4 ], [ 3832.6, 1887.0 ], [ 3830.2, 1890.6 ], [ 3827.1, 1894.1 ], [ 3824.4, 1896.5 ], [ 3820.9, 1898.4 ], [ 3818.1, 1901.0 ], [ 3815.6, 1904.5 ], [ 3813.9, 1909.7 ], [ 3812.6, 1910.7 ], [ 3810.5, 1911.8 ], [ 3807.7, 1914.1 ], [ 3805.3, 1916.8 ], [ 3803.2, 1921.5 ], [ 3797.1, 1928.7 ], [ 3794.9, 1931.6 ], [ 3793.9, 1934.0 ], [ 3793.6, 1936.4 ], [ 3794.0, 1938.6 ], [ 3795.9, 1942.7 ], [ 3796.6, 1945.2 ], [ 3796.6, 1948.5 ], [ 3795.5, 1956.3 ], [ 3795.4, 1960.1 ], [ 3794.1, 1966.6 ], [ 3794.6, 1971.7 ], [ 3793.1, 1980.9 ], [ 3793.0, 1985.7 ], [ 3791.7, 1991.0 ], [ 3791.6, 1994.6 ], [ 3789.5, 2000.4 ], [ 3789.4, 2003.3 ], [ 3790.1, 2006.2 ], [ 3791.4, 2009.2 ], [ 3793.1, 2011.6 ], [ 3796.6, 2014.7 ], [ 3799.7, 2021.0 ], [ 3801.6, 2024.0 ], [ 3803.9, 2026.1 ], [ 3808.6, 2029.0 ], [ 3810.1, 2030.7 ], [ 3810.9, 2032.7 ], [ 3811.0, 2034.8 ], [ 3811.4, 2036.8 ], [ 3814.9, 2041.4 ], [ 3816.9, 2044.5 ], [ 3818.1, 2047.3 ], [ 3818.3, 2049.0 ], [ 3818.8, 2050.6 ], [ 3822.7, 2056.1 ], [ 3823.2, 2058.6 ], [ 3823.4, 2060.8 ], [ 3825.6, 2065.7 ], [ 3827.3, 2072.6 ], [ 3828.6, 2075.5 ], [ 3830.3, 2077.4 ], [ 3834.2, 2079.4 ], [ 3836.5, 2081.0 ], [ 3838.5, 2083.2 ], [ 3839.8, 2085.5 ], [ 3839.8, 2087.2 ] ] } },
{ "type": "Feature", "properties": { "name": "Váh", "scalerank": 10, "featurecla": "River", "source": "ne_10m_rivers_europe" }, "geometry": { "type": "LineString", "coordinates": [ [ 3917.8, 1833.3 ], [ 3916.6, 1832.1 ], [ 3915.9, 1830.8 ], [ 3915.9, 1829.1 ], [ 3916.9, 1827.2 ], [ 3918.8, 1825.4 ], [ 3921.3, 1824.1 ], [ 3924.1, 1823.6 ], [ 3926.5, 1823.8 ], [ 3928.2, 1824.5 ], [ 3930.3, 1824.5 ], [ 3936.8, 1821.9 ], [ 3940.7, 1821.6 ], [ 3945.0, 1818.1 ], [ 3947.3, 1816.9 ], [ 3947.3, 1816.9 ] ] } },
{ "type": "Feature", "properties": { "name": "Dyje", "scalerank": 11, "featurecla": "River", "source": "ne_10m_rivers_europe" }, "geometry": { "type": "LineString", "coordinates": [ [ 3677.9, 1930.8 ], [ 3678.8, 1933.1 ], [ 3680.1, 1934.7 ], [ 3681.6, 1935.5 ], [ 3684.9, 1935.7 ], [ 3686.9, 1936.2 ], [ 3689.4, 1937.6 ], [ 3692.2, 1939.6 ], [ 3694.3, 1942.6 ], [ 3695.3, 1945.9 ], [ 3695.8, 1948.9 ], [ 3696.8, 1950.7 ], [ 3698.1, 1952.5 ], [ 3699.4, 1955.3 ], [ 3700.3, 1958.7 ], [ 3701.2, 1964.9 ], [ 3703.9, 1969.9 ] ] } },
{ "type": "Feature", "properties": { "name": "Dyje", "scalerank": 11, "featurecla": "River", "source": "ne_10m_rivers_europe" }, "geometry": { "type": "LineString", "coordinates": [ [ 3512.6, 1973.9 ], [ 3515.8, 1970.6 ], [ 3516.4, 1968.6 ], [ 3520.1, 1965.2 ], [ 3521.5, 1962.8 ], [ 3522.9, 1961.5 ], [ 3527.5, 1962.4 ], [ 3529.9, 1960.9 ], [ 3531.6, 1957.2 ], [ 3532.7, 1952.4 ], [ 3532.8, 1947.4 ], [ 3532.4, 1943.3 ], [ 3532.5, 1939.9 ], [ 3533.8, 1936.6 ], [ 3535.7, 1934.2 ], [ 3537.4, 1932.8 ], [ 3538.7, 1932.5 ], [ 3540.1, 1933.0 ], [ 3541.4, 1934.4 ], [ 3544.2, 1939.1 ], [ 3546.5, 1941.7 ], [ 3548.8, 1943.3 ], [ 3551.4, 1943.3 ], [ 3554.9, 1946.0 ], [ 3556.8, 1946.7 ], [ 3559.0, 1945.9 ], [ 3561.8, 1943.8 ], [ 3564.3, 1940.8 ], [ 3566.0, 1938.2 ], [ 3567.8, 1935.9 ], [ 3574.2, 1932.1 ], [ 3576.8, 1929.9 ], [ 3578.9, 1928.5 ], [ 3581.0, 1928.8 ], [ 3591.3, 1939.0 ], [ 3595.9, 1942.1 ], [ 3599.6, 1943.3 ], [ 3601.5, 1942.9 ], [ 3602.8, 1941.4 ], [ 3605.0, 1939.9 ], [ 3607.4, 1939.2 ], [ 3610.6, 1940.5 ], [ 3614.0, 1939.5 ], [ 3616.9, 1939.8 ], [ 3619.7, 1940.8 ], [ 3625.8, 1946.1 ], [ 3629.0, 1948.3 ], [ 3633.4, 1950.2 ], [ 3636.5, 1952.0 ], [ 3640.0, 1953.2 ], [ 3642.9, 1953.1 ], [ 3645.4, 1951.1 ], [ 3647.6, 1948.1 ], [ 3652.4, 1940.6 ], [ 3655.0, 1933.1 ], [ 3655.6, 1932.0 ] ] } },
{ "type": "Feature", "properties": { "name": "Dyje", "scalerank": 11, "featurecla": "Lake Centerline", "source": "ne_10m_rivers_europe" }, "geometry": { "type": "LineString", "coordinates": [ [ 3665.7, 1927.7 ], [ 3668.8, 1927.2 ], [ 3672.3, 1927.5 ], [ 3676.0, 1928.7 ], [ 3677.9, 1930.8 ] ] } },
{ "type": "Feature", "properties": { "name": "Dyje", "scalerank": 11, "featurecla": "Lake Centerline", "source": "ne_10m_rivers_europe" }, "geometry": { "type": "LineString", "coordinates": [ [ 3655.6, 1932.0 ], [ 3656.8, 1930.0 ], [ 3659.3, 1928.3 ], [ 3662.7, 1927.7 ], [ 3665.7, 1927.7 ] ] } },
{ "type": "Feature", "properties": { "name": "Svitava", "scalerank": 10, "featurecla": "Lake Centerline", "source": "ne_10m_rivers_europe" }, "geometry": { "type": "LineString", "coordinates": [ [ 3665.7, 1927.7 ], [ 3664.5, 1925.5 ] ] } },
{ "type": "Feature", "properties": { "name": "Svitava", "scalerank": 10, "featurecla": "River", "source": "ne_10m_rivers_europe" }, "geometry": { "type": "LineString", "coordinates": [ [ 3664.5, 1925.5 ], [ 3664.3, 1925.1 ], [ 3662.3, 1922.5 ], [ 3660.2, 1917.3 ], [ 3656.1, 1912.7 ], [ 3655.1, 1908.6 ], [ 3652.9, 1905.3 ], [ 3649.5, 1902.4 ], [ 3646.3, 1901.0 ], [ 3643.9, 1900.2 ], [ 3642.4, 1899.1 ], [ 3640.6, 1898.5 ], [ 3634.5, 1899.6 ], [ 3630.0, 1899.1 ], [ 3624.3, 1899.2 ], [ 3617.8, 1898.1 ], [ 3613.2, 1895.1 ], [ 3609.8, 1891.6 ], [ 3606.1, 1889.3 ], [ 3602.8, 1887.8 ], [ 3600.3, 1885.9 ], [ 3596.8, 1884.3 ], [ 3584.5, 1882.9 ], [ 3580.1, 1880.9 ], [ 3577.5, 1878.3 ], [ 3575.6, 1875.9 ], [ 3574.2, 1872.6 ], [ 3572.7, 1867.7 ], [ 3570.5, 1863.2 ], [ 3567.4, 1861.0 ], [ 3564.2, 1859.9 ], [ 3560.1, 1856.9 ], [ 3553.6, 1855.9 ], [ 3551.7, 1856.0 ], [ 3549.4, 1857.2 ], [ 3547.6, 1859.4 ], [ 3545.6, 1864.6 ], [ 3542.8, 1868.1 ], [ 3538.8, 1871.0 ], [ 3536.4, 1871.7 ], [ 3534.4, 1872.1 ], [ 3533.7, 1874.2 ], [ 3533.1, 1875.4 ], [ 3532.1, 1876.5 ], [ 3529.4, 1878.0 ], [ 3528.5, 1879.3 ], [ 3527.5, 1881.4 ], [ 3525.6, 1886.5 ], [ 3525.1, 1888.8 ], [ 3525.0, 1890.1 ], [ 3524.8, 1892.3 ], [ 3524.1, 1896.3 ], [ 3522.7, 1897.3 ], [ 3520.3, 1897.9 ], [ 3514.4, 1900.6 ], [ 3512.8, 1901.0 ], [ 3511.8, 1901.7 ], [ 3510.8, 1903.7 ], [ 3509.2, 1909.9 ], [ 3508.2, 1912.6 ], [ 3504.9, 1916.3 ], [ 3504.0, 1918.5 ], [ 3500.8, 1922.3 ], [ 3499.7, 1925.0 ], [ 3496.2, 1928.7 ], [ 3495.4, 1930.2 ], [ 3494.5, 1931.2 ], [ 3492.3, 1931.9 ], [ 3489.5, 1931.1 ], [ 3486.9, 1928.8 ], [ 3484.9, 1925.4 ], [ 3483.4, 1922.3 ], [ 3481.6, 1919.9 ], [ 3477.0, 1917.2 ], [ 3475.9, 1915.1 ], [ 3474.7, 1911.2 ], [ 3472.1, 1905.3 ], [ 3469.8, 1899.1 ], [ 3469.4, 1893.9 ], [ 3469.6, 1890.1 ], [ 3468.9, 1887.2 ], [ 3467.9, 1884.7 ], [ 3467.4, 1882.1 ], [ 3467.7, 1880.0 ], [ 3468.4, 1878.6 ], [ 3468.7, 1876.9 ], [ 3468.1, 1873.7 ], [ 3466.9, 1870.5 ], [ 3464.7, 1867.1 ], [ 3463.9, 1865.0 ], [ 3462.5, 1863.2 ], [ 3460.1, 1862.4 ], [ 3456.9, 1863.2 ], [ 3453.4, 1865.3 ], [ 3450.2, 1868.5 ], [ 3447.7, 1872.1 ], [ 3446.5, 1875.4 ], [ 3446.6, 1877.9 ], [ 3446.5, 1879.8 ], [ 3444.6, 1882.0 ], [ 3441.7, 1884.8 ], [ 3439.2, 1888.1 ], [ 3436.2, 1891.9 ] ] } },
{ "type": "Feature", "properties": { "name": "Morava", "scalerank": 8, "featurecla": "River", "source": "ne_10m_rivers_lake_centerlines" }, "geometry": { "type": "LineString", "coordinates": [ [ 3671.0, 1725.6 ], [ 3669.8, 1727.9 ], [ 3668.7, 1731.9 ], [ 3668.3, 1736.2 ], [ 3668.1, 1737.6 ], [ 3669.7, 1740.0 ], [ 3672.9, 1739.4 ], [ 3676.3, 1737.9 ], [ 3678.7, 1738.0 ], [ 3679.9, 1740.3 ], [ 3680.3, 1743.3 ], [ 3680.0, 1749.0 ], [ 3679.9, 1749.6 ], [ 3679.4, 1750.9 ], [ 3679.2, 1751.6 ], [ 3679.2, 1752.3 ], [ 3679.3, 1753.8 ], [ 3679.2, 1754.5 ], [ 3678.1, 1758.7 ], [ 3677.9, 1760.7 ], [ 3678.5, 1762.6 ], [ 3679.6, 1763.3 ], [ 3681.1, 1763.9 ], [ 3682.4, 1764.7 ], [ 3683.1, 1766.1 ], [ 3685.0, 1778.2 ], [ 3685.1, 1779.9 ], [ 3685.0, 1780.9 ], [ 3685.1, 1781.8 ], [ 3685.5, 1783.5 ], [ 3687.5, 1786.6 ], [ 3687.9, 1788.0 ], [ 3688.2, 1788.7 ], [ 3690.6, 1791.0 ], [ 3692.6, 1794.6 ], [ 3693.4, 1795.6 ], [ 3694.4, 1796.4 ], [ 3696.5, 1797.5 ], [ 3697.7, 1798.0 ], [ 3705.3, 1799.6 ], [ 3715.3, 1804.6 ], [ 3718.5, 1807.1 ], [ 3721.1, 1810.9 ], [ 3722.0, 1813.2 ], [ 3722.7, 1815.8 ], [ 3723.6, 1821.3 ], [ 3723.8, 1826.6 ], [ 3724.3, 1828.3 ], [ 3725.9, 1830.7 ], [ 3726.2, 1831.0 ], [ 3726.9, 1831.1 ], [ 3727.3, 1831.5 ], [ 3727.7, 1832.4 ], [ 3728.1, 1833.9 ], [ 3728.3, 1834.7 ], [ 3730.1, 1838.9 ], [ 3730.3, 1842.3 ], [ 3730.1, 1845.3 ], [ 3730.2, 1847.9 ], [ 3731.2, 1850.5 ], [ 3733.9, 1853.1 ], [ 3743.2, 1858.8 ], [ 3745.9, 1861.6 ], [ 3749.4, 1866.1 ], [ 3752.3, 1870.8 ], [ 3753.1, 1873.7 ], [ 3753.7, 1875.4 ], [ 3753.7, 1877.8 ], [ 3753.0, 1883.6 ], [ 3752.3, 1886.6 ], [ 3752.3, 1887.3 ], [ 3752.4, 1888.1 ], [ 3752.6, 1888.8 ], [ 3752.9, 1889.3 ], [ 3753.2, 1890.1 ], [ 3752.8, 1890.6 ], [ 3752.3, 1890.9 ], [ 3752.1, 1891.5 ], [ 3751.3, 1892.5 ], [ 3747.5, 1893.3 ], [ 3746.7, 1894.1 ], [ 3746.3, 1895.2 ], [ 3743.1, 1900.3 ], [ 3744.0, 1901.3 ], [ 3744.1, 1903.2 ], [ 3743.9, 1904.2 ], [ 3743.4, 1904.8 ], [ 3743.0, 1905.7 ], [ 3741.6, 1910.4 ], [ 3741.3, 1910.6 ], [ 3740.5, 1912.3 ], [ 3734.1, 1915.2 ], [ 3732.9, 1916.8 ], [ 3731.7, 1918.6 ], [ 3730.2, 1920.2 ], [ 3728.0, 1921.0 ], [ 3726.6, 1922.0 ], [ 3723.3, 1928.0 ], [ 3717.7, 1932.9 ], [ 3716.9, 1934.4 ], [ 3716.6, 1937.4 ], [ 3715.3, 1939.4 ], [ 3712.1, 1942.8 ], [ 3710.0, 1947.3 ], [ 3706.2, 1962.6 ], [ 3705.3, 1964.9 ], [ 3703.8, 1967.0 ], [ 3703.9, 1969.9 ], [ 3705.5, 1977.1 ], [ 3705.0, 1979.8 ], [ 3703.5, 1981.8 ], [ 3701.9, 1983.3 ], [ 3701.3, 1984.8 ], [ 3700.9, 1986.9 ], [ 3698.6, 1991.1 ], [ 3697.7, 1993.2 ], [ 3697.5, 1995.5 ], [ 3697.4, 2003.8 ], [ 3697.2, 2004.8 ], [ 3697.0, 2005.2 ], [ 3696.9, 2006.0 ], [ 3696.9, 2007.7 ], [ 3697.3, 2008.5 ], [ 3698.2, 2009.0 ], [ 3700.3, 2009.0 ], [ 3700.9, 2009.3 ], [ 3702.1, 2010.1 ], [ 3703.2, 2011.1 ], [ 3703.8, 2012.3 ], [ 3703.6, 2013.0 ], [ 3703.3, 2014.0 ], [ 3703.2, 2014.7 ], [ 3703.6, 2015.0 ], [ 3703.9, 2015.3 ], [ 3704.4, 2016.1 ], [ 3704.8, 2016.9 ], [ 3705.0, 2017.6 ], [ 3705.4, 2018.5 ], [ 3706.2, 2018.9 ], [ 3707.2, 2019.3 ], [ 3708.4, 2020.2 ], [ 3709.1, 2020.4 ], [ 3709.5, 2020.8 ], [ 3709.7, 2021.5 ], [ 3709.7, 2023.3 ], [ 3709.8, 2024.0 ], [ 3711.9, 2029.4 ], [ 3712.7, 2032.1 ], [ 3713.0, 2035.5 ] ] } },
{ "type": "Feature", "properties": { "name": "Svratka", "scalerank": 12, "featurecla": "River", "source": "ne_10m_rivers_europe" }, "geometry": { "type": "LineString", "coordinates": [ [ 3596.2, 1814.4 ], [ 3594.7, 1813.3 ], [ 3593.7, 1812.0 ], [ 3593.4, 1810.3 ], [ 3594.3, 1808.6 ], [ 3596.2, 1807.3 ], [ 3598.7, 1807.3 ], [ 3603.1, 1810.5 ], [ 3605.4, 1810.1 ], [ 3607.2, 1809.1 ], [ 3608.4, 1809.2 ], [ 3609.5, 1809.9 ], [ 3613.2, 1810.3 ], [ 3615.0, 1810.9 ], [ 3616.3, 1812.6 ], [ 3617.9, 1819.0 ], [ 3619.7, 1822.3 ], [ 3621.9, 1824.5 ], [ 3625.8, 1826.1 ], [ 3628.3, 1828.1 ], [ 3630.1, 1831.1 ], [ 3630.4, 1834.3 ], [ 3629.9, 1837.3 ], [ 3629.9, 1839.9 ], [ 3630.6, 1842.1 ], [ 3633.6, 1847.3 ], [ 3636.0, 1853.6 ], [ 3638.1, 1856.7 ], [ 3639.8, 1859.8 ], [ 3640.3, 1863.1 ], [ 3642.2, 1867.2 ], [ 3647.3, 1872.2 ], [ 3652.9, 1876.8 ], [ 3658.0, 1881.8 ], [ 3661.4, 1883.1 ], [ 3662.8, 1884.8 ], [ 3663.8, 1887.7 ], [ 3664.3, 1891.1 ], [ 3664.2, 1902.9 ], [ 3664.7, 1905.3 ], [ 3669.5, 1910.0 ], [ 3670.2, 1912.2 ], [ 3669.5, 1914.5 ], [ 3665.7, 1919.0 ], [ 3664.9, 1921.6 ], [ 3664.3, 1925.1 ] ] } },
{ "type": "Feature", "properties": { "name": "Vltava", "scalerank": 9, "featurecla": "River", "source": "ne_10m_rivers_lake_centerlines" }, "geometry": { "type": "LineString", "coordinates": [ [ 3399.7, 1965.7 ], [ 3397.5, 1964.3 ], [ 3396.3, 1961.9 ], [ 3395.2, 1958.1 ], [ 3393.7, 1956.3 ], [ 3388.2, 1951.1 ], [ 3385.9, 1948.1 ], [ 3385.0, 1947.3 ], [ 3382.3, 1942.1 ], [ 3376.2, 1938.8 ], [ 3373.9, 1938.2 ], [ 3372.3, 1938.6 ], [ 3370.5, 1938.4 ], [ 3364.4, 1933.5 ], [ 3360.1, 1931.7 ], [ 3356.5, 1931.4 ] ] } },
{ "type": "Feature", "properties": { "name": "Vltava", "scalerank": 9, "featurecla": "River", "source": "ne_10m_rivers_lake_centerlines" }, "geometry": { "type": "LineString", "coordinates": [ [ 3399.8, 1965.4 ], [ 3400.4, 1965.9 ], [ 3403.3, 1967.4 ], [ 3405.2, 1968.8 ], [ 3406.0, 1969.7 ], [ 3406.5, 1971.0 ], [ 3406.9, 1973.7 ], [ 3407.3, 1975.0 ], [ 3408.0, 1976.0 ], [ 3409.8, 1977.0 ], [ 3410.6, 1977.7 ], [ 3412.2, 1979.4 ], [ 3412.8, 1979.6 ], [ 3415.5, 1979.5 ], [ 3416.0, 1979.8 ], [ 3416.2, 1980.0 ], [ 3416.7, 1980.9 ], [ 3416.8, 1981.1 ], [ 3420.3, 1984.5 ], [ 3421.6, 1985.2 ], [ 3423.2, 1985.2 ], [ 3426.3, 1984.3 ], [ 3427.8, 1984.6 ], [ 3428.3, 1985.0 ], [ 3428.5, 1985.3 ], [ 3428.7, 1985.5 ], [ 3429.2, 1985.5 ], [ 3429.7, 1985.3 ], [ 3430.7, 1984.6 ], [ 3431.4, 1984.5 ], [ 3432.0, 1984.8 ], [ 3433.5, 1986.4 ], [ 3434.9, 1987.1 ], [ 3436.2, 1987.4 ], [ 3437.5, 1987.1 ], [ 3438.6, 1985.9 ], [ 3439.5, 1984.1 ], [ 3439.8, 1982.9 ], [ 3439.2, 1978.9 ], [ 3438.8, 1977.0 ], [ 3436.5, 1970.1 ], [ 3432.8, 1964.9 ], [ 3431.9, 1961.3 ], [ 3432.3, 1959.1 ], [ 3433.3, 1957.9 ], [ 3437.4, 1955.9 ], [ 3438.1, 1955.3 ], [ 3438.5, 1954.6 ], [ 3438.7, 1953.3 ], [ 3438.5, 1950.5 ], [ 3438.7, 1949.1 ], [ 3439.3, 1948.1 ], [ 3439.4, 1947.7 ], [ 3439.4, 1947.2 ], [ 3439.4, 1946.8 ], [ 3439.4, 1946.4 ], [ 3439.4, 1944.6 ], [ 3439.4, 1943.8 ], [ 3439.7, 1943.1 ], [ 3440.3, 1942.3 ], [ 3441.7, 1941.2 ], [ 3443.1, 1940.4 ], [ 3444.3, 1939.4 ], [ 3445.4, 1937.6 ], [ 3445.8, 1935.7 ], [ 3446.1, 1932.5 ], [ 3446.0, 1929.6 ], [ 3445.4, 1928.6 ], [ 3446.7, 1927.5 ], [ 3445.2, 1925.5 ], [ 3444.4, 1924.9 ], [ 3443.7, 1924.4 ], [ 3444.3, 1920.4 ], [ 3444.9, 1918.9 ], [ 3446.2, 1917.9 ], [ 3445.7, 1915.5 ], [ 3445.2, 1907.1 ], [ 3443.9, 1904.3 ], [ 3444.2, 1902.5 ], [ 3444.0, 1900.0 ], [ 3443.5, 1897.6 ], [ 3442.8, 1895.8 ], [ 3441.7, 1895.1 ], [ 3437.8, 1893.2 ], [ 3436.2, 1891.9 ], [ 3434.5, 1891.4 ], [ 3432.8, 1890.4 ], [ 3431.9, 1888.6 ], [ 3431.7, 1886.6 ], [ 3431.4, 1885.1 ], [ 3430.7, 1883.6 ], [ 3429.4, 1881.8 ], [ 3424.9, 1876.7 ], [ 3421.6, 1869.6 ], [ 3420.7, 1868.6 ], [ 3420.5, 1867.4 ], [ 3419.0, 1865.1 ], [ 3417.4, 1863.1 ], [ 3416.6, 1863.0 ], [ 3416.4, 1862.5 ], [ 3415.9, 1862.1 ], [ 3415.3, 1861.3 ], [ 3414.8, 1858.5 ], [ 3413.7, 1856.3 ], [ 3413.5, 1854.9 ], [ 3413.6, 1853.6 ], [ 3414.1, 1851.1 ], [ 3414.2, 1849.7 ], [ 3412.8, 1840.8 ], [ 3413.1, 1838.2 ], [ 3414.1, 1835.6 ], [ 3414.7, 1834.6 ], [ 3415.6, 1833.8 ], [ 3416.4, 1835.8 ], [ 3417.8, 1832.5 ], [ 3418.8, 1831.5 ], [ 3420.3, 1831.4 ], [ 3419.4, 1827.7 ], [ 3420.6, 1825.7 ], [ 3422.6, 1824.4 ], [ 3424.6, 1822.7 ], [ 3424.1, 1822.0 ], [ 3423.7, 1821.7 ], [ 3422.6, 1821.7 ], [ 3423.8, 1821.4 ], [ 3424.8, 1820.8 ], [ 3425.3, 1819.8 ], [ 3425.1, 1818.4 ], [ 3427.5, 1817.5 ], [ 3428.7, 1817.4 ], [ 3429.8, 1818.1 ], [ 3429.4, 1816.8 ], [ 3429.3, 1815.9 ], [ 3429.6, 1813.8 ], [ 3431.3, 1814.9 ], [ 3432.8, 1814.1 ], [ 3434.3, 1812.6 ], [ 3435.7, 1811.4 ], [ 3434.4, 1809.9 ], [ 3434.1, 1807.7 ], [ 3434.6, 1805.5 ], [ 3435.9, 1803.9 ], [ 3435.4, 1802.7 ], [ 3435.8, 1802.2 ], [ 3436.6, 1801.7 ], [ 3437.1, 1800.7 ], [ 3437.2, 1799.0 ], [ 3437.0, 1798.7 ], [ 3436.5, 1798.9 ], [ 3435.6, 1798.6 ], [ 3433.1, 1797.1 ], [ 3432.1, 1796.2 ], [ 3431.2, 1794.7 ], [ 3431.1, 1793.7 ], [ 3431.3, 1792.7 ], [ 3431.6, 1791.9 ], [ 3431.7, 1791.4 ], [ 3431.4, 1790.6 ], [ 3430.4, 1789.0 ], [ 3429.8, 1787.5 ], [ 3429.3, 1786.9 ], [ 3428.8, 1786.3 ], [ 3428.6, 1785.3 ], [ 3428.8, 1784.2 ], [ 3430.0, 1784.0 ], [ 3430.5, 1783.1 ], [ 3430.8, 1781.7 ], [ 3430.9, 1780.2 ], [ 3430.8, 1773.3 ], [ 3431.1, 1770.5 ], [ 3431.8, 1767.8 ], [ 3432.9, 1764.7 ], [ 3431.3, 1762.4 ], [ 3431.9, 1760.8 ], [ 3435.3, 1758.8 ], [ 3435.7, 1757.3 ], [ 3433.8, 1756.4 ], [ 3429.6, 1755.4 ], [ 3430.0, 1750.4 ], [ 3429.9, 1749.0 ], [ 3428.8, 1747.6 ], [ 3427.8, 1747.3 ], [ 3425.1, 1748.2 ], [ 3426.4, 1746.3 ], [ 3426.8, 1745.3 ], [ 3426.9, 1743.8 ], [ 3426.4, 1744.0 ], [ 3425.3, 1742.3 ], [ 3424.2, 1740.3 ], [ 3423.9, 1739.4 ], [ 3420.8, 1737.3 ], [ 3419.9, 1736.4 ], [ 3419.3, 1734.7 ], [ 3419.8, 1733.4 ], [ 3421.3, 1731.5 ], [ 3422.0, 1727.2 ], [ 3422.4, 1726.1 ], [ 3423.3, 1725.6 ], [ 3432.8, 1724.4 ], [ 3434.9, 1723.4 ], [ 3435.0, 1721.1 ] ] } },
{ "type": "Feature", "properties": { "name": "Tisza", "scalerank": 6, "featurecla": "River", "source": "ne_10m_rivers_lake_centerlines" }, "geometry": { "type": "LineString", "coordinates": [ [ 4081.3, 2290.9 ], [ 4083.8, 2289.7 ], [ 4085.6, 2288.0 ], [ 4086.1, 2285.7 ], [ 4085.4, 2283.7 ], [ 4084.2, 2281.7 ], [ 4083.3, 2279.6 ], [ 4083.5, 2277.0 ], [ 4082.0, 2276.0 ], [ 4081.3, 2274.5 ], [ 4080.5, 2271.0 ], [ 4079.4, 2267.9 ], [ 4078.8, 2264.3 ], [ 4079.2, 2259.0 ], [ 4078.7, 2256.3 ], [ 4076.5, 2255.5 ], [ 4076.0, 2254.5 ], [ 4073.7, 2248.4 ], [ 4072.9, 2247.2 ], [ 4072.1, 2246.3 ], [ 4071.4, 2245.3 ], [ 4071.0, 2244.0 ], [ 4071.0, 2242.2 ], [ 4071.4, 2241.5 ], [ 4071.8, 2240.9 ], [ 4072.1, 2236.8 ], [ 4074.9, 2229.0 ], [ 4075.2, 2228.5 ], [ 4075.8, 2227.3 ], [ 4075.9, 2226.1 ], [ 4074.8, 2225.8 ], [ 4074.4, 2225.0 ], [ 4073.9, 2223.3 ], [ 4073.2, 2221.6 ], [ 4072.0, 2220.9 ], [ 4068.3, 2221.7 ], [ 4067.3, 2221.6 ], [ 4067.1, 2221.0 ], [ 4067.0, 2218.8 ], [ 4066.8, 2218.2 ], [ 4066.3, 2218.1 ], [ 4065.0, 2217.8 ], [ 4063.6, 2217.1 ], [ 4062.6, 2216.8 ], [ 4061.8, 2216.1 ], [ 4061.2, 2214.3 ], [ 4060.6, 2212.9 ], [ 4059.5, 2212.3 ], [ 4058.4, 2212.1 ], [ 4057.8, 2211.5 ], [ 4057.0, 2208.4 ], [ 4054.8, 2204.8 ], [ 4054.3, 2201.9 ], [ 4054.8, 2199.1 ], [ 4056.2, 2197.7 ], [ 4058.0, 2197.1 ], [ 4059.9, 2196.8 ], [ 4061.2, 2195.6 ], [ 4065.1, 2188.5 ], [ 4065.0, 2187.6 ], [ 4063.7, 2187.2 ], [ 4062.0, 2187.2 ], [ 4060.4, 2186.9 ], [ 4059.6, 2185.7 ], [ 4060.0, 2184.4 ], [ 4069.0, 2175.6 ], [ 4070.7, 2173.2 ], [ 4075.4, 2172.1 ], [ 4076.6, 2170.9 ], [ 4075.7, 2169.2 ], [ 4073.3, 2168.5 ], [ 4070.7, 2168.9 ], [ 4068.9, 2170.4 ], [ 4067.3, 2171.3 ], [ 4066.1, 2168.5 ], [ 4065.3, 2162.9 ], [ 4065.3, 2161.6 ], [ 4065.6, 2160.6 ], [ 4065.3, 2160.0 ], [ 4063.8, 2159.9 ], [ 4062.3, 2159.6 ], [ 4062.0, 2158.4 ], [ 4062.1, 2155.4 ], [ 4062.8, 2153.1 ], [ 4069.2, 2148.4 ], [ 4069.7, 2147.3 ], [ 4069.7, 2146.3 ], [ 4070.1, 2145.4 ], [ 4072.6, 2144.4 ], [ 4073.0, 2143.6 ], [ 4073.1, 2142.4 ], [ 4073.6, 2140.8 ], [ 4074.5, 2139.8 ], [ 4076.5, 2138.5 ], [ 4077.2, 2137.7 ], [ 4077.6, 2136.7 ], [ 4078.2, 2134.4 ], [ 4078.7, 2133.1 ], [ 4080.8, 2134.8 ], [ 4082.8, 2135.4 ], [ 4084.8, 2135.0 ], [ 4086.9, 2134.2 ], [ 4089.1, 2132.4 ], [ 4089.9, 2130.3 ], [ 4089.7, 2127.7 ], [ 4089.3, 2124.7 ], [ 4088.9, 2124.2 ], [ 4087.4, 2123.7 ], [ 4086.9, 2123.4 ], [ 4086.7, 2122.8 ], [ 4086.6, 2121.1 ], [ 4086.5, 2120.4 ], [ 4085.0, 2115.1 ], [ 4082.7, 2113.8 ], [ 4080.1, 2113.7 ], [ 4078.4, 2113.0 ], [ 4078.9, 2110.1 ], [ 4079.6, 2109.5 ], [ 4082.6, 2108.0 ], [ 4083.5, 2107.1 ], [ 4084.5, 2105.1 ], [ 4085.0, 2104.5 ], [ 4088.6, 2102.7 ], [ 4089.8, 2101.1 ], [ 4089.9, 2097.9 ], [ 4090.7, 2096.5 ], [ 4096.0, 2091.6 ] ] } },
{ "type": "Feature", "properties": { "name": "Hornád", "scalerank": 10, "featurecla": "River", "source": "ne_10m_rivers_europe" }, "geometry": { "type": "LineString", "coordinates": [ [ 4028.2, 1880.4 ], [ 4028.0, 1877.7 ], [ 4028.5, 1874.7 ], [ 4030.0, 1871.1 ], [ 4032.7, 1868.3 ], [ 4035.9, 1867.0 ], [ 4039.3, 1867.1 ], [ 4042.4, 1867.6 ], [ 4045.1, 1868.9 ], [ 4049.9, 1872.7 ], [ 4052.2, 1873.8 ], [ 4054.9, 1873.8 ], [ 4058.4, 1873.1 ], [ 4061.9, 1872.8 ], [ 4064.7, 1873.8 ], [ 4067.3, 1875.4 ], [ 4070.3, 1876.3 ], [ 4073.3, 1876.0 ], [ 4078.6, 1873.6 ], [ 4082.4, 1873.0 ], [ 4085.6, 1871.0 ], [ 4088.0, 1870.1 ], [ 4090.3, 1869.8 ], [ 4093.6, 1870.5 ], [ 4096.0, 1870.4 ] ] } },
{ "type": "Feature", "properties": { "name": "Váh", "scalerank": 10, "featurecla": "Lake Centerline", "source": "ne_10m_rivers_europe" }, "geometry": { "type": "LineString", "coordinates": [ [ 3947.3, 1816.9 ], [ 3949.4, 1816.6 ], [ 3951.4, 1816.9 ], [ 3953.1, 1818.9 ], [ 3953.4, 1819.7 ] ] } },
{ "type": "Feature", "properties": { "name": "Dunajec", "scalerank": 10, "featurecla": "River", "source": "ne_10m_rivers_europe" }, "geometry": { "type": "LineString", "coordinates": [ [ 4007.6, 1846.5 ], [ 4010.1, 1850.6 ], [ 4011.8, 1854.2 ], [ 4013.1, 1859.4 ], [ 4014.2, 1861.2 ], [ 4017.4, 1861.7 ], [ 4028.5, 1859.9 ], [ 4034.4, 1859.2 ], [ 4036.3, 1858.3 ], [ 4037.8, 1856.5 ], [ 4040.1, 1851.2 ], [ 4045.5, 1845.7 ], [ 4048.3, 1842.1 ], [ 4050.2, 1837.9 ], [ 4051.3, 1833.4 ], [ 4053.1, 1828.3 ], [ 4057.1, 1822.5 ], [ 4061.5, 1818.3 ], [ 4064.3, 1816.7 ], [ 4066.2, 1816.7 ], [ 4070.6, 1815.6 ], [ 4074.5, 1816.9 ], [ 4078.6, 1816.5 ], [ 4084.0, 1820.2 ], [ 4085.2, 1819.8 ], [ 4087.8, 1816.4 ], [ 4090.1, 1814.6 ], [ 4091.8, 1812.6 ], [ 4091.8, 1810.3 ], [ 4090.2, 1808.2 ], [ 4087.9, 1807.0 ], [ 4085.5, 1806.9 ], [ 4082.3, 1807.7 ], [ 4079.3, 1805.3 ], [ 4075.7, 1803.2 ], [ 4072.6, 1798.7 ], [ 4069.4, 1795.4 ], [ 4064.8, 1787.6 ], [ 4062.8, 1785.2 ], [ 4061.5, 1783.0 ], [ 4060.9, 1779.6 ], [ 4060.5, 1776.3 ], [ 4059.9, 1774.4 ], [ 4059.8, 1772.7 ], [ 4061.4, 1766.9 ], [ 4061.6, 1764.3 ], [ 4060.9, 1761.3 ], [ 4059.3, 1757.1 ], [ 4058.3, 1752.7 ], [ 4058.7, 1749.4 ], [ 4059.4, 1746.9 ], [ 4057.8, 1741.2 ], [ 4057.7, 1737.7 ], [ 4058.3, 1734.6 ], [ 4059.0, 1732.5 ], [ 4060.5, 1731.1 ], [ 4063.0, 1729.5 ], [ 4065.8, 1728.3 ], [ 4069.4, 1727.3 ], [ 4070.6, 1726.3 ], [ 4071.1, 1724.7 ], [ 4070.7, 1722.6 ], [ 4070.5, 1720.0 ], [ 4072.7, 1713.2 ], [ 4073.6, 1703.0 ], [ 4074.8, 1698.6 ], [ 4074.3, 1697.3 ], [ 4073.2, 1695.7 ], [ 4070.6, 1690.0 ], [ 4067.8, 1686.0 ], [ 4064.3, 1682.2 ], [ 4061.0, 1679.4 ], [ 4058.5, 1677.9 ], [ 4056.9, 1677.3 ], [ 4055.7, 1676.2 ], [ 4052.5, 1673.3 ] ] } },
{ "type": "Feature", "properties": { "name": "Pilica", "scalerank": 10, "featurecla": "River", "source": "ne_10m_rivers_europe" }, "geometry": { "type": "LineString", "coordinates": [ [ 3938.2, 1657.9 ], [ 3940.7, 1654.2 ], [ 3943.6, 1651.2 ], [ 3947.0, 1649.5 ], [ 3950.5, 1648.9 ], [ 3956.6, 1648.4 ], [ 3959.4, 1647.7 ], [ 3961.1, 1646.3 ], [ 3961.2, 1644.6 ], [ 3960.3, 1641.2 ], [ 3959.3, 1635.7 ], [ 3958.6, 1630.1 ], [ 3958.4, 1626.7 ], [ 3957.9, 1625.2 ], [ 3954.7, 1623.7 ], [ 3953.7, 1622.2 ], [ 3952.8, 1620.1 ], [ 3951.2, 1618.0 ], [ 3949.2, 1616.4 ], [ 3945.2, 1614.0 ], [ 3942.9, 1612.1 ], [ 3940.8, 1608.9 ], [ 3939.4, 1604.6 ], [ 3939.4, 1600.3 ], [ 3940.8, 1597.2 ], [ 3942.4, 1594.5 ], [ 3943.6, 1588.3 ], [ 3945.8, 1585.0 ], [ 3948.4, 1581.9 ], [ 3950.4, 1579.1 ], [ 3951.0, 1576.6 ], [ 3950.0, 1572.1 ], [ 3950.3, 1569.7 ], [ 3951.2, 1566.5 ], [ 3951.8, 1562.4 ], [ 3951.9, 1558.4 ], [ 3951.5, 1553.2 ], [ 3953.4, 1549.3 ], [ 3954.0, 1547.3 ], [ 3954.0, 1545.3 ], [ 3953.1, 1542.0 ], [ 3953.4, 1537.9 ], [ 3951.8, 1532.7 ], [ 3951.6, 1527.6 ], [ 3950.2, 1523.0 ], [ 3949.7, 1519.8 ], [ 3948.6, 1516.1 ], [ 3944.6, 1509.6 ], [ 3944.0, 1507.5 ] ] } },
{ "type": "Feature", "properties": { "name": "Pilica", "scalerank": 10, "featurecla": "River", "source": "ne_10m_rivers_europe" }, "geometry": { "type": "LineString", "coordinates": [ [ 3954.1, 1493.4 ], [ 3954.9, 1492.5 ], [ 3955.3, 1490.7 ], [ 3955.5, 1488.7 ], [ 3956.4, 1486.2 ], [ 3957.8, 1483.8 ], [ 3959.2, 1482.1 ], [ 3961.3, 1481.3 ], [ 3964.4, 1480.9 ], [ 3967.5, 1481.0 ], [ 3971.8, 1481.9 ], [ 3975.3, 1481.3 ], [ 3978.9, 1479.4 ], [ 3984.0, 1473.5 ], [ 3990.1, 1469.3 ], [ 3992.3, 1467.0 ], [ 3996.0, 1465.0 ], [ 4010.1, 1462.7 ], [ 4015.0, 1461.1 ], [ 4018.1, 1459.6 ], [ 4024.2, 1458.2 ], [ 4031.0, 1453.2 ], [ 4035.6, 1451.2 ], [ 4039.6, 1450.5 ], [ 4042.0, 1450.6 ], [ 4043.2, 1450.2 ], [ 4047.0, 1444.9 ], [ 4054.7, 1437.6 ], [ 4059.2, 1430.8 ], [ 4060.7, 1429.5 ], [ 4062.1, 1428.9 ], [ 4067.0, 1423.8 ], [ 4068.4, 1421.5 ], [ 4068.1, 1419.1 ], [ 4068.5, 1416.8 ] ] } },
{ "type": "Feature", "properties": { "name": "Pilica", "scalerank": 10, "featurecla": "Lake Centerline", "source": "ne_10m_rivers_europe" }, "geometry": { "type": "LineString", "coordinates": [ [ 3944.0, 1507.5 ], [ 3943.9, 1507.0 ], [ 3944.8, 1504.7 ], [ 3948.6, 1500.6 ], [ 3951.4, 1496.6 ], [ 3954.1, 1493.4 ] ] } },
{ "type": "Feature", "properties": { "name": "Bug", "scalerank": 8, "featurecla": "River", "source": "ne_10m_rivers_lake_centerlines" }, "geometry": { "type": "LineString", "coordinates": [ [ 3998.9, 1338.1 ], [ 4003.2, 1335.3 ], [ 4004.2, 1334.2 ], [ 4004.9, 1332.4 ], [ 4005.4, 1330.9 ], [ 4006.2, 1329.5 ], [ 4007.9, 1328.2 ], [ 4009.5, 1327.7 ], [ 4013.6, 1327.4 ], [ 4015.0, 1326.8 ], [ 4017.8, 1324.9 ], [ 4019.3, 1324.4 ], [ 4026.5, 1327.2 ], [ 4030.8, 1328.1 ], [ 4032.3, 1326.2 ], [ 4032.6, 1321.2 ], [ 4034.8, 1319.1 ], [ 4040.9, 1317.8 ], [ 4045.9, 1314.3 ], [ 4047.7, 1313.5 ], [ 4059.7, 1311.1 ], [ 4061.5, 1310.2 ], [ 4062.7, 1308.5 ], [ 4063.7, 1306.3 ], [ 4065.0, 1304.5 ], [ 4067.8, 1301.7 ], [ 4071.6, 1299.5 ], [ 4075.4, 1298.5 ], [ 4075.8, 1297.9 ], [ 4076.2, 1296.6 ], [ 4076.8, 1295.4 ], [ 4077.7, 1294.8 ], [ 4078.8, 1295.1 ], [ 4080.5, 1296.9 ], [ 4081.4, 1297.5 ], [ 4081.9, 1297.1 ], [ 4081.8, 1296.0 ], [ 4081.9, 1295.2 ], [ 4082.7, 1295.6 ], [ 4083.2, 1296.0 ], [ 4084.5, 1296.8 ], [ 4084.9, 1296.9 ], [ 4085.4, 1296.4 ], [ 4086.9, 1293.6 ], [ 4087.2, 1292.7 ], [ 4087.3, 1291.5 ], [ 4088.1, 1291.1 ], [ 4089.2, 1291.0 ], [ 4090.1, 1290.5 ], [ 4090.6, 1289.7 ], [ 4092.0, 1286.0 ], [ 4094.5, 1285.9 ], [ 4096.0, 1284.2 ] ] } },
{ "type": "Feature", "properties": { "name": "Vistula", "scalerank": 5, "featurecla": "River", "source": "ne_10m_rivers_lake_centerlines" }, "geometry": { "type": "LineString", "coordinates": [ [ 3870.1, 1746.5 ], [ 3867.1, 1748.2 ], [ 3865.6, 1751.1 ], [ 3865.8, 1754.8 ], [ 3867.4, 1758.6 ], [ 3870.9, 1763.7 ], [ 3872.7, 1766.8 ], [ 3873.6, 1770.1 ], [ 3874.7, 1777.9 ], [ 3876.0, 1781.5 ], [ 3878.2, 1782.9 ], [ 3878.5, 1783.8 ], [ 3882.1, 1788.9 ] ] } },
{ "type": "Feature", "properties": { "name": "Vistula", "scalerank": 5, "featurecla": "River", "source": "ne_10m_rivers_lake_centerlines" }, "geometry": { "type": "LineString", "coordinates": [ [ 3882.5, 1743.9 ], [ 3883.3, 1744.5 ], [ 3883.9, 1744.9 ], [ 3884.5, 1745.4 ], [ 3885.2, 1745.7 ], [ 3887.5, 1743.3 ], [ 3890.0, 1741.3 ], [ 3892.9, 1739.8 ], [ 3897.0, 1738.8 ], [ 3898.7, 1738.0 ], [ 3899.3, 1737.6 ], [ 3900.2, 1736.6 ], [ 3900.3, 1736.3 ], [ 3900.0, 1736.0 ], [ 3899.7, 1734.8 ], [ 3899.6, 1732.4 ], [ 3899.9, 1730.7 ], [ 3901.4, 1726.7 ], [ 3901.1, 1726.4 ], [ 3901.0, 1726.3 ], [ 3900.9, 1726.2 ], [ 3900.6, 1725.7 ], [ 3901.3, 1725.4 ], [ 3901.7, 1725.1 ], [ 3902.0, 1724.8 ], [ 3902.5, 1724.4 ], [ 3901.7, 1723.3 ], [ 3902.2, 1722.4 ], [ 3902.7, 1721.7 ], [ 3903.5, 1721.1 ], [ 3904.5, 1720.8 ], [ 3906.6, 1720.6 ], [ 3907.8, 1720.2 ], [ 3908.8, 1719.2 ], [ 3910.8, 1720.7 ], [ 3913.0, 1721.5 ], [ 3915.2, 1721.7 ], [ 3921.1, 1720.2 ], [ 3923.2, 1720.6 ], [ 3924.3, 1722.7 ], [ 3925.0, 1722.6 ], [ 3925.5, 1721.7 ], [ 3926.3, 1721.6 ], [ 3927.1, 1722.2 ], [ 3927.9, 1723.3 ], [ 3928.5, 1723.2 ], [ 3930.6, 1721.2 ], [ 3934.0, 1720.9 ], [ 3937.6, 1721.6 ], [ 3940.1, 1722.7 ], [ 3942.8, 1724.3 ], [ 3943.8, 1725.3 ], [ 3945.1, 1726.9 ], [ 3946.7, 1727.9 ], [ 3948.7, 1728.1 ], [ 3950.6, 1727.6 ], [ 3951.6, 1726.6 ], [ 3952.3, 1726.5 ], [ 3954.7, 1727.6 ], [ 3957.6, 1727.4 ], [ 3963.6, 1726.0 ], [ 3965.0, 1725.3 ], [ 3966.0, 1723.7 ], [ 3966.5, 1721.6 ], [ 3966.6, 1719.7 ], [ 3967.3, 1718.6 ], [ 3971.0, 1715.9 ], [ 3972.5, 1715.2 ], [ 3974.4, 1714.8 ], [ 3977.9, 1712.4 ], [ 3981.0, 1711.9 ], [ 3982.0, 1711.6 ], [ 3983.3, 1710.6 ], [ 3983.8, 1710.4 ], [ 3985.4, 1711.5 ], [ 3986.4, 1712.0 ], [ 3986.8, 1711.6 ], [ 3987.2, 1711.8 ], [ 3990.1, 1710.7 ], [ 3995.9, 1711.5 ], [ 3997.0, 1710.7 ], [ 4001.4, 1711.3 ], [ 4006.9, 1708.8 ], [ 4011.3, 1704.9 ], [ 4012.8, 1701.0 ], [ 4014.2, 1701.4 ], [ 4015.4, 1701.4 ], [ 4016.5, 1701.1 ], [ 4017.6, 1700.3 ], [ 4017.8, 1699.5 ], [ 4017.7, 1698.5 ], [ 4017.8, 1697.4 ], [ 4018.8, 1696.9 ], [ 4019.6, 1696.7 ], [ 4021.6, 1695.5 ], [ 4024.4, 1693.2 ], [ 4037.7, 1690.8 ], [ 4040.1, 1689.8 ], [ 4042.0, 1688.3 ], [ 4047.3, 1680.6 ], [ 4047.5, 1678.9 ], [ 4048.4, 1676.8 ], [ 4051.3, 1674.8 ], [ 4052.5, 1673.3 ], [ 4052.7, 1672.4 ], [ 4052.6, 1670.8 ], [ 4052.8, 1670.0 ], [ 4053.2, 1669.7 ], [ 4054.0, 1669.5 ], [ 4054.3, 1669.2 ], [ 4056.1, 1666.8 ], [ 4056.3, 1664.1 ], [ 4056.8, 1663.1 ], [ 4061.1, 1666.1 ], [ 4062.6, 1665.1 ], [ 4063.7, 1663.5 ], [ 4064.9, 1662.5 ], [ 4066.5, 1663.2 ], [ 4067.7, 1662.2 ], [ 4070.4, 1661.5 ], [ 4071.2, 1660.8 ], [ 4072.0, 1659.4 ], [ 4072.7, 1658.6 ], [ 4073.7, 1658.0 ], [ 4080.9, 1656.7 ], [ 4082.3, 1656.1 ], [ 4083.2, 1655.0 ], [ 4084.0, 1653.8 ], [ 4084.8, 1652.9 ], [ 4088.5, 1650.3 ], [ 4089.5, 1649.9 ], [ 4091.0, 1650.3 ], [ 4092.0, 1651.3 ], [ 4093.1, 1652.0 ], [ 4094.8, 1651.4 ], [ 4094.8, 1651.1 ], [ 4096.0, 1648.6 ] ] } },
{ "type": "Feature", "properties": { "name": "Vistula", "scalerank": 5, "featurecla": "River", "source": "ne_10m_rivers_lake_centerlines" }, "geometry": { "type": "LineString", "coordinates": [ [ 4096.0, 1442.8 ], [ 4091.4, 1443.1 ], [ 4090.1, 1441.9 ], [ 4089.0, 1439.3 ], [ 4087.0, 1437.2 ], [ 4085.0, 1435.4 ], [ 4083.5, 1433.8 ], [ 4082.7, 1430.9 ], [ 4084.1, 1427.1 ], [ 4083.1, 1424.7 ], [ 4078.1, 1419.8 ], [ 4076.5, 1418.8 ], [ 4074.8, 1418.2 ], [ 4071.5, 1418.1 ], [ 4069.4, 1417.0 ], [ 4068.5, 1416.8 ], [ 4066.3, 1412.9 ], [ 4065.5, 1412.2 ], [ 4063.5, 1411.1 ], [ 4062.4, 1410.2 ], [ 4065.5, 1403.7 ], [ 4065.8, 1401.6 ], [ 4064.9, 1399.5 ], [ 4063.5, 1398.6 ], [ 4061.9, 1398.2 ], [ 4060.5, 1397.6 ], [ 4059.0, 1396.0 ], [ 4058.7, 1395.1 ], [ 4059.0, 1394.0 ], [ 4059.0, 1391.9 ], [ 4058.4, 1389.7 ], [ 4057.6, 1388.2 ], [ 4056.6, 1387.3 ], [ 4055.5, 1386.6 ], [ 4055.3, 1385.5 ], [ 4055.7, 1384.3 ], [ 4055.9, 1383.0 ], [ 4055.8, 1381.6 ], [ 4055.2, 1380.1 ], [ 4053.9, 1378.5 ], [ 4049.7, 1374.4 ], [ 4046.9, 1372.6 ], [ 4042.8, 1367.1 ], [ 4041.0, 1365.3 ], [ 4038.6, 1364.8 ], [ 4037.4, 1364.3 ], [ 4034.3, 1359.4 ], [ 4030.1, 1353.9 ], [ 4029.1, 1353.4 ], [ 4026.9, 1352.9 ], [ 4025.8, 1352.4 ], [ 4024.1, 1350.6 ], [ 4022.0, 1346.4 ], [ 4020.4, 1344.1 ], [ 4018.6, 1343.1 ], [ 4014.6, 1343.8 ], [ 4012.8, 1343.6 ], [ 4007.1, 1340.6 ], [ 4003.0, 1340.4 ], [ 4001.0, 1339.7 ], [ 3999.3, 1338.6 ], [ 3998.1, 1337.3 ], [ 3996.2, 1339.2 ], [ 3985.6, 1340.2 ], [ 3980.3, 1342.0 ], [ 3978.0, 1343.4 ], [ 3971.9, 1349.1 ], [ 3969.5, 1350.0 ], [ 3961.5, 1349.7 ], [ 3951.1, 1353.2 ], [ 3942.9, 1353.8 ], [ 3938.6, 1352.7 ], [ 3922.7, 1343.1 ], [ 3920.7, 1342.9 ], [ 3920.1, 1342.7 ], [ 3918.0, 1341.6 ], [ 3916.9, 1341.2 ], [ 3913.2, 1341.8 ], [ 3911.4, 1341.4 ], [ 3910.9, 1341.0 ], [ 3910.7, 1340.1 ], [ 3909.8, 1338.5 ], [ 3908.7, 1337.5 ], [ 3907.0, 1336.5 ], [ 3904.6, 1334.4 ], [ 3902.8, 1333.7 ], [ 3898.9, 1333.0 ], [ 3897.2, 1332.1 ], [ 3895.4, 1331.7 ], [ 3891.3, 1331.9 ], [ 3890.0, 1331.6 ], [ 3883.9, 1328.5 ], [ 3878.4, 1326.9 ], [ 3875.0, 1324.0 ], [ 3873.2, 1323.4 ], [ 3865.6, 1324.1 ], [ 3841.9, 1320.7 ], [ 3838.5, 1318.3 ], [ 3837.0, 1316.3 ], [ 3834.1, 1311.9 ], [ 3827.8, 1303.7 ], [ 3826.7, 1301.6 ], [ 3824.8, 1296.5 ], [ 3823.7, 1295.2 ], [ 3821.8, 1294.1 ], [ 3820.8, 1293.2 ], [ 3819.8, 1292.5 ], [ 3818.9, 1292.4 ], [ 3818.0, 1291.9 ], [ 3817.1, 1289.4 ], [ 3816.4, 1288.8 ], [ 3805.5, 1283.7 ], [ 3804.1, 1281.0 ], [ 3802.8, 1277.6 ], [ 3801.5, 1274.8 ], [ 3799.6, 1273.2 ], [ 3797.9, 1273.6 ], [ 3796.2, 1274.8 ], [ 3794.2, 1275.7 ], [ 3779.2, 1274.1 ], [ 3764.8, 1267.5 ], [ 3752.5, 1265.9 ], [ 3750.8, 1265.1 ], [ 3749.0, 1263.2 ], [ 3749.0, 1261.2 ], [ 3753.5, 1254.6 ], [ 3753.5, 1253.1 ], [ 3752.9, 1251.1 ], [ 3752.9, 1249.3 ], [ 3753.1, 1248.1 ], [ 3754.9, 1244.2 ], [ 3759.6, 1241.2 ], [ 3762.0, 1237.3 ], [ 3764.1, 1228.2 ], [ 3766.0, 1224.3 ], [ 3767.6, 1223.1 ], [ 3771.4, 1221.5 ], [ 3772.8, 1219.8 ], [ 3774.2, 1216.9 ], [ 3775.4, 1215.3 ], [ 3785.9, 1209.7 ], [ 3786.8, 1209.9 ], [ 3791.2, 1208.3 ], [ 3792.7, 1207.4 ], [ 3795.3, 1204.5 ], [ 3797.1, 1201.3 ], [ 3798.1, 1197.2 ], [ 3798.3, 1189.8 ], [ 3798.0, 1183.4 ], [ 3797.5, 1182.1 ], [ 3796.6, 1180.9 ], [ 3795.7, 1178.3 ], [ 3795.1, 1175.4 ], [ 3794.8, 1173.9 ], [ 3795.3, 1172.3 ], [ 3797.0, 1169.1 ], [ 3797.3, 1167.7 ], [ 3797.5, 1165.2 ], [ 3798.7, 1164.5 ], [ 3800.2, 1164.2 ], [ 3802.0, 1162.3 ], [ 3802.7, 1161.9 ], [ 3803.2, 1161.5 ], [ 3803.4, 1160.5 ], [ 3803.4, 1160.0 ], [ 3803.6, 1159.9 ], [ 3803.8, 1159.7 ], [ 3803.8, 1158.9 ], [ 3803.5, 1157.9 ], [ 3802.6, 1156.7 ], [ 3802.2, 1155.9 ], [ 3800.8, 1147.5 ], [ 3800.2, 1146.0 ], [ 3801.1, 1142.5 ], [ 3803.0, 1137.5 ], [ 3803.0, 1134.5 ], [ 3802.2, 1132.6 ], [ 3799.5, 1129.4 ], [ 3799.3, 1128.3 ], [ 3800.3, 1125.9 ], [ 3799.3, 1123.7 ], [ 3797.8, 1121.4 ], [ 3797.6, 1119.0 ], [ 3794.4, 1113.8 ], [ 3793.2, 1105.7 ], [ 3793.4, 1097.3 ], [ 3795.0, 1090.9 ], [ 3795.9, 1089.7 ], [ 3799.2, 1086.7 ], [ 3800.1, 1085.4 ], [ 3800.8, 1084.0 ], [ 3801.3, 1082.6 ], [ 3801.6, 1081.0 ], [ 3801.4, 1077.0 ], [ 3799.8, 1067.9 ], [ 3799.9, 1063.0 ] ] } },
{ "type": "Feature", "properties": { "name": "Bzura", "scalerank": 10, "featurecla": "River", "source": "ne_10m_rivers_europe" }, "geometry": { "type": "LineString", "coordinates": [ [ 3895.8, 1443.3 ], [ 3894.3, 1441.6 ], [ 3892.1, 1441.0 ], [ 3882.9, 1444.8 ], [ 3880.4, 1444.8 ], [ 3877.9, 1444.0 ], [ 3875.7, 1442.3 ], [ 3874.2, 1439.9 ], [ 3873.8, 1437.0 ], [ 3874.2, 1434.3 ], [ 3875.4, 1431.8 ], [ 3876.9, 1429.5 ], [ 3877.6, 1426.8 ], [ 3876.7, 1423.4 ], [ 3875.4, 1420.2 ], [ 3874.9, 1417.9 ], [ 3874.1, 1416.5 ], [ 3870.2, 1413.9 ], [ 3869.2, 1412.5 ], [ 3869.7, 1410.9 ], [ 3871.2, 1409.0 ], [ 3877.3, 1404.4 ], [ 3880.9, 1402.4 ], [ 3886.8, 1399.8 ], [ 3891.2, 1397.0 ], [ 3893.7, 1396.1 ], [ 3896.2, 1395.9 ], [ 3912.1, 1398.2 ], [ 3915.2, 1399.0 ], [ 3917.9, 1398.6 ], [ 3926.4, 1394.3 ], [ 3929.7, 1393.4 ], [ 3936.3, 1394.4 ], [ 3940.6, 1394.2 ], [ 3945.6, 1392.2 ], [ 3950.2, 1388.7 ], [ 3953.9, 1385.0 ], [ 3956.0, 1381.6 ], [ 3957.8, 1377.0 ], [ 3960.9, 1373.9 ], [ 3962.4, 1371.4 ], [ 3963.4, 1368.4 ], [ 3963.8, 1365.7 ], [ 3963.4, 1363.7 ], [ 3961.6, 1360.4 ], [ 3960.7, 1357.2 ], [ 3958.8, 1354.0 ], [ 3955.3, 1351.8 ] ] } },
{ "type": "Feature", "properties": { "name": "Wkra", "scalerank": 11, "featurecla": "River", "source": "ne_10m_rivers_europe" }, "geometry": { "type": "LineString", "coordinates": [ [ 3937.9, 1191.0 ], [ 3946.7, 1191.7 ], [ 3949.8, 1192.6 ], [ 3951.9, 1194.2 ], [ 3953.2, 1196.4 ], [ 3953.3, 1198.5 ], [ 3951.6, 1202.0 ], [ 3951.1, 1208.1 ], [ 3948.3, 1213.7 ], [ 3947.7, 1216.2 ], [ 3946.9, 1217.8 ], [ 3945.1, 1218.2 ], [ 3942.7, 1218.3 ], [ 3935.4, 1221.2 ], [ 3933.4, 1225.2 ], [ 3931.7, 1226.7 ], [ 3928.8, 1226.9 ], [ 3921.3, 1225.3 ], [ 3916.6, 1226.5 ], [ 3914.1, 1225.7 ], [ 3911.3, 1225.2 ], [ 3908.6, 1226.6 ], [ 3906.8, 1229.0 ], [ 3905.9, 1231.1 ], [ 3906.0, 1233.2 ], [ 3906.6, 1235.6 ], [ 3906.7, 1237.8 ], [ 3904.0, 1241.0 ], [ 3903.5, 1242.7 ], [ 3904.3, 1244.2 ], [ 3907.8, 1247.1 ], [ 3909.0, 1249.7 ], [ 3910.1, 1252.6 ], [ 3911.5, 1254.8 ], [ 3912.6, 1257.2 ], [ 3913.0, 1260.5 ], [ 3913.7, 1264.1 ], [ 3915.7, 1267.2 ], [ 3918.5, 1269.0 ], [ 3921.1, 1269.5 ], [ 3923.4, 1268.5 ], [ 3927.3, 1265.5 ], [ 3929.4, 1264.7 ], [ 3931.4, 1264.9 ], [ 3934.4, 1266.2 ], [ 3940.9, 1266.7 ], [ 3944.9, 1268.1 ], [ 3948.5, 1270.0 ], [ 3951.3, 1271.8 ], [ 3953.0, 1273.7 ], [ 3954.1, 1276.0 ], [ 3954.2, 1278.1 ], [ 3952.5, 1281.8 ], [ 3952.4, 1283.8 ], [ 3953.0, 1285.5 ], [ 3953.9, 1286.3 ], [ 3955.8, 1287.1 ], [ 3961.8, 1290.8 ], [ 3964.6, 1291.5 ], [ 3967.2, 1292.9 ], [ 3973.6, 1300.7 ], [ 3977.5, 1304.0 ], [ 3980.6, 1306.3 ], [ 3983.2, 1309.2 ], [ 3988.3, 1311.9 ], [ 3990.8, 1315.1 ], [ 3993.7, 1316.3 ], [ 3995.4, 1317.8 ], [ 3996.7, 1320.2 ], [ 3997.0, 1325.2 ], [ 3997.8, 1326.1 ], [ 3999.4, 1326.7 ], [ 4001.2, 1327.9 ], [ 4002.8, 1329.6 ], [ 4003.7, 1331.3 ], [ 4004.2, 1334.2 ] ] } },
{ "type": "Feature", "properties": { "name": "Narew", "scalerank": 10, "featurecla": "River", "source": "ne_10m_rivers_europe" }, "geometry": { "type": "LineString", "coordinates": [ [ 4096.0, 1192.8 ], [ 4092.5, 1194.0 ], [ 4090.2, 1195.5 ], [ 4089.4, 1196.2 ], [ 4088.6, 1197.0 ], [ 4084.4, 1200.0 ], [ 4082.1, 1202.8 ], [ 4079.3, 1205.1 ], [ 4076.4, 1208.2 ], [ 4072.9, 1215.0 ], [ 4066.5, 1221.4 ], [ 4064.1, 1225.7 ], [ 4062.7, 1230.1 ], [ 4061.7, 1236.6 ], [ 4059.6, 1242.6 ], [ 4059.4, 1244.2 ], [ 4058.9, 1245.4 ], [ 4057.2, 1247.3 ], [ 4055.5, 1249.9 ], [ 4054.9, 1252.9 ], [ 4056.3, 1256.9 ], [ 4059.5, 1261.9 ], [ 4062.2, 1266.7 ], [ 4062.4, 1270.2 ], [ 4060.7, 1271.7 ], [ 4058.9, 1271.7 ], [ 4056.6, 1271.1 ], [ 4053.7, 1271.3 ], [ 4049.2, 1272.8 ], [ 4037.8, 1277.5 ], [ 4035.3, 1277.5 ], [ 4034.5, 1277.0 ], [ 4033.2, 1277.6 ], [ 4032.1, 1279.9 ], [ 4031.6, 1283.4 ], [ 4031.4, 1287.0 ], [ 4030.6, 1291.1 ], [ 4030.9, 1293.5 ], [ 4032.0, 1296.6 ], [ 4033.8, 1300.1 ], [ 4035.0, 1303.9 ], [ 4034.7, 1308.0 ], [ 4033.9, 1312.0 ], [ 4033.7, 1315.6 ], [ 4034.8, 1319.1 ] ] } },
{ "type": "Feature", "properties": { "name": null, "scalerank": 11, "featurecla": "River", "source": "ne_10m_rivers_europe" }, "geometry": { "type": "LineString", "coordinates": [ [ 4070.2, 1130.2 ], [ 4073.2, 1132.6 ], [ 4072.9, 1135.1 ], [ 4074.2, 1139.3 ], [ 4075.9, 1143.2 ], [ 4077.9, 1146.9 ], [ 4079.7, 1152.8 ], [ 4082.2, 1157.8 ], [ 4082.5, 1160.8 ], [ 4081.6, 1164.0 ], [ 4077.9, 1169.2 ], [ 4077.4, 1171.3 ], [ 4077.5, 1173.0 ], [ 4077.2, 1174.7 ], [ 4077.5, 1177.0 ], [ 4079.4, 1180.3 ], [ 4082.6, 1184.0 ], [ 4086.1, 1187.6 ], [ 4088.7, 1190.8 ], [ 4089.6, 1193.7 ], [ 4089.4, 1196.2 ], [ 4089.4, 1196.5 ] ] } },
{ "type": "Feature", "properties": { "name": null, "scalerank": 11, "featurecla": "River", "source": "ne_10m_rivers_europe" }, "geometry": { "type": "LineString", "coordinates": [ [ 4011.8, 1139.5 ], [ 4009.8, 1134.9 ], [ 4007.9, 1131.1 ], [ 4006.2, 1128.7 ], [ 4005.4, 1127.1 ], [ 4005.7, 1125.3 ], [ 4007.1, 1123.9 ], [ 4008.8, 1123.2 ], [ 4009.9, 1122.0 ], [ 4009.6, 1119.3 ], [ 4009.9, 1117.3 ], [ 4012.3, 1117.6 ], [ 4015.6, 1120.0 ], [ 4018.1, 1123.0 ], [ 4019.3, 1126.5 ], [ 4019.5, 1129.9 ], [ 4021.0, 1134.4 ], [ 4025.4, 1140.1 ], [ 4030.3, 1144.5 ], [ 4033.0, 1145.7 ], [ 4033.7, 1143.2 ], [ 4034.2, 1133.8 ], [ 4035.4, 1131.3 ], [ 4036.9, 1131.6 ], [ 4039.1, 1136.3 ], [ 4040.5, 1136.7 ], [ 4042.2, 1135.1 ], [ 4044.1, 1132.5 ], [ 4045.1, 1129.3 ], [ 4044.6, 1123.9 ], [ 4048.9, 1123.0 ] ] } },
{ "type": "Feature", "properties": { "name": null, "scalerank": 11, "featurecla": "Lake Centerline", "source": "ne_10m_rivers_europe" }, "geometry": { "type": "LineString", "coordinates": [ [ 4048.9, 1123.0 ], [ 4050.6, 1122.4 ], [ 4052.8, 1119.3 ], [ 4054.9, 1118.7 ], [ 4060.9, 1122.6 ], [ 4067.5, 1128.0 ], [ 4070.2, 1130.2 ] ] } },
{ "type": "Feature", "properties": { "name": "Łyna", "scalerank": 10, "featurecla": "River", "source": "ne_10m_rivers_europe" }, "geometry": { "type": "LineString", "coordinates": [ [ 3986.4, 1134.1 ], [ 3986.0, 1135.6 ], [ 3986.1, 1137.7 ], [ 3987.3, 1144.0 ], [ 3987.0, 1146.3 ], [ 3985.9, 1147.6 ], [ 3984.1, 1148.0 ], [ 3982.2, 1147.4 ], [ 3980.8, 1145.8 ], [ 3979.5, 1145.5 ], [ 3976.0, 1150.7 ], [ 3973.9, 1151.0 ], [ 3972.4, 1149.3 ], [ 3971.0, 1143.7 ], [ 3965.9, 1133.8 ], [ 3964.8, 1130.9 ], [ 3965.2, 1129.1 ], [ 3967.9, 1125.1 ], [ 3968.2, 1123.5 ], [ 3967.0, 1122.3 ], [ 3965.0, 1121.2 ], [ 3962.2, 1120.9 ], [ 3959.0, 1121.4 ], [ 3956.6, 1122.8 ], [ 3955.4, 1124.5 ], [ 3954.2, 1125.7 ], [ 3951.6, 1126.0 ], [ 3948.8, 1126.0 ], [ 3946.1, 1126.5 ], [ 3942.5, 1124.8 ], [ 3940.3, 1124.9 ], [ 3939.3, 1123.3 ], [ 3938.9, 1120.4 ], [ 3940.5, 1114.6 ], [ 3939.9, 1112.0 ], [ 3938.9, 1109.5 ], [ 3938.9, 1104.6 ], [ 3938.3, 1103.0 ], [ 3937.4, 1101.2 ], [ 3936.8, 1098.6 ], [ 3937.0, 1095.6 ], [ 3939.1, 1090.2 ], [ 3938.8, 1088.0 ], [ 3939.2, 1085.5 ], [ 3941.8, 1082.4 ], [ 3945.5, 1079.7 ], [ 3950.3, 1077.4 ], [ 3951.8, 1076.2 ], [ 3952.4, 1074.9 ], [ 3952.4, 1073.7 ], [ 3953.6, 1071.2 ], [ 3961.8, 1062.2 ], [ 3967.1, 1055.6 ], [ 3968.7, 1054.6 ], [ 3978.2, 1052.7 ], [ 3983.5, 1052.1 ], [ 3985.5, 1050.8 ], [ 3987.1, 1048.8 ], [ 3988.2, 1046.6 ], [ 3988.2, 1044.5 ], [ 3985.6, 1040.2 ], [ 3985.2, 1038.0 ], [ 3985.0, 1035.5 ], [ 3983.0, 1028.8 ], [ 3982.3, 1024.5 ], [ 3982.8, 1020.8 ], [ 3984.4, 1018.4 ], [ 3986.3, 1016.9 ], [ 3987.5, 1015.6 ], [ 3988.4, 1015.1 ], [ 3991.5, 1016.4 ], [ 3993.6, 1016.0 ], [ 3995.2, 1014.2 ], [ 3995.8, 1008.9 ], [ 3998.1, 1005.9 ], [ 3999.2, 1002.2 ], [ 3999.3, 998.1 ], [ 3998.2, 995.4 ], [ 3995.8, 994.0 ], [ 3992.7, 992.9 ], [ 3987.7, 992.5 ], [ 3973.0, 992.8 ], [ 3964.3, 991.3 ], [ 3956.1, 992.8 ], [ 3952.2, 992.8 ], [ 3949.1, 991.8 ], [ 3946.8, 990.6 ], [ 3943.0, 989.7 ], [ 3936.5, 989.8 ], [ 3932.0, 990.6 ], [ 3928.2, 992.3 ], [ 3922.5, 995.0 ] ] } },
{ "type": "Feature", "properties": { "name": "Pissa", "scalerank": 10, "featurecla": "River", "source": "ne_10m_rivers_europe" }, "geometry": { "type": "LineString", "coordinates": [ [ 4096.0, 1025.3 ], [ 4094.0, 1025.9 ], [ 4091.5, 1028.0 ], [ 4089.9, 1030.5 ], [ 4088.8, 1032.6 ], [ 4088.7, 1034.6 ], [ 4089.1, 1038.4 ], [ 4088.3, 1039.5 ], [ 4085.3, 1039.5 ], [ 4074.7, 1038.3 ], [ 4071.7, 1039.0 ], [ 4069.9, 1039.8 ], [ 4067.4, 1039.6 ], [ 4065.0, 1038.5 ], [ 4063.3, 1037.1 ], [ 4062.6, 1035.0 ], [ 4062.9, 1032.2 ], [ 4064.2, 1030.0 ], [ 4066.2, 1029.1 ], [ 4068.3, 1029.0 ], [ 4069.8, 1028.3 ], [ 4070.3, 1027.1 ], [ 4069.6, 1023.4 ], [ 4071.4, 1019.7 ], [ 4071.6, 1014.9 ], [ 4073.5, 1009.0 ], [ 4074.4, 1003.5 ], [ 4075.1, 1002.1 ], [ 4075.8, 1000.0 ], [ 4075.9, 995.7 ], [ 4075.6, 991.3 ], [ 4075.0, 989.0 ], [ 4073.4, 987.8 ], [ 4070.3, 986.2 ], [ 4066.5, 984.9 ], [ 4060.3, 984.2 ], [ 4053.9, 980.8 ], [ 4050.9, 980.7 ], [ 4047.9, 981.2 ], [ 4041.5, 981.7 ], [ 4037.8, 982.5 ], [ 4034.8, 983.7 ], [ 4031.3, 985.8 ], [ 4028.3, 986.7 ], [ 4024.9, 987.1 ], [ 4019.8, 986.3 ], [ 4014.6, 986.0 ], [ 4013.1, 985.6 ], [ 4010.6, 986.2 ], [ 4000.6, 991.8 ], [ 3997.0, 993.0 ], [ 3994.5, 993.2 ] ] } },
{ "type": "Feature", "properties": { "name": "Aire", "scalerank": 10, "featurecla": "River", "source": "ne_10m_rivers_europe" }, "geometry": { "type": "LineString", "coordinates": [ [ 2525.1, 1969.0 ], [ 2524.0, 1966.6 ], [ 2523.1, 1963.2 ], [ 2522.8, 1958.5 ], [ 2522.0, 1953.6 ], [ 2520.2, 1950.0 ], [ 2518.2, 1947.1 ], [ 2515.8, 1941.1 ], [ 2511.5, 1938.1 ], [ 2507.8, 1934.7 ], [ 2504.4, 1930.2 ], [ 2502.2, 1925.9 ], [ 2500.9, 1923.0 ], [ 2499.0, 1920.6 ], [ 2498.0, 1916.0 ], [ 2496.4, 1911.4 ], [ 2494.3, 1905.7 ], [ 2492.0, 1900.9 ], [ 2490.4, 1896.1 ], [ 2489.6, 1891.2 ], [ 2488.5, 1886.7 ], [ 2486.2, 1882.5 ], [ 2484.1, 1879.5 ], [ 2483.6, 1877.6 ], [ 2483.7, 1876.2 ], [ 2483.1, 1874.5 ], [ 2481.5, 1872.8 ], [ 2478.9, 1871.3 ], [ 2475.9, 1870.7 ], [ 2473.1, 1871.1 ], [ 2471.1, 1872.3 ], [ 2469.1, 1874.3 ], [ 2467.1, 1874.7 ], [ 2465.2, 1874.1 ], [ 2464.5, 1872.8 ], [ 2463.6, 1870.0 ], [ 2459.3, 1861.7 ], [ 2458.5, 1858.6 ], [ 2457.9, 1855.5 ], [ 2456.5, 1851.3 ], [ 2454.6, 1847.5 ], [ 2452.9, 1845.7 ], [ 2451.3, 1845.6 ], [ 2449.5, 1846.2 ], [ 2447.2, 1846.3 ], [ 2441.3, 1843.8 ], [ 2438.0, 1843.6 ], [ 2431.1, 1843.6 ], [ 2428.3, 1842.9 ], [ 2425.1, 1840.8 ], [ 2421.6, 1840.0 ], [ 2416.9, 1837.7 ], [ 2414.0, 1837.1 ], [ 2411.7, 1837.3 ], [ 2409.4, 1839.3 ], [ 2405.6, 1840.6 ], [ 2402.9, 1842.1 ], [ 2400.2, 1844.1 ], [ 2396.8, 1847.4 ], [ 2393.2, 1848.1 ], [ 2390.1, 1850.6 ], [ 2388.6, 1851.3 ], [ 2387.1, 1851.1 ], [ 2385.5, 1850.2 ], [ 2383.8, 1849.8 ], [ 2378.9, 1852.0 ], [ 2370.3, 1852.7 ], [ 2368.0, 1853.7 ], [ 2366.8, 1854.9 ], [ 2365.2, 1855.7 ], [ 2361.3, 1855.2 ], [ 2347.2, 1851.4 ], [ 2340.0, 1850.1 ], [ 2338.1, 1849.5 ], [ 2336.0, 1849.7 ], [ 2332.8, 1851.3 ], [ 2329.2, 1852.5 ], [ 2325.9, 1851.8 ], [ 2322.2, 1850.3 ], [ 2312.6, 1849.4 ], [ 2304.5, 1846.8 ], [ 2295.3, 1846.2 ], [ 2290.9, 1844.9 ], [ 2283.8, 1843.3 ], [ 2278.4, 1840.1 ], [ 2275.3, 1839.2 ], [ 2272.0, 1838.7 ], [ 2268.6, 1841.3 ], [ 2265.9, 1844.2 ], [ 2262.5, 1850.5 ], [ 2260.3, 1853.5 ], [ 2257.1, 1855.2 ], [ 2253.1, 1855.1 ], [ 2249.7, 1854.5 ], [ 2245.8, 1856.1 ], [ 2238.2, 1857.1 ], [ 2235.4, 1858.8 ], [ 2233.3, 1860.8 ], [ 2228.7, 1863.7 ], [ 2225.0, 1868.6 ], [ 2221.1, 1870.9 ], [ 2219.6, 1873.9 ], [ 2217.7, 1876.7 ], [ 2215.2, 1877.4 ], [ 2211.7, 1877.5 ], [ 2207.8, 1878.7 ], [ 2204.5, 1880.8 ], [ 2202.8, 1883.3 ], [ 2201.8, 1885.5 ], [ 2200.2, 1887.3 ], [ 2198.1, 1888.2 ], [ 2196.2, 1888.3 ], [ 2193.9, 1889.1 ], [ 2191.2, 1891.3 ], [ 2188.8, 1894.4 ], [ 2187.6, 1897.1 ], [ 2187.1, 1899.6 ] ] } },
{ "type": "Feature", "properties": { "name": "Waldnaab", "scalerank": 10, "featurecla": "River", "source": "ne_10m_rivers_europe" }, "geometry": { "type": "LineString", "coordinates": [ [ 3235.5, 1815.7 ], [ 3235.6, 1813.9 ], [ 3234.3, 1812.6 ], [ 3227.4, 1811.8 ], [ 3225.4, 1811.3 ], [ 3225.2, 1809.5 ], [ 3225.9, 1806.1 ], [ 3225.7, 1802.7 ], [ 3223.7, 1800.8 ], [ 3220.8, 1800.4 ], [ 3218.6, 1800.7 ], [ 3216.7, 1801.9 ], [ 3214.8, 1803.7 ], [ 3212.8, 1806.3 ], [ 3210.8, 1809.6 ], [ 3209.6, 1812.9 ], [ 3209.6, 1815.6 ], [ 3210.0, 1818.4 ], [ 3209.9, 1825.1 ], [ 3210.6, 1828.3 ], [ 3210.9, 1831.7 ], [ 3209.8, 1835.7 ], [ 3208.3, 1839.9 ], [ 3207.4, 1843.6 ], [ 3207.3, 1846.3 ], [ 3208.2, 1849.2 ], [ 3207.7, 1850.2 ], [ 3207.6, 1851.8 ], [ 3210.7, 1857.4 ], [ 3211.9, 1861.2 ], [ 3211.9, 1866.1 ], [ 3210.9, 1872.3 ], [ 3209.0, 1878.3 ], [ 3206.8, 1883.0 ], [ 3204.9, 1885.7 ], [ 3202.6, 1888.0 ], [ 3202.0, 1889.9 ], [ 3202.3, 1892.5 ], [ 3204.3, 1897.6 ], [ 3204.3, 1899.6 ], [ 3203.3, 1901.2 ], [ 3199.2, 1904.7 ], [ 3195.4, 1908.4 ], [ 3191.8, 1912.9 ], [ 3189.8, 1917.0 ], [ 3190.0, 1921.7 ], [ 3191.7, 1927.5 ], [ 3194.5, 1932.3 ], [ 3196.9, 1934.8 ], [ 3199.3, 1935.2 ] ] } },
{ "type": "Feature", "properties": { "name": "Regnitz", "scalerank": 10, "featurecla": "River", "source": "ne_10m_rivers_europe" }, "geometry": { "type": "LineString", "coordinates": [ [ 3034.7, 1876.0 ], [ 3039.8, 1878.9 ], [ 3041.5, 1880.4 ], [ 3042.5, 1882.4 ], [ 3043.4, 1885.2 ], [ 3044.7, 1888.3 ], [ 3046.9, 1891.1 ], [ 3052.1, 1895.1 ], [ 3056.0, 1896.5 ], [ 3067.8, 1899.1 ], [ 3072.3, 1900.4 ], [ 3075.8, 1902.4 ], [ 3079.6, 1905.0 ], [ 3082.2, 1907.6 ], [ 3082.9, 1909.3 ], [ 3082.9, 1910.5 ], [ 3084.0, 1911.7 ], [ 3086.1, 1912.7 ], [ 3088.5, 1913.3 ], [ 3091.3, 1913.1 ], [ 3094.5, 1911.9 ], [ 3097.5, 1909.6 ], [ 3100.0, 1906.9 ], [ 3101.5, 1902.8 ], [ 3101.9, 1897.4 ], [ 3100.9, 1891.7 ], [ 3098.9, 1886.8 ], [ 3097.1, 1883.1 ], [ 3095.5, 1877.7 ], [ 3092.1, 1871.2 ], [ 3091.5, 1867.9 ], [ 3091.3, 1865.1 ], [ 3090.7, 1863.0 ], [ 3090.3, 1860.0 ], [ 3090.7, 1855.3 ], [ 3092.7, 1844.9 ], [ 3094.0, 1841.0 ], [ 3095.6, 1837.6 ], [ 3097.0, 1834.0 ], [ 3097.6, 1829.6 ], [ 3096.9, 1824.9 ], [ 3095.1, 1820.5 ], [ 3092.4, 1816.8 ], [ 3087.2, 1811.0 ], [ 3083.6, 1804.5 ], [ 3081.1, 1801.3 ], [ 3078.5, 1799.1 ] ] } },
{ "type": "Feature", "properties": { "name": "Glan", "scalerank": 11, "featurecla": "River", "source": "ne_10m_rivers_europe" }, "geometry": { "type": "LineString", "coordinates": [ [ 2721.2, 1865.9 ], [ 2724.0, 1869.2 ], [ 2727.2, 1871.9 ], [ 2731.2, 1873.7 ], [ 2734.1, 1873.6 ], [ 2734.8, 1871.5 ], [ 2734.4, 1868.8 ], [ 2735.2, 1865.3 ], [ 2735.3, 1860.3 ], [ 2736.9, 1851.9 ], [ 2736.6, 1849.0 ], [ 2736.1, 1847.2 ], [ 2736.2, 1845.7 ], [ 2737.7, 1844.5 ], [ 2745.9, 1841.2 ], [ 2748.0, 1839.5 ], [ 2751.8, 1834.7 ], [ 2755.9, 1832.0 ], [ 2757.6, 1830.3 ], [ 2758.5, 1828.6 ], [ 2758.8, 1826.2 ], [ 2761.0, 1823.3 ], [ 2762.3, 1819.0 ], [ 2763.9, 1816.2 ], [ 2765.8, 1814.3 ], [ 2767.3, 1814.2 ], [ 2768.6, 1814.5 ], [ 2771.7, 1812.7 ], [ 2776.0, 1812.0 ], [ 2777.1, 1810.4 ], [ 2778.4, 1807.8 ], [ 2781.0, 1804.7 ], [ 2783.1, 1800.4 ], [ 2783.2, 1794.5 ], [ 2780.7, 1788.8 ] ] } },
{ "type": "Feature", "properties": { "name": "Sûre", "scalerank": 10, "featurecla": "River", "source": "ne_10m_rivers_europe" }, "geometry": { "type": "LineString", "coordinates": [ [ 2640.6, 1825.5 ], [ 2640.4, 1825.2 ], [ 2639.7, 1824.4 ], [ 2640.1, 1823.6 ], [ 2640.6, 1823.4 ], [ 2641.4, 1823.8 ], [ 2640.8, 1822.8 ], [ 2640.3, 1821.7 ], [ 2640.2, 1820.4 ], [ 2640.3, 1819.0 ], [ 2641.3, 1818.2 ], [ 2641.4, 1817.6 ], [ 2641.2, 1816.9 ], [ 2641.2, 1815.8 ], [ 2641.9, 1812.5 ], [ 2642.0, 1812.4 ], [ 2642.1, 1811.1 ], [ 2642.3, 1810.9 ], [ 2642.3, 1810.9 ], [ 2641.8, 1810.3 ], [ 2641.4, 1810.3 ], [ 2638.4, 1809.2 ], [ 2633.6, 1809.0 ], [ 2631.9, 1808.4 ], [ 2630.2, 1807.2 ], [ 2627.5, 1804.4 ], [ 2625.8, 1803.2 ], [ 2625.0, 1803.1 ], [ 2623.4, 1804.0 ], [ 2622.6, 1803.9 ], [ 2622.6, 1803.3 ], [ 2621.7, 1800.6 ], [ 2621.3, 1799.8 ], [ 2619.8, 1798.7 ], [ 2616.5, 1797.1 ], [ 2615.1, 1795.4 ], [ 2612.8, 1796.4 ], [ 2611.7, 1796.5 ], [ 2605.7, 1798.2 ], [ 2604.2, 1797.4 ], [ 2603.0, 1794.3 ], [ 2601.1, 1790.5 ], [ 2598.0, 1788.2 ], [ 2594.4, 1787.8 ], [ 2588.2, 1789.5 ], [ 2585.2, 1789.3 ], [ 2582.1, 1789.6 ], [ 2575.4, 1793.9 ], [ 2569.5, 1794.4 ], [ 2568.5, 1795.5 ], [ 2568.1, 1797.2 ], [ 2567.2, 1798.8 ], [ 2565.5, 1798.6 ], [ 2563.1, 1796.1 ], [ 2560.7, 1792.9 ], [ 2559.6, 1792.1 ], [ 2558.5, 1790.0 ], [ 2550.0, 1794.5 ], [ 2545.7, 1794.0 ] ] } },
{ "type": "Feature", "properties": { "name": "Petit Gland", "scalerank": 12, "featurecla": "River", "source": "ne_10m_rivers_europe" }, "geometry": { "type": "LineString", "coordinates": [ [ 2433.9, 1779.7 ], [ 2431.5, 1779.9 ], [ 2429.8, 1780.5 ], [ 2429.0, 1781.6 ], [ 2427.6, 1782.4 ], [ 2420.4, 1781.8 ], [ 2413.6, 1782.2 ], [ 2411.6, 1781.6 ], [ 2410.2, 1780.2 ], [ 2408.8, 1778.1 ], [ 2406.7, 1776.1 ], [ 2400.6, 1773.6 ], [ 2398.6, 1771.6 ], [ 2394.6, 1773.0 ], [ 2390.6, 1773.5 ], [ 2386.4, 1775.2 ], [ 2383.1, 1775.4 ], [ 2376.0, 1774.1 ], [ 2371.0, 1774.2 ], [ 2361.6, 1775.1 ], [ 2358.7, 1774.6 ], [ 2355.5, 1772.6 ], [ 2352.4, 1771.5 ], [ 2349.9, 1773.1 ], [ 2347.5, 1776.4 ], [ 2342.0, 1782.0 ], [ 2340.2, 1784.7 ], [ 2338.2, 1787.1 ], [ 2331.8, 1791.7 ], [ 2329.1, 1795.3 ], [ 2328.1, 1799.4 ], [ 2328.8, 1806.1 ], [ 2327.3, 1809.1 ], [ 2324.5, 1811.2 ], [ 2319.4, 1813.3 ], [ 2317.0, 1815.3 ], [ 2312.2, 1816.3 ], [ 2305.5, 1819.2 ], [ 2302.0, 1820.0 ], [ 2296.5, 1819.7 ], [ 2292.9, 1821.9 ], [ 2291.1, 1821.7 ], [ 2289.5, 1821.1 ], [ 2288.2, 1821.1 ], [ 2287.1, 1822.6 ], [ 2285.2, 1828.6 ], [ 2283.8, 1830.3 ], [ 2282.3, 1830.5 ], [ 2280.9, 1830.2 ], [ 2278.8, 1831.0 ], [ 2275.8, 1834.1 ], [ 2272.0, 1838.7 ] ] } },
{ "type": "Feature", "properties": { "name": "Main", "scalerank": 8, "featurecla": "River", "source": "ne_10m_rivers_lake_centerlines" }, "geometry": { "type": "LineString", "coordinates": [ [ 3146.5, 1808.2 ], [ 3152.1, 1812.4 ], [ 3152.6, 1811.8 ], [ 3153.7, 1810.9 ], [ 3154.1, 1810.2 ], [ 3154.3, 1809.2 ], [ 3154.3, 1808.2 ], [ 3154.1, 1807.0 ], [ 3155.1, 1802.6 ], [ 3155.1, 1800.7 ], [ 3153.9, 1799.6 ], [ 3155.5, 1798.3 ], [ 3155.4, 1797.0 ], [ 3154.9, 1795.7 ], [ 3155.1, 1794.4 ], [ 3155.1, 1793.2 ], [ 3153.2, 1793.1 ], [ 3150.5, 1793.8 ], [ 3148.9, 1793.3 ], [ 3147.5, 1792.3 ], [ 3146.3, 1791.0 ], [ 3145.3, 1789.2 ], [ 3144.7, 1787.1 ], [ 3143.6, 1787.6 ], [ 3142.7, 1786.8 ], [ 3141.2, 1783.9 ], [ 3138.3, 1781.7 ], [ 3136.9, 1780.0 ], [ 3136.2, 1777.2 ], [ 3135.0, 1774.7 ], [ 3132.4, 1772.7 ], [ 3127.3, 1770.4 ], [ 3119.2, 1766.8 ], [ 3115.6, 1766.1 ], [ 3114.7, 1765.4 ], [ 3113.0, 1763.5 ], [ 3108.0, 1759.5 ], [ 3106.0, 1757.4 ], [ 3104.2, 1756.0 ], [ 3102.4, 1755.7 ], [ 3100.2, 1757.2 ], [ 3095.1, 1764.9 ], [ 3093.1, 1766.8 ], [ 3089.8, 1768.2 ], [ 3088.3, 1769.5 ], [ 3087.7, 1771.6 ], [ 3087.4, 1773.9 ], [ 3085.8, 1779.8 ], [ 3083.1, 1786.6 ], [ 3081.7, 1789.2 ], [ 3080.2, 1790.3 ], [ 3078.2, 1790.9 ], [ 3078.4, 1792.6 ], [ 3079.3, 1795.0 ], [ 3079.1, 1797.8 ], [ 3077.8, 1799.3 ], [ 3076.0, 1799.5 ], [ 3069.7, 1798.5 ], [ 3068.3, 1797.7 ], [ 3066.2, 1794.6 ], [ 3064.8, 1793.4 ], [ 3054.1, 1788.4 ], [ 3050.5, 1788.0 ], [ 3047.2, 1786.6 ], [ 3041.4, 1782.2 ], [ 3039.2, 1784.3 ], [ 3036.3, 1785.3 ], [ 3029.8, 1785.3 ], [ 3027.1, 1784.6 ], [ 3025.0, 1783.3 ], [ 3021.7, 1779.9 ], [ 3020.3, 1779.1 ], [ 3017.6, 1779.3 ], [ 3015.2, 1781.3 ], [ 3010.4, 1787.8 ], [ 3009.9, 1788.8 ], [ 3009.9, 1789.9 ], [ 3010.0, 1791.7 ], [ 3010.7, 1795.9 ], [ 3010.7, 1797.8 ], [ 3010.0, 1799.2 ], [ 3010.0, 1800.3 ], [ 3011.4, 1802.2 ], [ 3010.8, 1803.6 ], [ 3009.4, 1804.9 ], [ 3008.7, 1806.1 ], [ 3009.4, 1807.7 ], [ 3013.0, 1808.0 ], [ 3014.2, 1809.8 ], [ 3010.9, 1809.4 ], [ 3009.5, 1809.9 ], [ 3009.8, 1811.5 ], [ 3013.0, 1815.0 ], [ 3013.6, 1816.2 ], [ 3013.8, 1818.0 ], [ 3013.3, 1819.0 ], [ 3012.2, 1819.3 ], [ 3010.5, 1819.4 ], [ 3008.8, 1819.7 ], [ 3008.2, 1820.7 ], [ 3007.4, 1824.8 ], [ 3008.6, 1827.3 ], [ 3007.7, 1830.4 ], [ 3004.6, 1835.3 ], [ 3007.4, 1837.4 ], [ 3004.2, 1839.2 ], [ 3000.7, 1839.2 ], [ 2997.6, 1837.9 ], [ 2995.4, 1835.8 ], [ 2994.9, 1834.7 ], [ 2994.5, 1832.7 ], [ 2994.0, 1831.6 ], [ 2993.3, 1831.1 ], [ 2992.5, 1830.8 ], [ 2991.9, 1830.4 ], [ 2991.0, 1827.0 ], [ 2989.5, 1825.3 ], [ 2988.1, 1824.0 ], [ 2987.5, 1823.1 ], [ 2986.9, 1821.9 ], [ 2983.3, 1818.3 ], [ 2982.6, 1817.9 ], [ 2981.2, 1817.6 ], [ 2980.6, 1817.3 ], [ 2980.0, 1816.5 ], [ 2979.8, 1815.9 ], [ 2979.6, 1815.3 ], [ 2979.2, 1814.1 ], [ 2977.2, 1809.8 ], [ 2976.7, 1806.5 ], [ 2976.5, 1805.7 ], [ 2973.9, 1802.0 ], [ 2973.1, 1800.1 ], [ 2973.7, 1798.3 ], [ 2972.9, 1797.4 ], [ 2969.7, 1795.6 ], [ 2968.3, 1789.7 ], [ 2966.7, 1787.9 ], [ 2964.8, 1786.9 ], [ 2963.8, 1785.4 ], [ 2964.9, 1782.3 ], [ 2963.2, 1781.7 ], [ 2962.6, 1781.7 ], [ 2961.3, 1782.1 ], [ 2960.9, 1782.1 ], [ 2959.0, 1781.5 ], [ 2958.4, 1781.5 ], [ 2957.8, 1781.6 ], [ 2956.6, 1782.2 ], [ 2956.1, 1782.5 ], [ 2954.2, 1784.3 ], [ 2953.5, 1784.8 ], [ 2951.7, 1785.5 ], [ 2951.1, 1785.9 ], [ 2950.6, 1786.6 ], [ 2950.2, 1787.4 ], [ 2949.7, 1789.3 ], [ 2948.9, 1791.5 ], [ 2948.6, 1792.4 ], [ 2948.4, 1793.6 ], [ 2948.5, 1794.6 ], [ 2948.8, 1795.5 ], [ 2949.8, 1797.2 ], [ 2952.6, 1805.8 ], [ 2952.8, 1807.3 ], [ 2952.5, 1808.8 ], [ 2951.6, 1811.8 ], [ 2950.8, 1813.6 ], [ 2950.5, 1814.5 ], [ 2950.4, 1815.9 ], [ 2950.9, 1816.6 ], [ 2952.5, 1817.3 ], [ 2953.5, 1818.1 ], [ 2953.4, 1818.9 ], [ 2952.6, 1819.6 ], [ 2949.3, 1821.5 ], [ 2948.1, 1821.9 ], [ 2946.8, 1821.7 ], [ 2941.5, 1819.2 ], [ 2939.6, 1819.1 ], [ 2936.0, 1819.6 ], [ 2932.4, 1820.9 ], [ 2927.5, 1820.5 ], [ 2926.3, 1820.9 ], [ 2925.2, 1821.6 ], [ 2924.1, 1822.7 ], [ 2921.6, 1826.5 ], [ 2919.9, 1828.0 ], [ 2919.2, 1828.9 ], [ 2918.7, 1830.4 ], [ 2918.5, 1831.1 ], [ 2918.3, 1831.7 ], [ 2918.0, 1832.3 ], [ 2917.6, 1832.7 ], [ 2917.3, 1832.8 ], [ 2917.0, 1832.9 ], [ 2916.7, 1832.8 ], [ 2916.6, 1832.3 ], [ 2916.1, 1830.8 ], [ 2914.7, 1829.9 ], [ 2913.1, 1829.3 ], [ 2911.9, 1828.6 ], [ 2910.8, 1827.0 ], [ 2910.4, 1825.5 ], [ 2910.6, 1821.6 ], [ 2910.0, 1819.7 ], [ 2908.7, 1818.3 ], [ 2907.2, 1817.2 ], [ 2906.2, 1816.3 ], [ 2906.2, 1814.7 ], [ 2908.0, 1808.3 ], [ 2908.2, 1804.9 ], [ 2907.5, 1801.2 ], [ 2905.9, 1797.9 ], [ 2903.3, 1795.6 ], [ 2903.3, 1794.5 ], [ 2904.4, 1794.3 ], [ 2905.2, 1793.6 ], [ 2906.0, 1792.6 ], [ 2906.8, 1791.3 ], [ 2905.4, 1790.4 ], [ 2903.7, 1790.1 ], [ 2900.3, 1790.2 ], [ 2899.5, 1789.5 ], [ 2896.0, 1783.7 ], [ 2895.5, 1780.3 ], [ 2895.4, 1780.1 ], [ 2895.0, 1779.5 ], [ 2894.0, 1779.3 ], [ 2893.0, 1779.5 ], [ 2892.6, 1780.0 ], [ 2892.1, 1779.9 ], [ 2891.2, 1779.2 ], [ 2890.9, 1777.8 ], [ 2892.0, 1775.3 ], [ 2890.4, 1774.2 ], [ 2887.7, 1773.0 ], [ 2886.5, 1772.0 ], [ 2884.5, 1768.6 ], [ 2883.5, 1767.5 ], [ 2881.9, 1766.6 ], [ 2873.3, 1765.2 ], [ 2871.4, 1765.3 ], [ 2870.4, 1766.2 ], [ 2870.9, 1768.5 ], [ 2869.2, 1769.3 ], [ 2863.1, 1769.9 ], [ 2857.4, 1771.5 ], [ 2848.0, 1771.3 ], [ 2846.5, 1771.9 ], [ 2845.5, 1773.5 ], [ 2843.8, 1777.1 ], [ 2839.7, 1781.8 ], [ 2837.5, 1782.9 ], [ 2835.0, 1785.0 ], [ 2832.4, 1786.2 ], [ 2829.7, 1784.7 ], [ 2827.8, 1785.6 ], [ 2823.5, 1785.6 ], [ 2822.1, 1786.7 ] ] } },
{ "type": "Feature", "properties": { "name": "Warme Steinach", "scalerank": 10, "featurecla": "River", "source": "ne_10m_rivers_europe" }, "geometry": { "type": "LineString", "coordinates": [ [ 3169.8, 1781.9 ], [ 3168.8, 1787.4 ], [ 3167.4, 1791.3 ], [ 3165.5, 1793.0 ], [ 3163.5, 1792.5 ], [ 3161.6, 1790.9 ], [ 3159.2, 1789.9 ], [ 3157.0, 1790.6 ], [ 3155.1, 1793.2 ] ] } },
{ "type": "Feature", "properties": { "name": "Maas", "scalerank": 8, "featurecla": "River", "source": "ne_10m_rivers_lake_centerlines" }, "geometry": { "type": "LineString", "coordinates": [ [ 2536.4, 2083.1 ], [ 2533.9, 2083.2 ], [ 2531.8, 2082.9 ], [ 2530.4, 2082.0 ], [ 2529.4, 2082.0 ], [ 2528.8, 2078.8 ], [ 2532.8, 2058.9 ], [ 2535.0, 2053.4 ], [ 2537.1, 2050.1 ], [ 2540.1, 2044.4 ], [ 2540.7, 2043.9 ], [ 2541.2, 2043.9 ], [ 2541.5, 2043.5 ], [ 2541.7, 2041.9 ], [ 2542.1, 2041.4 ], [ 2542.9, 2041.3 ], [ 2543.8, 2041.3 ], [ 2544.5, 2041.5 ], [ 2544.8, 2035.9 ], [ 2548.7, 2025.2 ], [ 2547.1, 2021.4 ], [ 2547.5, 2019.9 ], [ 2548.6, 2014.1 ], [ 2549.7, 2013.8 ], [ 2550.5, 2012.8 ], [ 2551.0, 2011.3 ], [ 2551.3, 2009.5 ], [ 2551.7, 2008.0 ], [ 2553.3, 2004.9 ], [ 2553.8, 2003.9 ], [ 2553.8, 2002.2 ], [ 2553.6, 2001.0 ], [ 2553.0, 2001.0 ], [ 2552.4, 2002.7 ], [ 2551.7, 2002.7 ], [ 2551.4, 2000.8 ], [ 2550.8, 1999.4 ], [ 2549.8, 1998.5 ], [ 2548.4, 1998.2 ], [ 2548.5, 1997.2 ], [ 2549.9, 1996.0 ], [ 2550.0, 1993.6 ], [ 2549.7, 1991.0 ], [ 2549.7, 1988.7 ], [ 2550.7, 1987.1 ], [ 2552.0, 1985.8 ], [ 2552.4, 1984.4 ], [ 2550.7, 1982.3 ], [ 2553.7, 1981.4 ], [ 2554.9, 1980.4 ], [ 2554.8, 1978.9 ], [ 2553.3, 1975.7 ], [ 2552.5, 1974.6 ], [ 2551.2, 1973.9 ], [ 2550.0, 1974.1 ], [ 2547.6, 1975.4 ], [ 2546.5, 1975.7 ], [ 2545.6, 1975.0 ], [ 2545.6, 1973.5 ], [ 2546.4, 1972.0 ], [ 2547.8, 1971.6 ], [ 2547.9, 1970.4 ], [ 2547.0, 1969.1 ], [ 2546.4, 1968.5 ], [ 2545.6, 1968.3 ], [ 2544.8, 1967.7 ], [ 2544.6, 1966.4 ], [ 2544.5, 1965.0 ], [ 2544.0, 1963.9 ], [ 2541.8, 1962.9 ], [ 2541.7, 1962.8 ], [ 2540.5, 1962.3 ], [ 2540.4, 1961.5 ], [ 2540.7, 1960.3 ], [ 2540.5, 1959.0 ], [ 2539.8, 1958.4 ], [ 2538.1, 1958.6 ], [ 2537.4, 1958.3 ], [ 2537.0, 1957.2 ], [ 2536.8, 1954.5 ], [ 2536.6, 1953.9 ], [ 2535.0, 1953.2 ], [ 2535.3, 1951.8 ], [ 2536.8, 1950.5 ], [ 2538.6, 1949.9 ], [ 2537.3, 1948.2 ], [ 2536.1, 1948.0 ], [ 2534.8, 1948.4 ], [ 2533.1, 1948.4 ], [ 2534.0, 1947.0 ], [ 2535.5, 1945.9 ], [ 2536.8, 1945.2 ], [ 2537.5, 1945.0 ], [ 2537.2, 1942.5 ], [ 2536.4, 1941.4 ], [ 2535.2, 1940.6 ], [ 2534.3, 1938.9 ], [ 2534.2, 1937.5 ], [ 2535.1, 1934.2 ], [ 2535.0, 1933.2 ], [ 2527.2, 1924.1 ], [ 2526.5, 1923.5 ], [ 2526.1, 1922.4 ], [ 2526.4, 1920.0 ], [ 2527.3, 1916.3 ], [ 2526.9, 1907.3 ], [ 2526.2, 1906.1 ], [ 2523.9, 1904.2 ], [ 2524.8, 1901.8 ], [ 2524.0, 1900.6 ], [ 2522.7, 1900.1 ], [ 2522.0, 1899.4 ], [ 2522.3, 1897.9 ], [ 2523.8, 1893.7 ], [ 2518.4, 1893.0 ], [ 2517.0, 1892.3 ], [ 2516.4, 1890.6 ], [ 2517.6, 1889.5 ], [ 2520.6, 1888.2 ], [ 2515.8, 1882.0 ], [ 2513.8, 1878.4 ], [ 2513.9, 1876.0 ], [ 2512.3, 1875.0 ], [ 2508.9, 1874.2 ], [ 2507.4, 1873.0 ], [ 2506.8, 1871.1 ], [ 2506.6, 1866.3 ], [ 2506.3, 1863.9 ], [ 2507.3, 1863.6 ], [ 2508.0, 1863.0 ], [ 2508.4, 1861.9 ], [ 2508.6, 1860.4 ], [ 2508.5, 1859.5 ], [ 2507.6, 1858.0 ], [ 2507.5, 1857.1 ], [ 2507.6, 1856.2 ], [ 2507.9, 1855.7 ], [ 2508.1, 1855.4 ], [ 2508.2, 1855.0 ], [ 2508.4, 1854.0 ], [ 2508.5, 1853.4 ], [ 2508.6, 1852.6 ], [ 2508.5, 1851.3 ], [ 2506.1, 1842.9 ], [ 2505.4, 1841.6 ], [ 2504.2, 1841.3 ], [ 2500.1, 1841.3 ], [ 2499.5, 1841.1 ], [ 2499.2, 1840.5 ], [ 2498.8, 1839.6 ], [ 2498.1, 1838.8 ], [ 2496.8, 1838.8 ], [ 2496.9, 1837.8 ], [ 2498.9, 1836.3 ], [ 2500.0, 1834.5 ], [ 2499.8, 1832.4 ], [ 2498.1, 1830.4 ], [ 2486.7, 1820.7 ], [ 2485.0, 1818.8 ], [ 2483.9, 1814.5 ], [ 2482.2, 1810.3 ], [ 2481.0, 1810.5 ], [ 2480.8, 1811.4 ], [ 2480.9, 1812.7 ], [ 2480.5, 1814.3 ], [ 2480.8, 1814.1 ], [ 2481.0, 1814.7 ], [ 2480.9, 1815.5 ], [ 2480.4, 1816.5 ], [ 2480.0, 1816.6 ], [ 2478.3, 1816.3 ], [ 2474.1, 1816.6 ], [ 2471.7, 1816.4 ], [ 2470.1, 1815.8 ], [ 2469.1, 1814.2 ], [ 2469.2, 1813.0 ], [ 2469.7, 1811.8 ], [ 2469.8, 1810.4 ], [ 2469.2, 1808.6 ], [ 2468.9, 1807.9 ], [ 2467.2, 1807.0 ], [ 2465.3, 1806.3 ], [ 2460.9, 1805.6 ], [ 2459.2, 1804.3 ], [ 2460.2, 1803.5 ], [ 2461.2, 1803.4 ], [ 2462.0, 1803.7 ], [ 2462.6, 1804.5 ] ] } },
{ "type": "Feature", "properties": { "name": "Maas", "scalerank": 8, "featurecla": "River", "source": "ne_10m_rivers_lake_centerlines" }, "geometry": { "type": "LineString", "coordinates": [ [ 2462.6, 1804.5 ], [ 2462.6, 1804.5 ], [ 2462.0, 1804.5 ], [ 2462.6, 1804.5 ] ] } },
{ "type": "Feature", "properties": { "name": "Maas", "scalerank": 8, "featurecla": "River", "source": "ne_10m_rivers_lake_centerlines" }, "geometry": { "type": "LineString", "coordinates": [ [ 2462.6, 1804.5 ], [ 2465.4, 1804.7 ], [ 2464.1, 1802.5 ], [ 2465.1, 1802.4 ], [ 2466.0, 1802.5 ], [ 2466.8, 1802.4 ], [ 2467.6, 1801.7 ], [ 2467.6, 1799.4 ], [ 2467.3, 1798.0 ], [ 2467.0, 1796.5 ], [ 2467.5, 1794.2 ], [ 2468.1, 1792.9 ], [ 2468.9, 1792.4 ], [ 2469.9, 1792.7 ], [ 2470.9, 1793.5 ], [ 2470.3, 1791.6 ], [ 2469.2, 1790.4 ], [ 2466.5, 1788.9 ], [ 2467.1, 1788.0 ], [ 2467.2, 1787.3 ], [ 2466.9, 1786.5 ], [ 2466.1, 1785.6 ], [ 2465.0, 1787.5 ], [ 2464.2, 1786.6 ], [ 2463.7, 1784.3 ], [ 2463.6, 1781.7 ], [ 2463.1, 1781.6 ], [ 2461.8, 1781.7 ], [ 2460.9, 1781.0 ], [ 2461.1, 1777.8 ], [ 2460.4, 1777.8 ], [ 2459.6, 1779.6 ], [ 2458.8, 1779.2 ], [ 2457.8, 1778.1 ], [ 2456.4, 1777.5 ], [ 2456.4, 1776.5 ], [ 2458.1, 1776.4 ], [ 2459.4, 1775.2 ], [ 2460.2, 1773.5 ], [ 2460.2, 1771.4 ], [ 2461.0, 1770.8 ], [ 2461.9, 1770.6 ], [ 2464.1, 1770.6 ], [ 2465.5, 1770.3 ], [ 2465.7, 1769.3 ], [ 2465.2, 1768.5 ], [ 2464.6, 1768.6 ], [ 2464.6, 1768.2 ], [ 2465.3, 1766.4 ], [ 2465.8, 1766.2 ], [ 2466.4, 1766.5 ], [ 2467.1, 1766.6 ], [ 2467.5, 1766.0 ], [ 2468.2, 1756.4 ], [ 2468.5, 1755.4 ], [ 2469.7, 1754.0 ], [ 2473.1, 1751.5 ], [ 2473.6, 1751.0 ], [ 2474.5, 1751.7 ], [ 2474.7, 1754.1 ], [ 2475.7, 1754.4 ], [ 2476.8, 1753.7 ], [ 2477.1, 1752.5 ], [ 2476.7, 1751.2 ], [ 2476.0, 1750.2 ], [ 2476.1, 1749.2 ], [ 2479.2, 1747.2 ], [ 2480.5, 1745.8 ], [ 2479.5, 1745.1 ], [ 2479.1, 1743.7 ], [ 2479.7, 1736.7 ], [ 2480.9, 1736.7 ], [ 2482.4, 1737.8 ], [ 2483.8, 1738.4 ], [ 2484.5, 1736.5 ], [ 2485.1, 1736.0 ], [ 2486.2, 1735.9 ], [ 2487.1, 1735.6 ], [ 2487.1, 1734.6 ], [ 2486.8, 1733.1 ], [ 2487.5, 1732.3 ], [ 2488.6, 1732.0 ], [ 2489.6, 1732.1 ], [ 2488.7, 1727.3 ], [ 2488.3, 1726.6 ], [ 2487.5, 1726.1 ], [ 2487.7, 1724.9 ], [ 2488.1, 1723.5 ], [ 2488.2, 1722.3 ], [ 2487.5, 1720.5 ], [ 2486.4, 1718.3 ], [ 2485.0, 1716.4 ], [ 2483.9, 1715.6 ], [ 2485.1, 1715.2 ], [ 2485.6, 1714.3 ], [ 2485.8, 1713.2 ], [ 2486.2, 1711.6 ], [ 2486.4, 1710.7 ], [ 2486.5, 1709.6 ], [ 2486.8, 1708.4 ], [ 2487.6, 1706.9 ], [ 2487.8, 1704.8 ], [ 2486.7, 1702.7 ], [ 2486.0, 1700.4 ], [ 2487.2, 1697.9 ], [ 2488.8, 1697.0 ], [ 2495.2, 1695.2 ], [ 2496.2, 1695.6 ], [ 2498.0, 1697.1 ], [ 2499.1, 1697.5 ], [ 2500.1, 1697.2 ], [ 2500.7, 1696.4 ], [ 2501.1, 1695.4 ], [ 2501.7, 1694.6 ], [ 2503.6, 1693.8 ], [ 2510.1, 1694.0 ], [ 2512.3, 1693.6 ], [ 2516.9, 1691.1 ], [ 2518.9, 1690.5 ], [ 2521.0, 1690.7 ], [ 2522.5, 1691.3 ], [ 2523.8, 1691.1 ], [ 2525.4, 1689.3 ], [ 2526.3, 1688.8 ], [ 2527.5, 1688.6 ], [ 2528.7, 1688.9 ], [ 2530.4, 1690.4 ], [ 2531.4, 1690.0 ], [ 2533.2, 1688.2 ], [ 2538.1, 1684.4 ], [ 2541.0, 1683.0 ], [ 2545.9, 1682.1 ], [ 2548.8, 1680.1 ], [ 2549.6, 1679.6 ], [ 2555.7, 1680.0 ], [ 2556.8, 1679.2 ], [ 2557.6, 1677.3 ], [ 2558.3, 1675.2 ], [ 2559.1, 1673.8 ], [ 2559.9, 1673.4 ], [ 2561.7, 1673.3 ], [ 2562.6, 1673.0 ], [ 2563.5, 1672.2 ], [ 2563.9, 1671.5 ], [ 2564.2, 1670.7 ], [ 2564.7, 1670.0 ], [ 2566.8, 1667.8 ], [ 2569.2, 1664.7 ], [ 2570.5, 1661.4 ], [ 2569.5, 1658.5 ], [ 2569.5, 1657.4 ], [ 2570.8, 1654.0 ], [ 2571.7, 1647.7 ], [ 2571.7, 1641.6 ], [ 2570.0, 1638.3 ], [ 2570.7, 1637.6 ], [ 2572.2, 1635.3 ], [ 2572.6, 1635.0 ], [ 2573.8, 1634.7 ], [ 2574.2, 1634.3 ], [ 2575.6, 1632.5 ], [ 2577.5, 1629.0 ], [ 2578.7, 1627.2 ], [ 2577.8, 1626.6 ], [ 2576.9, 1626.5 ], [ 2574.7, 1627.0 ], [ 2578.9, 1621.0 ], [ 2580.6, 1617.3 ], [ 2579.4, 1615.5 ], [ 2579.7, 1613.5 ], [ 2580.3, 1612.0 ], [ 2581.2, 1611.5 ], [ 2582.2, 1612.6 ], [ 2583.0, 1611.6 ], [ 2583.6, 1610.5 ], [ 2584.5, 1608.5 ], [ 2584.2, 1607.8 ], [ 2584.1, 1607.3 ], [ 2583.9, 1606.2 ], [ 2585.0, 1606.4 ], [ 2586.0, 1606.3 ], [ 2587.1, 1605.9 ], [ 2588.0, 1605.4 ], [ 2585.9, 1602.9 ], [ 2586.3, 1601.2 ], [ 2589.8, 1598.1 ], [ 2591.3, 1598.0 ], [ 2592.2, 1597.1 ], [ 2592.9, 1595.9 ], [ 2593.8, 1595.1 ], [ 2595.5, 1595.3 ], [ 2597.0, 1596.1 ], [ 2598.3, 1596.2 ], [ 2599.2, 1594.4 ], [ 2598.4, 1594.0 ], [ 2598.0, 1593.6 ], [ 2597.8, 1593.0 ], [ 2597.4, 1592.2 ], [ 2599.3, 1592.3 ], [ 2600.8, 1592.2 ], [ 2601.8, 1591.2 ], [ 2602.3, 1588.6 ], [ 2603.1, 1586.8 ], [ 2604.7, 1585.3 ], [ 2605.8, 1583.8 ], [ 2605.2, 1581.9 ], [ 2605.3, 1581.0 ], [ 2607.4, 1580.7 ], [ 2610.9, 1576.9 ], [ 2614.5, 1575.1 ], [ 2615.8, 1572.7 ], [ 2616.9, 1569.9 ], [ 2618.0, 1567.7 ], [ 2619.0, 1567.0 ], [ 2620.0, 1566.5 ], [ 2620.9, 1565.6 ], [ 2621.6, 1563.8 ], [ 2621.5, 1562.6 ], [ 2620.6, 1560.2 ], [ 2620.4, 1558.8 ], [ 2620.9, 1556.5 ], [ 2622.9, 1551.5 ], [ 2623.7, 1549.0 ], [ 2623.6, 1548.8 ], [ 2623.8, 1545.4 ], [ 2623.9, 1544.6 ], [ 2623.1, 1543.9 ], [ 2620.6, 1542.9 ], [ 2620.1, 1541.8 ], [ 2619.5, 1538.9 ], [ 2617.8, 1537.3 ], [ 2613.8, 1535.6 ], [ 2612.6, 1534.9 ], [ 2612.1, 1534.4 ], [ 2611.7, 1533.7 ], [ 2611.2, 1532.4 ], [ 2610.3, 1527.7 ], [ 2609.9, 1527.0 ], [ 2609.9, 1526.5 ], [ 2608.1, 1523.2 ], [ 2607.3, 1522.3 ], [ 2606.4, 1521.6 ], [ 2606.0, 1520.8 ], [ 2606.7, 1519.4 ], [ 2605.3, 1517.6 ], [ 2604.3, 1512.0 ], [ 2602.9, 1510.7 ], [ 2599.0, 1510.1 ], [ 2597.6, 1509.0 ], [ 2596.8, 1507.1 ], [ 2597.2, 1505.2 ], [ 2595.4, 1504.2 ], [ 2585.6, 1503.1 ], [ 2579.1, 1498.1 ], [ 2577.3, 1497.5 ], [ 2576.5, 1496.7 ], [ 2575.5, 1493.7 ], [ 2574.9, 1493.0 ], [ 2570.7, 1491.8 ], [ 2564.5, 1492.4 ], [ 2563.2, 1491.8 ], [ 2561.4, 1490.4 ], [ 2559.5, 1491.1 ], [ 2557.6, 1492.4 ], [ 2555.6, 1493.0 ], [ 2551.7, 1492.4 ], [ 2549.7, 1493.3 ], [ 2548.7, 1496.3 ], [ 2548.1, 1498.9 ], [ 2546.7, 1500.8 ], [ 2544.9, 1502.1 ], [ 2543.1, 1502.9 ], [ 2523.8, 1503.7 ] ] } },
{ "type": "Feature", "properties": { "name": "Somme", "scalerank": 11, "featurecla": "River", "source": "ne_10m_rivers_europe" }, "geometry": { "type": "LineString", "coordinates": [ [ 2339.5, 1768.5 ], [ 2336.6, 1770.0 ], [ 2333.4, 1771.3 ], [ 2329.8, 1772.2 ], [ 2326.9, 1773.6 ], [ 2323.4, 1778.9 ], [ 2320.1, 1781.9 ], [ 2316.7, 1784.5 ], [ 2313.1, 1788.4 ], [ 2308.7, 1791.6 ], [ 2307.6, 1792.9 ], [ 2306.5, 1793.5 ], [ 2298.8, 1792.2 ], [ 2295.9, 1791.4 ], [ 2293.0, 1789.5 ], [ 2290.6, 1786.6 ], [ 2289.3, 1783.4 ], [ 2288.5, 1780.9 ], [ 2286.6, 1777.8 ], [ 2286.2, 1775.0 ], [ 2286.6, 1771.6 ], [ 2287.3, 1768.6 ], [ 2287.4, 1766.0 ], [ 2286.2, 1763.6 ], [ 2284.7, 1761.6 ], [ 2284.2, 1760.2 ], [ 2283.3, 1759.4 ], [ 2277.9, 1758.4 ], [ 2276.3, 1757.4 ], [ 2274.8, 1757.3 ], [ 2269.3, 1760.6 ], [ 2266.6, 1760.8 ], [ 2264.8, 1762.8 ], [ 2262.8, 1762.3 ], [ 2260.3, 1764.5 ], [ 2259.2, 1764.2 ], [ 2257.9, 1763.4 ], [ 2254.2, 1763.0 ], [ 2248.9, 1761.1 ], [ 2246.1, 1762.2 ], [ 2241.5, 1762.3 ], [ 2237.9, 1764.4 ], [ 2233.9, 1764.8 ], [ 2229.0, 1763.7 ], [ 2224.6, 1761.3 ], [ 2221.4, 1759.0 ], [ 2217.6, 1757.1 ], [ 2211.8, 1752.4 ], [ 2208.0, 1749.7 ], [ 2204.6, 1747.0 ], [ 2200.3, 1741.6 ], [ 2191.9, 1736.3 ], [ 2187.5, 1733.0 ], [ 2184.3, 1729.8 ], [ 2179.3, 1723.9 ], [ 2165.5, 1711.7 ] ] } },
{ "type": "Feature", "properties": { "name": "Eger", "scalerank": 11, "featurecla": "River", "source": "ne_10m_rivers_europe" }, "geometry": { "type": "LineString", "coordinates": [ [ 3177.0, 1771.1 ], [ 3178.3, 1769.7 ], [ 3180.5, 1769.0 ], [ 3187.3, 1770.2 ], [ 3189.5, 1770.1 ], [ 3190.6, 1768.8 ], [ 3191.6, 1766.7 ], [ 3193.1, 1764.8 ], [ 3195.6, 1764.0 ], [ 3198.0, 1763.7 ], [ 3199.2, 1763.1 ], [ 3201.2, 1763.0 ], [ 3205.5, 1764.2 ], [ 3215.2, 1767.9 ], [ 3222.2, 1768.8 ], [ 3226.1, 1769.9 ], [ 3228.0, 1769.8 ], [ 3229.8, 1768.7 ], [ 3231.4, 1766.7 ], [ 3233.2, 1765.2 ], [ 3235.8, 1764.9 ], [ 3238.5, 1765.2 ], [ 3240.4, 1765.0 ], [ 3242.1, 1763.9 ], [ 3246.1, 1760.0 ], [ 3250.5, 1758.7 ], [ 3251.8, 1757.0 ], [ 3252.9, 1754.9 ], [ 3254.4, 1753.4 ], [ 3257.2, 1752.6 ], [ 3261.2, 1752.2 ], [ 3266.1, 1751.0 ], [ 3270.7, 1748.4 ], [ 3277.3, 1743.9 ], [ 3279.3, 1743.5 ], [ 3283.5, 1743.9 ], [ 3286.1, 1743.4 ], [ 3288.2, 1742.2 ], [ 3289.0, 1740.7 ], [ 3289.5, 1738.2 ], [ 3290.5, 1734.5 ], [ 3292.7, 1730.2 ], [ 3295.8, 1726.3 ], [ 3299.3, 1723.6 ], [ 3302.2, 1722.5 ], [ 3304.3, 1722.2 ], [ 3307.4, 1720.5 ], [ 3310.4, 1720.2 ], [ 3313.7, 1720.7 ], [ 3318.0, 1722.3 ], [ 3320.2, 1721.8 ], [ 3324.9, 1723.7 ], [ 3326.5, 1723.4 ], [ 3327.6, 1722.7 ], [ 3329.9, 1723.4 ], [ 3332.6, 1721.9 ], [ 3335.4, 1722.3 ], [ 3338.3, 1723.6 ], [ 3340.3, 1725.3 ], [ 3342.2, 1726.4 ], [ 3347.0, 1725.8 ], [ 3348.1, 1726.3 ], [ 3350.3, 1726.2 ], [ 3360.1, 1721.5 ], [ 3363.7, 1720.0 ], [ 3365.9, 1719.8 ], [ 3367.5, 1720.2 ], [ 3369.4, 1720.2 ], [ 3374.8, 1717.9 ], [ 3377.4, 1718.1 ], [ 3381.4, 1714.8 ], [ 3386.7, 1714.7 ], [ 3399.3, 1711.0 ], [ 3401.2, 1709.7 ], [ 3402.4, 1707.3 ], [ 3402.5, 1704.3 ], [ 3402.1, 1701.2 ], [ 3402.2, 1696.5 ], [ 3401.4, 1693.4 ] ] } },
{ "type": "Feature", "properties": { "name": "Rhine", "scalerank": 4, "featurecla": "River", "source": "ne_10m_rivers_lake_centerlines" }, "geometry": { "type": "LineString", "coordinates": [ [ 2812.2, 1945.5 ], [ 2815.6, 1942.0 ], [ 2817.8, 1938.8 ], [ 2825.6, 1923.5 ], [ 2826.1, 1922.0 ], [ 2828.3, 1907.3 ], [ 2829.1, 1904.7 ], [ 2830.2, 1903.6 ], [ 2831.5, 1902.9 ], [ 2838.6, 1894.8 ], [ 2839.0, 1892.9 ], [ 2836.7, 1892.0 ], [ 2836.9, 1890.7 ], [ 2840.7, 1882.6 ], [ 2840.7, 1881.0 ], [ 2840.1, 1878.4 ], [ 2840.0, 1877.2 ], [ 2840.2, 1876.9 ], [ 2841.2, 1874.4 ], [ 2841.6, 1874.1 ], [ 2840.5, 1872.3 ], [ 2838.9, 1871.7 ], [ 2837.1, 1871.5 ], [ 2835.4, 1870.7 ], [ 2835.4, 1869.7 ], [ 2837.5, 1868.7 ], [ 2837.5, 1867.6 ], [ 2836.3, 1864.7 ], [ 2834.1, 1858.0 ], [ 2832.3, 1854.7 ], [ 2833.2, 1851.0 ], [ 2831.6, 1846.2 ], [ 2829.2, 1841.4 ], [ 2827.8, 1837.7 ], [ 2828.1, 1833.6 ], [ 2829.8, 1830.7 ], [ 2832.6, 1828.9 ], [ 2835.9, 1828.3 ], [ 2838.1, 1825.7 ], [ 2839.5, 1823.6 ], [ 2839.8, 1822.0 ], [ 2838.4, 1821.5 ], [ 2836.4, 1821.9 ], [ 2834.5, 1822.0 ], [ 2833.7, 1820.3 ], [ 2833.6, 1819.3 ], [ 2833.1, 1818.0 ], [ 2831.3, 1814.5 ], [ 2830.9, 1813.1 ], [ 2830.8, 1811.8 ], [ 2830.4, 1810.2 ], [ 2829.5, 1808.0 ], [ 2827.3, 1804.6 ], [ 2826.5, 1802.6 ], [ 2828.2, 1797.3 ], [ 2826.3, 1792.0 ], [ 2815.9, 1779.6 ], [ 2814.4, 1778.6 ], [ 2813.2, 1778.3 ], [ 2810.5, 1778.3 ], [ 2797.9, 1782.2 ], [ 2794.0, 1785.1 ], [ 2789.1, 1787.5 ], [ 2784.8, 1788.8 ], [ 2780.7, 1788.8 ], [ 2779.0, 1786.1 ], [ 2778.8, 1784.1 ], [ 2778.1, 1782.9 ], [ 2771.8, 1776.8 ], [ 2769.9, 1774.4 ], [ 2769.2, 1770.9 ], [ 2768.8, 1769.8 ], [ 2766.7, 1766.6 ], [ 2766.0, 1765.0 ], [ 2766.2, 1761.8 ], [ 2765.9, 1759.6 ], [ 2764.5, 1758.6 ], [ 2763.2, 1758.2 ], [ 2759.1, 1756.2 ], [ 2758.4, 1755.3 ], [ 2756.6, 1750.7 ], [ 2755.6, 1748.8 ], [ 2753.2, 1746.4 ], [ 2752.4, 1745.0 ], [ 2753.3, 1744.4 ], [ 2756.6, 1744.6 ], [ 2758.1, 1744.3 ], [ 2759.2, 1743.6 ], [ 2759.2, 1742.5 ], [ 2756.2, 1739.4 ], [ 2754.8, 1737.3 ], [ 2753.9, 1734.9 ], [ 2754.0, 1732.3 ], [ 2754.6, 1729.9 ], [ 2755.6, 1727.4 ], [ 2756.4, 1724.5 ], [ 2753.3, 1720.1 ], [ 2749.7, 1719.0 ], [ 2745.7, 1718.9 ], [ 2741.7, 1717.5 ], [ 2735.5, 1713.5 ], [ 2734.4, 1713.6 ], [ 2729.2, 1707.6 ], [ 2723.4, 1694.9 ], [ 2720.9, 1692.4 ], [ 2719.0, 1691.3 ], [ 2718.1, 1690.3 ], [ 2717.8, 1688.2 ], [ 2717.9, 1684.4 ], [ 2717.6, 1681.7 ], [ 2716.9, 1678.8 ], [ 2715.9, 1676.1 ], [ 2714.9, 1674.2 ], [ 2713.4, 1672.4 ], [ 2709.8, 1669.4 ], [ 2708.4, 1667.6 ], [ 2706.8, 1663.8 ], [ 2706.2, 1663.2 ], [ 2705.2, 1662.9 ], [ 2702.5, 1661.1 ], [ 2702.0, 1660.4 ], [ 2701.2, 1657.1 ], [ 2699.2, 1654.8 ], [ 2697.1, 1653.1 ], [ 2696.3, 1651.6 ], [ 2697.4, 1649.2 ], [ 2702.3, 1646.4 ], [ 2704.0, 1644.0 ], [ 2697.6, 1642.1 ], [ 2696.7, 1641.0 ], [ 2696.5, 1639.4 ], [ 2695.8, 1637.0 ], [ 2695.6, 1635.6 ], [ 2696.1, 1634.1 ], [ 2697.8, 1632.7 ], [ 2698.4, 1631.1 ], [ 2698.2, 1629.9 ], [ 2697.4, 1629.1 ], [ 2696.5, 1628.3 ], [ 2696.0, 1627.6 ], [ 2696.0, 1626.2 ], [ 2696.7, 1623.1 ], [ 2696.5, 1622.5 ], [ 2695.0, 1621.6 ], [ 2689.8, 1615.8 ], [ 2686.5, 1615.1 ], [ 2685.8, 1614.5 ], [ 2685.7, 1612.9 ], [ 2686.5, 1612.0 ], [ 2687.5, 1611.4 ], [ 2688.0, 1610.9 ], [ 2688.5, 1608.8 ], [ 2688.3, 1607.8 ], [ 2685.8, 1606.6 ], [ 2685.7, 1605.2 ], [ 2686.3, 1602.9 ], [ 2685.7, 1601.6 ], [ 2685.4, 1601.4 ], [ 2685.0, 1601.7 ], [ 2683.7, 1601.7 ], [ 2682.2, 1602.8 ], [ 2681.4, 1602.8 ], [ 2681.0, 1601.1 ], [ 2680.7, 1597.7 ], [ 2679.4, 1597.4 ], [ 2677.5, 1597.9 ], [ 2675.2, 1597.0 ], [ 2674.5, 1595.4 ], [ 2674.1, 1592.9 ], [ 2674.3, 1590.7 ], [ 2675.2, 1589.7 ], [ 2676.0, 1590.1 ], [ 2676.8, 1590.7 ], [ 2677.6, 1591.0 ], [ 2678.5, 1590.4 ], [ 2678.9, 1589.2 ], [ 2678.5, 1588.4 ], [ 2677.9, 1587.8 ], [ 2677.6, 1587.1 ], [ 2676.6, 1586.2 ], [ 2674.4, 1585.2 ], [ 2672.6, 1583.8 ], [ 2672.9, 1581.5 ], [ 2674.9, 1578.9 ], [ 2675.3, 1577.8 ], [ 2675.6, 1575.4 ], [ 2673.8, 1573.6 ], [ 2670.5, 1571.8 ], [ 2668.4, 1569.8 ], [ 2670.6, 1567.2 ], [ 2672.2, 1566.8 ], [ 2673.9, 1566.8 ], [ 2675.5, 1566.6 ], [ 2676.6, 1565.4 ], [ 2677.0, 1562.9 ], [ 2676.4, 1560.9 ], [ 2674.3, 1557.8 ], [ 2674.3, 1556.8 ], [ 2675.2, 1555.6 ], [ 2675.6, 1554.2 ], [ 2675.3, 1553.0 ], [ 2674.2, 1552.5 ], [ 2672.6, 1552.1 ], [ 2672.3, 1551.4 ], [ 2672.7, 1550.4 ], [ 2673.4, 1549.3 ], [ 2674.3, 1548.4 ], [ 2675.3, 1548.0 ], [ 2675.8, 1547.4 ], [ 2675.2, 1545.6 ], [ 2674.3, 1544.4 ], [ 2673.3, 1543.5 ], [ 2672.4, 1542.4 ], [ 2671.8, 1540.6 ], [ 2672.9, 1538.3 ], [ 2670.1, 1537.0 ], [ 2664.0, 1536.0 ], [ 2664.1, 1535.1 ], [ 2664.3, 1533.3 ], [ 2664.0, 1530.5 ], [ 2663.9, 1527.8 ], [ 2664.8, 1526.7 ], [ 2665.3, 1526.2 ], [ 2665.0, 1525.0 ], [ 2664.4, 1523.9 ], [ 2664.0, 1523.2 ], [ 2663.1, 1522.9 ], [ 2660.0, 1523.1 ], [ 2656.8, 1522.2 ], [ 2655.0, 1521.4 ], [ 2653.9, 1520.3 ], [ 2651.4, 1515.8 ], [ 2650.0, 1514.1 ], [ 2648.0, 1513.0 ], [ 2648.7, 1509.9 ], [ 2647.6, 1507.8 ], [ 2645.5, 1506.8 ], [ 2643.4, 1506.4 ], [ 2641.4, 1505.6 ], [ 2640.4, 1504.0 ], [ 2639.7, 1501.9 ], [ 2638.8, 1499.8 ], [ 2635.7, 1496.8 ], [ 2617.3, 1490.7 ], [ 2615.9, 1489.6 ], [ 2614.7, 1488.1 ], [ 2612.9, 1486.5 ], [ 2610.9, 1485.5 ], [ 2609.2, 1485.5 ], [ 2608.7, 1486.2 ], [ 2607.7, 1488.8 ], [ 2607.0, 1489.7 ], [ 2606.1, 1489.6 ], [ 2605.1, 1489.2 ], [ 2604.2, 1488.5 ], [ 2602.8, 1486.4 ], [ 2600.3, 1487.3 ], [ 2595.9, 1490.0 ], [ 2594.4, 1489.6 ], [ 2591.6, 1487.3 ], [ 2590.1, 1486.7 ], [ 2589.5, 1486.6 ], [ 2587.1, 1483.9 ], [ 2582.8, 1482.5 ], [ 2566.1, 1480.5 ], [ 2558.2, 1481.4 ], [ 2555.2, 1483.9 ], [ 2549.1, 1492.3 ], [ 2545.6, 1493.3 ], [ 2544.7, 1492.6 ], [ 2543.5, 1490.7 ], [ 2542.6, 1490.0 ], [ 2541.5, 1489.9 ], [ 2540.0, 1490.6 ], [ 2530.6, 1491.4 ], [ 2528.1, 1490.9 ], [ 2524.3, 1489.2 ], [ 2522.3, 1488.7 ], [ 2512.0, 1489.0 ] ] } },
{ "type": "Feature", "properties": { "name": "Ohm", "scalerank": 12, "featurecla": "River", "source": "ne_10m_rivers_europe" }, "geometry": { "type": "LineString", "coordinates": [ [ 2912.1, 1700.2 ], [ 2910.5, 1698.5 ], [ 2908.7, 1697.3 ], [ 2904.4, 1695.9 ], [ 2901.0, 1692.3 ], [ 2899.2, 1691.3 ], [ 2897.7, 1689.8 ], [ 2896.9, 1686.7 ], [ 2897.1, 1682.9 ], [ 2897.9, 1679.8 ], [ 2897.8, 1677.5 ], [ 2896.1, 1675.5 ], [ 2893.6, 1673.6 ], [ 2891.8, 1671.7 ], [ 2891.0, 1669.7 ], [ 2890.9, 1666.3 ], [ 2889.0, 1664.1 ], [ 2887.8, 1660.7 ], [ 2884.5, 1659.3 ], [ 2879.9, 1654.9 ], [ 2877.4, 1653.3 ], [ 2875.4, 1652.9 ], [ 2873.9, 1653.6 ], [ 2873.0, 1655.1 ], [ 2872.2, 1659.3 ], [ 2870.6, 1663.1 ], [ 2870.2, 1666.8 ], [ 2869.3, 1669.5 ], [ 2868.0, 1671.9 ], [ 2867.0, 1673.2 ], [ 2866.3, 1675.0 ], [ 2865.6, 1682.1 ], [ 2864.8, 1684.1 ], [ 2863.7, 1686.0 ], [ 2862.5, 1689.6 ], [ 2860.6, 1693.4 ], [ 2857.8, 1695.7 ], [ 2854.5, 1696.4 ], [ 2848.7, 1696.2 ], [ 2843.6, 1698.7 ], [ 2838.9, 1699.0 ], [ 2832.4, 1700.3 ], [ 2828.9, 1699.8 ], [ 2826.0, 1702.3 ], [ 2824.6, 1702.9 ], [ 2823.2, 1704.5 ], [ 2821.6, 1708.1 ], [ 2820.2, 1713.0 ], [ 2819.2, 1717.7 ], [ 2817.9, 1720.7 ], [ 2816.0, 1721.5 ], [ 2814.3, 1721.5 ], [ 2813.3, 1722.2 ], [ 2811.8, 1722.5 ], [ 2805.8, 1720.6 ], [ 2803.5, 1721.4 ], [ 2801.9, 1722.7 ], [ 2799.2, 1722.7 ], [ 2797.1, 1723.2 ], [ 2795.2, 1724.7 ], [ 2792.9, 1728.3 ], [ 2791.6, 1729.6 ], [ 2790.3, 1729.9 ], [ 2788.1, 1729.5 ], [ 2786.4, 1731.8 ], [ 2781.9, 1733.4 ], [ 2779.6, 1734.6 ], [ 2776.0, 1734.7 ], [ 2764.7, 1731.7 ], [ 2761.2, 1732.5 ], [ 2759.0, 1734.2 ], [ 2756.6, 1734.8 ], [ 2754.2, 1734.6 ] ] } },
{ "type": "Feature", "properties": { "name": "Schelde", "scalerank": 8, "featurecla": "River", "source": "ne_10m_rivers_lake_centerlines" }, "geometry": { "type": "LineString", "coordinates": [ [ 2321.6, 1758.3 ], [ 2318.5, 1755.3 ], [ 2316.6, 1752.5 ], [ 2316.3, 1749.2 ], [ 2318.4, 1744.9 ], [ 2319.5, 1743.7 ], [ 2320.5, 1742.8 ], [ 2321.2, 1741.8 ], [ 2321.0, 1740.1 ], [ 2320.4, 1739.6 ], [ 2316.8, 1738.0 ], [ 2315.4, 1735.9 ], [ 2316.7, 1732.7 ], [ 2319.1, 1729.7 ], [ 2326.0, 1722.6 ], [ 2327.4, 1720.5 ], [ 2331.2, 1714.3 ], [ 2333.1, 1712.1 ], [ 2335.2, 1710.4 ], [ 2337.8, 1709.2 ], [ 2340.3, 1708.9 ], [ 2344.5, 1709.9 ], [ 2346.6, 1709.8 ], [ 2348.8, 1708.4 ], [ 2350.5, 1705.7 ], [ 2353.5, 1699.7 ], [ 2359.1, 1693.1 ], [ 2359.7, 1692.0 ], [ 2359.4, 1691.1 ], [ 2358.5, 1689.7 ], [ 2357.1, 1688.3 ], [ 2347.3, 1681.3 ], [ 2346.0, 1679.9 ], [ 2345.4, 1678.0 ], [ 2345.5, 1675.7 ], [ 2346.6, 1671.1 ], [ 2346.7, 1669.0 ], [ 2346.0, 1667.7 ], [ 2343.9, 1665.7 ], [ 2342.1, 1662.7 ], [ 2340.8, 1659.6 ], [ 2340.0, 1656.2 ], [ 2339.8, 1652.1 ], [ 2342.0, 1647.2 ], [ 2346.8, 1642.9 ], [ 2365.6, 1631.4 ], [ 2367.0, 1630.0 ], [ 2370.5, 1624.8 ], [ 2371.5, 1623.9 ], [ 2373.6, 1622.7 ], [ 2374.7, 1621.8 ], [ 2375.4, 1620.1 ], [ 2374.8, 1619.0 ], [ 2373.7, 1618.0 ], [ 2373.1, 1616.4 ], [ 2373.2, 1614.2 ], [ 2373.7, 1613.6 ], [ 2374.7, 1613.6 ], [ 2375.9, 1613.1 ], [ 2378.6, 1610.5 ], [ 2380.9, 1607.6 ], [ 2382.7, 1604.1 ], [ 2384.2, 1599.9 ], [ 2386.5, 1600.6 ], [ 2387.7, 1602.0 ], [ 2388.7, 1604.0 ], [ 2390.3, 1606.1 ], [ 2391.5, 1607.1 ], [ 2392.6, 1607.2 ], [ 2395.2, 1606.5 ], [ 2406.6, 1606.5 ], [ 2408.6, 1607.0 ], [ 2409.6, 1607.0 ], [ 2410.8, 1606.4 ], [ 2411.8, 1605.2 ], [ 2413.3, 1602.4 ], [ 2414.5, 1601.4 ], [ 2415.8, 1601.2 ], [ 2416.7, 1601.8 ], [ 2417.6, 1602.5 ], [ 2418.7, 1603.1 ], [ 2419.8, 1603.0 ], [ 2421.9, 1601.3 ], [ 2423.0, 1600.9 ], [ 2423.8, 1601.7 ], [ 2424.5, 1603.1 ], [ 2425.4, 1604.0 ], [ 2426.6, 1603.5 ], [ 2427.2, 1602.1 ], [ 2427.0, 1600.2 ], [ 2426.6, 1598.5 ], [ 2426.4, 1597.0 ], [ 2426.4, 1595.6 ], [ 2426.3, 1594.9 ], [ 2426.7, 1594.3 ], [ 2428.0, 1592.9 ], [ 2429.9, 1591.9 ], [ 2431.8, 1591.6 ], [ 2435.8, 1591.9 ], [ 2439.7, 1591.0 ], [ 2441.1, 1588.7 ], [ 2441.8, 1585.3 ], [ 2443.7, 1581.3 ], [ 2448.2, 1577.2 ], [ 2448.6, 1575.8 ], [ 2440.6, 1569.9 ] ] } },
{ "type": "Feature", "properties": { "name": "Weisse Elster", "scalerank": 12, "featurecla": "River", "source": "ne_10m_rivers_europe" }, "geometry": { "type": "LineString", "coordinates": [ [ 3213.9, 1742.8 ], [ 3214.7, 1737.9 ], [ 3214.4, 1732.0 ], [ 3211.4, 1725.6 ], [ 3206.4, 1720.5 ], [ 3197.3, 1715.8 ], [ 3196.5, 1713.3 ], [ 3198.2, 1710.8 ], [ 3202.8, 1707.5 ], [ 3204.6, 1705.5 ], [ 3205.5, 1702.7 ], [ 3205.4, 1699.6 ], [ 3204.6, 1696.6 ], [ 3205.0, 1695.2 ], [ 3205.2, 1694.2 ], [ 3205.0, 1691.1 ], [ 3206.7, 1688.9 ], [ 3207.3, 1688.0 ], [ 3207.0, 1685.4 ], [ 3207.6, 1684.1 ], [ 3207.5, 1680.5 ], [ 3205.7, 1674.2 ], [ 3202.9, 1668.1 ], [ 3200.5, 1665.1 ], [ 3198.8, 1663.4 ], [ 3197.4, 1661.0 ], [ 3196.5, 1658.0 ], [ 3195.9, 1651.7 ], [ 3195.0, 1647.8 ], [ 3193.5, 1644.2 ], [ 3189.8, 1639.2 ], [ 3188.0, 1636.0 ], [ 3186.9, 1633.0 ], [ 3186.6, 1630.8 ], [ 3189.0, 1628.3 ], [ 3200.4, 1619.8 ], [ 3204.7, 1615.0 ], [ 3207.4, 1611.1 ], [ 3211.0, 1606.8 ], [ 3213.0, 1601.5 ], [ 3215.3, 1598.9 ], [ 3215.7, 1597.4 ], [ 3215.1, 1595.7 ], [ 3214.0, 1594.1 ], [ 3213.5, 1592.3 ], [ 3214.4, 1590.3 ], [ 3216.3, 1587.6 ], [ 3217.9, 1584.4 ], [ 3219.0, 1580.4 ], [ 3219.3, 1576.1 ], [ 3217.6, 1572.3 ], [ 3213.6, 1569.6 ], [ 3209.1, 1568.4 ], [ 3206.1, 1568.3 ], [ 3202.9, 1568.7 ], [ 3198.2, 1568.5 ], [ 3192.5, 1567.4 ], [ 3186.9, 1565.2 ], [ 3181.4, 1562.3 ] ] } },
{ "type": "Feature", "properties": { "name": "Grote Gete", "scalerank": 10, "featurecla": "River", "source": "ne_10m_rivers_europe" }, "geometry": { "type": "LineString", "coordinates": [ [ 2484.8, 1670.4 ], [ 2486.7, 1667.7 ], [ 2487.6, 1665.0 ], [ 2486.8, 1659.9 ], [ 2488.0, 1657.4 ], [ 2489.5, 1655.2 ], [ 2490.8, 1651.7 ], [ 2492.9, 1648.5 ], [ 2496.4, 1645.5 ], [ 2500.3, 1643.6 ], [ 2504.7, 1642.2 ], [ 2509.0, 1639.9 ], [ 2512.7, 1636.9 ], [ 2515.2, 1633.5 ], [ 2516.4, 1630.3 ], [ 2516.8, 1627.5 ], [ 2515.7, 1624.6 ], [ 2513.3, 1620.9 ], [ 2510.5, 1617.8 ], [ 2508.1, 1616.5 ], [ 2506.0, 1616.0 ], [ 2503.6, 1614.8 ], [ 2500.2, 1614.1 ], [ 2482.3, 1617.0 ], [ 2476.6, 1617.0 ], [ 2473.3, 1616.0 ], [ 2470.5, 1614.3 ], [ 2461.2, 1611.0 ], [ 2457.5, 1608.7 ], [ 2452.1, 1604.5 ], [ 2448.1, 1599.4 ], [ 2441.5, 1595.6 ], [ 2439.9, 1593.9 ], [ 2439.7, 1591.0 ] ] } },
{ "type": "Feature", "properties": { "name": "Saale", "scalerank": 10, "featurecla": "River", "source": "ne_10m_rivers_europe" }, "geometry": { "type": "LineString", "coordinates": [ [ 3171.2, 1761.9 ], [ 3171.4, 1759.9 ], [ 3172.2, 1758.4 ], [ 3174.9, 1756.4 ], [ 3175.4, 1752.7 ], [ 3176.5, 1751.7 ], [ 3178.0, 1751.6 ], [ 3180.9, 1752.2 ], [ 3182.6, 1751.4 ], [ 3183.7, 1749.0 ], [ 3183.9, 1745.8 ], [ 3183.7, 1742.1 ], [ 3183.9, 1739.1 ], [ 3183.4, 1736.3 ], [ 3181.7, 1733.4 ], [ 3175.6, 1727.4 ], [ 3173.5, 1723.2 ], [ 3171.9, 1721.3 ], [ 3169.9, 1720.0 ], [ 3167.9, 1719.7 ], [ 3165.9, 1720.2 ], [ 3164.0, 1721.3 ], [ 3162.2, 1721.8 ], [ 3160.5, 1720.9 ], [ 3159.5, 1719.0 ], [ 3159.4, 1717.0 ], [ 3159.6, 1715.1 ], [ 3159.3, 1713.5 ], [ 3159.3, 1712.3 ], [ 3160.3, 1711.6 ], [ 3161.6, 1709.9 ], [ 3162.3, 1706.3 ], [ 3162.3, 1702.0 ], [ 3161.5, 1698.5 ], [ 3159.6, 1696.0 ], [ 3154.2, 1692.8 ], [ 3152.2, 1690.7 ], [ 3147.9, 1691.3 ], [ 3142.6, 1689.8 ], [ 3139.2, 1690.8 ], [ 3136.7, 1690.6 ], [ 3134.3, 1689.9 ], [ 3131.5, 1688.5 ], [ 3130.3, 1689.1 ], [ 3129.1, 1689.1 ], [ 3127.0, 1684.0 ], [ 3123.6, 1680.1 ], [ 3122.8, 1677.7 ], [ 3123.7, 1675.6 ], [ 3126.2, 1674.5 ], [ 3129.4, 1673.6 ], [ 3134.3, 1671.1 ], [ 3138.7, 1669.7 ], [ 3142.3, 1665.8 ], [ 3145.0, 1664.4 ], [ 3146.7, 1662.8 ], [ 3148.1, 1660.3 ], [ 3149.2, 1654.8 ], [ 3150.0, 1653.4 ], [ 3150.1, 1651.5 ], [ 3147.6, 1644.3 ], [ 3147.6, 1641.8 ], [ 3149.1, 1639.6 ], [ 3154.0, 1633.8 ], [ 3155.9, 1630.6 ], [ 3156.7, 1627.6 ], [ 3156.8, 1623.0 ], [ 3158.2, 1621.4 ], [ 3158.6, 1615.8 ], [ 3159.5, 1611.3 ], [ 3160.8, 1607.8 ], [ 3162.1, 1606.4 ], [ 3163.5, 1605.9 ], [ 3165.4, 1604.5 ], [ 3167.8, 1603.4 ], [ 3172.3, 1604.2 ], [ 3173.2, 1603.0 ], [ 3173.9, 1601.4 ], [ 3177.4, 1600.0 ], [ 3180.8, 1597.6 ], [ 3182.4, 1597.3 ], [ 3184.8, 1596.0 ], [ 3188.2, 1592.4 ], [ 3190.9, 1587.5 ], [ 3191.7, 1583.3 ], [ 3190.5, 1580.0 ], [ 3186.9, 1574.9 ], [ 3185.1, 1568.8 ], [ 3181.8, 1565.1 ], [ 3180.6, 1562.4 ], [ 3180.2, 1559.5 ], [ 3181.3, 1554.9 ], [ 3181.1, 1551.9 ], [ 3179.8, 1549.1 ], [ 3177.3, 1547.3 ], [ 3174.1, 1546.6 ], [ 3171.1, 1546.5 ], [ 3169.2, 1545.8 ], [ 3167.8, 1541.6 ], [ 3165.3, 1539.8 ], [ 3162.8, 1537.5 ], [ 3161.6, 1533.7 ], [ 3161.1, 1529.6 ], [ 3160.2, 1526.8 ], [ 3155.9, 1521.6 ], [ 3154.2, 1519.1 ], [ 3154.5, 1517.4 ], [ 3155.5, 1515.8 ], [ 3155.5, 1513.6 ], [ 3155.8, 1510.9 ], [ 3157.5, 1508.0 ], [ 3159.9, 1505.9 ], [ 3163.0, 1504.4 ], [ 3163.6, 1503.3 ], [ 3163.4, 1501.5 ], [ 3162.0, 1496.2 ], [ 3162.1, 1493.2 ], [ 3162.9, 1490.6 ], [ 3163.8, 1488.8 ], [ 3164.9, 1488.1 ], [ 3166.0, 1488.2 ], [ 3168.0, 1487.6 ], [ 3171.3, 1485.2 ], [ 3174.0, 1481.0 ] ] } },
{ "type": "Feature", "properties": { "name": "Unstrut", "scalerank": 12, "featurecla": "River", "source": "ne_10m_rivers_europe" }, "geometry": { "type": "LineString", "coordinates": [ [ 3056.0, 1670.0 ], [ 3056.0, 1668.1 ], [ 3055.6, 1666.1 ], [ 3054.5, 1663.9 ], [ 3053.9, 1661.7 ], [ 3054.9, 1659.5 ], [ 3063.1, 1653.0 ], [ 3065.7, 1648.8 ], [ 3067.7, 1647.2 ], [ 3070.8, 1646.4 ], [ 3078.6, 1646.5 ], [ 3081.3, 1645.4 ], [ 3083.6, 1644.0 ], [ 3088.1, 1642.8 ], [ 3089.0, 1641.7 ], [ 3089.6, 1639.8 ], [ 3091.0, 1637.4 ], [ 3092.0, 1634.6 ], [ 3091.8, 1631.8 ], [ 3090.6, 1629.4 ], [ 3087.9, 1626.1 ], [ 3086.3, 1623.6 ], [ 3085.2, 1620.5 ], [ 3085.0, 1615.0 ], [ 3084.3, 1612.9 ], [ 3084.2, 1611.2 ], [ 3085.5, 1609.3 ], [ 3087.9, 1607.9 ], [ 3090.3, 1607.3 ], [ 3097.0, 1608.3 ], [ 3098.8, 1608.0 ], [ 3100.1, 1607.0 ], [ 3101.0, 1603.9 ], [ 3102.0, 1601.3 ], [ 3102.7, 1598.7 ], [ 3102.0, 1594.6 ], [ 3103.3, 1592.1 ], [ 3105.2, 1588.9 ], [ 3108.4, 1581.7 ], [ 3111.0, 1578.1 ], [ 3113.9, 1575.6 ], [ 3115.4, 1575.1 ], [ 3117.2, 1571.7 ], [ 3119.8, 1572.5 ], [ 3124.9, 1576.4 ], [ 3127.7, 1581.3 ], [ 3133.4, 1589.5 ], [ 3136.9, 1588.2 ], [ 3138.3, 1588.3 ], [ 3141.4, 1587.8 ], [ 3143.8, 1586.7 ], [ 3145.6, 1584.7 ], [ 3147.9, 1584.8 ], [ 3150.3, 1586.2 ], [ 3151.4, 1588.8 ], [ 3152.1, 1591.1 ], [ 3153.5, 1591.7 ], [ 3154.8, 1591.8 ], [ 3156.0, 1594.5 ], [ 3157.9, 1595.9 ], [ 3163.7, 1597.5 ], [ 3165.6, 1599.5 ], [ 3167.6, 1602.3 ] ] } },
{ "type": "Feature", "properties": { "name": "Zwickauer Mulde", "scalerank": 11, "featurecla": "River", "source": "ne_10m_rivers_europe" }, "geometry": { "type": "LineString", "coordinates": [ [ 3273.4, 1716.9 ], [ 3268.5, 1716.7 ], [ 3265.1, 1715.9 ], [ 3263.1, 1714.1 ], [ 3261.7, 1711.4 ], [ 3261.8, 1708.4 ], [ 3263.4, 1705.5 ], [ 3265.4, 1702.7 ], [ 3266.6, 1700.1 ], [ 3266.4, 1697.5 ], [ 3265.2, 1694.7 ], [ 3263.1, 1692.5 ], [ 3258.7, 1689.7 ], [ 3257.7, 1687.9 ], [ 3257.1, 1685.6 ], [ 3255.9, 1683.3 ], [ 3253.8, 1681.7 ], [ 3251.2, 1681.3 ], [ 3248.3, 1681.3 ], [ 3245.5, 1680.7 ], [ 3240.4, 1677.7 ], [ 3238.8, 1675.9 ], [ 3238.2, 1674.1 ], [ 3237.9, 1671.3 ], [ 3237.2, 1666.9 ], [ 3237.4, 1661.5 ], [ 3239.4, 1656.1 ], [ 3242.6, 1651.6 ], [ 3244.4, 1650.0 ], [ 3246.7, 1647.4 ], [ 3247.1, 1647.5 ], [ 3247.6, 1648.2 ], [ 3247.8, 1648.5 ], [ 3248.0, 1648.5 ], [ 3248.8, 1647.6 ], [ 3249.6, 1646.2 ], [ 3249.8, 1645.9 ], [ 3250.4, 1645.4 ], [ 3251.4, 1644.9 ], [ 3251.5, 1644.2 ], [ 3253.1, 1642.1 ], [ 3253.7, 1641.7 ], [ 3255.7, 1638.4 ], [ 3257.9, 1637.4 ], [ 3260.1, 1635.4 ], [ 3261.5, 1631.3 ], [ 3262.5, 1626.9 ], [ 3264.5, 1621.6 ], [ 3264.7, 1615.6 ], [ 3265.9, 1611.6 ], [ 3265.8, 1608.9 ], [ 3265.2, 1606.3 ], [ 3263.8, 1603.2 ], [ 3264.0, 1600.1 ], [ 3263.4, 1598.1 ], [ 3262.1, 1596.4 ], [ 3259.5, 1594.0 ], [ 3258.2, 1592.2 ], [ 3258.2, 1590.1 ], [ 3259.9, 1588.2 ], [ 3260.9, 1584.8 ], [ 3259.6, 1578.9 ], [ 3256.8, 1572.7 ], [ 3254.3, 1568.7 ], [ 3250.1, 1563.2 ], [ 3248.9, 1560.6 ], [ 3248.4, 1556.4 ], [ 3247.6, 1553.9 ], [ 3246.5, 1551.9 ], [ 3245.6, 1551.1 ], [ 3245.2, 1550.1 ], [ 3245.3, 1547.7 ], [ 3245.0, 1544.5 ], [ 3243.4, 1541.6 ], [ 3241.4, 1538.8 ], [ 3240.0, 1536.3 ], [ 3237.6, 1534.5 ], [ 3228.3, 1532.8 ], [ 3224.9, 1530.5 ], [ 3222.4, 1528.0 ], [ 3217.1, 1525.7 ], [ 3215.2, 1523.6 ], [ 3214.0, 1520.8 ], [ 3213.2, 1517.9 ], [ 3213.1, 1515.5 ], [ 3213.5, 1513.7 ], [ 3213.1, 1511.0 ], [ 3209.0, 1501.7 ], [ 3208.5, 1499.2 ], [ 3208.5, 1497.9 ], [ 3207.6, 1496.0 ], [ 3206.3, 1495.5 ] ] } },
{ "type": "Feature", "properties": { "name": "Fulda", "scalerank": 12, "featurecla": "River", "source": "ne_10m_rivers_europe" }, "geometry": { "type": "LineString", "coordinates": [ [ 2815.9, 1636.4 ], [ 2815.7, 1635.8 ], [ 2816.6, 1634.6 ], [ 2819.1, 1632.8 ], [ 2821.4, 1630.4 ], [ 2822.1, 1627.9 ], [ 2822.4, 1625.5 ], [ 2823.7, 1623.4 ], [ 2825.8, 1622.5 ], [ 2828.0, 1623.0 ], [ 2831.2, 1624.5 ], [ 2835.5, 1625.8 ], [ 2843.2, 1627.1 ], [ 2844.1, 1628.2 ], [ 2846.0, 1629.6 ], [ 2849.6, 1630.6 ], [ 2853.0, 1630.3 ], [ 2854.5, 1628.8 ], [ 2855.1, 1626.9 ], [ 2856.4, 1625.7 ], [ 2858.3, 1625.6 ], [ 2860.5, 1626.4 ], [ 2863.3, 1627.0 ], [ 2866.7, 1626.4 ], [ 2871.3, 1623.5 ], [ 2876.7, 1618.7 ], [ 2881.5, 1613.5 ], [ 2884.4, 1609.4 ], [ 2885.2, 1606.7 ], [ 2884.9, 1603.6 ], [ 2885.8, 1602.5 ], [ 2887.5, 1602.2 ], [ 2891.7, 1603.8 ], [ 2894.0, 1604.0 ], [ 2896.1, 1603.3 ], [ 2897.8, 1602.2 ], [ 2899.2, 1601.9 ], [ 2901.8, 1604.8 ], [ 2907.3, 1605.3 ], [ 2909.0, 1606.3 ], [ 2912.7, 1609.5 ], [ 2915.9, 1611.1 ], [ 2919.2, 1611.9 ], [ 2923.5, 1612.0 ], [ 2928.6, 1613.0 ], [ 2932.4, 1612.7 ], [ 2935.9, 1610.9 ], [ 2938.3, 1607.9 ], [ 2939.3, 1604.2 ], [ 2940.2, 1597.4 ], [ 2942.7, 1591.0 ], [ 2943.5, 1586.1 ], [ 2944.8, 1583.8 ], [ 2946.7, 1582.0 ], [ 2948.5, 1581.0 ], [ 2949.0, 1578.3 ], [ 2948.0, 1577.3 ], [ 2947.5, 1576.5 ], [ 2947.4, 1576.1 ], [ 2947.7, 1576.1 ], [ 2949.2, 1576.8 ], [ 2950.1, 1577.0 ], [ 2950.5, 1577.0 ], [ 2950.9, 1576.9 ], [ 2951.0, 1576.5 ], [ 2950.9, 1575.8 ], [ 2950.3, 1574.5 ], [ 2950.1, 1573.8 ], [ 2950.2, 1573.3 ], [ 2951.0, 1572.5 ], [ 2951.3, 1572.2 ], [ 2951.5, 1571.7 ], [ 2951.7, 1571.3 ], [ 2952.0, 1571.1 ], [ 2952.4, 1571.1 ], [ 2953.1, 1571.4 ], [ 2953.4, 1571.4 ], [ 2954.2, 1571.1 ], [ 2956.9, 1570.8 ], [ 2957.3, 1570.4 ], [ 2957.5, 1569.6 ], [ 2957.2, 1566.3 ] ] } },
{ "type": "Feature", "properties": { "name": "Sázava", "scalerank": 11, "featurecla": "River", "source": "ne_10m_rivers_europe" }, "geometry": { "type": "LineString", "coordinates": [ [ 3589.7, 1818.9 ], [ 3590.0, 1824.1 ], [ 3589.7, 1827.1 ], [ 3588.2, 1829.0 ], [ 3585.6, 1829.6 ], [ 3582.3, 1829.8 ], [ 3576.7, 1831.6 ], [ 3574.1, 1831.2 ], [ 3571.7, 1830.3 ], [ 3567.9, 1829.6 ], [ 3564.9, 1827.3 ], [ 3561.6, 1825.9 ], [ 3558.2, 1825.3 ], [ 3554.2, 1826.2 ], [ 3551.0, 1825.9 ], [ 3547.4, 1825.1 ], [ 3544.8, 1824.2 ], [ 3543.0, 1822.9 ], [ 3539.3, 1819.5 ], [ 3537.3, 1818.3 ], [ 3535.2, 1818.0 ], [ 3531.2, 1819.3 ], [ 3529.0, 1819.3 ], [ 3526.6, 1818.3 ], [ 3521.9, 1814.7 ], [ 3519.6, 1813.4 ], [ 3517.8, 1813.1 ], [ 3516.6, 1813.3 ], [ 3515.2, 1813.1 ], [ 3512.9, 1811.6 ], [ 3509.1, 1809.8 ], [ 3498.9, 1807.9 ], [ 3495.4, 1805.6 ], [ 3493.0, 1803.3 ], [ 3490.7, 1802.3 ], [ 3488.4, 1800.2 ], [ 3483.9, 1790.7 ], [ 3482.0, 1789.1 ], [ 3480.1, 1789.3 ], [ 3475.6, 1788.5 ], [ 3471.8, 1790.0 ], [ 3469.4, 1789.9 ], [ 3466.4, 1790.4 ], [ 3460.6, 1794.7 ], [ 3459.1, 1794.8 ], [ 3457.1, 1794.4 ], [ 3448.5, 1795.4 ], [ 3444.7, 1794.4 ], [ 3440.9, 1792.8 ], [ 3436.4, 1791.6 ], [ 3431.7, 1791.4 ] ] } },
{ "type": "Feature", "properties": { "name": "Uhlava", "scalerank": 10, "featurecla": "River", "source": "ne_10m_rivers_europe" }, "geometry": { "type": "LineString", "coordinates": [ [ 3245.4, 1787.8 ], [ 3251.1, 1785.7 ], [ 3254.4, 1785.3 ], [ 3258.1, 1786.6 ], [ 3262.1, 1789.9 ], [ 3264.8, 1794.1 ], [ 3265.2, 1797.6 ], [ 3265.0, 1801.1 ], [ 3266.3, 1805.3 ], [ 3268.3, 1808.4 ], [ 3270.0, 1809.1 ], [ 3271.8, 1809.2 ], [ 3276.3, 1812.6 ], [ 3279.6, 1814.1 ], [ 3284.7, 1818.4 ], [ 3287.4, 1819.8 ], [ 3290.2, 1819.7 ], [ 3293.3, 1818.3 ], [ 3295.9, 1816.6 ], [ 3299.3, 1815.0 ], [ 3300.9, 1813.1 ], [ 3303.2, 1811.4 ], [ 3306.2, 1810.9 ], [ 3309.6, 1811.7 ], [ 3315.2, 1814.2 ], [ 3322.3, 1815.0 ], [ 3329.2, 1816.5 ], [ 3332.2, 1815.9 ], [ 3335.4, 1813.7 ], [ 3339.1, 1810.4 ], [ 3342.3, 1806.8 ], [ 3344.0, 1804.1 ], [ 3344.4, 1801.5 ], [ 3344.4, 1798.5 ], [ 3344.8, 1795.2 ], [ 3346.2, 1791.9 ], [ 3348.1, 1789.7 ], [ 3349.9, 1789.1 ], [ 3351.9, 1789.0 ], [ 3354.2, 1788.2 ], [ 3356.3, 1786.7 ], [ 3357.8, 1785.0 ], [ 3360.0, 1783.4 ], [ 3368.1, 1781.0 ], [ 3369.9, 1779.4 ], [ 3370.9, 1777.4 ], [ 3377.1, 1772.5 ], [ 3378.4, 1771.8 ], [ 3380.6, 1771.6 ], [ 3383.2, 1772.1 ], [ 3393.3, 1776.5 ], [ 3403.8, 1783.7 ], [ 3407.4, 1785.6 ], [ 3413.6, 1786.5 ], [ 3417.0, 1786.1 ], [ 3423.6, 1783.0 ], [ 3424.7, 1782.0 ], [ 3427.4, 1776.9 ], [ 3429.1, 1775.1 ], [ 3430.8, 1773.3 ] ] } },
{ "type": "Feature", "properties": { "name": "Oder", "scalerank": 11, "featurecla": "River", "source": "ne_10m_rivers_europe" }, "geometry": { "type": "LineString", "coordinates": [ [ 3708.5, 1747.0 ], [ 3708.3, 1750.0 ], [ 3708.8, 1752.4 ], [ 3710.3, 1754.0 ], [ 3712.6, 1755.5 ], [ 3715.3, 1757.8 ], [ 3718.1, 1759.7 ], [ 3721.2, 1760.1 ], [ 3723.7, 1760.0 ], [ 3727.1, 1761.6 ], [ 3730.5, 1761.7 ], [ 3734.5, 1761.0 ], [ 3737.6, 1760.0 ], [ 3740.0, 1759.9 ], [ 3743.5, 1762.5 ], [ 3744.8, 1762.4 ], [ 3746.9, 1763.1 ], [ 3750.6, 1766.3 ], [ 3756.9, 1772.4 ], [ 3758.4, 1772.7 ], [ 3761.1, 1771.2 ], [ 3763.6, 1773.1 ], [ 3766.7, 1774.3 ], [ 3770.2, 1774.5 ], [ 3772.7, 1773.1 ], [ 3774.6, 1770.0 ], [ 3778.6, 1761.4 ], [ 3781.0, 1757.8 ], [ 3783.2, 1755.7 ], [ 3784.6, 1755.2 ], [ 3786.0, 1755.2 ], [ 3790.5, 1754.2 ], [ 3794.8, 1755.7 ], [ 3801.6, 1756.7 ], [ 3804.6, 1757.4 ], [ 3807.1, 1759.3 ], [ 3809.7, 1762.3 ], [ 3813.8, 1765.9 ] ] } },
{ "type": "Feature", "properties": { "name": "Vistula", "scalerank": 5, "featurecla": "Lake Centerline", "source": "ne_10m_rivers_lake_centerlines" }, "geometry": { "type": "LineString", "coordinates": [ [ 3882.5, 1743.9 ], [ 3879.2, 1743.5 ], [ 3877.5, 1743.9 ], [ 3875.5, 1744.2 ], [ 3873.8, 1744.5 ], [ 3872.4, 1745.0 ], [ 3870.1, 1746.5 ] ] } },
{ "type": "Feature", "properties": { "name": "Elbe", "scalerank": 11, "featurecla": "River", "source": "ne_10m_rivers_europe" }, "geometry": { "type": "LineString", "coordinates": [ [ 3626.3, 1703.5 ], [ 3626.1, 1703.9 ], [ 3626.9, 1705.5 ], [ 3632.3, 1713.1 ], [ 3635.3, 1716.7 ], [ 3640.2, 1721.5 ], [ 3641.8, 1723.7 ], [ 3643.4, 1730.1 ], [ 3644.4, 1732.1 ], [ 3645.1, 1733.7 ], [ 3643.8, 1738.9 ], [ 3644.2, 1744.7 ], [ 3643.5, 1746.5 ], [ 3641.8, 1746.9 ], [ 3636.0, 1744.8 ], [ 3631.2, 1744.5 ], [ 3626.7, 1745.2 ], [ 3621.8, 1747.3 ], [ 3619.3, 1746.1 ], [ 3616.3, 1744.0 ], [ 3613.2, 1742.6 ], [ 3609.6, 1742.1 ], [ 3605.7, 1742.2 ], [ 3601.4, 1741.6 ], [ 3597.0, 1739.5 ], [ 3593.6, 1737.4 ], [ 3590.2, 1736.3 ], [ 3586.0, 1732.7 ], [ 3582.7, 1730.9 ], [ 3578.8, 1730.0 ], [ 3574.7, 1730.3 ], [ 3570.5, 1730.7 ] ] } },
{ "type": "Feature", "properties": { "name": "Nysa Kłodzka", "scalerank": 10, "featurecla": "River", "source": "ne_10m_rivers_europe" }, "geometry": { "type": "LineString", "coordinates": [ [ 3660.6, 1735.1 ], [ 3659.1, 1736.6 ], [ 3657.4, 1737.5 ], [ 3656.2, 1737.6 ], [ 3655.2, 1736.5 ], [ 3654.2, 1734.3 ], [ 3653.5, 1731.7 ], [ 3653.6, 1729.3 ], [ 3653.2, 1726.6 ], [ 3651.6, 1723.3 ], [ 3650.1, 1718.7 ], [ 3650.0, 1713.1 ], [ 3650.3, 1708.2 ], [ 3649.8, 1705.3 ], [ 3648.6, 1703.0 ], [ 3647.6, 1699.4 ], [ 3647.4, 1695.4 ], [ 3648.9, 1689.0 ], [ 3649.0, 1685.9 ], [ 3649.9, 1683.0 ], [ 3652.4, 1680.3 ], [ 3656.4, 1677.9 ], [ 3660.7, 1675.6 ], [ 3664.7, 1674.4 ], [ 3667.7, 1674.4 ], [ 3669.8, 1674.9 ], [ 3671.7, 1674.8 ], [ 3673.6, 1675.2 ], [ 3678.2, 1678.5 ], [ 3681.1, 1680.0 ], [ 3684.2, 1680.5 ], [ 3691.3, 1679.7 ], [ 3703.8, 1681.2 ], [ 3708.0, 1681.1 ], [ 3711.0, 1679.8 ], [ 3717.4, 1675.4 ], [ 3722.7, 1674.7 ], [ 3724.7, 1673.7 ], [ 3726.2, 1671.2 ], [ 3727.4, 1667.5 ], [ 3727.8, 1663.0 ], [ 3727.2, 1658.1 ], [ 3726.8, 1652.0 ], [ 3727.5, 1644.4 ], [ 3730.2, 1637.6 ], [ 3734.5, 1633.9 ], [ 3738.9, 1632.3 ], [ 3742.0, 1630.9 ], [ 3743.4, 1629.1 ], [ 3743.8, 1626.7 ], [ 3743.3, 1624.2 ], [ 3742.2, 1621.2 ] ] } },
{ "type": "Feature", "properties": { "name": "Luzicka Nisa", "scalerank": 11, "featurecla": "River", "source": "ne_10m_rivers_europe" }, "geometry": { "type": "LineString", "coordinates": [ [ 3496.6, 1646.6 ], [ 3497.7, 1647.3 ], [ 3498.3, 1649.1 ], [ 3498.1, 1652.4 ], [ 3496.3, 1655.0 ], [ 3493.0, 1655.1 ], [ 3489.3, 1653.0 ], [ 3484.0, 1648.1 ], [ 3478.9, 1646.7 ], [ 3476.5, 1644.4 ], [ 3471.0, 1642.8 ], [ 3464.5, 1637.5 ], [ 3464.4, 1637.1 ], [ 3464.2, 1634.1 ], [ 3467.4, 1630.0 ], [ 3471.5, 1618.0 ], [ 3475.1, 1606.6 ], [ 3475.3, 1604.8 ], [ 3475.1, 1601.9 ], [ 3475.2, 1600.3 ], [ 3475.6, 1599.2 ], [ 3476.3, 1598.5 ], [ 3476.9, 1597.4 ], [ 3477.0, 1595.4 ], [ 3476.8, 1591.5 ], [ 3477.3, 1587.1 ], [ 3478.4, 1582.9 ], [ 3479.8, 1579.5 ], [ 3479.4, 1579.1 ], [ 3479.0, 1578.7 ], [ 3479.2, 1574.1 ], [ 3477.6, 1571.2 ], [ 3475.2, 1568.8 ], [ 3473.2, 1565.8 ], [ 3472.8, 1564.7 ], [ 3472.2, 1562.0 ], [ 3472.2, 1561.8 ], [ 3470.6, 1551.3 ], [ 3471.3, 1549.3 ], [ 3470.1, 1547.2 ], [ 3468.2, 1545.5 ], [ 3466.6, 1544.4 ], [ 3464.4, 1543.5 ], [ 3459.8, 1542.4 ], [ 3457.5, 1541.3 ], [ 3457.5, 1541.3 ], [ 3455.3, 1540.0 ], [ 3448.9, 1538.3 ], [ 3446.7, 1536.2 ], [ 3445.9, 1533.5 ], [ 3446.5, 1530.4 ], [ 3448.2, 1527.3 ], [ 3449.2, 1524.2 ], [ 3448.7, 1520.1 ], [ 3447.5, 1516.3 ], [ 3446.1, 1513.7 ], [ 3441.2, 1510.1 ], [ 3438.9, 1507.7 ], [ 3437.6, 1503.8 ], [ 3437.0, 1499.8 ], [ 3435.6, 1498.1 ], [ 3433.8, 1497.0 ], [ 3432.0, 1494.7 ], [ 3431.5, 1491.4 ], [ 3432.6, 1488.7 ], [ 3437.7, 1482.7 ], [ 3439.4, 1480.3 ], [ 3440.6, 1477.4 ], [ 3441.3, 1474.3 ], [ 3441.0, 1464.9 ], [ 3441.4, 1463.3 ], [ 3443.2, 1459.4 ], [ 3443.5, 1458.0 ], [ 3443.6, 1456.5 ], [ 3443.8, 1455.1 ], [ 3444.5, 1453.8 ], [ 3446.1, 1451.5 ] ] } },
{ "type": "Feature", "properties": { "name": "Bóbr", "scalerank": 12, "featurecla": "River", "source": "ne_10m_rivers_europe" }, "geometry": { "type": "LineString", "coordinates": [ [ 3565.5, 1649.7 ], [ 3571.7, 1651.5 ], [ 3576.5, 1652.5 ], [ 3579.3, 1652.5 ], [ 3580.0, 1651.5 ], [ 3579.4, 1648.4 ], [ 3579.4, 1646.3 ], [ 3580.3, 1644.2 ], [ 3583.2, 1639.9 ], [ 3583.9, 1637.5 ], [ 3582.5, 1634.3 ], [ 3578.9, 1630.2 ], [ 3574.6, 1627.2 ], [ 3571.7, 1626.6 ], [ 3569.6, 1627.1 ], [ 3565.2, 1627.1 ], [ 3563.3, 1627.9 ], [ 3561.6, 1628.1 ], [ 3557.9, 1624.6 ], [ 3552.8, 1623.4 ], [ 3547.7, 1620.5 ], [ 3546.0, 1620.0 ], [ 3544.8, 1619.1 ], [ 3543.7, 1616.5 ], [ 3543.4, 1613.5 ], [ 3544.9, 1609.6 ], [ 3545.3, 1606.6 ], [ 3544.9, 1603.6 ], [ 3543.2, 1600.2 ], [ 3543.0, 1598.6 ], [ 3542.3, 1596.9 ], [ 3536.9, 1592.9 ], [ 3534.1, 1589.7 ], [ 3532.1, 1586.4 ], [ 3530.3, 1581.7 ], [ 3528.4, 1578.8 ], [ 3527.1, 1576.0 ], [ 3527.6, 1573.6 ], [ 3529.2, 1571.2 ], [ 3530.6, 1568.1 ], [ 3531.3, 1564.8 ], [ 3531.4, 1558.4 ], [ 3532.8, 1549.5 ], [ 3532.3, 1541.6 ], [ 3533.3, 1535.0 ], [ 3532.8, 1532.1 ], [ 3531.3, 1529.4 ], [ 3529.0, 1526.8 ], [ 3525.9, 1525.1 ], [ 3522.1, 1524.7 ], [ 3518.5, 1524.8 ], [ 3515.5, 1524.5 ], [ 3508.6, 1521.5 ], [ 3505.1, 1519.1 ], [ 3503.1, 1516.8 ], [ 3502.5, 1514.4 ], [ 3502.4, 1512.0 ], [ 3501.5, 1508.1 ], [ 3496.4, 1496.4 ], [ 3494.3, 1489.2 ], [ 3491.4, 1485.3 ], [ 3490.2, 1482.4 ], [ 3486.2, 1477.4 ], [ 3479.6, 1465.5 ], [ 3476.7, 1461.5 ], [ 3475.4, 1458.9 ], [ 3475.6, 1456.4 ], [ 3476.6, 1453.3 ] ] } },
{ "type": "Feature", "properties": { "name": "Schwarze Elster", "scalerank": 11, "featurecla": "River", "source": "ne_10m_rivers_europe" }, "geometry": { "type": "LineString", "coordinates": [ [ 3414.4, 1599.4 ], [ 3414.0, 1595.9 ], [ 3413.2, 1592.8 ], [ 3411.7, 1590.5 ], [ 3410.9, 1587.9 ], [ 3412.7, 1579.7 ], [ 3412.0, 1575.2 ], [ 3410.7, 1570.5 ], [ 3409.7, 1561.6 ], [ 3408.8, 1558.7 ], [ 3406.6, 1556.0 ], [ 3399.3, 1548.9 ], [ 3397.5, 1546.5 ], [ 3395.9, 1545.2 ], [ 3389.8, 1544.3 ], [ 3383.7, 1541.8 ], [ 3380.6, 1541.5 ], [ 3377.5, 1542.8 ], [ 3371.3, 1548.1 ], [ 3369.0, 1549.6 ], [ 3366.8, 1550.0 ], [ 3360.2, 1550.3 ], [ 3352.3, 1551.1 ], [ 3344.3, 1551.3 ], [ 3338.9, 1552.6 ], [ 3335.3, 1553.0 ], [ 3331.0, 1552.3 ], [ 3326.8, 1550.1 ], [ 3323.0, 1546.9 ], [ 3319.9, 1543.7 ], [ 3317.8, 1540.7 ], [ 3315.0, 1535.3 ], [ 3309.6, 1528.5 ], [ 3308.0, 1525.6 ], [ 3304.8, 1518.8 ], [ 3302.6, 1515.4 ], [ 3300.3, 1512.9 ], [ 3297.8, 1511.4 ], [ 3292.0, 1508.5 ], [ 3288.3, 1506.1 ], [ 3284.3, 1504.3 ], [ 3275.5, 1503.7 ], [ 3269.9, 1502.3 ], [ 3264.3, 1500.2 ] ] } },
{ "type": "Feature", "properties": { "name": "Spree", "scalerank": 10, "featurecla": "Lake Centerline", "source": "ne_10m_rivers_europe" }, "geometry": { "type": "LineString", "coordinates": [ [ 3414.1, 1528.0 ], [ 3415.0, 1522.3 ], [ 3415.5, 1516.9 ] ] } },
{ "type": "Feature", "properties": { "name": null, "scalerank": 10, "featurecla": "River", "source": "ne_10m_rivers_europe" }, "geometry": { "type": "LineString", "coordinates": [ [ 3756.8, 1523.1 ], [ 3754.8, 1522.9 ], [ 3752.6, 1521.5 ], [ 3750.1, 1518.7 ], [ 3748.1, 1515.3 ], [ 3747.1, 1512.4 ], [ 3745.6, 1509.2 ], [ 3742.5, 1505.3 ], [ 3739.1, 1502.3 ], [ 3737.1, 1501.6 ], [ 3735.6, 1502.4 ], [ 3731.3, 1503.5 ], [ 3728.2, 1505.4 ], [ 3722.4, 1507.5 ], [ 3719.0, 1509.4 ], [ 3716.3, 1509.7 ], [ 3708.5, 1508.8 ], [ 3704.0, 1509.4 ], [ 3699.5, 1510.6 ], [ 3690.7, 1515.6 ], [ 3685.0, 1520.9 ], [ 3683.4, 1521.7 ], [ 3681.3, 1521.8 ], [ 3673.0, 1523.9 ], [ 3662.2, 1525.2 ], [ 3659.5, 1525.1 ], [ 3656.7, 1524.6 ], [ 3650.7, 1522.4 ], [ 3646.2, 1522.2 ], [ 3643.3, 1521.1 ], [ 3640.3, 1519.1 ], [ 3634.5, 1514.5 ], [ 3629.5, 1511.6 ], [ 3624.6, 1509.4 ], [ 3618.6, 1508.2 ], [ 3611.1, 1505.4 ], [ 3607.8, 1504.6 ], [ 3604.9, 1503.5 ], [ 3599.2, 1499.4 ], [ 3596.1, 1498.9 ], [ 3591.5, 1500.9 ] ] } },
{ "type": "Feature", "properties": { "name": "Oder", "scalerank": 4, "featurecla": "River", "source": "ne_10m_rivers_lake_centerlines" }, "geometry": { "type": "LineString", "coordinates": [ [ 3754.8, 1788.4 ], [ 3758.3, 1787.1 ], [ 3760.6, 1787.0 ], [ 3761.7, 1788.2 ], [ 3762.8, 1789.0 ], [ 3769.4, 1790.0 ], [ 3772.7, 1792.6 ], [ 3779.0, 1799.2 ], [ 3782.4, 1801.4 ], [ 3787.0, 1802.7 ], [ 3789.3, 1802.2 ], [ 3790.5, 1798.1 ], [ 3792.1, 1796.6 ], [ 3795.5, 1794.5 ], [ 3810.9, 1780.8 ], [ 3811.9, 1778.8 ], [ 3812.2, 1776.2 ], [ 3812.5, 1775.6 ], [ 3813.4, 1774.8 ], [ 3814.2, 1773.5 ], [ 3814.4, 1771.7 ], [ 3813.7, 1769.4 ], [ 3813.7, 1768.0 ], [ 3814.6, 1766.8 ], [ 3813.8, 1765.9 ], [ 3815.2, 1764.2 ], [ 3818.7, 1761.7 ], [ 3820.6, 1759.7 ], [ 3821.7, 1757.3 ], [ 3822.9, 1752.4 ], [ 3823.9, 1751.9 ], [ 3824.1, 1751.4 ], [ 3824.2, 1750.9 ], [ 3824.3, 1749.7 ], [ 3821.8, 1748.2 ], [ 3814.4, 1737.5 ], [ 3812.1, 1735.0 ], [ 3811.3, 1733.8 ], [ 3810.7, 1732.0 ], [ 3810.3, 1729.0 ], [ 3809.9, 1727.5 ], [ 3808.7, 1726.9 ], [ 3808.6, 1725.9 ], [ 3809.0, 1725.7 ], [ 3809.3, 1725.4 ], [ 3809.9, 1724.7 ], [ 3809.2, 1724.8 ], [ 3811.3, 1712.8 ], [ 3811.1, 1711.7 ], [ 3810.4, 1711.5 ], [ 3810.0, 1711.3 ], [ 3809.6, 1711.1 ], [ 3809.0, 1710.9 ], [ 3808.9, 1709.9 ], [ 3809.9, 1708.3 ], [ 3810.5, 1707.8 ], [ 3811.4, 1707.4 ], [ 3811.2, 1706.4 ], [ 3810.5, 1705.5 ], [ 3810.1, 1704.3 ], [ 3809.9, 1702.8 ], [ 3810.0, 1701.2 ], [ 3808.6, 1701.2 ], [ 3807.4, 1700.3 ], [ 3806.3, 1698.9 ], [ 3804.8, 1696.6 ], [ 3802.1, 1693.1 ], [ 3801.5, 1693.1 ], [ 3800.9, 1692.9 ], [ 3793.5, 1683.9 ], [ 3792.9, 1682.3 ], [ 3791.4, 1679.5 ], [ 3783.3, 1675.3 ], [ 3780.0, 1671.0 ], [ 3779.4, 1671.0 ], [ 3778.7, 1669.8 ], [ 3775.7, 1667.5 ], [ 3774.8, 1665.6 ], [ 3775.7, 1664.6 ], [ 3775.8, 1663.8 ], [ 3775.4, 1662.9 ], [ 3775.1, 1661.8 ], [ 3775.1, 1660.3 ], [ 3775.4, 1659.3 ], [ 3775.7, 1658.7 ], [ 3775.9, 1658.0 ], [ 3775.7, 1655.5 ], [ 3775.1, 1653.4 ], [ 3774.7, 1651.2 ], [ 3774.9, 1648.5 ], [ 3773.1, 1647.6 ], [ 3771.2, 1644.5 ], [ 3768.4, 1638.5 ], [ 3767.4, 1637.1 ], [ 3764.6, 1634.6 ], [ 3763.6, 1633.2 ], [ 3762.3, 1630.7 ], [ 3761.4, 1629.7 ], [ 3760.4, 1629.2 ], [ 3756.6, 1629.1 ], [ 3755.4, 1628.6 ], [ 3752.3, 1626.5 ], [ 3747.0, 1624.8 ], [ 3744.7, 1623.6 ], [ 3742.2, 1621.2 ], [ 3741.4, 1621.9 ], [ 3740.7, 1622.1 ], [ 3739.9, 1622.0 ], [ 3738.9, 1621.5 ], [ 3737.8, 1620.5 ], [ 3737.3, 1619.3 ], [ 3736.9, 1618.2 ], [ 3736.4, 1617.4 ], [ 3734.5, 1616.6 ], [ 3732.5, 1616.9 ], [ 3728.5, 1618.3 ], [ 3726.8, 1618.0 ], [ 3725.0, 1617.2 ], [ 3723.3, 1616.0 ], [ 3722.1, 1614.7 ], [ 3721.5, 1613.7 ], [ 3720.5, 1611.6 ], [ 3719.6, 1610.6 ], [ 3718.4, 1609.9 ], [ 3716.1, 1609.5 ], [ 3715.0, 1608.4 ], [ 3706.1, 1604.9 ], [ 3705.5, 1603.1 ], [ 3705.5, 1597.6 ], [ 3704.5, 1595.8 ], [ 3700.6, 1593.6 ], [ 3699.6, 1591.8 ], [ 3698.6, 1590.6 ], [ 3696.6, 1590.3 ], [ 3694.7, 1590.8 ], [ 3693.5, 1591.9 ], [ 3692.9, 1592.0 ], [ 3692.4, 1590.4 ], [ 3691.6, 1589.8 ], [ 3690.5, 1589.9 ], [ 3689.3, 1590.2 ], [ 3690.0, 1587.5 ], [ 3689.3, 1585.6 ], [ 3686.0, 1583.0 ], [ 3683.3, 1583.7 ], [ 3679.6, 1583.3 ], [ 3676.2, 1582.0 ], [ 3674.3, 1579.9 ], [ 3672.9, 1579.1 ], [ 3669.9, 1576.1 ], [ 3666.6, 1574.3 ], [ 3665.7, 1573.3 ], [ 3662.3, 1567.5 ], [ 3660.2, 1565.2 ], [ 3657.8, 1564.4 ], [ 3657.1, 1564.0 ], [ 3654.8, 1562.0 ], [ 3653.5, 1561.6 ], [ 3648.2, 1562.1 ], [ 3645.6, 1563.1 ], [ 3643.4, 1564.7 ], [ 3641.6, 1565.4 ], [ 3640.0, 1563.9 ], [ 3638.7, 1565.0 ], [ 3637.4, 1565.0 ], [ 3636.1, 1564.6 ], [ 3634.7, 1564.4 ], [ 3629.5, 1566.0 ], [ 3624.6, 1569.0 ], [ 3622.1, 1569.7 ], [ 3620.3, 1567.8 ], [ 3620.8, 1565.7 ], [ 3619.9, 1565.3 ], [ 3619.2, 1564.5 ], [ 3617.9, 1562.7 ], [ 3615.0, 1559.7 ], [ 3614.9, 1558.8 ], [ 3616.5, 1557.4 ], [ 3617.4, 1555.9 ], [ 3617.7, 1554.0 ], [ 3617.6, 1551.6 ], [ 3619.1, 1547.4 ], [ 3618.5, 1546.2 ], [ 3616.5, 1543.2 ], [ 3615.4, 1540.8 ], [ 3615.3, 1537.9 ], [ 3615.8, 1532.0 ], [ 3615.5, 1530.5 ], [ 3615.3, 1529.3 ], [ 3615.5, 1527.8 ], [ 3616.0, 1526.8 ], [ 3617.4, 1525.6 ], [ 3617.7, 1524.4 ], [ 3616.1, 1523.8 ], [ 3615.5, 1522.2 ], [ 3615.3, 1519.4 ], [ 3614.2, 1517.8 ], [ 3611.6, 1517.2 ], [ 3610.1, 1516.1 ], [ 3608.5, 1513.1 ], [ 3607.6, 1512.0 ], [ 3606.4, 1511.6 ], [ 3604.8, 1511.4 ], [ 3603.2, 1510.7 ], [ 3602.2, 1509.5 ], [ 3602.4, 1507.8 ], [ 3602.3, 1506.6 ], [ 3600.9, 1506.8 ], [ 3599.9, 1506.1 ], [ 3598.9, 1504.7 ], [ 3594.0, 1501.7 ], [ 3591.5, 1500.9 ], [ 3588.7, 1501.4 ], [ 3582.7, 1504.7 ], [ 3579.4, 1505.5 ], [ 3575.2, 1503.2 ], [ 3571.9, 1503.3 ], [ 3570.5, 1502.4 ], [ 3569.2, 1501.3 ], [ 3567.6, 1500.6 ], [ 3565.9, 1500.3 ], [ 3561.8, 1500.5 ], [ 3561.0, 1500.0 ], [ 3560.6, 1499.2 ], [ 3559.7, 1496.9 ], [ 3559.5, 1496.4 ], [ 3558.6, 1496.8 ], [ 3558.0, 1497.6 ], [ 3557.4, 1498.4 ], [ 3557.0, 1498.7 ], [ 3556.1, 1498.4 ], [ 3555.6, 1497.6 ], [ 3555.0, 1497.1 ], [ 3554.0, 1497.9 ], [ 3550.0, 1492.9 ], [ 3548.9, 1491.9 ], [ 3547.2, 1491.7 ], [ 3545.9, 1492.1 ], [ 3544.8, 1492.0 ], [ 3543.5, 1490.2 ], [ 3543.7, 1489.6 ], [ 3544.1, 1489.2 ], [ 3542.6, 1487.5 ], [ 3542.0, 1487.1 ], [ 3542.7, 1484.5 ], [ 3544.9, 1479.6 ], [ 3545.1, 1478.4 ], [ 3545.7, 1477.5 ], [ 3546.8, 1474.0 ], [ 3546.1, 1473.5 ], [ 3543.4, 1472.2 ], [ 3544.2, 1471.2 ], [ 3545.2, 1469.4 ], [ 3545.9, 1467.5 ], [ 3546.2, 1466.1 ], [ 3543.7, 1461.6 ], [ 3543.8, 1461.4 ], [ 3543.5, 1460.7 ], [ 3543.6, 1460.1 ], [ 3543.5, 1459.6 ], [ 3542.7, 1459.5 ], [ 3540.1, 1459.7 ], [ 3535.3, 1461.0 ], [ 3535.2, 1460.1 ], [ 3535.8, 1460.0 ], [ 3534.4, 1458.2 ], [ 3532.2, 1457.2 ], [ 3530.5, 1455.6 ], [ 3530.6, 1451.9 ], [ 3514.8, 1451.0 ], [ 3512.5, 1451.3 ], [ 3511.6, 1451.2 ], [ 3510.5, 1450.7 ], [ 3509.1, 1449.6 ], [ 3508.1, 1449.3 ], [ 3507.3, 1449.7 ], [ 3505.1, 1451.3 ], [ 3504.4, 1451.7 ], [ 3503.2, 1451.7 ], [ 3493.0, 1448.9 ], [ 3489.4, 1448.7 ], [ 3484.9, 1452.5 ], [ 3478.6, 1453.6 ], [ 3476.6, 1453.3 ], [ 3474.8, 1452.5 ], [ 3471.5, 1449.8 ], [ 3468.3, 1452.3 ], [ 3465.3, 1453.4 ], [ 3458.3, 1453.8 ], [ 3456.8, 1453.4 ], [ 3453.9, 1451.4 ], [ 3447.4, 1450.7 ], [ 3446.1, 1451.5 ], [ 3439.6, 1447.2 ], [ 3438.5, 1445.1 ], [ 3438.8, 1441.0 ], [ 3439.7, 1438.1 ], [ 3439.9, 1435.9 ], [ 3438.4, 1433.9 ], [ 3438.3, 1432.9 ], [ 3440.0, 1430.3 ], [ 3439.8, 1427.2 ], [ 3438.2, 1424.5 ], [ 3435.4, 1423.5 ], [ 3432.7, 1423.1 ], [ 3429.4, 1421.6 ], [ 3427.1, 1419.4 ], [ 3427.5, 1416.6 ], [ 3425.2, 1412.2 ], [ 3422.6, 1405.6 ], [ 3421.7, 1399.5 ], [ 3426.3, 1394.8 ], [ 3428.3, 1391.1 ], [ 3429.6, 1387.4 ], [ 3429.1, 1385.7 ], [ 3427.3, 1384.2 ], [ 3427.8, 1380.6 ], [ 3430.0, 1374.9 ], [ 3427.0, 1372.7 ], [ 3420.5, 1366.3 ], [ 3414.8, 1364.4 ], [ 3411.8, 1360.9 ], [ 3410.0, 1360.2 ], [ 3409.0, 1359.3 ], [ 3405.4, 1353.1 ], [ 3403.8, 1351.5 ], [ 3393.4, 1344.8 ], [ 3390.8, 1343.5 ], [ 3387.5, 1340.1 ], [ 3385.6, 1339.4 ], [ 3383.5, 1339.3 ], [ 3381.5, 1338.8 ], [ 3379.8, 1337.7 ], [ 3378.6, 1335.5 ], [ 3381.0, 1333.2 ], [ 3381.8, 1331.3 ], [ 3382.0, 1328.4 ], [ 3381.7, 1326.5 ], [ 3380.3, 1321.0 ], [ 3379.6, 1319.5 ], [ 3379.6, 1318.5 ], [ 3383.9, 1314.9 ], [ 3389.4, 1311.6 ], [ 3394.6, 1306.9 ], [ 3397.3, 1303.7 ], [ 3398.4, 1300.9 ], [ 3398.5, 1299.6 ], [ 3400.8, 1290.7 ], [ 3400.5, 1288.4 ], [ 3399.8, 1286.3 ], [ 3399.3, 1283.8 ], [ 3399.4, 1281.7 ], [ 3400.0, 1279.8 ], [ 3400.8, 1278.4 ], [ 3401.8, 1277.8 ], [ 3402.4, 1276.7 ], [ 3404.5, 1271.8 ], [ 3405.4, 1270.2 ], [ 3404.9, 1270.1 ], [ 3404.8, 1269.7 ], [ 3404.8, 1269.0 ], [ 3404.7, 1268.2 ], [ 3404.9, 1266.2 ], [ 3405.4, 1264.1 ], [ 3406.1, 1262.1 ], [ 3406.7, 1260.5 ], [ 3408.3, 1258.6 ], [ 3408.8, 1258.3 ], [ 3409.3, 1257.9 ], [ 3409.4, 1256.9 ], [ 3409.4, 1255.9 ], [ 3409.6, 1255.0 ], [ 3412.2, 1251.4 ], [ 3413.0, 1249.4 ], [ 3414.1, 1244.5 ], [ 3414.6, 1243.0 ], [ 3415.0, 1242.6 ], [ 3415.6, 1242.5 ], [ 3416.2, 1242.2 ], [ 3416.4, 1241.3 ], [ 3416.4, 1240.2 ], [ 3419.1, 1232.2 ], [ 3419.4, 1229.9 ], [ 3419.0, 1226.6 ], [ 3416.3, 1221.5 ], [ 3415.4, 1217.4 ] ] } },
{ "type": "Feature", "properties": { "name": "Prosna", "scalerank": 11, "featurecla": "River", "source": "ne_10m_rivers_europe" }, "geometry": { "type": "LineString", "coordinates": [ [ 3825.3, 1590.7 ], [ 3824.7, 1587.3 ], [ 3823.8, 1584.6 ], [ 3822.4, 1582.8 ], [ 3820.5, 1582.2 ], [ 3816.2, 1582.2 ], [ 3814.4, 1581.5 ], [ 3813.3, 1579.8 ], [ 3812.8, 1574.3 ], [ 3811.4, 1571.4 ], [ 3807.7, 1565.4 ], [ 3806.1, 1564.3 ], [ 3803.9, 1563.9 ], [ 3799.0, 1564.2 ], [ 3794.0, 1562.6 ], [ 3787.7, 1562.4 ], [ 3785.7, 1561.9 ], [ 3785.1, 1560.2 ], [ 3785.6, 1553.6 ], [ 3785.1, 1549.7 ], [ 3783.9, 1546.4 ], [ 3782.6, 1544.3 ], [ 3781.8, 1541.6 ], [ 3781.8, 1536.9 ], [ 3782.5, 1531.6 ], [ 3784.3, 1524.9 ], [ 3784.5, 1522.4 ], [ 3783.3, 1520.2 ], [ 3778.2, 1515.7 ], [ 3776.2, 1512.7 ], [ 3776.1, 1509.4 ], [ 3779.3, 1502.6 ], [ 3779.6, 1499.6 ], [ 3777.9, 1497.4 ], [ 3771.3, 1493.9 ], [ 3769.3, 1491.0 ], [ 3768.9, 1488.1 ], [ 3769.6, 1486.1 ], [ 3770.6, 1484.6 ], [ 3771.3, 1482.8 ], [ 3771.2, 1481.0 ], [ 3770.0, 1478.1 ], [ 3769.6, 1475.5 ], [ 3768.6, 1472.9 ], [ 3766.7, 1471.0 ], [ 3764.2, 1469.4 ], [ 3761.8, 1467.6 ], [ 3760.2, 1465.2 ], [ 3758.6, 1460.0 ], [ 3755.7, 1456.7 ], [ 3750.0, 1448.8 ], [ 3745.3, 1443.6 ], [ 3740.8, 1439.4 ], [ 3731.2, 1431.7 ], [ 3726.0, 1429.6 ], [ 3723.9, 1427.6 ], [ 3722.5, 1424.5 ], [ 3721.3, 1420.8 ], [ 3720.0, 1417.3 ] ] } },
{ "type": "Feature", "properties": { "name": "Warta", "scalerank": 8, "featurecla": "River", "source": "ne_10m_rivers_lake_centerlines" }, "geometry": { "type": "LineString", "coordinates": [ [ 3926.1, 1651.8 ], [ 3924.1, 1652.8 ], [ 3922.3, 1652.5 ], [ 3919.2, 1650.4 ], [ 3916.9, 1649.4 ], [ 3916.3, 1648.8 ], [ 3915.6, 1647.9 ], [ 3914.5, 1645.8 ], [ 3913.7, 1644.7 ], [ 3912.0, 1643.3 ], [ 3908.7, 1641.6 ], [ 3907.0, 1640.4 ], [ 3900.8, 1634.7 ], [ 3899.2, 1633.1 ], [ 3898.3, 1631.9 ], [ 3896.8, 1628.8 ], [ 3895.5, 1627.3 ], [ 3891.8, 1624.6 ], [ 3890.6, 1623.2 ], [ 3890.0, 1621.1 ], [ 3890.4, 1616.8 ], [ 3890.2, 1614.6 ], [ 3889.1, 1611.5 ], [ 3887.8, 1609.9 ], [ 3884.7, 1607.8 ], [ 3885.6, 1605.1 ], [ 3887.0, 1604.1 ], [ 3890.6, 1604.0 ], [ 3898.7, 1601.8 ], [ 3899.8, 1601.8 ], [ 3900.3, 1601.9 ], [ 3900.9, 1601.9 ], [ 3902.0, 1601.4 ], [ 3902.7, 1600.7 ], [ 3903.1, 1599.9 ], [ 3903.7, 1599.2 ], [ 3904.8, 1598.8 ], [ 3905.6, 1598.2 ], [ 3906.2, 1597.0 ], [ 3906.6, 1595.9 ], [ 3907.0, 1595.4 ], [ 3908.1, 1595.0 ], [ 3910.3, 1593.5 ], [ 3911.1, 1592.7 ], [ 3912.7, 1590.8 ], [ 3913.3, 1589.2 ], [ 3913.1, 1587.3 ], [ 3912.7, 1584.5 ], [ 3912.7, 1577.4 ], [ 3912.3, 1574.1 ], [ 3911.0, 1571.2 ], [ 3907.8, 1569.6 ], [ 3895.4, 1570.0 ], [ 3891.7, 1569.3 ], [ 3889.9, 1569.3 ], [ 3888.7, 1569.9 ], [ 3887.8, 1569.6 ], [ 3886.4, 1569.9 ], [ 3885.0, 1570.6 ], [ 3884.1, 1571.5 ], [ 3882.0, 1569.3 ], [ 3875.8, 1569.8 ], [ 3873.7, 1568.5 ], [ 3873.0, 1568.6 ], [ 3870.8, 1569.3 ], [ 3858.3, 1564.0 ], [ 3857.5, 1563.5 ], [ 3857.0, 1562.9 ], [ 3856.4, 1562.5 ], [ 3855.4, 1562.2 ], [ 3854.6, 1562.7 ], [ 3853.5, 1563.5 ], [ 3852.3, 1564.0 ], [ 3851.2, 1563.3 ], [ 3849.7, 1563.1 ], [ 3836.3, 1567.7 ], [ 3834.2, 1567.3 ], [ 3834.2, 1565.7 ], [ 3835.5, 1563.7 ], [ 3837.2, 1562.3 ], [ 3840.9, 1560.9 ], [ 3841.9, 1559.3 ], [ 3841.9, 1555.9 ], [ 3842.2, 1552.9 ], [ 3844.7, 1548.3 ], [ 3845.3, 1545.4 ], [ 3842.9, 1537.1 ], [ 3842.8, 1535.9 ], [ 3843.5, 1534.7 ], [ 3843.7, 1533.4 ], [ 3843.5, 1532.1 ], [ 3842.9, 1530.6 ], [ 3844.5, 1528.6 ], [ 3844.0, 1524.0 ], [ 3842.4, 1515.8 ], [ 3842.9, 1514.3 ], [ 3844.8, 1511.0 ], [ 3845.6, 1508.8 ], [ 3846.6, 1502.3 ], [ 3847.2, 1500.1 ], [ 3846.6, 1499.8 ], [ 3846.3, 1499.5 ], [ 3845.8, 1499.3 ], [ 3845.1, 1499.4 ], [ 3844.9, 1498.3 ], [ 3846.3, 1498.2 ], [ 3846.1, 1497.0 ], [ 3844.7, 1496.7 ], [ 3843.4, 1496.0 ], [ 3842.2, 1495.7 ], [ 3841.4, 1496.5 ], [ 3840.3, 1494.6 ], [ 3839.4, 1492.3 ], [ 3838.3, 1490.4 ], [ 3832.2, 1487.6 ], [ 3831.6, 1487.5 ], [ 3831.1, 1487.0 ], [ 3830.7, 1485.6 ], [ 3825.7, 1481.3 ], [ 3823.1, 1476.1 ], [ 3822.1, 1473.6 ], [ 3821.9, 1472.2 ], [ 3821.1, 1468.7 ], [ 3821.7, 1464.3 ], [ 3824.0, 1457.0 ], [ 3823.2, 1454.9 ], [ 3823.6, 1452.2 ], [ 3824.7, 1449.7 ], [ 3825.7, 1448.4 ], [ 3826.0, 1446.7 ], [ 3829.7, 1439.7 ], [ 3831.8, 1433.7 ], [ 3830.8, 1432.0 ], [ 3826.8, 1427.7 ], [ 3825.4, 1426.9 ], [ 3824.1, 1425.9 ], [ 3823.1, 1423.4 ], [ 3822.1, 1418.8 ], [ 3821.1, 1416.4 ], [ 3820.0, 1414.6 ], [ 3819.0, 1412.5 ], [ 3817.6, 1405.5 ], [ 3816.7, 1403.3 ], [ 3815.5, 1401.8 ], [ 3814.0, 1400.5 ], [ 3812.2, 1399.4 ], [ 3810.4, 1399.0 ], [ 3805.1, 1399.0 ], [ 3802.0, 1398.0 ], [ 3800.6, 1397.9 ], [ 3796.5, 1399.2 ], [ 3794.2, 1399.4 ], [ 3790.8, 1397.0 ], [ 3789.1, 1397.1 ], [ 3785.5, 1398.5 ], [ 3778.0, 1398.3 ], [ 3777.2, 1398.5 ], [ 3776.3, 1399.0 ], [ 3775.6, 1399.6 ], [ 3775.3, 1400.2 ], [ 3774.9, 1400.2 ], [ 3772.9, 1399.2 ], [ 3771.8, 1399.0 ], [ 3770.2, 1399.7 ], [ 3766.9, 1402.2 ], [ 3765.4, 1402.9 ], [ 3758.1, 1403.7 ], [ 3748.1, 1407.8 ], [ 3744.8, 1408.4 ], [ 3743.2, 1407.9 ], [ 3739.9, 1406.2 ], [ 3737.6, 1406.0 ], [ 3734.3, 1406.3 ], [ 3733.1, 1406.8 ], [ 3729.1, 1408.9 ], [ 3729.4, 1410.4 ], [ 3725.4, 1411.4 ], [ 3723.9, 1412.3 ], [ 3722.7, 1414.9 ], [ 3721.6, 1416.4 ], [ 3720.0, 1417.3 ], [ 3705.6, 1418.9 ], [ 3705.6, 1419.6 ], [ 3704.4, 1423.3 ], [ 3703.2, 1424.3 ], [ 3692.6, 1427.9 ], [ 3668.6, 1429.1 ], [ 3667.6, 1429.7 ], [ 3666.8, 1430.8 ], [ 3664.6, 1431.2 ], [ 3661.2, 1430.8 ], [ 3657.7, 1427.2 ], [ 3657.2, 1422.2 ], [ 3657.1, 1416.9 ], [ 3654.9, 1412.3 ], [ 3653.8, 1413.0 ], [ 3649.0, 1412.9 ], [ 3649.6, 1411.8 ], [ 3649.3, 1411.2 ], [ 3649.0, 1410.8 ], [ 3648.8, 1410.4 ], [ 3648.7, 1409.7 ], [ 3648.1, 1409.8 ], [ 3647.2, 1410.6 ], [ 3646.4, 1409.6 ], [ 3644.8, 1406.4 ], [ 3644.4, 1404.8 ], [ 3644.5, 1402.7 ], [ 3645.2, 1399.3 ], [ 3645.5, 1399.0 ], [ 3646.7, 1398.5 ], [ 3647.0, 1398.1 ], [ 3647.0, 1396.8 ], [ 3646.7, 1395.8 ], [ 3646.2, 1395.0 ], [ 3646.0, 1394.4 ], [ 3646.3, 1393.1 ], [ 3650.0, 1380.1 ], [ 3650.5, 1376.8 ], [ 3650.5, 1373.3 ], [ 3649.6, 1369.2 ], [ 3648.5, 1365.3 ], [ 3647.8, 1361.4 ], [ 3648.3, 1357.4 ], [ 3643.9, 1352.6 ], [ 3642.0, 1351.4 ], [ 3624.9, 1344.7 ], [ 3621.1, 1344.0 ], [ 3619.9, 1344.1 ], [ 3618.4, 1344.5 ], [ 3617.2, 1344.3 ], [ 3616.7, 1343.7 ], [ 3616.0, 1342.7 ], [ 3615.1, 1341.8 ], [ 3613.2, 1341.2 ], [ 3611.8, 1339.9 ], [ 3611.3, 1339.6 ], [ 3597.6, 1340.6 ], [ 3594.4, 1339.8 ], [ 3593.0, 1340.1 ], [ 3588.5, 1342.4 ], [ 3586.0, 1342.2 ], [ 3583.2, 1340.0 ], [ 3581.8, 1341.2 ], [ 3578.2, 1342.9 ], [ 3576.8, 1344.2 ], [ 3575.5, 1345.9 ], [ 3574.1, 1346.6 ], [ 3570.3, 1347.4 ], [ 3568.3, 1348.7 ], [ 3564.9, 1352.5 ], [ 3563.3, 1353.4 ], [ 3561.5, 1353.9 ], [ 3558.2, 1355.5 ], [ 3549.9, 1357.4 ], [ 3549.1, 1358.3 ], [ 3547.6, 1360.6 ], [ 3547.2, 1361.1 ], [ 3546.0, 1361.4 ], [ 3545.1, 1361.7 ], [ 3544.3, 1361.9 ], [ 3543.0, 1361.4 ], [ 3540.8, 1358.4 ], [ 3540.0, 1358.1 ], [ 3533.4, 1357.3 ], [ 3531.6, 1357.7 ], [ 3529.9, 1359.3 ], [ 3529.1, 1358.2 ], [ 3528.2, 1359.1 ], [ 3527.4, 1359.3 ], [ 3526.5, 1359.4 ], [ 3525.4, 1359.6 ], [ 3522.5, 1361.8 ], [ 3521.7, 1362.1 ], [ 3519.2, 1360.5 ], [ 3518.3, 1360.2 ], [ 3518.1, 1360.4 ], [ 3515.2, 1361.5 ], [ 3514.2, 1361.5 ], [ 3513.6, 1361.2 ], [ 3512.9, 1361.1 ], [ 3511.9, 1361.7 ], [ 3511.5, 1362.5 ], [ 3511.4, 1363.4 ], [ 3511.1, 1364.4 ], [ 3510.3, 1365.1 ], [ 3508.1, 1365.3 ], [ 3506.4, 1363.9 ], [ 3500.9, 1356.2 ], [ 3500.0, 1353.9 ], [ 3499.4, 1350.4 ], [ 3501.3, 1347.1 ], [ 3501.5, 1345.3 ], [ 3499.3, 1344.7 ], [ 3496.8, 1346.0 ], [ 3495.4, 1347.3 ], [ 3494.4, 1347.1 ], [ 3493.0, 1346.2 ], [ 3489.1, 1347.5 ], [ 3487.0, 1347.8 ], [ 3485.0, 1346.8 ], [ 3484.5, 1347.5 ], [ 3480.0, 1350.3 ], [ 3479.2, 1351.1 ], [ 3479.8, 1351.4 ], [ 3480.0, 1352.0 ], [ 3479.2, 1356.1 ], [ 3479.0, 1357.9 ], [ 3478.4, 1358.9 ], [ 3476.9, 1360.1 ], [ 3474.6, 1363.9 ], [ 3473.2, 1365.2 ], [ 3471.2, 1365.9 ], [ 3469.8, 1365.2 ], [ 3466.6, 1362.0 ], [ 3464.7, 1360.9 ], [ 3462.5, 1361.0 ], [ 3459.7, 1362.8 ], [ 3458.0, 1363.4 ], [ 3452.3, 1364.3 ], [ 3433.4, 1373.2 ], [ 3431.5, 1373.4 ], [ 3429.5, 1373.0 ], [ 3427.0, 1372.7 ] ] } },
{ "type": "Feature", "properties": { "name": "Spree", "scalerank": 10, "featurecla": "River", "source": "ne_10m_rivers_europe" }, "geometry": { "type": "LineString", "coordinates": [ [ 3463.0, 1600.3 ], [ 3462.6, 1599.5 ], [ 3463.4, 1598.0 ], [ 3471.1, 1590.8 ], [ 3471.6, 1588.9 ], [ 3471.3, 1586.4 ], [ 3470.3, 1584.1 ], [ 3468.0, 1580.7 ], [ 3467.0, 1574.7 ], [ 3466.2, 1572.4 ], [ 3465.8, 1570.0 ], [ 3465.9, 1563.9 ], [ 3465.1, 1562.6 ], [ 3464.0, 1561.5 ], [ 3463.3, 1559.0 ], [ 3461.7, 1556.3 ], [ 3458.5, 1554.8 ], [ 3455.3, 1554.5 ], [ 3452.0, 1555.5 ], [ 3443.8, 1554.1 ], [ 3441.8, 1555.2 ], [ 3440.1, 1560.7 ], [ 3437.9, 1561.8 ], [ 3435.5, 1561.2 ], [ 3434.3, 1559.7 ], [ 3433.5, 1557.9 ], [ 3430.6, 1555.4 ], [ 3429.9, 1553.7 ], [ 3429.5, 1551.7 ], [ 3428.6, 1549.6 ], [ 3427.0, 1547.4 ], [ 3424.9, 1545.2 ], [ 3422.4, 1543.3 ], [ 3420.0, 1541.8 ], [ 3417.9, 1539.8 ], [ 3416.4, 1536.6 ], [ 3414.1, 1528.0 ] ] } },
{ "type": "Feature", "properties": { "name": "Spree", "scalerank": 10, "featurecla": "River", "source": "ne_10m_rivers_europe" }, "geometry": { "type": "LineString", "coordinates": [ [ 3415.5, 1516.9 ], [ 3415.3, 1514.8 ], [ 3415.1, 1512.7 ], [ 3411.5, 1508.0 ], [ 3410.1, 1504.5 ], [ 3409.7, 1501.1 ], [ 3410.7, 1497.2 ], [ 3410.5, 1494.7 ], [ 3409.2, 1492.1 ], [ 3407.2, 1489.8 ], [ 3403.9, 1488.7 ], [ 3399.3, 1489.1 ], [ 3394.3, 1489.9 ], [ 3387.5, 1489.9 ], [ 3383.4, 1490.6 ], [ 3378.1, 1488.4 ], [ 3374.0, 1487.1 ], [ 3371.5, 1485.3 ], [ 3368.9, 1482.5 ], [ 3366.7, 1479.5 ], [ 3365.3, 1476.8 ], [ 3364.6, 1472.4 ], [ 3363.5, 1469.1 ], [ 3362.6, 1465.5 ], [ 3362.8, 1462.2 ], [ 3363.1, 1459.1 ], [ 3362.8, 1456.2 ], [ 3362.8, 1453.4 ], [ 3364.3, 1450.7 ], [ 3366.8, 1448.8 ], [ 3369.6, 1447.9 ], [ 3372.7, 1448.1 ], [ 3379.5, 1449.4 ], [ 3386.2, 1450.3 ], [ 3388.9, 1451.2 ], [ 3391.3, 1452.0 ] ] } },
{ "type": "Feature", "properties": { "name": "Spree", "scalerank": 10, "featurecla": "River", "source": "ne_10m_rivers_europe" }, "geometry": { "type": "LineString", "coordinates": [ [ 3285.9, 1405.0 ], [ 3282.7, 1409.3 ], [ 3279.1, 1412.2 ], [ 3276.9, 1414.8 ], [ 3274.8, 1416.6 ], [ 3273.4, 1416.1 ] ] } },
{ "type": "Feature", "properties": { "name": "Spree", "scalerank": 10, "featurecla": "River", "source": "ne_10m_rivers_europe" }, "geometry": { "type": "LineString", "coordinates": [ [ 3393.6, 1449.3 ], [ 3393.7, 1445.2 ], [ 3394.5, 1442.1 ], [ 3397.5, 1436.8 ], [ 3398.3, 1433.6 ], [ 3397.8, 1429.6 ], [ 3396.2, 1425.1 ], [ 3393.3, 1420.4 ], [ 3389.5, 1415.9 ], [ 3385.8, 1412.9 ], [ 3383.3, 1411.7 ], [ 3381.3, 1411.5 ], [ 3375.9, 1410.1 ], [ 3370.3, 1409.0 ], [ 3366.7, 1407.4 ], [ 3362.9, 1406.9 ], [ 3356.2, 1410.5 ], [ 3353.5, 1410.2 ], [ 3347.2, 1406.8 ], [ 3343.9, 1403.1 ], [ 3340.8, 1401.4 ] ] } },
{ "type": "Feature", "properties": { "name": "Spree", "scalerank": 10, "featurecla": "River", "source": "ne_10m_rivers_europe" }, "geometry": { "type": "LineString", "coordinates": [ [ 3265.8, 1405.8 ], [ 3263.5, 1401.6 ], [ 3261.2, 1400.0 ], [ 3258.2, 1399.2 ], [ 3255.7, 1399.6 ], [ 3238.8, 1406.7 ], [ 3235.0, 1407.8 ], [ 3230.1, 1411.4 ], [ 3228.5, 1411.9 ] ] } },
{ "type": "Feature", "properties": { "name": "Spree", "scalerank": 10, "featurecla": "River", "source": "ne_10m_rivers_europe" }, "geometry": { "type": "LineString", "coordinates": [ [ 3335.4, 1400.0 ], [ 3327.6, 1398.6 ], [ 3326.0, 1398.1 ], [ 3321.7, 1394.2 ], [ 3317.7, 1391.5 ], [ 3313.7, 1389.5 ], [ 3311.0, 1389.0 ], [ 3308.8, 1389.1 ], [ 3299.2, 1387.5 ], [ 3296.1, 1389.0 ], [ 3294.8, 1392.1 ], [ 3294.8, 1392.1 ] ] } },
{ "type": "Feature", "properties": { "name": "Spree", "scalerank": 10, "featurecla": "River", "source": "ne_10m_rivers_europe" }, "geometry": { "type": "LineString", "coordinates": [ [ 3224.5, 1411.5 ], [ 3222.4, 1409.7 ], [ 3221.6, 1407.1 ], [ 3221.8, 1403.6 ], [ 3222.7, 1400.1 ], [ 3222.7, 1397.2 ], [ 3220.7, 1395.0 ], [ 3213.8, 1392.3 ], [ 3211.5, 1390.2 ], [ 3211.1, 1386.5 ], [ 3211.5, 1383.0 ], [ 3211.2, 1381.2 ], [ 3210.7, 1379.8 ], [ 3210.5, 1377.4 ], [ 3210.8, 1374.8 ], [ 3211.3, 1373.3 ], [ 3211.3, 1372.2 ], [ 3210.4, 1370.9 ], [ 3208.4, 1369.9 ], [ 3205.8, 1369.7 ], [ 3203.2, 1369.1 ], [ 3202.0, 1368.2 ], [ 3201.7, 1367.7 ], [ 3201.5, 1367.4 ], [ 3200.5, 1366.7 ], [ 3200.2, 1366.3 ], [ 3200.0, 1365.8 ], [ 3199.8, 1364.7 ], [ 3199.6, 1364.0 ], [ 3199.3, 1363.5 ], [ 3198.8, 1362.8 ], [ 3198.5, 1362.4 ], [ 3198.2, 1361.7 ], [ 3198.2, 1361.2 ], [ 3198.3, 1360.7 ], [ 3198.7, 1360.1 ], [ 3199.5, 1359.2 ], [ 3199.9, 1358.7 ], [ 3199.8, 1358.2 ], [ 3199.6, 1357.7 ], [ 3199.3, 1357.3 ], [ 3198.9, 1356.8 ], [ 3198.6, 1356.2 ], [ 3198.4, 1355.1 ], [ 3198.5, 1354.5 ], [ 3198.6, 1354.0 ], [ 3200.1, 1352.7 ], [ 3197.6, 1350.2 ], [ 3197.0, 1349.6 ], [ 3193.2, 1348.0 ], [ 3189.7, 1347.0 ], [ 3187.0, 1345.7 ], [ 3183.6, 1343.8 ] ] } },
{ "type": "Feature", "properties": { "name": "Spree", "scalerank": 10, "featurecla": "Lake Centerline", "source": "ne_10m_rivers_europe" }, "geometry": { "type": "LineString", "coordinates": [ [ 3391.3, 1452.0 ], [ 3391.3, 1452.0 ], [ 3392.3, 1450.5 ], [ 3393.6, 1449.3 ] ] } },
{ "type": "Feature", "properties": { "name": null, "scalerank": 10, "featurecla": "River", "source": "ne_10m_rivers_europe" }, "geometry": { "type": "LineString", "coordinates": [ [ 3572.0, 1366.9 ], [ 3572.9, 1369.3 ], [ 3573.9, 1371.0 ], [ 3576.5, 1372.2 ], [ 3577.8, 1373.7 ], [ 3579.4, 1375.0 ], [ 3583.8, 1375.0 ], [ 3586.3, 1375.5 ], [ 3588.5, 1376.9 ], [ 3592.6, 1380.5 ], [ 3595.5, 1382.6 ], [ 3597.6, 1384.8 ], [ 3598.0, 1387.1 ], [ 3597.8, 1389.8 ], [ 3598.6, 1392.7 ], [ 3600.5, 1395.9 ], [ 3604.9, 1402.1 ], [ 3605.9, 1404.9 ], [ 3609.3, 1408.8 ], [ 3609.3, 1410.5 ], [ 3608.6, 1412.1 ], [ 3608.4, 1413.9 ], [ 3608.9, 1416.2 ], [ 3611.0, 1422.5 ], [ 3612.0, 1426.2 ], [ 3611.0, 1429.4 ], [ 3607.3, 1431.4 ], [ 3602.6, 1432.8 ], [ 3595.2, 1436.6 ], [ 3584.6, 1441.0 ], [ 3580.2, 1443.7 ], [ 3576.5, 1445.2 ], [ 3573.0, 1444.5 ], [ 3569.9, 1443.1 ], [ 3564.3, 1442.8 ], [ 3559.2, 1439.7 ], [ 3557.3, 1439.5 ], [ 3555.6, 1438.3 ], [ 3553.8, 1434.4 ], [ 3552.4, 1429.5 ], [ 3551.8, 1425.7 ], [ 3552.3, 1422.6 ], [ 3553.2, 1419.2 ], [ 3553.6, 1416.3 ], [ 3551.5, 1412.6 ], [ 3551.8, 1411.1 ], [ 3550.9, 1401.6 ], [ 3548.6, 1397.2 ], [ 3544.0, 1390.4 ], [ 3542.1, 1391.4 ], [ 3536.0, 1388.1 ], [ 3530.6, 1384.8 ], [ 3528.4, 1383.9 ], [ 3526.3, 1384.0 ], [ 3519.6, 1387.2 ], [ 3517.0, 1387.5 ], [ 3515.1, 1386.6 ], [ 3513.6, 1385.1 ], [ 3510.5, 1383.0 ], [ 3510.0, 1381.8 ], [ 3509.2, 1380.5 ], [ 3504.9, 1377.8 ], [ 3504.3, 1376.1 ], [ 3504.3, 1374.3 ], [ 3503.4, 1372.4 ], [ 3503.4, 1370.5 ], [ 3505.1, 1368.4 ], [ 3507.3, 1366.6 ], [ 3508.1, 1365.3 ] ] } },
{ "type": "Feature", "properties": { "name": "Spree", "scalerank": 10, "featurecla": "Lake Centerline", "source": "ne_10m_rivers_europe" }, "geometry": { "type": "LineString", "coordinates": [ [ 3340.8, 1401.4 ], [ 3335.4, 1400.0 ] ] } },
{ "type": "Feature", "properties": { "name": "Noteć", "scalerank": 10, "featurecla": "Lake Centerline", "source": "ne_10m_rivers_europe" }, "geometry": { "type": "LineString", "coordinates": [ [ 3781.9, 1353.3 ], [ 3781.9, 1352.2 ], [ 3781.6, 1349.5 ], [ 3779.0, 1341.1 ], [ 3777.3, 1334.5 ], [ 3774.7, 1329.3 ] ] } },
{ "type": "Feature", "properties": { "name": "Noteć", "scalerank": 10, "featurecla": "River", "source": "ne_10m_rivers_europe" }, "geometry": { "type": "LineString", "coordinates": [ [ 3843.3, 1370.2 ], [ 3841.8, 1369.1 ], [ 3840.0, 1368.9 ], [ 3834.5, 1372.0 ], [ 3829.2, 1374.0 ], [ 3824.1, 1374.9 ], [ 3821.1, 1374.1 ], [ 3819.9, 1372.0 ], [ 3818.4, 1367.9 ], [ 3815.7, 1366.3 ], [ 3812.0, 1362.2 ], [ 3809.8, 1361.0 ], [ 3807.8, 1361.1 ], [ 3804.5, 1363.3 ], [ 3802.0, 1364.2 ], [ 3800.2, 1365.0 ], [ 3798.8, 1363.7 ], [ 3795.3, 1362.5 ], [ 3793.5, 1362.9 ], [ 3791.9, 1363.9 ], [ 3791.2, 1365.7 ], [ 3789.9, 1366.7 ], [ 3787.5, 1366.2 ], [ 3785.4, 1363.8 ], [ 3784.0, 1361.4 ], [ 3782.9, 1358.7 ], [ 3782.5, 1358.5 ], [ 3782.4, 1356.7 ], [ 3781.9, 1354.3 ], [ 3781.9, 1353.3 ] ] } },
{ "type": "Feature", "properties": { "name": "Noteć", "scalerank": 10, "featurecla": "River", "source": "ne_10m_rivers_europe" }, "geometry": { "type": "LineString", "coordinates": [ [ 3774.7, 1329.3 ], [ 3771.4, 1322.9 ], [ 3768.9, 1320.0 ], [ 3766.2, 1318.0 ], [ 3761.9, 1316.6 ], [ 3757.5, 1313.9 ], [ 3754.0, 1313.2 ], [ 3751.9, 1312.1 ], [ 3750.4, 1310.4 ], [ 3749.5, 1306.7 ], [ 3748.1, 1304.6 ], [ 3744.7, 1303.1 ], [ 3739.8, 1302.4 ], [ 3730.4, 1302.5 ], [ 3728.9, 1301.8 ], [ 3727.6, 1300.3 ], [ 3726.7, 1298.5 ], [ 3726.9, 1296.4 ], [ 3729.8, 1292.1 ], [ 3730.6, 1289.9 ], [ 3732.0, 1287.7 ], [ 3738.2, 1283.0 ], [ 3739.3, 1280.2 ], [ 3738.6, 1277.9 ], [ 3737.2, 1276.4 ], [ 3734.8, 1276.0 ], [ 3731.4, 1276.2 ], [ 3727.6, 1276.0 ], [ 3721.4, 1272.7 ], [ 3718.6, 1272.2 ], [ 3716.0, 1272.2 ], [ 3713.2, 1271.6 ], [ 3710.6, 1270.4 ], [ 3706.8, 1267.9 ], [ 3702.4, 1267.2 ], [ 3700.0, 1265.7 ], [ 3698.2, 1265.2 ], [ 3694.9, 1266.0 ], [ 3685.2, 1270.9 ], [ 3679.7, 1272.7 ], [ 3674.8, 1275.1 ], [ 3665.8, 1275.7 ], [ 3664.0, 1275.4 ], [ 3661.1, 1275.7 ], [ 3651.0, 1279.0 ], [ 3645.5, 1279.7 ], [ 3642.6, 1281.4 ], [ 3639.4, 1282.4 ], [ 3632.8, 1283.3 ], [ 3622.8, 1284.0 ], [ 3613.4, 1285.6 ], [ 3608.0, 1288.3 ], [ 3605.9, 1292.1 ], [ 3604.7, 1296.2 ], [ 3604.4, 1300.3 ], [ 3604.8, 1307.3 ], [ 3604.3, 1309.4 ], [ 3602.8, 1310.8 ], [ 3600.5, 1312.1 ], [ 3596.9, 1312.9 ], [ 3586.4, 1313.0 ], [ 3574.7, 1314.2 ], [ 3568.2, 1314.1 ], [ 3565.6, 1315.4 ], [ 3562.8, 1317.5 ], [ 3559.4, 1319.3 ], [ 3556.7, 1320.4 ], [ 3553.8, 1320.7 ], [ 3545.8, 1322.8 ], [ 3534.9, 1323.3 ], [ 3532.4, 1323.7 ], [ 3531.6, 1325.0 ], [ 3531.0, 1327.5 ], [ 3529.8, 1330.4 ], [ 3527.7, 1332.8 ], [ 3524.8, 1334.7 ], [ 3521.5, 1336.4 ], [ 3518.1, 1337.5 ], [ 3512.0, 1338.7 ], [ 3506.3, 1342.5 ], [ 3503.1, 1343.6 ], [ 3501.5, 1345.3 ] ] } },
{ "type": "Feature", "properties": { "name": "Ruhr", "scalerank": 11, "featurecla": "River", "source": "ne_10m_rivers_europe" }, "geometry": { "type": "LineString", "coordinates": [ [ 2847.1, 1597.8 ], [ 2846.1, 1597.0 ], [ 2845.3, 1595.7 ], [ 2844.6, 1593.6 ], [ 2844.4, 1590.8 ], [ 2845.5, 1584.1 ], [ 2845.7, 1579.7 ], [ 2844.6, 1576.0 ], [ 2842.1, 1573.9 ], [ 2839.2, 1573.5 ], [ 2834.0, 1574.5 ], [ 2821.3, 1575.9 ], [ 2819.2, 1575.7 ], [ 2817.3, 1575.2 ], [ 2815.9, 1574.0 ], [ 2815.1, 1572.2 ], [ 2814.8, 1570.1 ], [ 2813.4, 1568.7 ], [ 2806.1, 1568.7 ], [ 2804.4, 1567.7 ], [ 2802.9, 1565.7 ], [ 2796.2, 1560.4 ], [ 2794.8, 1558.5 ], [ 2793.9, 1556.6 ], [ 2791.9, 1553.9 ], [ 2788.8, 1552.3 ], [ 2785.4, 1553.0 ], [ 2781.1, 1554.5 ], [ 2767.9, 1555.3 ], [ 2761.7, 1558.3 ], [ 2756.0, 1562.2 ], [ 2754.0, 1563.1 ], [ 2748.0, 1563.6 ], [ 2744.1, 1565.6 ], [ 2742.1, 1565.8 ], [ 2741.4, 1567.0 ], [ 2740.2, 1567.7 ], [ 2738.4, 1566.6 ], [ 2736.7, 1564.6 ], [ 2736.0, 1562.7 ], [ 2734.9, 1561.3 ], [ 2732.4, 1560.4 ], [ 2729.5, 1560.5 ], [ 2725.8, 1562.3 ], [ 2720.9, 1562.2 ], [ 2718.7, 1563.0 ], [ 2716.9, 1563.3 ], [ 2714.3, 1560.7 ], [ 2712.4, 1561.1 ], [ 2710.6, 1562.6 ], [ 2709.3, 1564.1 ], [ 2708.0, 1564.9 ], [ 2703.9, 1564.1 ], [ 2702.6, 1564.9 ], [ 2701.2, 1566.5 ], [ 2698.9, 1568.1 ], [ 2696.4, 1568.7 ], [ 2694.5, 1568.0 ], [ 2693.0, 1566.1 ], [ 2691.5, 1563.5 ], [ 2690.5, 1561.0 ], [ 2690.2, 1559.3 ], [ 2689.5, 1557.9 ], [ 2687.6, 1556.2 ], [ 2684.5, 1555.0 ], [ 2681.0, 1555.1 ], [ 2678.1, 1555.5 ], [ 2676.5, 1555.3 ], [ 2675.6, 1554.2 ] ] } },
{ "type": "Feature", "properties": { "name": "Lippe", "scalerank": 12, "featurecla": "River", "source": "ne_10m_rivers_europe" }, "geometry": { "type": "LineString", "coordinates": [ [ 2877.2, 1553.9 ], [ 2876.6, 1551.1 ], [ 2875.4, 1549.0 ], [ 2873.7, 1547.7 ], [ 2871.7, 1547.5 ], [ 2868.0, 1549.1 ], [ 2865.3, 1550.0 ], [ 2861.9, 1549.8 ], [ 2858.1, 1548.4 ], [ 2855.3, 1546.1 ], [ 2854.0, 1543.9 ], [ 2854.8, 1541.8 ], [ 2856.8, 1540.0 ], [ 2859.2, 1538.2 ], [ 2862.8, 1534.6 ], [ 2866.0, 1532.9 ], [ 2867.3, 1531.5 ], [ 2868.1, 1528.7 ], [ 2868.6, 1524.3 ], [ 2868.8, 1519.8 ], [ 2868.6, 1516.6 ], [ 2867.6, 1514.9 ], [ 2865.6, 1513.9 ], [ 2862.7, 1513.8 ], [ 2859.5, 1514.7 ], [ 2848.1, 1521.1 ], [ 2841.6, 1521.8 ], [ 2833.9, 1524.8 ], [ 2828.0, 1526.2 ], [ 2821.2, 1527.0 ], [ 2809.9, 1526.9 ], [ 2806.2, 1527.3 ], [ 2804.1, 1526.9 ], [ 2801.2, 1525.3 ], [ 2794.7, 1520.7 ], [ 2792.1, 1519.7 ], [ 2789.3, 1520.0 ], [ 2777.1, 1523.2 ], [ 2763.3, 1527.9 ], [ 2760.8, 1528.9 ], [ 2758.1, 1530.6 ], [ 2755.2, 1531.7 ], [ 2751.9, 1531.5 ], [ 2749.1, 1529.8 ], [ 2747.3, 1527.6 ], [ 2746.2, 1525.6 ], [ 2745.0, 1524.8 ], [ 2740.6, 1522.9 ], [ 2738.4, 1521.3 ], [ 2736.5, 1518.5 ], [ 2734.7, 1517.0 ], [ 2732.2, 1515.8 ], [ 2727.7, 1514.8 ], [ 2725.4, 1513.9 ], [ 2723.0, 1513.3 ], [ 2720.8, 1513.9 ], [ 2709.5, 1519.3 ], [ 2706.6, 1521.0 ], [ 2703.5, 1522.0 ], [ 2698.8, 1522.2 ], [ 2694.6, 1521.6 ], [ 2691.2, 1520.7 ], [ 2688.2, 1521.0 ], [ 2684.7, 1521.8 ], [ 2682.0, 1522.9 ], [ 2678.7, 1523.9 ], [ 2673.5, 1524.3 ], [ 2668.6, 1524.1 ], [ 2666.1, 1523.8 ], [ 2664.4, 1523.9 ] ] } },
{ "type": "Feature", "properties": { "name": "Maas", "scalerank": 8, "featurecla": "River", "source": "ne_10m_rivers_lake_centerlines" }, "geometry": { "type": "LineString", "coordinates": [ [ 2523.8, 1503.7 ], [ 2521.0, 1503.9 ], [ 2519.2, 1505.2 ], [ 2518.1, 1505.5 ], [ 2503.1, 1504.5 ], [ 2500.8, 1503.2 ], [ 2499.5, 1504.0 ], [ 2497.0, 1504.4 ], [ 2496.0, 1505.1 ], [ 2494.2, 1504.9 ], [ 2489.6, 1502.6 ], [ 2487.5, 1502.5 ], [ 2481.2, 1503.0 ], [ 2478.2, 1502.8 ], [ 2475.9, 1503.3 ], [ 2471.8, 1504.9 ], [ 2468.4, 1505.6 ], [ 2464.7, 1505.5 ], [ 2455.0, 1502.7 ], [ 2451.7, 1507.8 ], [ 2447.7, 1510.1 ], [ 2442.5, 1511.1 ], [ 2439.7, 1510.0 ], [ 2436.7, 1508.1 ], [ 2434.4, 1505.5 ], [ 2433.1, 1504.4 ] ] } },
{ "type": "Feature", "properties": { "name": "Elbe", "scalerank": 5, "featurecla": "River", "source": "ne_10m_rivers_lake_centerlines" }, "geometry": { "type": "LineString", "coordinates": [ [ 2976.5, 1238.3 ], [ 2992.2, 1239.5 ], [ 2996.3, 1240.7 ], [ 2997.4, 1241.5 ], [ 2997.9, 1243.6 ], [ 2998.2, 1249.4 ], [ 2998.5, 1251.7 ] ] } },
{ "type": "Feature", "properties": { "name": "Elbe", "scalerank": 5, "featurecla": "River", "source": "ne_10m_rivers_lake_centerlines" }, "geometry": { "type": "LineString", "coordinates": [ [ 2998.5, 1251.7 ], [ 2998.6, 1252.1 ] ] } },
{ "type": "Feature", "properties": { "name": "Elbe", "scalerank": 5, "featurecla": "River", "source": "ne_10m_rivers_lake_centerlines" }, "geometry": { "type": "LineString", "coordinates": [ [ 3540.5, 1659.6 ], [ 3541.4, 1660.8 ], [ 3544.0, 1665.9 ], [ 3544.6, 1667.3 ], [ 3544.8, 1670.8 ], [ 3545.2, 1673.4 ], [ 3546.0, 1675.5 ], [ 3547.3, 1677.2 ], [ 3550.2, 1678.8 ], [ 3553.8, 1679.9 ], [ 3557.1, 1681.8 ], [ 3558.9, 1685.9 ], [ 3558.6, 1688.3 ], [ 3558.1, 1691.2 ], [ 3558.4, 1693.5 ], [ 3561.4, 1694.4 ], [ 3563.6, 1695.5 ], [ 3565.9, 1697.1 ], [ 3566.0, 1697.4 ], [ 3566.5, 1698.7 ], [ 3566.7, 1699.0 ], [ 3573.6, 1701.7 ], [ 3577.0, 1704.2 ], [ 3577.3, 1706.7 ] ] } },
{ "type": "Feature", "properties": { "name": "Elbe", "scalerank": 5, "featurecla": "River", "source": "ne_10m_rivers_lake_centerlines" }, "geometry": { "type": "LineString", "coordinates": [ [ 3577.3, 1706.7 ], [ 3577.4, 1707.7 ], [ 3577.4, 1706.7 ], [ 3577.3, 1706.7 ] ] } },
{ "type": "Feature", "properties": { "name": "Elbe", "scalerank": 5, "featurecla": "River", "source": "ne_10m_rivers_lake_centerlines" }, "geometry": { "type": "LineString", "coordinates": [ [ 3577.3, 1706.7 ], [ 3576.8, 1707.8 ], [ 3578.2, 1708.6 ], [ 3578.9, 1708.8 ], [ 3579.0, 1709.7 ], [ 3578.2, 1710.7 ], [ 3575.3, 1713.4 ], [ 3574.4, 1714.8 ], [ 3573.0, 1718.8 ], [ 3570.0, 1724.0 ], [ 3569.3, 1727.4 ], [ 3570.5, 1730.7 ], [ 3569.4, 1735.2 ], [ 3569.2, 1737.2 ], [ 3569.3, 1740.3 ], [ 3569.7, 1743.5 ], [ 3569.4, 1745.4 ], [ 3568.5, 1747.9 ], [ 3573.6, 1751.7 ], [ 3573.7, 1752.8 ], [ 3571.1, 1755.1 ], [ 3567.8, 1757.2 ], [ 3567.5, 1757.5 ], [ 3557.4, 1758.2 ], [ 3551.9, 1759.8 ], [ 3528.3, 1760.6 ], [ 3526.3, 1761.2 ], [ 3524.6, 1762.2 ], [ 3523.8, 1763.5 ], [ 3516.4, 1765.6 ], [ 3514.7, 1765.4 ], [ 3511.7, 1764.2 ], [ 3510.5, 1764.0 ], [ 3509.2, 1763.2 ], [ 3506.9, 1759.3 ], [ 3505.7, 1758.0 ], [ 3506.0, 1755.6 ], [ 3505.6, 1753.3 ], [ 3504.7, 1751.3 ], [ 3503.7, 1749.5 ], [ 3503.1, 1749.0 ], [ 3500.8, 1747.6 ], [ 3500.2, 1746.9 ], [ 3499.1, 1745.3 ], [ 3498.5, 1744.6 ], [ 3495.2, 1742.7 ], [ 3492.4, 1743.1 ], [ 3486.3, 1745.4 ], [ 3474.6, 1744.0 ], [ 3471.5, 1744.5 ], [ 3468.1, 1745.7 ], [ 3464.8, 1746.2 ], [ 3461.7, 1744.9 ], [ 3459.8, 1745.6 ], [ 3457.4, 1744.7 ], [ 3453.3, 1741.2 ], [ 3450.2, 1737.7 ], [ 3449.7, 1737.8 ], [ 3449.1, 1736.3 ], [ 3448.0, 1736.5 ], [ 3446.7, 1737.3 ], [ 3445.6, 1737.5 ], [ 3445.1, 1736.9 ], [ 3442.5, 1734.1 ], [ 3441.9, 1733.9 ], [ 3441.8, 1733.8 ], [ 3441.2, 1731.8 ], [ 3441.0, 1730.9 ], [ 3441.0, 1729.7 ], [ 3441.0, 1729.3 ], [ 3440.7, 1729.3 ], [ 3439.9, 1729.5 ], [ 3439.6, 1729.4 ], [ 3439.0, 1728.7 ], [ 3438.5, 1728.4 ], [ 3437.2, 1728.4 ], [ 3436.7, 1728.0 ], [ 3436.8, 1727.0 ], [ 3437.1, 1726.0 ], [ 3437.3, 1725.7 ], [ 3437.2, 1724.0 ], [ 3437.0, 1722.5 ], [ 3436.3, 1721.5 ], [ 3435.0, 1721.1 ], [ 3432.9, 1719.6 ], [ 3432.9, 1717.6 ], [ 3433.4, 1715.4 ], [ 3432.8, 1713.3 ], [ 3431.1, 1711.8 ], [ 3427.2, 1709.7 ], [ 3425.8, 1708.3 ], [ 3424.5, 1705.8 ], [ 3423.7, 1703.7 ], [ 3422.7, 1702.1 ], [ 3420.6, 1701.7 ], [ 3419.0, 1702.3 ], [ 3417.5, 1703.7 ], [ 3416.3, 1705.7 ], [ 3416.0, 1707.9 ], [ 3415.5, 1708.4 ], [ 3412.2, 1708.6 ], [ 3411.4, 1708.2 ], [ 3411.1, 1707.1 ], [ 3411.1, 1705.7 ], [ 3410.9, 1704.5 ], [ 3410.4, 1701.8 ], [ 3410.0, 1699.4 ], [ 3409.3, 1697.2 ], [ 3407.8, 1695.2 ], [ 3406.1, 1694.3 ], [ 3401.4, 1693.4 ], [ 3399.5, 1693.5 ], [ 3396.0, 1695.6 ], [ 3394.1, 1696.1 ], [ 3392.1, 1695.0 ], [ 3392.8, 1693.9 ], [ 3391.2, 1692.2 ], [ 3390.4, 1690.2 ], [ 3389.8, 1688.2 ], [ 3389.0, 1686.6 ], [ 3390.9, 1684.5 ], [ 3392.8, 1683.5 ], [ 3393.4, 1682.3 ], [ 3391.7, 1679.6 ], [ 3390.2, 1676.4 ], [ 3392.0, 1674.8 ], [ 3394.8, 1674.0 ], [ 3398.5, 1671.6 ], [ 3401.0, 1671.3 ], [ 3403.4, 1670.6 ], [ 3404.8, 1667.7 ], [ 3404.4, 1664.8 ], [ 3403.4, 1661.8 ], [ 3403.4, 1659.1 ], [ 3405.6, 1657.1 ], [ 3404.9, 1655.9 ], [ 3406.5, 1654.1 ], [ 3407.3, 1652.9 ], [ 3407.9, 1651.5 ], [ 3407.1, 1650.3 ], [ 3406.3, 1648.1 ], [ 3405.7, 1645.7 ], [ 3405.4, 1643.7 ], [ 3405.7, 1641.1 ], [ 3406.3, 1640.0 ], [ 3406.3, 1638.9 ], [ 3404.7, 1636.3 ], [ 3403.3, 1635.2 ], [ 3393.5, 1633.1 ], [ 3389.5, 1633.4 ], [ 3389.7, 1632.0 ], [ 3390.2, 1630.9 ], [ 3390.9, 1630.3 ], [ 3391.9, 1630.1 ], [ 3389.9, 1628.1 ], [ 3387.4, 1628.2 ], [ 3383.2, 1629.4 ], [ 3379.6, 1627.9 ], [ 3378.4, 1627.7 ], [ 3374.2, 1628.3 ], [ 3373.0, 1628.0 ], [ 3372.4, 1627.1 ], [ 3371.8, 1624.6 ], [ 3371.1, 1623.3 ], [ 3363.2, 1613.1 ], [ 3362.0, 1612.4 ], [ 3360.7, 1612.8 ], [ 3359.4, 1613.6 ], [ 3358.2, 1613.8 ], [ 3357.1, 1613.4 ], [ 3354.9, 1612.2 ], [ 3352.0, 1612.0 ], [ 3351.3, 1611.7 ], [ 3349.4, 1610.1 ], [ 3346.8, 1608.7 ], [ 3339.2, 1606.3 ], [ 3324.7, 1594.2 ], [ 3323.1, 1592.2 ], [ 3324.1, 1589.2 ], [ 3323.7, 1585.9 ], [ 3322.3, 1582.5 ], [ 3320.2, 1579.1 ], [ 3318.9, 1577.8 ], [ 3317.4, 1577.5 ], [ 3314.1, 1577.8 ], [ 3312.3, 1577.3 ], [ 3311.6, 1575.9 ], [ 3311.3, 1574.0 ], [ 3310.6, 1572.1 ], [ 3309.3, 1571.5 ], [ 3307.7, 1571.7 ], [ 3306.3, 1571.5 ], [ 3305.5, 1569.6 ], [ 3306.0, 1568.2 ], [ 3307.3, 1567.8 ], [ 3307.7, 1567.0 ], [ 3305.9, 1564.3 ], [ 3305.2, 1563.9 ], [ 3303.6, 1563.7 ], [ 3302.8, 1562.9 ], [ 3302.5, 1562.2 ], [ 3301.7, 1559.2 ], [ 3301.5, 1557.0 ], [ 3301.7, 1555.3 ], [ 3301.4, 1554.0 ], [ 3300.1, 1552.9 ] ] } },
{ "type": "Feature", "properties": { "name": "Elbe", "scalerank": 5, "featurecla": "River", "source": "ne_10m_rivers_lake_centerlines" }, "geometry": { "type": "LineString", "coordinates": [ [ 3300.7, 1552.9 ], [ 3300.6, 1551.0 ], [ 3300.0, 1550.2 ], [ 3299.1, 1549.9 ], [ 3298.0, 1549.9 ], [ 3297.4, 1550.1 ], [ 3296.9, 1550.9 ], [ 3296.7, 1551.7 ], [ 3296.7, 1552.0 ], [ 3296.2, 1551.9 ], [ 3295.7, 1551.5 ], [ 3295.5, 1551.2 ], [ 3295.4, 1551.0 ], [ 3293.6, 1550.1 ], [ 3291.7, 1548.4 ], [ 3289.8, 1547.4 ], [ 3288.0, 1548.1 ], [ 3287.7, 1545.1 ], [ 3286.5, 1543.7 ], [ 3285.0, 1542.9 ], [ 3283.7, 1541.9 ], [ 3282.6, 1539.7 ], [ 3282.6, 1538.3 ], [ 3284.1, 1534.6 ], [ 3282.2, 1533.3 ], [ 3277.8, 1528.4 ], [ 3275.6, 1527.4 ], [ 3274.4, 1527.3 ], [ 3272.9, 1526.8 ], [ 3271.7, 1526.0 ], [ 3270.6, 1523.8 ], [ 3267.8, 1524.1 ], [ 3266.5, 1523.6 ], [ 3266.0, 1522.4 ], [ 3264.3, 1517.2 ], [ 3263.5, 1515.7 ], [ 3263.1, 1515.0 ], [ 3262.9, 1514.3 ], [ 3262.0, 1505.9 ], [ 3262.3, 1502.5 ], [ 3264.3, 1500.2 ], [ 3263.0, 1499.4 ], [ 3246.6, 1494.7 ], [ 3243.3, 1494.3 ], [ 3240.4, 1495.9 ], [ 3238.9, 1494.5 ], [ 3236.7, 1494.0 ], [ 3234.3, 1494.2 ], [ 3232.6, 1495.1 ], [ 3232.5, 1494.0 ], [ 3232.3, 1493.3 ], [ 3232.0, 1492.8 ] ] } },
{ "type": "Feature", "properties": { "name": "Elbe", "scalerank": 5, "featurecla": "River", "source": "ne_10m_rivers_lake_centerlines" }, "geometry": { "type": "LineString", "coordinates": [ [ 3232.0, 1492.8 ], [ 3232.0, 1492.7 ], [ 3231.8, 1492.0 ], [ 3232.5, 1493.0 ], [ 3232.0, 1492.8 ] ] } },
{ "type": "Feature", "properties": { "name": "Elbe", "scalerank": 5, "featurecla": "River", "source": "ne_10m_rivers_lake_centerlines" }, "geometry": { "type": "LineString", "coordinates": [ [ 3232.0, 1492.8 ], [ 3231.2, 1492.4 ], [ 3230.2, 1493.6 ], [ 3229.4, 1495.4 ], [ 3228.6, 1496.3 ], [ 3227.4, 1496.0 ], [ 3226.8, 1495.0 ], [ 3226.7, 1493.6 ], [ 3227.2, 1492.1 ], [ 3226.1, 1492.6 ], [ 3224.2, 1494.1 ], [ 3222.5, 1494.9 ], [ 3220.6, 1497.1 ], [ 3219.8, 1497.6 ], [ 3218.1, 1497.0 ], [ 3216.1, 1495.5 ], [ 3214.4, 1493.5 ], [ 3213.4, 1491.4 ], [ 3211.4, 1492.4 ], [ 3209.1, 1492.8 ], [ 3207.1, 1493.5 ], [ 3206.3, 1495.5 ], [ 3205.8, 1496.4 ], [ 3204.6, 1495.7 ], [ 3203.5, 1494.6 ], [ 3203.2, 1493.9 ], [ 3186.9, 1495.6 ], [ 3186.1, 1495.3 ], [ 3186.0, 1494.7 ], [ 3186.1, 1494.0 ], [ 3185.8, 1493.4 ], [ 3173.1, 1479.9 ], [ 3172.7, 1478.3 ], [ 3173.0, 1477.2 ], [ 3173.4, 1476.3 ], [ 3173.6, 1475.1 ], [ 3172.9, 1472.1 ], [ 3171.4, 1471.9 ], [ 3168.3, 1473.7 ], [ 3166.1, 1472.9 ], [ 3164.2, 1471.0 ], [ 3162.5, 1469.9 ], [ 3160.7, 1471.2 ], [ 3159.1, 1471.7 ], [ 3156.9, 1470.2 ], [ 3154.9, 1468.1 ], [ 3153.8, 1466.6 ], [ 3151.6, 1461.8 ], [ 3150.6, 1459.0 ], [ 3150.2, 1456.6 ], [ 3150.5, 1454.6 ], [ 3151.9, 1449.3 ], [ 3152.6, 1447.5 ], [ 3155.2, 1445.0 ], [ 3155.8, 1444.3 ], [ 3155.8, 1442.9 ], [ 3155.3, 1441.8 ], [ 3154.7, 1440.8 ], [ 3154.4, 1439.5 ], [ 3155.0, 1438.1 ], [ 3158.7, 1432.6 ], [ 3160.5, 1427.4 ], [ 3161.8, 1425.0 ], [ 3163.5, 1423.9 ], [ 3167.5, 1423.5 ], [ 3169.2, 1422.9 ], [ 3172.8, 1420.0 ], [ 3173.5, 1418.9 ], [ 3174.0, 1417.3 ], [ 3175.3, 1417.5 ], [ 3176.2, 1417.1 ], [ 3176.5, 1416.3 ], [ 3175.9, 1415.1 ], [ 3175.9, 1414.0 ], [ 3176.8, 1413.7 ], [ 3177.7, 1413.3 ], [ 3178.4, 1412.6 ], [ 3179.0, 1411.9 ], [ 3180.6, 1408.1 ], [ 3180.8, 1407.0 ], [ 3180.9, 1406.2 ], [ 3181.4, 1404.8 ], [ 3181.5, 1403.8 ], [ 3181.2, 1402.9 ], [ 3180.8, 1402.5 ], [ 3180.3, 1402.3 ], [ 3180.1, 1401.8 ], [ 3179.8, 1400.0 ], [ 3179.4, 1398.9 ], [ 3178.9, 1398.0 ], [ 3178.6, 1397.1 ], [ 3178.7, 1392.8 ], [ 3183.3, 1366.1 ], [ 3183.5, 1363.4 ], [ 3184.1, 1360.3 ], [ 3184.2, 1358.4 ], [ 3183.7, 1357.6 ], [ 3182.7, 1353.0 ], [ 3182.5, 1352.4 ], [ 3182.6, 1350.8 ], [ 3183.1, 1346.1 ], [ 3183.6, 1344.7 ], [ 3183.6, 1343.8 ], [ 3183.4, 1343.7 ], [ 3182.5, 1342.7 ], [ 3182.3, 1342.3 ], [ 3181.5, 1340.2 ], [ 3179.9, 1339.3 ], [ 3176.5, 1338.7 ], [ 3173.9, 1337.3 ], [ 3172.6, 1336.8 ], [ 3170.9, 1336.7 ], [ 3170.0, 1336.3 ], [ 3163.8, 1332.4 ], [ 3163.9, 1331.7 ], [ 3165.0, 1330.0 ], [ 3165.4, 1328.2 ], [ 3164.3, 1327.6 ], [ 3161.4, 1327.5 ], [ 3160.0, 1326.5 ], [ 3157.1, 1322.2 ], [ 3155.6, 1322.6 ], [ 3153.3, 1324.0 ], [ 3152.3, 1324.3 ], [ 3150.7, 1324.1 ], [ 3150.2, 1323.2 ], [ 3150.0, 1321.7 ], [ 3149.3, 1319.7 ], [ 3148.2, 1319.0 ], [ 3145.1, 1318.9 ], [ 3143.9, 1318.3 ], [ 3144.6, 1317.5 ], [ 3145.1, 1316.0 ], [ 3145.0, 1314.6 ], [ 3144.1, 1314.0 ], [ 3140.0, 1315.2 ], [ 3135.4, 1313.5 ], [ 3133.2, 1313.2 ], [ 3131.4, 1312.6 ], [ 3128.6, 1309.8 ], [ 3126.5, 1309.1 ], [ 3124.5, 1309.6 ], [ 3121.5, 1311.8 ], [ 3119.8, 1312.3 ], [ 3117.8, 1312.0 ], [ 3116.2, 1311.1 ], [ 3112.7, 1307.1 ], [ 3110.0, 1302.2 ], [ 3109.3, 1301.4 ], [ 3107.8, 1300.5 ], [ 3107.1, 1299.4 ], [ 3106.4, 1298.8 ], [ 3105.5, 1299.4 ], [ 3104.3, 1300.8 ], [ 3103.6, 1300.7 ], [ 3102.6, 1299.0 ], [ 3101.9, 1298.0 ], [ 3101.3, 1297.0 ], [ 3100.8, 1296.1 ], [ 3100.0, 1295.7 ], [ 3098.8, 1295.9 ], [ 3097.9, 1296.7 ], [ 3097.1, 1297.5 ], [ 3095.7, 1298.6 ], [ 3094.8, 1299.7 ], [ 3093.8, 1300.4 ], [ 3092.7, 1299.6 ], [ 3091.8, 1298.6 ], [ 3089.2, 1297.0 ], [ 3078.8, 1287.5 ], [ 3070.4, 1282.7 ], [ 3067.4, 1280.4 ], [ 3065.4, 1277.6 ], [ 3064.3, 1276.6 ], [ 3062.5, 1276.2 ], [ 3061.0, 1275.4 ], [ 3060.6, 1273.3 ], [ 3060.5, 1270.8 ], [ 3060.2, 1268.6 ], [ 3058.2, 1266.1 ], [ 3055.0, 1265.3 ], [ 3048.1, 1265.7 ], [ 3045.2, 1266.9 ], [ 3041.4, 1265.6 ], [ 3028.2, 1257.8 ], [ 3024.9, 1256.5 ], [ 3018.8, 1256.4 ], [ 3018.0, 1256.7 ], [ 3017.1, 1257.3 ], [ 3015.0, 1260.0 ], [ 3014.8, 1260.5 ], [ 3009.7, 1260.8 ], [ 3008.2, 1260.5 ], [ 3006.7, 1259.4 ], [ 3005.7, 1258.0 ], [ 3004.6, 1256.8 ], [ 3002.7, 1256.3 ], [ 3001.6, 1255.4 ], [ 2998.5, 1251.7 ] ] } },
{ "type": "Feature", "properties": { "name": "Elbe", "scalerank": 5, "featurecla": "River", "source": "ne_10m_rivers_lake_centerlines" }, "geometry": { "type": "LineString", "coordinates": [ [ 2998.5, 1251.7 ], [ 2998.2, 1251.3 ], [ 2996.7, 1249.9 ], [ 2995.2, 1249.4 ], [ 2990.4, 1248.9 ], [ 2989.3, 1248.3 ], [ 2986.8, 1246.5 ], [ 2984.2, 1245.1 ], [ 2980.9, 1242.5 ], [ 2977.9, 1242.1 ], [ 2976.8, 1241.7 ], [ 2975.8, 1239.8 ] ] } },
{ "type": "Feature", "properties": { "name": null, "scalerank": 11, "featurecla": "River", "source": "ne_10m_rivers_europe" }, "geometry": { "type": "LineString", "coordinates": [ [ 3050.1, 1515.5 ], [ 3050.9, 1517.7 ], [ 3052.0, 1519.2 ], [ 3055.6, 1520.6 ], [ 3057.8, 1522.0 ], [ 3060.2, 1522.8 ], [ 3062.9, 1521.9 ], [ 3065.0, 1520.0 ], [ 3066.4, 1517.3 ], [ 3069.5, 1516.7 ], [ 3072.6, 1514.5 ], [ 3074.1, 1514.0 ], [ 3076.5, 1514.7 ], [ 3080.3, 1516.8 ], [ 3084.8, 1518.0 ], [ 3088.9, 1516.8 ], [ 3092.1, 1514.9 ], [ 3094.5, 1514.3 ], [ 3097.3, 1513.1 ], [ 3101.7, 1509.7 ], [ 3106.1, 1505.5 ], [ 3109.1, 1502.2 ], [ 3110.3, 1499.7 ], [ 3110.5, 1497.5 ], [ 3109.4, 1495.7 ], [ 3107.7, 1494.4 ], [ 3106.2, 1492.8 ], [ 3105.7, 1490.5 ], [ 3106.2, 1488.2 ], [ 3107.1, 1486.7 ], [ 3107.5, 1485.1 ], [ 3106.7, 1482.4 ], [ 3106.1, 1479.1 ], [ 3107.1, 1475.8 ], [ 3110.6, 1473.9 ], [ 3116.1, 1474.2 ], [ 3124.7, 1476.9 ], [ 3131.3, 1482.8 ], [ 3134.4, 1484.5 ], [ 3137.1, 1486.8 ], [ 3138.5, 1490.5 ], [ 3139.3, 1494.0 ], [ 3140.1, 1496.1 ], [ 3142.8, 1496.9 ], [ 3153.7, 1498.0 ], [ 3159.9, 1500.5 ], [ 3161.5, 1500.4 ], [ 3162.6, 1499.6 ] ] } },
{ "type": "Feature", "properties": { "name": "Weser", "scalerank": 7, "featurecla": "River", "source": "ne_10m_rivers_lake_centerlines" }, "geometry": { "type": "LineString", "coordinates": [ [ 3089.0, 1711.7 ], [ 3088.7, 1714.2 ], [ 3087.8, 1716.3 ], [ 3086.6, 1717.2 ], [ 3084.2, 1718.9 ], [ 3080.9, 1722.4 ], [ 3079.0, 1723.5 ], [ 3071.4, 1723.4 ], [ 3067.3, 1722.3 ], [ 3059.6, 1718.1 ], [ 3058.2, 1717.6 ], [ 3056.3, 1717.4 ], [ 3056.2, 1716.7 ], [ 3054.8, 1712.7 ], [ 3053.0, 1709.5 ], [ 3052.5, 1708.9 ], [ 3049.1, 1707.1 ], [ 3036.9, 1705.9 ], [ 3033.7, 1703.5 ], [ 3031.7, 1694.2 ], [ 3028.7, 1691.0 ], [ 3028.8, 1688.1 ], [ 3027.1, 1683.0 ], [ 3027.3, 1681.5 ], [ 3027.3, 1680.4 ], [ 3026.7, 1679.4 ], [ 3026.7, 1678.6 ], [ 3027.1, 1677.9 ], [ 3027.3, 1677.2 ], [ 3027.3, 1673.6 ], [ 3026.8, 1671.7 ], [ 3025.5, 1670.7 ], [ 3024.0, 1670.0 ], [ 3022.6, 1668.9 ], [ 3021.9, 1667.2 ], [ 3021.5, 1665.1 ], [ 3020.9, 1663.3 ], [ 3019.5, 1662.6 ], [ 3012.4, 1660.5 ], [ 3007.2, 1657.2 ], [ 3006.4, 1657.7 ], [ 3005.5, 1658.8 ], [ 3003.5, 1658.5 ], [ 2999.7, 1657.1 ], [ 2993.3, 1657.7 ], [ 2990.4, 1657.0 ], [ 2988.3, 1654.1 ], [ 2989.3, 1654.2 ], [ 2990.1, 1654.0 ], [ 2991.6, 1653.0 ], [ 2990.9, 1651.9 ], [ 2992.2, 1650.5 ], [ 2994.3, 1645.5 ], [ 2995.6, 1643.5 ], [ 2997.5, 1642.7 ], [ 2998.5, 1642.0 ], [ 2998.9, 1640.7 ], [ 2999.3, 1638.9 ], [ 3000.2, 1637.8 ], [ 3002.4, 1636.0 ], [ 3001.9, 1635.8 ], [ 3001.8, 1635.6 ], [ 3001.8, 1635.4 ], [ 3001.6, 1634.9 ], [ 3002.5, 1632.4 ], [ 3003.2, 1631.2 ], [ 3004.3, 1630.6 ], [ 3005.8, 1632.9 ], [ 3008.8, 1633.2 ], [ 3011.8, 1633.0 ], [ 3013.1, 1633.3 ], [ 3013.4, 1631.8 ], [ 3014.1, 1631.1 ], [ 3014.7, 1630.1 ], [ 3015.0, 1628.0 ], [ 3014.8, 1627.7 ], [ 3014.4, 1626.8 ], [ 3014.2, 1625.8 ], [ 3014.7, 1625.4 ], [ 3015.7, 1625.4 ], [ 3016.2, 1625.1 ], [ 3016.6, 1624.5 ], [ 3017.0, 1623.2 ], [ 3017.7, 1623.6 ], [ 3018.0, 1623.8 ], [ 3018.4, 1624.3 ], [ 3018.4, 1623.7 ], [ 3018.5, 1622.9 ], [ 3018.5, 1622.1 ], [ 3018.4, 1621.1 ], [ 3019.8, 1621.2 ], [ 3020.4, 1621.5 ], [ 3021.1, 1622.2 ], [ 3021.9, 1621.3 ], [ 3023.0, 1620.6 ], [ 3024.3, 1620.2 ], [ 3025.6, 1620.1 ], [ 3024.8, 1619.3 ], [ 3022.0, 1618.1 ], [ 3020.7, 1617.9 ], [ 3020.5, 1618.3 ], [ 3019.9, 1618.9 ], [ 3019.3, 1619.2 ], [ 3019.0, 1618.4 ], [ 3019.2, 1617.4 ], [ 3019.6, 1616.7 ], [ 3020.3, 1616.2 ], [ 3021.1, 1615.9 ], [ 3020.2, 1615.2 ], [ 3018.6, 1615.1 ], [ 3017.7, 1614.7 ], [ 3017.2, 1614.1 ], [ 3016.0, 1612.0 ], [ 3015.6, 1611.6 ], [ 3013.9, 1612.0 ], [ 3012.7, 1613.0 ], [ 3011.4, 1613.4 ], [ 3009.6, 1611.6 ], [ 3010.3, 1610.5 ], [ 3009.3, 1610.0 ], [ 3008.5, 1609.0 ], [ 3008.3, 1607.7 ], [ 3009.0, 1606.3 ], [ 3007.2, 1603.5 ], [ 3004.4, 1602.9 ], [ 2998.3, 1603.2 ], [ 2997.2, 1602.5 ], [ 2995.3, 1600.3 ], [ 2994.6, 1599.9 ], [ 2993.1, 1599.8 ], [ 2992.1, 1599.1 ], [ 2991.8, 1597.9 ], [ 2992.3, 1595.7 ], [ 2991.9, 1595.6 ], [ 2990.9, 1595.7 ], [ 2990.9, 1594.6 ], [ 2991.9, 1594.7 ], [ 2992.6, 1594.5 ], [ 2993.1, 1593.8 ], [ 2993.6, 1592.5 ], [ 2991.0, 1591.2 ], [ 2988.8, 1585.3 ], [ 2986.9, 1586.2 ], [ 2987.2, 1585.3 ], [ 2987.2, 1584.9 ], [ 2987.3, 1584.5 ], [ 2987.6, 1583.9 ], [ 2987.6, 1583.0 ], [ 2986.1, 1583.4 ], [ 2982.0, 1583.0 ], [ 2980.8, 1582.0 ], [ 2980.3, 1580.1 ], [ 2979.7, 1578.9 ], [ 2978.3, 1579.8 ], [ 2977.3, 1578.3 ], [ 2974.3, 1576.4 ], [ 2973.7, 1575.0 ], [ 2973.1, 1573.3 ], [ 2971.7, 1572.6 ], [ 2968.5, 1572.4 ], [ 2967.0, 1571.6 ], [ 2965.0, 1569.5 ], [ 2961.9, 1568.8 ], [ 2959.3, 1567.5 ], [ 2957.8, 1567.1 ], [ 2957.3, 1566.3 ], [ 2957.1, 1565.4 ], [ 2957.3, 1564.7 ], [ 2957.9, 1563.9 ], [ 2957.9, 1562.7 ], [ 2957.3, 1562.2 ], [ 2957.0, 1561.8 ], [ 2956.9, 1561.3 ], [ 2956.6, 1560.5 ], [ 2957.9, 1560.5 ], [ 2957.9, 1559.6 ], [ 2955.9, 1558.2 ], [ 2954.9, 1556.1 ], [ 2954.1, 1553.9 ], [ 2952.6, 1552.0 ], [ 2954.6, 1551.6 ], [ 2955.5, 1549.9 ], [ 2955.4, 1547.6 ], [ 2954.3, 1545.2 ], [ 2953.6, 1544.0 ], [ 2952.7, 1541.6 ], [ 2952.0, 1540.5 ], [ 2951.1, 1539.7 ], [ 2948.1, 1538.3 ], [ 2948.1, 1537.3 ], [ 2948.6, 1536.8 ], [ 2949.5, 1535.7 ], [ 2950.2, 1534.3 ], [ 2950.1, 1533.0 ], [ 2949.4, 1532.9 ], [ 2947.2, 1534.6 ], [ 2946.4, 1535.1 ], [ 2945.0, 1535.0 ], [ 2944.1, 1534.6 ], [ 2943.6, 1533.5 ], [ 2943.4, 1531.3 ], [ 2942.9, 1530.5 ], [ 2941.6, 1530.9 ], [ 2940.3, 1531.9 ], [ 2939.5, 1532.9 ], [ 2937.8, 1532.0 ], [ 2936.4, 1532.9 ], [ 2935.0, 1534.1 ], [ 2933.6, 1534.0 ], [ 2932.3, 1532.3 ], [ 2932.3, 1530.3 ], [ 2933.0, 1528.5 ], [ 2934.3, 1527.7 ], [ 2933.9, 1525.9 ], [ 2933.8, 1523.2 ], [ 2934.0, 1520.6 ], [ 2934.4, 1519.2 ], [ 2933.2, 1517.4 ], [ 2932.7, 1514.9 ], [ 2933.2, 1512.6 ], [ 2936.0, 1510.9 ], [ 2936.9, 1509.3 ], [ 2936.7, 1507.7 ], [ 2935.1, 1507.4 ], [ 2935.1, 1506.4 ], [ 2935.9, 1505.6 ], [ 2938.1, 1504.9 ], [ 2939.0, 1504.3 ], [ 2939.3, 1501.9 ], [ 2940.5, 1498.7 ], [ 2940.8, 1495.9 ], [ 2936.8, 1494.2 ], [ 2935.9, 1493.1 ], [ 2935.8, 1492.1 ], [ 2936.9, 1491.6 ], [ 2941.7, 1492.6 ], [ 2941.6, 1491.4 ], [ 2941.3, 1490.6 ], [ 2940.9, 1490.0 ], [ 2940.5, 1489.5 ], [ 2941.4, 1488.9 ], [ 2944.4, 1488.8 ], [ 2945.8, 1488.4 ], [ 2945.2, 1485.2 ], [ 2946.1, 1480.7 ], [ 2945.5, 1478.3 ], [ 2944.3, 1477.9 ], [ 2940.9, 1479.5 ], [ 2939.2, 1478.9 ], [ 2938.4, 1476.8 ], [ 2937.3, 1471.5 ], [ 2936.4, 1470.4 ], [ 2935.8, 1470.3 ], [ 2934.4, 1469.8 ], [ 2933.7, 1469.3 ], [ 2932.6, 1468.3 ], [ 2931.9, 1467.0 ], [ 2931.9, 1465.5 ], [ 2932.8, 1464.0 ], [ 2931.8, 1462.9 ], [ 2929.9, 1459.7 ], [ 2928.9, 1458.6 ], [ 2925.1, 1457.1 ], [ 2924.1, 1455.9 ], [ 2922.4, 1453.0 ], [ 2921.6, 1452.6 ], [ 2918.5, 1451.7 ], [ 2915.1, 1450.0 ], [ 2910.4, 1449.3 ], [ 2903.4, 1447.0 ], [ 2896.5, 1448.7 ], [ 2887.6, 1450.8 ], [ 2885.4, 1449.6 ], [ 2883.3, 1444.4 ], [ 2881.6, 1443.2 ], [ 2882.9, 1440.9 ], [ 2884.8, 1439.7 ], [ 2886.8, 1439.1 ], [ 2888.5, 1439.0 ], [ 2890.2, 1438.0 ], [ 2890.4, 1435.6 ], [ 2890.5, 1432.7 ], [ 2891.5, 1430.5 ], [ 2891.5, 1429.5 ], [ 2890.9, 1426.8 ], [ 2892.5, 1424.3 ], [ 2894.5, 1421.9 ], [ 2895.6, 1419.5 ], [ 2895.9, 1415.9 ], [ 2896.7, 1413.4 ], [ 2898.1, 1412.0 ], [ 2900.3, 1411.6 ], [ 2900.3, 1410.6 ], [ 2899.4, 1409.2 ], [ 2899.2, 1406.8 ], [ 2899.6, 1404.1 ], [ 2900.4, 1402.1 ], [ 2901.9, 1403.3 ], [ 2903.5, 1404.1 ], [ 2904.9, 1404.2 ], [ 2906.2, 1403.2 ], [ 2906.2, 1402.1 ], [ 2905.7, 1401.7 ], [ 2905.4, 1401.3 ], [ 2905.2, 1400.7 ], [ 2904.9, 1400.0 ], [ 2907.5, 1400.0 ], [ 2907.6, 1399.1 ], [ 2905.6, 1396.9 ], [ 2905.6, 1395.7 ], [ 2907.6, 1395.7 ], [ 2908.5, 1393.6 ], [ 2909.0, 1387.3 ], [ 2909.9, 1384.2 ], [ 2911.0, 1383.5 ], [ 2912.4, 1383.4 ], [ 2914.2, 1382.2 ], [ 2914.0, 1380.0 ], [ 2915.1, 1378.9 ], [ 2916.6, 1377.9 ], [ 2917.4, 1375.8 ], [ 2916.0, 1375.2 ], [ 2915.8, 1373.6 ], [ 2915.8, 1371.5 ], [ 2915.6, 1369.3 ], [ 2917.9, 1370.0 ], [ 2918.7, 1370.0 ], [ 2919.4, 1369.4 ], [ 2919.0, 1368.1 ], [ 2919.0, 1367.3 ], [ 2919.5, 1366.7 ], [ 2920.2, 1366.2 ], [ 2920.2, 1365.2 ], [ 2917.8, 1364.6 ], [ 2916.5, 1362.3 ], [ 2916.3, 1359.3 ], [ 2917.1, 1356.6 ], [ 2914.4, 1355.5 ], [ 2913.9, 1355.1 ], [ 2913.8, 1353.2 ], [ 2913.6, 1352.7 ], [ 2913.7, 1352.5 ], [ 2914.5, 1351.3 ], [ 2917.4, 1349.3 ], [ 2917.8, 1348.7 ], [ 2918.1, 1347.6 ], [ 2918.7, 1346.5 ], [ 2919.7, 1346.1 ], [ 2918.7, 1345.1 ], [ 2917.8, 1344.6 ], [ 2916.9, 1344.6 ], [ 2915.9, 1345.0 ], [ 2916.2, 1343.8 ], [ 2916.7, 1343.1 ], [ 2917.5, 1342.8 ], [ 2918.5, 1342.8 ], [ 2918.6, 1341.9 ], [ 2916.7, 1340.8 ], [ 2915.3, 1338.6 ], [ 2915.1, 1336.2 ], [ 2916.7, 1334.4 ], [ 2915.4, 1333.8 ], [ 2915.6, 1333.0 ], [ 2916.3, 1332.0 ], [ 2916.7, 1330.7 ], [ 2916.2, 1329.2 ], [ 2915.1, 1328.4 ], [ 2908.2, 1327.4 ], [ 2906.4, 1326.1 ], [ 2906.5, 1323.7 ], [ 2905.0, 1323.0 ], [ 2902.4, 1322.7 ], [ 2899.9, 1322.9 ], [ 2898.2, 1323.6 ], [ 2897.9, 1321.1 ], [ 2896.3, 1321.1 ], [ 2894.4, 1321.6 ], [ 2892.8, 1320.8 ], [ 2891.2, 1319.7 ], [ 2888.8, 1318.6 ], [ 2887.3, 1317.1 ], [ 2888.1, 1314.9 ], [ 2888.1, 1313.9 ], [ 2886.8, 1312.8 ], [ 2883.5, 1312.3 ], [ 2881.8, 1311.7 ], [ 2878.7, 1309.0 ], [ 2873.8, 1303.7 ], [ 2872.5, 1302.6 ], [ 2871.0, 1301.9 ], [ 2868.2, 1301.4 ], [ 2867.3, 1300.9 ], [ 2865.9, 1299.1 ], [ 2865.3, 1298.0 ], [ 2865.1, 1297.5 ], [ 2863.9, 1294.9 ], [ 2863.3, 1294.3 ], [ 2861.3, 1294.5 ], [ 2860.2, 1294.3 ], [ 2858.1, 1292.8 ], [ 2854.2, 1291.1 ], [ 2853.5, 1289.4 ], [ 2853.2, 1288.4 ], [ 2852.0, 1285.6 ], [ 2851.7, 1284.0 ], [ 2851.8, 1277.7 ], [ 2852.1, 1275.1 ], [ 2853.3, 1269.1 ], [ 2854.0, 1266.6 ] ] } },
{ "type": "Feature", "properties": { "name": "Waal", "scalerank": 4, "featurecla": "River", "source": "ne_10m_rivers_lake_centerlines" }, "geometry": { "type": "LineString", "coordinates": [ [ 2481.2, 1503.0 ], [ 2486.4, 1497.5 ], [ 2488.0, 1494.9 ], [ 2490.2, 1492.8 ], [ 2493.1, 1490.9 ], [ 2498.4, 1491.2 ], [ 2500.8, 1490.6 ], [ 2504.8, 1487.5 ], [ 2507.2, 1487.6 ], [ 2512.0, 1489.0 ] ] } },
{ "type": "Feature", "properties": { "name": "Waal", "scalerank": 4, "featurecla": "River", "source": "ne_10m_rivers_lake_centerlines" }, "geometry": { "type": "LineString", "coordinates": [ [ 2425.5, 1479.3 ], [ 2432.9, 1486.6 ], [ 2441.5, 1494.1 ], [ 2447.6, 1499.0 ], [ 2455.0, 1502.7 ] ] } },
{ "type": "Feature", "properties": { "name": "Nederrijn", "scalerank": 4, "featurecla": "River", "source": "ne_10m_rivers_lake_centerlines" }, "geometry": { "type": "LineString", "coordinates": [ [ 2546.5, 1469.6 ], [ 2549.4, 1467.7 ], [ 2551.6, 1467.3 ], [ 2554.0, 1468.4 ], [ 2555.1, 1468.5 ], [ 2556.0, 1468.1 ], [ 2558.0, 1466.9 ], [ 2559.2, 1466.6 ], [ 2563.2, 1467.8 ], [ 2570.3, 1472.6 ], [ 2574.5, 1473.9 ], [ 2578.5, 1473.3 ], [ 2582.2, 1471.8 ], [ 2585.8, 1471.2 ], [ 2589.6, 1472.8 ], [ 2591.7, 1470.8 ], [ 2597.2, 1471.1 ], [ 2599.6, 1469.0 ], [ 2603.6, 1472.7 ], [ 2605.6, 1475.2 ], [ 2606.4, 1477.4 ], [ 2606.8, 1479.2 ], [ 2608.1, 1480.5 ], [ 2610.7, 1482.4 ], [ 2611.5, 1483.2 ], [ 2612.1, 1483.8 ], [ 2612.3, 1484.9 ], [ 2612.5, 1486.5 ] ] } },
{ "type": "Feature", "properties": { "name": "Lek", "scalerank": 4, "featurecla": "River", "source": "ne_10m_rivers_lake_centerlines" }, "geometry": { "type": "LineString", "coordinates": [ [ 2429.3, 1457.1 ], [ 2432.0, 1458.4 ], [ 2441.8, 1469.0 ], [ 2445.4, 1470.3 ], [ 2448.2, 1472.7 ], [ 2451.3, 1473.3 ], [ 2462.9, 1472.7 ], [ 2467.6, 1471.0 ], [ 2469.4, 1471.6 ], [ 2473.4, 1474.1 ], [ 2475.5, 1474.8 ], [ 2483.7, 1475.4 ], [ 2489.6, 1473.0 ], [ 2493.1, 1472.3 ], [ 2498.6, 1468.9 ], [ 2500.5, 1468.7 ], [ 2506.8, 1469.5 ], [ 2507.7, 1469.2 ], [ 2510.6, 1466.6 ], [ 2513.8, 1465.0 ], [ 2514.0, 1464.8 ], [ 2517.9, 1466.0 ], [ 2518.9, 1465.6 ], [ 2520.4, 1464.0 ], [ 2521.3, 1463.4 ], [ 2523.5, 1462.9 ], [ 2524.4, 1462.3 ], [ 2525.3, 1461.9 ], [ 2526.6, 1462.3 ], [ 2527.7, 1463.3 ], [ 2528.9, 1465.7 ], [ 2529.7, 1466.8 ], [ 2531.4, 1467.9 ], [ 2533.7, 1468.4 ], [ 2536.0, 1468.1 ], [ 2537.8, 1466.9 ], [ 2539.3, 1466.7 ], [ 2544.5, 1470.0 ], [ 2546.5, 1469.6 ] ] } },
{ "type": "Feature", "properties": { "name": "Berkel", "scalerank": 10, "featurecla": "River", "source": "ne_10m_rivers_europe" }, "geometry": { "type": "LineString", "coordinates": [ [ 2733.1, 1475.5 ], [ 2728.2, 1474.5 ], [ 2726.2, 1474.7 ], [ 2724.6, 1475.7 ], [ 2721.6, 1479.7 ], [ 2720.0, 1481.0 ], [ 2718.4, 1481.2 ], [ 2715.4, 1479.9 ], [ 2712.3, 1480.1 ], [ 2709.8, 1479.9 ], [ 2707.7, 1479.3 ], [ 2706.0, 1477.0 ], [ 2703.4, 1474.5 ], [ 2700.4, 1472.2 ], [ 2695.9, 1469.8 ], [ 2691.3, 1466.4 ], [ 2687.1, 1462.5 ], [ 2685.4, 1459.8 ], [ 2685.1, 1458.1 ], [ 2684.9, 1454.5 ], [ 2683.8, 1453.6 ], [ 2674.6, 1451.2 ], [ 2672.6, 1451.8 ], [ 2669.0, 1450.3 ], [ 2658.5, 1442.3 ], [ 2655.8, 1441.5 ], [ 2652.2, 1442.3 ], [ 2634.9, 1442.5 ], [ 2632.3, 1442.0 ], [ 2630.2, 1440.5 ] ] } },
{ "type": "Feature", "properties": { "name": "Eure", "scalerank": 11, "featurecla": "River", "source": "ne_10m_rivers_europe" }, "geometry": { "type": "LineString", "coordinates": [ [ 2053.3, 1951.6 ], [ 2056.8, 1952.6 ], [ 2061.6, 1955.1 ], [ 2067.4, 1958.7 ], [ 2074.0, 1962.2 ], [ 2079.2, 1964.6 ], [ 2084.1, 1966.0 ], [ 2086.3, 1967.4 ], [ 2088.3, 1969.3 ], [ 2089.5, 1971.1 ], [ 2091.1, 1972.3 ], [ 2097.8, 1973.6 ], [ 2101.0, 1975.7 ], [ 2103.6, 1978.1 ], [ 2107.6, 1980.8 ], [ 2109.9, 1983.1 ], [ 2112.6, 1984.8 ], [ 2115.2, 1984.8 ], [ 2117.1, 1983.4 ], [ 2117.7, 1981.8 ], [ 2117.9, 1980.1 ], [ 2119.2, 1977.2 ], [ 2119.0, 1975.3 ], [ 2119.3, 1973.1 ], [ 2121.2, 1971.1 ], [ 2124.2, 1968.7 ], [ 2127.2, 1965.8 ], [ 2129.5, 1962.6 ], [ 2130.6, 1959.6 ], [ 2130.4, 1957.0 ], [ 2128.7, 1952.2 ], [ 2128.1, 1949.1 ], [ 2126.6, 1945.8 ], [ 2120.1, 1940.0 ], [ 2117.9, 1937.2 ], [ 2116.9, 1934.1 ], [ 2116.0, 1928.0 ], [ 2113.6, 1924.1 ], [ 2112.1, 1921.0 ], [ 2112.2, 1918.3 ], [ 2113.5, 1916.9 ], [ 2116.0, 1915.1 ], [ 2117.8, 1914.2 ], [ 2120.4, 1913.3 ], [ 2121.3, 1912.7 ], [ 2122.2, 1911.7 ], [ 2122.6, 1910.2 ], [ 2122.8, 1909.0 ], [ 2122.3, 1905.7 ], [ 2122.7, 1904.5 ], [ 2122.2, 1902.9 ], [ 2121.5, 1901.4 ], [ 2119.3, 1891.4 ], [ 2117.8, 1888.6 ], [ 2116.5, 1887.2 ], [ 2114.7, 1883.1 ], [ 2111.6, 1878.6 ], [ 2107.8, 1874.1 ], [ 2102.8, 1870.0 ], [ 2101.7, 1868.7 ], [ 2101.3, 1866.7 ], [ 2101.0, 1861.3 ], [ 2100.0, 1857.0 ], [ 2100.4, 1854.6 ], [ 2101.8, 1852.0 ], [ 2103.9, 1849.4 ], [ 2105.5, 1846.9 ], [ 2105.8, 1844.5 ], [ 2105.6, 1841.5 ] ] } },
{ "type": "Feature", "properties": { "name": "Thames", "scalerank": 6, "featurecla": "River", "source": "ne_10m_rivers_lake_centerlines" }, "geometry": { "type": "LineString", "coordinates": [ [ 1843.4, 1407.4 ], [ 1845.9, 1408.9 ], [ 1847.8, 1411.5 ], [ 1848.9, 1415.4 ], [ 1849.1, 1419.5 ], [ 1848.3, 1425.0 ], [ 1849.5, 1428.6 ], [ 1850.2, 1432.4 ], [ 1857.9, 1438.7 ], [ 1859.7, 1439.4 ], [ 1860.7, 1439.2 ], [ 1868.2, 1440.1 ], [ 1870.2, 1439.5 ], [ 1870.8, 1439.0 ], [ 1871.4, 1438.1 ], [ 1872.2, 1437.3 ], [ 1873.3, 1436.8 ], [ 1874.3, 1437.1 ], [ 1878.0, 1438.8 ], [ 1880.1, 1438.6 ], [ 1886.1, 1436.6 ], [ 1893.5, 1437.8 ], [ 1894.6, 1437.7 ], [ 1896.8, 1436.5 ], [ 1898.0, 1436.4 ], [ 1899.0, 1436.9 ], [ 1900.0, 1437.7 ], [ 1901.1, 1438.3 ], [ 1902.4, 1438.3 ], [ 1904.2, 1436.3 ], [ 1906.5, 1430.5 ], [ 1908.6, 1428.4 ], [ 1910.4, 1427.7 ], [ 1911.6, 1427.6 ], [ 1912.7, 1428.0 ], [ 1913.3, 1429.0 ], [ 1913.8, 1431.9 ], [ 1916.0, 1434.3 ], [ 1916.4, 1437.7 ], [ 1916.5, 1441.1 ], [ 1917.3, 1442.8 ], [ 1918.0, 1443.4 ], [ 1917.9, 1444.4 ], [ 1917.0, 1445.4 ], [ 1911.0, 1447.0 ], [ 1912.2, 1449.1 ], [ 1914.0, 1450.0 ], [ 1917.5, 1450.3 ], [ 1917.8, 1449.6 ], [ 1918.8, 1448.4 ], [ 1919.7, 1448.2 ], [ 1919.9, 1451.4 ], [ 1920.4, 1452.1 ], [ 1924.0, 1454.5 ], [ 1925.0, 1455.8 ], [ 1925.2, 1457.8 ], [ 1924.8, 1461.6 ], [ 1923.8, 1463.7 ], [ 1922.3, 1465.5 ], [ 1921.3, 1467.8 ], [ 1921.9, 1471.4 ], [ 1923.0, 1473.4 ], [ 1924.7, 1475.0 ], [ 1926.7, 1476.1 ], [ 1928.8, 1476.7 ], [ 1930.3, 1477.8 ], [ 1933.4, 1481.8 ], [ 1934.8, 1483.0 ], [ 1937.0, 1483.1 ], [ 1940.6, 1481.3 ], [ 1943.0, 1480.6 ], [ 1945.3, 1478.6 ], [ 1946.0, 1477.8 ], [ 1947.0, 1476.3 ], [ 1947.0, 1475.5 ], [ 1946.7, 1474.6 ], [ 1946.4, 1473.0 ], [ 1946.6, 1469.9 ], [ 1947.1, 1469.5 ], [ 1948.3, 1470.5 ], [ 1950.3, 1471.3 ], [ 1957.5, 1470.2 ], [ 1958.8, 1470.6 ], [ 1960.6, 1469.8 ], [ 1962.9, 1470.0 ], [ 1964.9, 1470.9 ], [ 1965.8, 1472.6 ], [ 1965.0, 1475.5 ], [ 1963.8, 1477.3 ], [ 1963.3, 1478.8 ], [ 1965.2, 1481.2 ], [ 1966.8, 1481.8 ], [ 1970.8, 1481.8 ], [ 1972.4, 1482.2 ], [ 1973.5, 1483.4 ], [ 1974.3, 1485.4 ], [ 1974.6, 1487.7 ], [ 1973.9, 1490.0 ], [ 1977.9, 1492.5 ], [ 1982.8, 1500.1 ], [ 1987.2, 1500.5 ], [ 1987.9, 1500.1 ], [ 1988.6, 1499.6 ], [ 1989.5, 1499.1 ], [ 1990.7, 1498.9 ], [ 1991.3, 1498.6 ], [ 1991.9, 1498.0 ], [ 1992.5, 1497.9 ], [ 1994.6, 1500.2 ], [ 1994.6, 1500.4 ], [ 1996.0, 1500.6 ], [ 1997.1, 1500.4 ], [ 1998.0, 1499.5 ], [ 1998.9, 1497.8 ], [ 1998.1, 1496.3 ], [ 1998.1, 1495.0 ], [ 1999.5, 1493.7 ], [ 1998.5, 1490.6 ], [ 1999.9, 1489.5 ], [ 2003.7, 1489.9 ], [ 2004.8, 1489.8 ], [ 2006.2, 1488.5 ], [ 2007.3, 1488.3 ], [ 2008.2, 1488.9 ], [ 2009.4, 1491.2 ], [ 2010.5, 1491.9 ], [ 2012.4, 1491.7 ], [ 2014.7, 1490.9 ], [ 2016.9, 1489.7 ], [ 2020.6, 1486.8 ], [ 2022.3, 1486.6 ], [ 2023.9, 1487.4 ], [ 2025.5, 1488.7 ], [ 2026.5, 1489.4 ], [ 2029.4, 1490.3 ], [ 2031.1, 1489.5 ], [ 2032.2, 1489.4 ], [ 2034.6, 1491.5 ], [ 2036.8, 1491.6 ], [ 2042.5, 1490.5 ], [ 2044.4, 1490.7 ], [ 2046.2, 1491.8 ], [ 2047.8, 1494.5 ], [ 2049.1, 1495.8 ], [ 2055.6, 1499.2 ], [ 2058.7, 1498.6 ], [ 2060.3, 1498.8 ], [ 2060.7, 1500.5 ], [ 2061.3, 1501.8 ], [ 2063.1, 1502.4 ], [ 2064.3, 1502.1 ], [ 2065.9, 1501.7 ] ] } },
{ "type": "Feature", "properties": { "name": "Wye", "scalerank": 11, "featurecla": "River", "source": "ne_10m_rivers_europe" }, "geometry": { "type": "LineString", "coordinates": [ [ 1786.6, 1400.7 ], [ 1786.6, 1400.8 ] ] } },
{ "type": "Feature", "properties": { "name": "Wye", "scalerank": 11, "featurecla": "River", "source": "ne_10m_rivers_europe" }, "geometry": { "type": "LineString", "coordinates": [ [ 1786.6, 1400.7 ], [ 1785.5, 1402.8 ], [ 1782.9, 1405.6 ], [ 1782.4, 1406.9 ], [ 1782.1, 1407.8 ], [ 1781.9, 1408.9 ], [ 1782.1, 1410.0 ], [ 1782.5, 1411.4 ], [ 1782.3, 1412.3 ], [ 1781.8, 1413.4 ], [ 1781.4, 1413.9 ], [ 1780.6, 1414.8 ], [ 1780.4, 1415.4 ], [ 1780.4, 1416.2 ], [ 1780.9, 1418.4 ], [ 1781.1, 1421.2 ], [ 1781.2, 1422.1 ], [ 1781.3, 1422.9 ], [ 1781.2, 1423.4 ], [ 1780.7, 1423.9 ], [ 1779.1, 1424.2 ], [ 1778.8, 1424.5 ], [ 1778.8, 1425.0 ], [ 1779.2, 1425.9 ], [ 1779.5, 1427.0 ], [ 1779.3, 1428.4 ], [ 1779.4, 1431.8 ] ] } },
{ "type": "Feature", "properties": { "name": "Wye", "scalerank": 11, "featurecla": "River", "source": "ne_10m_rivers_europe" }, "geometry": { "type": "LineString", "coordinates": [ [ 1734.4, 1293.4 ], [ 1736.0, 1294.8 ], [ 1737.3, 1297.4 ], [ 1738.3, 1301.6 ], [ 1738.5, 1307.8 ], [ 1738.1, 1314.9 ], [ 1736.9, 1320.6 ], [ 1735.6, 1323.3 ], [ 1734.4, 1323.0 ], [ 1733.7, 1321.3 ], [ 1731.5, 1321.1 ], [ 1727.0, 1324.4 ], [ 1723.2, 1329.4 ], [ 1723.0, 1333.2 ], [ 1725.1, 1335.6 ], [ 1726.9, 1337.0 ], [ 1728.0, 1338.7 ], [ 1728.8, 1345.3 ], [ 1730.0, 1347.6 ], [ 1731.6, 1349.7 ], [ 1734.5, 1355.3 ], [ 1736.4, 1356.7 ], [ 1738.9, 1356.5 ], [ 1744.6, 1353.4 ], [ 1748.4, 1352.0 ], [ 1751.8, 1347.7 ], [ 1753.3, 1346.8 ], [ 1754.8, 1347.1 ], [ 1758.6, 1349.4 ], [ 1762.4, 1350.5 ], [ 1765.7, 1353.4 ], [ 1775.4, 1358.1 ], [ 1778.0, 1360.1 ], [ 1779.3, 1361.6 ], [ 1781.1, 1362.7 ], [ 1787.2, 1364.0 ], [ 1790.1, 1365.6 ], [ 1792.7, 1368.4 ], [ 1794.1, 1372.0 ], [ 1793.9, 1374.9 ], [ 1792.5, 1376.4 ], [ 1790.9, 1377.2 ], [ 1789.9, 1378.3 ], [ 1790.0, 1379.5 ], [ 1792.3, 1381.2 ], [ 1793.6, 1383.1 ], [ 1793.7, 1385.5 ], [ 1791.0, 1389.7 ], [ 1791.4, 1394.8 ], [ 1789.6, 1398.8 ], [ 1789.1, 1396.3 ], [ 1788.5, 1396.1 ], [ 1787.8, 1397.0 ], [ 1786.6, 1400.7 ] ] } },
{ "type": "Feature", "properties": { "name": "Great Ouse", "scalerank": 10, "featurecla": "River", "source": "ne_10m_rivers_europe" }, "geometry": { "type": "LineString", "coordinates": [ [ 1927.9, 1402.3 ], [ 1931.3, 1402.2 ], [ 1934.6, 1402.8 ], [ 1940.9, 1406.2 ], [ 1943.7, 1406.8 ], [ 1946.4, 1405.5 ], [ 1952.7, 1398.4 ], [ 1960.3, 1392.6 ], [ 1961.6, 1391.1 ], [ 1962.9, 1390.3 ], [ 1966.1, 1389.5 ], [ 1969.7, 1388.0 ], [ 1971.8, 1385.3 ], [ 1973.4, 1382.1 ], [ 1976.0, 1379.6 ], [ 1979.0, 1378.3 ], [ 1983.7, 1378.3 ], [ 1985.4, 1376.5 ], [ 1987.0, 1374.0 ], [ 1988.8, 1372.4 ], [ 1990.8, 1371.7 ], [ 1992.4, 1371.5 ], [ 1993.8, 1372.1 ], [ 1995.1, 1373.4 ], [ 1995.6, 1375.1 ], [ 1994.4, 1379.2 ], [ 1994.5, 1382.4 ], [ 1995.6, 1384.9 ], [ 1997.7, 1385.5 ], [ 2000.0, 1385.1 ], [ 2002.7, 1385.7 ], [ 2005.6, 1384.4 ], [ 2011.1, 1383.9 ], [ 2013.6, 1383.0 ], [ 2015.7, 1381.3 ], [ 2017.6, 1379.3 ], [ 2019.0, 1376.8 ], [ 2021.1, 1371.8 ], [ 2024.2, 1368.6 ], [ 2028.6, 1361.5 ], [ 2031.3, 1359.2 ], [ 2034.2, 1358.5 ], [ 2037.2, 1359.0 ], [ 2039.4, 1360.2 ], [ 2041.9, 1362.3 ], [ 2043.8, 1362.9 ], [ 2051.5, 1357.4 ], [ 2066.6, 1343.7 ], [ 2081.2, 1329.0 ], [ 2087.8, 1321.5 ], [ 2088.4, 1318.9 ], [ 2088.7, 1314.0 ], [ 2089.8, 1310.5 ], [ 2089.8, 1308.2 ], [ 2090.1, 1305.7 ], [ 2091.4, 1303.6 ], [ 2092.8, 1299.6 ] ] } },
{ "type": "Feature", "properties": { "name": "Severn", "scalerank": 8, "featurecla": "River", "source": "ne_10m_rivers_lake_centerlines" }, "geometry": { "type": "LineString", "coordinates": [ [ 1709.0, 1275.0 ], [ 1711.4, 1276.1 ], [ 1712.9, 1277.4 ], [ 1713.6, 1280.8 ], [ 1714.9, 1283.1 ], [ 1717.0, 1285.3 ], [ 1719.2, 1286.9 ], [ 1720.7, 1287.5 ], [ 1723.5, 1289.9 ], [ 1725.6, 1290.3 ], [ 1727.7, 1290.2 ], [ 1729.8, 1289.0 ], [ 1730.9, 1287.5 ], [ 1732.5, 1284.0 ], [ 1733.4, 1282.5 ], [ 1734.6, 1281.4 ], [ 1736.0, 1280.8 ], [ 1738.7, 1280.7 ], [ 1747.1, 1282.6 ], [ 1750.1, 1281.9 ], [ 1752.3, 1280.6 ], [ 1756.5, 1276.9 ], [ 1760.7, 1271.9 ], [ 1771.6, 1255.4 ], [ 1773.6, 1253.7 ], [ 1774.3, 1253.3 ], [ 1774.7, 1253.1 ], [ 1775.1, 1253.1 ], [ 1776.3, 1253.2 ], [ 1781.5, 1255.1 ], [ 1785.4, 1255.8 ], [ 1786.7, 1256.4 ], [ 1789.1, 1258.0 ], [ 1790.4, 1258.6 ], [ 1792.3, 1258.7 ], [ 1796.2, 1257.7 ], [ 1798.1, 1257.8 ], [ 1798.1, 1258.3 ], [ 1797.7, 1260.4 ], [ 1797.8, 1261.1 ], [ 1798.7, 1261.6 ], [ 1801.8, 1261.7 ], [ 1803.3, 1262.5 ], [ 1803.8, 1263.3 ], [ 1804.0, 1264.4 ], [ 1804.4, 1265.9 ], [ 1807.7, 1273.0 ], [ 1809.9, 1276.1 ], [ 1812.2, 1277.5 ], [ 1821.1, 1276.8 ], [ 1823.9, 1278.3 ], [ 1825.1, 1280.5 ], [ 1825.7, 1283.5 ], [ 1825.9, 1290.5 ], [ 1825.8, 1292.1 ], [ 1825.2, 1295.6 ], [ 1825.2, 1297.3 ], [ 1828.4, 1312.3 ], [ 1830.1, 1317.6 ], [ 1833.1, 1323.7 ], [ 1834.1, 1327.2 ], [ 1834.8, 1329.0 ], [ 1835.0, 1330.5 ], [ 1834.9, 1331.4 ], [ 1834.4, 1333.8 ], [ 1834.3, 1335.1 ], [ 1834.5, 1337.3 ], [ 1835.2, 1341.3 ], [ 1835.3, 1343.8 ], [ 1834.9, 1348.5 ], [ 1835.0, 1349.6 ], [ 1835.2, 1351.8 ], [ 1835.3, 1352.9 ], [ 1834.9, 1355.8 ], [ 1833.3, 1361.3 ], [ 1832.7, 1363.8 ], [ 1832.9, 1365.8 ], [ 1835.0, 1377.7 ], [ 1835.7, 1379.8 ], [ 1837.4, 1382.8 ], [ 1837.5, 1383.1 ], [ 1829.7, 1391.3 ], [ 1826.1, 1393.7 ], [ 1825.1, 1394.9 ], [ 1825.3, 1397.4 ], [ 1825.2, 1398.2 ], [ 1824.7, 1399.2 ], [ 1824.0, 1400.1 ], [ 1820.8, 1403.1 ], [ 1820.0, 1403.2 ], [ 1819.2, 1402.7 ], [ 1817.5, 1402.4 ], [ 1816.2, 1402.9 ], [ 1815.5, 1404.0 ], [ 1814.9, 1405.3 ], [ 1814.1, 1406.8 ], [ 1813.0, 1408.1 ], [ 1810.5, 1410.2 ], [ 1809.6, 1411.7 ] ] } },
{ "type": "Feature", "properties": { "name": "Trent", "scalerank": 8, "featurecla": "River", "source": "ne_10m_rivers_lake_centerlines" }, "geometry": { "type": "LineString", "coordinates": [ [ 1863.7, 1222.3 ], [ 1859.9, 1228.3 ], [ 1859.2, 1231.1 ], [ 1859.7, 1235.5 ], [ 1860.7, 1238.8 ], [ 1862.0, 1241.8 ], [ 1865.2, 1246.8 ], [ 1869.6, 1251.3 ], [ 1870.7, 1253.2 ], [ 1873.1, 1259.4 ], [ 1874.4, 1261.2 ], [ 1881.0, 1267.8 ], [ 1882.8, 1268.7 ], [ 1887.1, 1269.4 ], [ 1890.8, 1270.1 ], [ 1896.3, 1272.9 ], [ 1898.1, 1272.2 ], [ 1901.8, 1269.0 ], [ 1904.6, 1267.0 ], [ 1912.2, 1259.8 ], [ 1914.9, 1258.3 ], [ 1917.7, 1258.0 ], [ 1928.8, 1261.3 ], [ 1931.4, 1261.2 ], [ 1940.0, 1257.7 ], [ 1943.1, 1258.0 ], [ 1947.3, 1255.5 ], [ 1955.6, 1249.2 ], [ 1959.9, 1248.3 ], [ 1963.1, 1249.7 ], [ 1964.3, 1249.8 ], [ 1965.7, 1249.1 ], [ 1967.0, 1246.3 ], [ 1971.5, 1244.7 ], [ 1979.3, 1238.0 ], [ 1987.7, 1233.2 ], [ 1990.9, 1229.3 ], [ 1992.7, 1224.5 ], [ 1997.6, 1206.3 ], [ 2000.2, 1201.5 ], [ 2000.7, 1199.8 ], [ 2000.7, 1198.6 ], [ 2000.0, 1193.5 ], [ 1999.7, 1192.8 ], [ 1999.1, 1192.3 ], [ 1998.7, 1191.7 ], [ 1998.8, 1190.6 ], [ 1999.5, 1189.0 ], [ 1999.7, 1188.2 ], [ 1999.8, 1187.4 ], [ 1999.0, 1184.4 ], [ 1998.3, 1182.8 ], [ 1998.3, 1181.1 ], [ 1999.5, 1177.9 ], [ 2001.2, 1174.8 ], [ 2004.9, 1169.5 ], [ 2006.4, 1166.1 ], [ 2010.5, 1147.7 ], [ 2012.9, 1143.8 ] ] } },
{ "type": "Feature", "properties": { "name": "Suir", "scalerank": 10, "featurecla": "River", "source": "ne_10m_rivers_europe" }, "geometry": { "type": "LineString", "coordinates": [ [ 1340.7, 1138.3 ], [ 1342.3, 1138.6 ], [ 1343.4, 1139.8 ], [ 1344.0, 1141.5 ], [ 1343.9, 1143.4 ], [ 1341.4, 1147.7 ], [ 1339.3, 1152.9 ], [ 1337.8, 1158.0 ], [ 1337.6, 1160.3 ], [ 1338.0, 1161.9 ], [ 1337.7, 1165.2 ], [ 1336.3, 1168.4 ], [ 1334.0, 1169.9 ], [ 1331.1, 1171.0 ], [ 1328.2, 1173.0 ], [ 1325.2, 1176.7 ], [ 1318.9, 1186.6 ], [ 1316.3, 1188.8 ], [ 1314.4, 1189.8 ], [ 1312.9, 1191.7 ], [ 1312.8, 1195.6 ], [ 1315.4, 1206.4 ], [ 1315.4, 1209.1 ], [ 1314.8, 1211.2 ], [ 1314.8, 1215.0 ], [ 1316.0, 1219.8 ], [ 1318.4, 1224.2 ], [ 1321.4, 1225.8 ], [ 1323.9, 1226.1 ], [ 1324.3, 1224.4 ], [ 1324.4, 1223.2 ], [ 1324.7, 1222.4 ], [ 1325.2, 1221.5 ], [ 1326.3, 1220.6 ], [ 1327.0, 1220.4 ], [ 1327.8, 1220.3 ], [ 1330.3, 1220.9 ], [ 1344.4, 1221.8 ], [ 1350.3, 1224.2 ], [ 1353.6, 1226.4 ], [ 1364.2, 1230.6 ], [ 1367.2, 1234.0 ], [ 1368.1, 1235.4 ], [ 1369.3, 1238.6 ], [ 1371.4, 1242.8 ], [ 1373.5, 1245.8 ], [ 1374.7, 1247.0 ], [ 1375.5, 1247.5 ], [ 1376.0, 1247.3 ], [ 1376.4, 1247.0 ], [ 1378.3, 1245.3 ], [ 1378.7, 1245.0 ], [ 1379.4, 1244.8 ], [ 1380.1, 1244.8 ], [ 1381.3, 1245.0 ], [ 1383.3, 1246.6 ], [ 1385.4, 1248.8 ], [ 1386.4, 1249.6 ], [ 1387.3, 1249.9 ], [ 1387.8, 1249.9 ], [ 1389.6, 1250.1 ], [ 1390.8, 1250.1 ], [ 1391.7, 1249.8 ], [ 1394.2, 1248.8 ], [ 1395.7, 1248.6 ], [ 1396.0, 1249.3 ] ] } },
{ "type": "Feature", "properties": { "name": "Barrow", "scalerank": 11, "featurecla": "River", "source": "ne_10m_rivers_europe" }, "geometry": { "type": "LineString", "coordinates": [ [ 1385.1, 1102.8 ], [ 1386.7, 1101.0 ], [ 1389.3, 1100.6 ], [ 1391.8, 1101.8 ], [ 1393.9, 1104.3 ], [ 1395.4, 1107.1 ], [ 1397.5, 1109.2 ], [ 1399.4, 1110.1 ], [ 1399.6, 1110.7 ], [ 1400.1, 1111.2 ], [ 1400.9, 1111.8 ], [ 1403.3, 1112.3 ], [ 1404.9, 1112.4 ], [ 1408.1, 1111.6 ], [ 1409.0, 1111.2 ], [ 1410.8, 1111.2 ], [ 1414.8, 1112.3 ], [ 1415.7, 1112.8 ], [ 1417.1, 1112.8 ], [ 1419.5, 1111.0 ], [ 1421.2, 1111.6 ], [ 1421.6, 1112.0 ], [ 1421.9, 1112.8 ], [ 1421.8, 1113.4 ], [ 1421.5, 1113.9 ], [ 1421.1, 1114.2 ], [ 1420.7, 1114.2 ], [ 1420.2, 1114.1 ], [ 1419.8, 1114.1 ], [ 1419.3, 1114.4 ], [ 1419.0, 1114.8 ], [ 1418.5, 1115.7 ], [ 1418.3, 1116.3 ], [ 1418.3, 1116.7 ], [ 1418.7, 1117.4 ], [ 1419.4, 1120.1 ], [ 1419.9, 1124.0 ], [ 1419.8, 1126.2 ], [ 1419.5, 1128.8 ], [ 1420.2, 1130.4 ], [ 1420.5, 1131.8 ], [ 1422.7, 1137.7 ], [ 1423.1, 1140.3 ], [ 1423.5, 1143.4 ], [ 1422.9, 1145.3 ], [ 1424.3, 1151.6 ], [ 1424.5, 1153.0 ], [ 1424.3, 1154.8 ], [ 1424.2, 1155.4 ], [ 1423.8, 1157.2 ], [ 1423.1, 1159.2 ], [ 1422.3, 1163.1 ], [ 1422.1, 1163.7 ], [ 1421.0, 1166.1 ], [ 1420.2, 1166.5 ], [ 1419.1, 1166.9 ], [ 1417.7, 1170.4 ], [ 1416.7, 1173.9 ], [ 1414.9, 1177.5 ], [ 1415.0, 1180.8 ], [ 1413.7, 1182.9 ], [ 1412.6, 1186.8 ], [ 1410.3, 1192.2 ], [ 1410.1, 1194.8 ], [ 1410.9, 1197.1 ], [ 1413.4, 1201.0 ], [ 1414.0, 1203.0 ], [ 1413.3, 1205.6 ], [ 1410.3, 1213.2 ], [ 1409.8, 1216.7 ], [ 1409.9, 1219.7 ], [ 1409.4, 1220.7 ], [ 1409.1, 1223.4 ], [ 1408.2, 1225.7 ], [ 1407.5, 1226.8 ], [ 1406.9, 1227.2 ], [ 1406.0, 1226.7 ], [ 1405.5, 1226.6 ], [ 1404.9, 1226.8 ], [ 1404.7, 1227.2 ], [ 1404.4, 1228.9 ], [ 1404.0, 1230.6 ], [ 1403.6, 1231.6 ], [ 1403.1, 1232.4 ], [ 1401.9, 1233.8 ], [ 1401.4, 1234.3 ], [ 1399.0, 1236.0 ], [ 1398.5, 1236.7 ], [ 1398.2, 1237.4 ], [ 1398.0, 1238.2 ], [ 1397.8, 1239.0 ], [ 1397.4, 1240.3 ], [ 1397.2, 1241.0 ], [ 1396.7, 1241.7 ], [ 1395.0, 1243.7 ], [ 1394.5, 1244.5 ], [ 1394.2, 1245.3 ], [ 1394.3, 1245.8 ], [ 1394.5, 1246.3 ], [ 1394.8, 1246.7 ], [ 1395.3, 1247.1 ], [ 1395.8, 1247.5 ], [ 1396.1, 1247.6 ] ] } },
{ "type": "Feature", "properties": { "name": "Swale", "scalerank": 10, "featurecla": "River", "source": "ne_10m_rivers_europe" }, "geometry": { "type": "LineString", "coordinates": [ [ 1894.4, 1006.2 ], [ 1894.7, 1007.8 ], [ 1895.5, 1009.5 ], [ 1897.1, 1011.1 ], [ 1900.8, 1013.8 ], [ 1901.5, 1015.3 ], [ 1902.8, 1016.8 ], [ 1906.0, 1018.2 ], [ 1910.4, 1019.0 ], [ 1918.0, 1019.1 ], [ 1923.5, 1020.8 ], [ 1926.2, 1020.6 ], [ 1928.5, 1019.6 ], [ 1929.7, 1018.5 ], [ 1931.3, 1017.9 ], [ 1934.3, 1018.1 ], [ 1942.6, 1020.6 ], [ 1945.9, 1022.5 ], [ 1949.0, 1026.2 ], [ 1952.2, 1028.2 ], [ 1954.1, 1030.8 ], [ 1955.4, 1034.1 ], [ 1955.9, 1038.6 ], [ 1957.9, 1041.7 ], [ 1959.1, 1044.4 ], [ 1959.8, 1047.3 ], [ 1959.7, 1049.6 ], [ 1959.3, 1051.7 ], [ 1959.4, 1054.1 ], [ 1960.1, 1056.1 ], [ 1963.0, 1058.6 ], [ 1965.1, 1060.9 ], [ 1966.6, 1064.6 ], [ 1966.6, 1069.1 ], [ 1966.3, 1072.7 ], [ 1966.7, 1074.2 ], [ 1967.7, 1075.4 ], [ 1968.7, 1078.1 ], [ 1970.1, 1080.9 ], [ 1972.1, 1082.3 ], [ 1973.7, 1083.0 ], [ 1976.1, 1086.8 ], [ 1979.9, 1091.1 ], [ 1983.1, 1096.8 ], [ 1983.3, 1102.9 ], [ 1981.6, 1107.5 ], [ 1979.8, 1111.0 ], [ 1980.0, 1113.0 ], [ 1981.2, 1115.5 ], [ 1984.0, 1119.6 ], [ 1983.9, 1123.0 ], [ 1988.0, 1127.0 ], [ 1990.0, 1129.6 ], [ 1992.4, 1132.1 ], [ 1998.5, 1136.0 ], [ 1999.9, 1138.5 ], [ 2000.3, 1140.2 ], [ 2001.2, 1140.4 ], [ 2002.6, 1139.8 ], [ 2006.4, 1140.3 ], [ 2011.2, 1142.1 ] ] } },
{ "type": "Feature", "properties": { "name": "Shannon", "scalerank": 8, "featurecla": "Lake Centerline", "source": "ne_10m_rivers_lake_centerlines" }, "geometry": { "type": "LineString", "coordinates": [ [ 1369.1, 990.8 ], [ 1368.6, 988.4 ], [ 1368.0, 987.7 ], [ 1367.2, 986.1 ], [ 1366.9, 984.6 ], [ 1366.9, 983.8 ], [ 1366.9, 983.8 ] ] } },
{ "type": "Feature", "properties": { "name": "Shannon", "scalerank": 8, "featurecla": "Lake Centerline", "source": "ne_10m_rivers_lake_centerlines" }, "geometry": { "type": "LineString", "coordinates": [ [ 1352.7, 1048.4 ], [ 1354.3, 1042.2 ], [ 1354.9, 1037.0 ], [ 1354.9, 1034.4 ], [ 1354.4, 1031.7 ], [ 1353.5, 1027.3 ], [ 1352.8, 1023.4 ], [ 1353.0, 1020.1 ], [ 1355.0, 1017.2 ], [ 1356.8, 1015.4 ] ] } },
{ "type": "Feature", "properties": { "name": "Shannon", "scalerank": 8, "featurecla": "Lake Centerline", "source": "ne_10m_rivers_lake_centerlines" }, "geometry": { "type": "LineString", "coordinates": [ [ 1316.7, 1099.5 ], [ 1312.3, 1102.2 ], [ 1310.3, 1103.1 ], [ 1308.5, 1104.8 ], [ 1306.4, 1107.0 ], [ 1304.6, 1108.7 ], [ 1303.4, 1110.8 ], [ 1302.5, 1113.7 ], [ 1301.2, 1117.3 ], [ 1299.2, 1119.5 ], [ 1296.5, 1119.8 ], [ 1294.1, 1120.3 ], [ 1291.9, 1121.7 ], [ 1290.6, 1123.1 ], [ 1288.3, 1126.3 ], [ 1284.8, 1130.6 ], [ 1283.9, 1133.1 ] ] } },
{ "type": "Feature", "properties": { "name": "Aller", "scalerank": 10, "featurecla": "River", "source": "ne_10m_rivers_europe" }, "geometry": { "type": "LineString", "coordinates": [ [ 3023.7, 1570.0 ], [ 3021.7, 1571.3 ], [ 3019.7, 1572.0 ], [ 3012.8, 1570.4 ], [ 3010.4, 1570.6 ], [ 3002.8, 1573.9 ], [ 2998.6, 1574.5 ], [ 2994.0, 1574.1 ], [ 2989.8, 1572.2 ], [ 2986.6, 1569.2 ], [ 2985.1, 1565.7 ], [ 2984.9, 1562.9 ], [ 2985.2, 1560.4 ], [ 2984.3, 1555.0 ], [ 2984.4, 1548.7 ], [ 2984.2, 1544.3 ], [ 2984.2, 1539.7 ], [ 2984.8, 1535.7 ], [ 2988.5, 1526.0 ], [ 2988.5, 1523.5 ], [ 2988.0, 1521.2 ], [ 2988.0, 1518.9 ], [ 2987.5, 1515.8 ], [ 2985.2, 1507.9 ], [ 2985.6, 1505.7 ], [ 2986.6, 1503.6 ], [ 2987.0, 1499.8 ], [ 2986.3, 1495.2 ], [ 2984.6, 1490.8 ], [ 2982.1, 1487.1 ], [ 2976.5, 1481.0 ], [ 2974.1, 1477.5 ], [ 2970.8, 1471.0 ], [ 2970.2, 1468.3 ], [ 2970.3, 1462.6 ], [ 2969.5, 1456.5 ], [ 2969.5, 1453.7 ], [ 2970.5, 1450.4 ], [ 2972.7, 1446.3 ], [ 2974.4, 1441.2 ], [ 2974.4, 1435.7 ], [ 2972.8, 1430.7 ], [ 2970.6, 1426.9 ], [ 2968.7, 1424.1 ], [ 2966.8, 1419.9 ], [ 2963.4, 1417.8 ], [ 2959.0, 1414.2 ], [ 2954.9, 1414.6 ], [ 2950.3, 1413.1 ], [ 2945.7, 1410.5 ], [ 2943.3, 1407.9 ], [ 2942.7, 1404.4 ], [ 2942.3, 1399.7 ], [ 2942.7, 1395.2 ], [ 2943.7, 1392.5 ], [ 2951.0, 1387.2 ], [ 2952.9, 1385.1 ], [ 2953.7, 1383.0 ], [ 2953.4, 1378.5 ], [ 2954.6, 1371.1 ], [ 2954.6, 1366.0 ], [ 2953.6, 1361.4 ], [ 2951.7, 1358.1 ], [ 2949.0, 1356.9 ], [ 2946.1, 1357.4 ], [ 2943.8, 1358.4 ], [ 2942.6, 1358.2 ], [ 2941.2, 1357.4 ], [ 2936.1, 1355.8 ], [ 2933.0, 1353.6 ], [ 2931.8, 1353.2 ], [ 2931.0, 1352.4 ], [ 2930.3, 1347.7 ], [ 2927.7, 1345.0 ], [ 2924.6, 1338.0 ], [ 2922.5, 1336.0 ], [ 2920.2, 1334.6 ], [ 2918.2, 1332.5 ], [ 2916.7, 1330.7 ] ] } },
{ "type": "Feature", "properties": { "name": "Vecht", "scalerank": 12, "featurecla": "River", "source": "ne_10m_rivers_europe" }, "geometry": { "type": "LineString", "coordinates": [ [ 2525.5, 1409.2 ], [ 2525.5, 1410.2 ], [ 2525.4, 1411.3 ], [ 2524.7, 1412.8 ], [ 2523.8, 1413.6 ], [ 2523.3, 1414.6 ], [ 2523.5, 1415.5 ], [ 2524.6, 1416.5 ], [ 2525.4, 1417.2 ], [ 2525.0, 1418.4 ], [ 2524.3, 1418.7 ], [ 2523.2, 1418.7 ], [ 2522.1, 1419.4 ], [ 2521.1, 1419.9 ], [ 2520.7, 1421.0 ], [ 2521.2, 1422.5 ], [ 2522.0, 1422.8 ], [ 2522.4, 1424.1 ], [ 2521.8, 1425.0 ], [ 2521.0, 1425.7 ], [ 2520.7, 1428.7 ], [ 2519.9, 1429.9 ], [ 2519.2, 1431.2 ], [ 2518.2, 1431.7 ], [ 2517.8, 1432.5 ], [ 2518.0, 1433.7 ], [ 2517.7, 1435.0 ], [ 2518.1, 1436.2 ], [ 2519.0, 1437.9 ], [ 2519.9, 1438.4 ], [ 2520.1, 1439.4 ], [ 2520.5, 1440.3 ], [ 2521.2, 1441.3 ], [ 2521.8, 1442.3 ], [ 2522.4, 1442.0 ], [ 2523.4, 1442.3 ], [ 2523.7, 1443.4 ], [ 2524.0, 1443.9 ], [ 2524.4, 1444.1 ], [ 2525.3, 1444.2 ], [ 2525.8, 1444.8 ], [ 2526.6, 1445.8 ], [ 2526.7, 1446.5 ], [ 2526.7, 1447.6 ], [ 2527.2, 1448.9 ], [ 2527.7, 1449.8 ], [ 2527.8, 1450.6 ], [ 2527.0, 1452.5 ], [ 2525.8, 1455.2 ], [ 2524.0, 1458.0 ], [ 2522.8, 1459.9 ], [ 2522.6, 1460.8 ], [ 2521.6, 1461.3 ], [ 2521.3, 1462.4 ], [ 2521.3, 1463.3 ] ] } },
{ "type": "Feature", "properties": { "name": "Aller", "scalerank": 12, "featurecla": "River", "source": "ne_10m_rivers_europe" }, "geometry": { "type": "LineString", "coordinates": [ [ 3041.9, 1507.4 ], [ 3037.5, 1504.3 ], [ 3036.4, 1502.8 ], [ 3036.6, 1499.7 ], [ 3037.8, 1494.4 ], [ 3039.9, 1488.8 ], [ 3042.3, 1485.1 ], [ 3044.7, 1483.5 ], [ 3047.9, 1482.9 ], [ 3048.8, 1481.9 ], [ 3048.6, 1480.1 ], [ 3045.5, 1475.3 ], [ 3044.7, 1473.2 ], [ 3044.9, 1471.2 ], [ 3046.5, 1466.1 ], [ 3047.0, 1463.5 ], [ 3046.7, 1460.4 ], [ 3045.7, 1456.2 ], [ 3044.3, 1452.4 ], [ 3042.0, 1447.9 ], [ 3041.4, 1445.5 ], [ 3041.3, 1442.9 ], [ 3041.8, 1438.8 ], [ 3041.6, 1435.9 ], [ 3040.5, 1432.6 ], [ 3033.7, 1423.5 ], [ 3032.1, 1420.2 ], [ 3031.1, 1417.1 ], [ 3030.5, 1414.2 ], [ 3029.7, 1411.6 ], [ 3028.3, 1409.2 ], [ 3026.6, 1407.2 ], [ 3025.4, 1405.3 ], [ 3025.5, 1403.1 ], [ 3026.2, 1400.8 ], [ 3026.4, 1398.3 ], [ 3026.1, 1396.4 ], [ 3025.4, 1395.3 ], [ 3023.9, 1394.1 ], [ 3019.1, 1389.2 ], [ 3017.1, 1387.7 ], [ 3014.8, 1387.0 ], [ 3008.6, 1386.3 ], [ 3006.1, 1385.7 ], [ 3004.7, 1384.8 ], [ 3003.4, 1382.3 ], [ 3001.6, 1381.0 ], [ 2999.5, 1380.1 ], [ 2997.9, 1380.0 ], [ 2995.5, 1379.2 ], [ 2986.5, 1373.8 ], [ 2983.0, 1372.5 ], [ 2977.0, 1371.3 ], [ 2973.7, 1373.4 ], [ 2971.2, 1373.7 ], [ 2967.9, 1372.7 ], [ 2961.0, 1369.1 ], [ 2957.1, 1367.5 ], [ 2955.7, 1366.2 ], [ 2954.5, 1364.6 ] ] } },
{ "type": "Feature", "properties": { "name": "IJssel", "scalerank": 4, "featurecla": "River", "source": "ne_10m_rivers_lake_centerlines" }, "geometry": { "type": "LineString", "coordinates": [ [ 2604.5, 1473.8 ], [ 2606.0, 1473.0 ], [ 2607.0, 1471.8 ], [ 2609.8, 1471.7 ], [ 2610.7, 1469.3 ], [ 2613.3, 1467.9 ], [ 2615.8, 1466.9 ], [ 2617.8, 1467.3 ], [ 2619.6, 1468.6 ], [ 2622.3, 1467.5 ], [ 2624.8, 1466.1 ], [ 2626.0, 1464.1 ], [ 2625.7, 1462.6 ], [ 2624.3, 1461.9 ], [ 2622.6, 1462.7 ], [ 2622.1, 1460.9 ], [ 2622.8, 1458.8 ], [ 2627.5, 1456.3 ], [ 2629.8, 1455.5 ], [ 2631.2, 1454.1 ], [ 2631.1, 1451.7 ], [ 2630.0, 1448.6 ], [ 2630.4, 1444.1 ], [ 2630.4, 1440.5 ], [ 2630.0, 1436.9 ], [ 2630.2, 1434.5 ], [ 2630.6, 1432.0 ], [ 2629.4, 1432.0 ], [ 2628.4, 1432.7 ], [ 2627.7, 1433.7 ], [ 2626.4, 1432.9 ], [ 2626.1, 1432.1 ], [ 2626.5, 1430.8 ], [ 2626.4, 1430.0 ], [ 2625.9, 1429.6 ], [ 2624.9, 1429.0 ], [ 2624.5, 1428.7 ], [ 2624.6, 1427.8 ], [ 2624.7, 1426.5 ], [ 2623.7, 1423.9 ], [ 2623.2, 1421.9 ], [ 2621.4, 1420.9 ], [ 2620.9, 1420.3 ], [ 2620.0, 1418.9 ], [ 2619.8, 1418.3 ], [ 2620.0, 1417.2 ], [ 2621.0, 1413.9 ], [ 2621.9, 1412.6 ], [ 2621.5, 1410.9 ], [ 2622.0, 1410.4 ], [ 2623.7, 1410.0 ], [ 2625.2, 1409.5 ], [ 2625.7, 1407.4 ], [ 2626.8, 1405.9 ], [ 2626.7, 1403.3 ], [ 2624.9, 1400.3 ], [ 2624.3, 1398.4 ], [ 2623.6, 1395.9 ], [ 2623.0, 1394.9 ], [ 2622.4, 1394.3 ], [ 2620.8, 1392.4 ], [ 2620.2, 1390.9 ], [ 2619.6, 1389.9 ], [ 2619.0, 1389.4 ], [ 2617.8, 1388.9 ], [ 2616.7, 1387.3 ], [ 2612.6, 1387.1 ], [ 2610.2, 1384.2 ], [ 2607.0, 1379.2 ], [ 2604.0, 1377.2 ], [ 2602.1, 1377.8 ] ] } },
{ "type": "Feature", "properties": { "name": "Vecht", "scalerank": 11, "featurecla": "River", "source": "ne_10m_rivers_europe" }, "geometry": { "type": "LineString", "coordinates": [ [ 2739.1, 1474.6 ], [ 2742.8, 1472.1 ], [ 2745.0, 1469.3 ], [ 2745.3, 1466.0 ], [ 2742.4, 1459.3 ], [ 2740.8, 1454.5 ], [ 2739.4, 1447.7 ], [ 2738.5, 1441.3 ], [ 2738.4, 1437.8 ], [ 2738.1, 1436.1 ], [ 2735.6, 1432.2 ], [ 2733.6, 1428.3 ], [ 2730.7, 1424.9 ], [ 2729.7, 1422.3 ], [ 2728.0, 1420.5 ], [ 2726.5, 1418.3 ], [ 2725.6, 1413.9 ], [ 2720.0, 1408.2 ], [ 2709.0, 1394.5 ], [ 2706.1, 1391.3 ], [ 2705.2, 1389.5 ], [ 2704.7, 1386.4 ], [ 2703.8, 1382.8 ], [ 2701.6, 1379.6 ], [ 2698.5, 1377.7 ], [ 2695.3, 1377.3 ], [ 2692.7, 1377.4 ], [ 2689.4, 1376.2 ], [ 2684.4, 1375.1 ], [ 2682.5, 1374.4 ], [ 2680.4, 1374.7 ], [ 2677.3, 1376.9 ], [ 2674.6, 1379.6 ], [ 2672.6, 1383.3 ], [ 2670.3, 1386.0 ], [ 2667.5, 1388.5 ], [ 2665.3, 1389.5 ], [ 2663.8, 1389.2 ], [ 2661.0, 1387.4 ], [ 2657.1, 1388.5 ], [ 2654.0, 1388.8 ], [ 2645.7, 1387.8 ], [ 2639.0, 1389.1 ], [ 2636.4, 1388.4 ], [ 2634.3, 1387.2 ], [ 2631.9, 1386.4 ], [ 2629.4, 1384.6 ], [ 2626.6, 1380.6 ], [ 2624.5, 1375.8 ], [ 2623.6, 1371.9 ], [ 2622.7, 1369.5 ], [ 2621.1, 1368.4 ], [ 2618.9, 1368.2 ], [ 2617.0, 1369.0 ], [ 2614.9, 1370.4 ], [ 2612.4, 1371.8 ], [ 2610.3, 1373.8 ], [ 2608.2, 1374.9 ], [ 2604.1, 1377.0 ] ] } },
{ "type": "Feature", "properties": { "name": "Spree", "scalerank": 10, "featurecla": "Lake Centerline", "source": "ne_10m_rivers_europe" }, "geometry": { "type": "LineString", "coordinates": [ [ 3228.5, 1411.9 ], [ 3226.3, 1412.2 ], [ 3224.5, 1411.5 ] ] } },
{ "type": "Feature", "properties": { "name": "Spree", "scalerank": 10, "featurecla": "Lake Centerline", "source": "ne_10m_rivers_europe" }, "geometry": { "type": "LineString", "coordinates": [ [ 3273.4, 1416.1 ], [ 3271.6, 1414.8 ], [ 3269.7, 1408.8 ], [ 3265.8, 1405.8 ] ] } },
{ "type": "Feature", "properties": { "name": "Spree", "scalerank": 10, "featurecla": "Lake Centerline", "source": "ne_10m_rivers_europe" }, "geometry": { "type": "LineString", "coordinates": [ [ 3294.8, 1392.1 ], [ 3293.5, 1399.0 ], [ 3291.6, 1402.5 ], [ 3285.9, 1405.0 ] ] } },
{ "type": "Feature", "properties": { "name": null, "scalerank": 12, "featurecla": "River", "source": "ne_10m_rivers_europe" }, "geometry": { "type": "LineString", "coordinates": [ [ 2480.1, 1387.0 ], [ 2481.8, 1387.3 ], [ 2484.2, 1387.6 ], [ 2486.3, 1387.8 ], [ 2488.1, 1388.2 ], [ 2489.5, 1389.5 ], [ 2491.7, 1391.8 ], [ 2493.5, 1393.1 ], [ 2495.6, 1393.8 ], [ 2498.9, 1394.5 ], [ 2502.3, 1395.7 ], [ 2505.0, 1396.5 ], [ 2507.1, 1397.3 ], [ 2508.7, 1398.8 ], [ 2509.6, 1401.0 ], [ 2510.1, 1402.1 ], [ 2511.1, 1402.4 ], [ 2514.6, 1403.4 ], [ 2516.5, 1404.0 ] ] } },
{ "type": "Feature", "properties": { "name": "Ems", "scalerank": 8, "featurecla": "River", "source": "ne_10m_rivers_lake_centerlines" }, "geometry": { "type": "LineString", "coordinates": [ [ 2874.9, 1495.7 ], [ 2866.8, 1499.2 ], [ 2861.9, 1502.2 ], [ 2856.0, 1502.1 ], [ 2855.1, 1502.3 ], [ 2853.4, 1503.0 ], [ 2852.7, 1503.1 ], [ 2852.4, 1503.6 ], [ 2851.8, 1505.7 ], [ 2851.3, 1506.2 ], [ 2849.7, 1506.5 ], [ 2847.1, 1507.9 ], [ 2843.0, 1508.4 ], [ 2842.4, 1508.2 ], [ 2841.9, 1507.5 ], [ 2841.5, 1505.6 ], [ 2841.1, 1505.0 ], [ 2839.6, 1504.4 ], [ 2835.2, 1503.7 ], [ 2832.4, 1501.9 ], [ 2830.1, 1499.0 ], [ 2829.4, 1495.9 ], [ 2831.6, 1493.1 ], [ 2831.6, 1492.1 ], [ 2830.9, 1492.1 ], [ 2830.9, 1491.2 ], [ 2831.1, 1491.1 ], [ 2831.4, 1491.1 ], [ 2831.6, 1491.0 ], [ 2827.8, 1487.5 ], [ 2815.4, 1480.0 ], [ 2813.6, 1481.0 ], [ 2801.6, 1482.8 ], [ 2800.8, 1482.3 ], [ 2798.7, 1480.9 ], [ 2787.7, 1479.4 ], [ 2783.1, 1477.6 ], [ 2779.6, 1474.7 ], [ 2779.5, 1474.0 ], [ 2779.7, 1473.8 ], [ 2780.0, 1473.8 ], [ 2780.3, 1473.7 ], [ 2779.5, 1473.1 ], [ 2778.6, 1472.8 ], [ 2776.7, 1472.6 ], [ 2775.8, 1472.1 ], [ 2775.5, 1471.1 ], [ 2775.5, 1470.0 ], [ 2775.2, 1469.3 ], [ 2774.3, 1468.9 ], [ 2773.8, 1468.9 ], [ 2773.3, 1469.1 ], [ 2772.2, 1469.2 ], [ 2771.3, 1468.7 ], [ 2770.2, 1466.4 ], [ 2769.1, 1465.9 ], [ 2768.9, 1465.3 ], [ 2768.5, 1462.5 ], [ 2768.2, 1461.6 ], [ 2767.5, 1461.4 ], [ 2765.4, 1461.6 ], [ 2764.9, 1461.0 ], [ 2763.0, 1456.6 ], [ 2762.8, 1454.6 ], [ 2765.2, 1454.2 ], [ 2764.7, 1452.6 ], [ 2765.0, 1451.3 ], [ 2765.9, 1450.4 ], [ 2767.3, 1449.9 ], [ 2767.3, 1448.9 ], [ 2762.1, 1447.7 ], [ 2759.6, 1446.3 ], [ 2758.3, 1443.3 ], [ 2758.8, 1441.5 ], [ 2758.4, 1440.1 ], [ 2757.3, 1439.3 ], [ 2756.0, 1439.0 ], [ 2756.0, 1438.3 ], [ 2756.1, 1438.0 ], [ 2756.3, 1438.0 ], [ 2756.6, 1437.9 ], [ 2755.9, 1436.2 ], [ 2754.9, 1435.3 ], [ 2753.6, 1434.7 ], [ 2751.9, 1434.5 ], [ 2751.3, 1433.5 ], [ 2749.9, 1428.6 ], [ 2749.2, 1426.9 ], [ 2742.1, 1421.9 ], [ 2741.6, 1420.3 ], [ 2740.8, 1419.0 ], [ 2740.5, 1417.7 ], [ 2740.9, 1416.4 ], [ 2741.8, 1415.1 ], [ 2741.5, 1415.1 ], [ 2740.5, 1415.1 ], [ 2740.6, 1413.9 ], [ 2741.2, 1414.0 ], [ 2741.2, 1413.0 ], [ 2739.3, 1412.9 ], [ 2740.1, 1409.8 ], [ 2740.1, 1409.0 ], [ 2740.0, 1408.8 ], [ 2739.7, 1408.8 ], [ 2739.5, 1408.6 ], [ 2739.9, 1408.4 ], [ 2740.8, 1407.6 ], [ 2740.8, 1406.6 ], [ 2740.1, 1405.6 ], [ 2738.4, 1401.9 ], [ 2737.1, 1397.4 ], [ 2736.9, 1395.5 ], [ 2737.5, 1391.5 ], [ 2736.5, 1391.0 ], [ 2735.5, 1390.4 ], [ 2735.1, 1389.2 ], [ 2735.7, 1387.2 ], [ 2735.3, 1387.0 ], [ 2734.4, 1386.2 ], [ 2735.7, 1386.3 ], [ 2735.8, 1385.1 ], [ 2734.7, 1384.6 ], [ 2733.9, 1383.7 ], [ 2733.5, 1382.5 ], [ 2734.0, 1380.8 ], [ 2733.6, 1380.6 ], [ 2732.7, 1379.8 ], [ 2733.8, 1378.7 ], [ 2734.2, 1377.2 ], [ 2734.2, 1375.6 ], [ 2733.6, 1374.4 ], [ 2733.6, 1373.4 ], [ 2734.3, 1373.4 ], [ 2734.4, 1372.4 ], [ 2733.7, 1372.3 ], [ 2733.7, 1371.3 ], [ 2735.0, 1370.3 ], [ 2736.5, 1366.6 ], [ 2737.9, 1365.0 ], [ 2736.0, 1362.7 ], [ 2735.4, 1359.0 ], [ 2735.3, 1354.9 ], [ 2734.5, 1351.1 ], [ 2735.5, 1350.3 ], [ 2735.8, 1349.2 ], [ 2735.3, 1348.3 ], [ 2734.0, 1348.0 ], [ 2734.8, 1346.3 ], [ 2737.4, 1344.8 ], [ 2738.1, 1343.3 ], [ 2738.7, 1342.8 ], [ 2739.9, 1340.4 ], [ 2740.9, 1337.8 ], [ 2740.5, 1336.5 ], [ 2740.0, 1335.5 ], [ 2739.6, 1333.0 ], [ 2739.3, 1327.9 ], [ 2739.7, 1325.1 ], [ 2741.3, 1320.1 ], [ 2741.5, 1318.6 ], [ 2742.2, 1317.0 ], [ 2742.3, 1314.8 ], [ 2742.2, 1312.7 ], [ 2741.8, 1311.0 ], [ 2741.4, 1310.5 ], [ 2739.9, 1309.1 ], [ 2739.7, 1308.8 ], [ 2739.3, 1308.1 ], [ 2739.5, 1306.6 ], [ 2740.2, 1304.1 ], [ 2741.6, 1302.6 ], [ 2746.9, 1300.7 ], [ 2746.7, 1298.5 ], [ 2746.8, 1297.6 ], [ 2747.2, 1296.9 ], [ 2747.4, 1296.2 ], [ 2747.5, 1293.8 ], [ 2747.8, 1292.2 ], [ 2748.2, 1291.5 ], [ 2748.9, 1291.0 ], [ 2749.6, 1290.2 ], [ 2750.2, 1289.6 ], [ 2750.8, 1289.6 ], [ 2751.3, 1289.2 ], [ 2751.6, 1287.5 ], [ 2751.8, 1286.6 ], [ 2752.5, 1285.8 ], [ 2753.1, 1285.3 ], [ 2753.6, 1285.0 ], [ 2753.7, 1283.9 ], [ 2751.5, 1281.5 ], [ 2750.8, 1279.8 ], [ 2750.7, 1274.4 ], [ 2750.3, 1272.8 ], [ 2749.3, 1272.1 ], [ 2748.3, 1272.1 ] ] } },
{ "type": "Feature", "properties": { "name": "Gwda", "scalerank": 11, "featurecla": "River", "source": "ne_10m_rivers_europe" }, "geometry": { "type": "LineString", "coordinates": [ [ 3605.2, 1148.8 ], [ 3607.6, 1147.9 ], [ 3610.0, 1147.3 ], [ 3612.4, 1147.5 ], [ 3614.0, 1148.4 ], [ 3615.0, 1151.8 ], [ 3618.9, 1158.4 ], [ 3621.4, 1163.1 ], [ 3622.5, 1164.1 ], [ 3623.7, 1163.9 ], [ 3624.8, 1162.6 ], [ 3626.8, 1162.0 ], [ 3630.1, 1163.3 ], [ 3633.4, 1165.8 ], [ 3635.4, 1168.5 ], [ 3635.9, 1171.4 ], [ 3635.9, 1174.8 ], [ 3634.7, 1178.3 ], [ 3632.6, 1181.3 ], [ 3630.1, 1184.0 ], [ 3627.9, 1186.8 ], [ 3626.4, 1189.5 ], [ 3625.5, 1191.7 ], [ 3626.0, 1194.1 ], [ 3630.0, 1200.9 ], [ 3631.6, 1204.3 ], [ 3632.2, 1207.8 ], [ 3632.2, 1211.7 ], [ 3630.8, 1217.1 ], [ 3625.1, 1232.4 ], [ 3622.9, 1238.6 ], [ 3622.0, 1245.0 ], [ 3621.6, 1260.6 ], [ 3619.6, 1268.9 ], [ 3620.8, 1271.4 ], [ 3621.9, 1274.4 ], [ 3621.1, 1278.9 ], [ 3618.9, 1284.2 ] ] } },
{ "type": "Feature", "properties": { "name": null, "scalerank": 11, "featurecla": "River", "source": "ne_10m_rivers_europe" }, "geometry": { "type": "LineString", "coordinates": [ [ 3310.6, 1247.0 ], [ 3306.0, 1250.4 ], [ 3302.0, 1252.1 ], [ 3298.7, 1251.3 ], [ 3297.4, 1249.2 ], [ 3298.0, 1247.6 ], [ 3299.7, 1246.0 ], [ 3301.1, 1244.0 ], [ 3301.0, 1241.6 ], [ 3299.4, 1239.1 ], [ 3297.4, 1236.8 ], [ 3296.8, 1235.1 ], [ 3296.6, 1233.5 ], [ 3295.8, 1231.6 ], [ 3294.6, 1230.3 ], [ 3293.3, 1230.1 ], [ 3292.1, 1229.4 ], [ 3290.9, 1227.1 ], [ 3290.3, 1223.8 ], [ 3290.3, 1220.7 ], [ 3291.1, 1217.9 ], [ 3292.7, 1213.5 ], [ 3291.6, 1210.9 ], [ 3291.4, 1208.4 ], [ 3292.2, 1205.5 ], [ 3295.5, 1200.4 ], [ 3296.1, 1197.2 ], [ 3295.5, 1193.8 ], [ 3294.0, 1190.8 ], [ 3291.1, 1187.8 ], [ 3283.2, 1181.7 ], [ 3281.2, 1179.4 ], [ 3279.3, 1178.2 ], [ 3272.6, 1177.1 ], [ 3271.2, 1176.1 ], [ 3272.4, 1173.8 ], [ 3275.0, 1170.2 ], [ 3278.6, 1167.2 ], [ 3282.2, 1166.5 ], [ 3285.8, 1166.7 ], [ 3289.4, 1166.1 ], [ 3292.7, 1166.2 ], [ 3295.6, 1168.3 ], [ 3299.9, 1172.8 ], [ 3301.8, 1173.4 ], [ 3306.8, 1173.4 ], [ 3312.7, 1176.7 ], [ 3318.9, 1178.7 ], [ 3326.0, 1179.8 ], [ 3331.9, 1179.7 ], [ 3338.4, 1180.5 ], [ 3340.8, 1180.4 ] ] } },
{ "type": "Feature", "properties": { "name": null, "scalerank": 11, "featurecla": "River", "source": "ne_10m_rivers_europe" }, "geometry": { "type": "LineString", "coordinates": [ [ 3634.7, 1131.2 ], [ 3636.0, 1134.7 ], [ 3637.4, 1137.5 ], [ 3638.7, 1139.3 ], [ 3641.0, 1140.1 ], [ 3644.4, 1140.5 ], [ 3647.5, 1141.3 ], [ 3649.0, 1143.0 ], [ 3649.7, 1145.0 ], [ 3651.8, 1147.5 ], [ 3652.3, 1148.9 ], [ 3651.8, 1150.7 ], [ 3650.4, 1152.9 ], [ 3649.6, 1155.8 ], [ 3651.5, 1163.5 ], [ 3650.9, 1167.4 ], [ 3650.1, 1170.4 ], [ 3650.5, 1172.1 ], [ 3651.8, 1172.0 ], [ 3654.9, 1168.7 ], [ 3657.3, 1167.4 ], [ 3664.0, 1166.3 ], [ 3664.6, 1165.1 ], [ 3664.9, 1163.5 ], [ 3665.8, 1162.3 ], [ 3667.4, 1161.7 ], [ 3671.9, 1162.2 ], [ 3674.5, 1162.1 ], [ 3676.5, 1160.3 ], [ 3678.5, 1153.1 ], [ 3680.5, 1151.7 ], [ 3682.6, 1152.1 ], [ 3685.4, 1154.0 ], [ 3688.1, 1155.1 ], [ 3691.2, 1156.9 ], [ 3696.5, 1162.9 ], [ 3706.4, 1169.1 ], [ 3708.3, 1171.3 ], [ 3708.5, 1172.9 ], [ 3709.3, 1174.5 ], [ 3710.9, 1176.0 ], [ 3713.0, 1177.5 ], [ 3715.0, 1178.6 ], [ 3717.9, 1179.5 ], [ 3719.5, 1181.0 ], [ 3720.6, 1183.9 ], [ 3720.5, 1188.0 ], [ 3719.5, 1192.0 ], [ 3718.4, 1195.0 ], [ 3717.8, 1197.8 ], [ 3717.7, 1201.8 ], [ 3718.5, 1206.4 ], [ 3719.8, 1210.8 ], [ 3721.2, 1213.8 ], [ 3722.3, 1214.9 ], [ 3723.6, 1215.7 ], [ 3725.6, 1218.1 ], [ 3727.5, 1221.1 ], [ 3728.6, 1224.7 ], [ 3729.6, 1225.9 ], [ 3730.7, 1227.5 ], [ 3731.1, 1230.2 ], [ 3730.5, 1233.9 ], [ 3728.1, 1242.1 ], [ 3727.6, 1245.6 ], [ 3728.1, 1248.3 ], [ 3730.6, 1253.2 ], [ 3732.8, 1259.2 ], [ 3734.1, 1261.0 ], [ 3736.3, 1261.5 ], [ 3742.8, 1261.4 ], [ 3746.4, 1262.1 ], [ 3747.4, 1261.6 ], [ 3749.0, 1261.2 ] ] } },
{ "type": "Feature", "properties": { "name": "Drwęca", "scalerank": 10, "featurecla": "River", "source": "ne_10m_rivers_europe" }, "geometry": { "type": "LineString", "coordinates": [ [ 3888.2, 1115.6 ], [ 3889.0, 1116.9 ], [ 3889.9, 1117.6 ], [ 3891.9, 1117.0 ], [ 3893.1, 1117.6 ], [ 3893.5, 1119.1 ], [ 3892.7, 1121.2 ], [ 3890.8, 1123.2 ], [ 3888.8, 1124.6 ], [ 3887.4, 1126.5 ], [ 3887.3, 1132.9 ], [ 3886.4, 1134.0 ], [ 3884.9, 1134.3 ], [ 3883.4, 1135.2 ], [ 3882.5, 1137.4 ], [ 3882.7, 1143.4 ], [ 3881.6, 1145.7 ], [ 3881.8, 1147.6 ], [ 3883.4, 1148.6 ], [ 3889.8, 1146.4 ], [ 3892.5, 1147.3 ], [ 3894.0, 1149.5 ], [ 3894.6, 1151.6 ], [ 3894.0, 1153.2 ], [ 3891.2, 1154.7 ], [ 3890.0, 1158.4 ], [ 3885.4, 1167.0 ], [ 3883.4, 1171.4 ], [ 3882.4, 1175.0 ], [ 3881.9, 1180.2 ], [ 3880.8, 1181.9 ], [ 3877.5, 1185.7 ], [ 3876.5, 1188.6 ], [ 3876.5, 1196.2 ], [ 3876.0, 1199.2 ], [ 3874.8, 1201.5 ], [ 3873.2, 1203.3 ], [ 3871.9, 1206.1 ], [ 3871.5, 1210.4 ], [ 3872.3, 1214.9 ], [ 3873.9, 1217.8 ], [ 3875.2, 1219.3 ], [ 3875.4, 1220.6 ], [ 3874.2, 1221.3 ], [ 3872.0, 1221.4 ], [ 3868.4, 1222.7 ], [ 3863.5, 1226.2 ], [ 3858.6, 1230.4 ], [ 3851.4, 1235.3 ], [ 3841.3, 1246.3 ], [ 3838.0, 1249.3 ], [ 3834.5, 1251.6 ], [ 3831.5, 1254.8 ], [ 3827.6, 1258.5 ], [ 3823.6, 1260.6 ], [ 3819.6, 1261.3 ], [ 3812.6, 1261.9 ], [ 3810.8, 1262.9 ], [ 3807.7, 1268.6 ], [ 3805.7, 1271.8 ], [ 3803.6, 1273.3 ], [ 3801.5, 1274.8 ] ] } },
{ "type": "Feature", "properties": { "name": null, "scalerank": 11, "featurecla": "Lake Centerline", "source": "ne_10m_rivers_europe" }, "geometry": { "type": "LineString", "coordinates": [ [ 3353.7, 845.9 ], [ 3356.3, 847.2 ], [ 3358.2, 849.8 ], [ 3359.9, 854.5 ] ] } },
{ "type": "Feature", "properties": { "name": null, "scalerank": 11, "featurecla": "River", "source": "ne_10m_rivers_europe" }, "geometry": { "type": "LineString", "coordinates": [ [ 3359.9, 854.5 ], [ 3358.5, 857.3 ], [ 3357.3, 860.6 ], [ 3356.8, 862.8 ], [ 3357.5, 864.5 ], [ 3359.1, 866.5 ], [ 3361.2, 869.5 ] ] } },
{ "type": "Feature", "properties": { "name": null, "scalerank": 11, "featurecla": "River", "source": "ne_10m_rivers_europe" }, "geometry": { "type": "LineString", "coordinates": [ [ 3344.4, 743.9 ], [ 3342.0, 742.6 ], [ 3340.9, 743.2 ], [ 3340.0, 745.0 ], [ 3338.0, 750.2 ], [ 3334.4, 755.6 ], [ 3332.5, 760.9 ], [ 3328.0, 768.2 ], [ 3326.6, 771.7 ], [ 3326.1, 774.7 ], [ 3326.0, 777.0 ], [ 3325.6, 779.6 ], [ 3324.3, 783.0 ], [ 3323.5, 786.7 ], [ 3324.3, 789.8 ], [ 3326.3, 791.9 ], [ 3328.4, 793.3 ], [ 3331.2, 793.9 ], [ 3335.1, 794.1 ], [ 3338.2, 794.9 ], [ 3339.2, 797.1 ], [ 3338.9, 799.8 ], [ 3339.1, 801.9 ], [ 3339.9, 803.1 ], [ 3342.0, 804.0 ], [ 3343.0, 805.2 ], [ 3343.8, 807.5 ], [ 3344.4, 813.4 ], [ 3344.8, 814.3 ], [ 3345.5, 815.1 ], [ 3348.2, 820.2 ], [ 3350.0, 823.0 ], [ 3351.0, 825.9 ], [ 3350.7, 829.1 ], [ 3349.7, 832.6 ], [ 3349.4, 836.3 ], [ 3350.0, 839.6 ], [ 3351.3, 842.4 ], [ 3353.7, 845.9 ] ] } },
{ "type": "Feature", "properties": { "name": null, "scalerank": 11, "featurecla": "River", "source": "ne_10m_rivers_europe" }, "geometry": { "type": "LineString", "coordinates": [ [ 3369.5, 736.8 ], [ 3368.1, 738.1 ], [ 3367.0, 739.6 ], [ 3366.3, 741.2 ], [ 3366.3, 743.3 ], [ 3366.7, 745.7 ], [ 3366.6, 748.9 ], [ 3365.2, 752.8 ], [ 3363.0, 755.9 ], [ 3359.7, 757.6 ], [ 3357.8, 761.8 ], [ 3356.4, 762.9 ], [ 3355.3, 762.2 ], [ 3354.6, 758.0 ], [ 3352.3, 755.0 ], [ 3352.1, 748.0 ] ] } },
{ "type": "Feature", "properties": { "name": null, "scalerank": 11, "featurecla": "Lake Centerline", "source": "ne_10m_rivers_europe" }, "geometry": { "type": "LineString", "coordinates": [ [ 3352.1, 748.0 ], [ 3351.4, 745.3 ], [ 3349.5, 743.8 ], [ 3344.4, 743.9 ] ] } },
{ "type": "Feature", "properties": { "name": null, "scalerank": 10, "featurecla": "Lake Centerline", "source": "ne_10m_rivers_europe" }, "geometry": { "type": "LineString", "coordinates": [ [ 3308.0, 684.4 ], [ 3308.4, 687.3 ], [ 3307.6, 690.9 ], [ 3305.3, 698.1 ], [ 3304.5, 704.2 ], [ 3303.7, 707.3 ], [ 3303.5, 710.0 ], [ 3304.4, 712.2 ], [ 3305.6, 713.8 ], [ 3306.1, 715.4 ], [ 3305.7, 716.9 ], [ 3304.6, 718.4 ], [ 3303.5, 721.2 ], [ 3303.1, 725.6 ], [ 3303.2, 733.1 ] ] } },
{ "type": "Feature", "properties": { "name": "Emån", "scalerank": 10, "featurecla": "River", "source": "ne_10m_rivers_europe" }, "geometry": { "type": "LineString", "coordinates": [ [ 3417.9, 601.5 ], [ 3418.0, 604.4 ], [ 3417.8, 607.2 ], [ 3418.0, 609.6 ], [ 3419.2, 611.6 ], [ 3424.2, 615.0 ], [ 3427.8, 618.8 ], [ 3435.0, 622.5 ], [ 3437.7, 622.7 ], [ 3441.7, 624.2 ], [ 3444.6, 624.2 ], [ 3448.0, 623.8 ], [ 3453.8, 622.2 ], [ 3457.8, 622.3 ], [ 3463.3, 621.1 ], [ 3465.7, 620.8 ], [ 3468.1, 621.4 ], [ 3474.5, 624.0 ], [ 3479.7, 625.0 ], [ 3480.3, 626.3 ], [ 3480.2, 627.9 ], [ 3481.2, 630.3 ], [ 3481.2, 634.0 ], [ 3481.9, 635.6 ], [ 3483.6, 636.5 ], [ 3487.7, 637.6 ], [ 3488.7, 639.2 ], [ 3489.4, 642.3 ], [ 3490.9, 646.3 ], [ 3492.7, 649.7 ], [ 3494.2, 651.4 ], [ 3495.8, 652.5 ], [ 3500.2, 657.4 ], [ 3502.7, 659.6 ], [ 3505.4, 660.7 ], [ 3508.5, 661.1 ], [ 3511.4, 660.3 ], [ 3513.9, 658.5 ], [ 3516.2, 657.6 ], [ 3519.0, 658.7 ], [ 3521.9, 660.3 ], [ 3524.6, 660.5 ], [ 3526.4, 659.4 ], [ 3528.2, 656.2 ], [ 3530.5, 655.3 ], [ 3533.3, 655.6 ], [ 3535.5, 656.9 ], [ 3537.2, 658.3 ], [ 3539.3, 657.9 ] ] } },
{ "type": "Feature", "properties": { "name": "Emån", "scalerank": 10, "featurecla": "River", "source": "ne_10m_rivers_europe" }, "geometry": { "type": "LineString", "coordinates": [ [ 3386.5, 588.2 ], [ 3388.7, 591.1 ], [ 3390.5, 594.8 ], [ 3391.5, 599.5 ], [ 3392.7, 603.7 ], [ 3394.8, 606.0 ], [ 3397.2, 606.2 ], [ 3401.0, 604.1 ], [ 3406.1, 603.2 ], [ 3408.0, 602.0 ], [ 3409.1, 600.1 ], [ 3409.7, 598.0 ], [ 3410.4, 596.6 ], [ 3412.0, 596.5 ], [ 3415.5, 598.2 ] ] } },
{ "type": "Feature", "properties": { "name": "Emån", "scalerank": 10, "featurecla": "Lake Centerline", "source": "ne_10m_rivers_europe" }, "geometry": { "type": "LineString", "coordinates": [ [ 3415.5, 598.2 ], [ 3417.4, 599.1 ], [ 3417.9, 601.5 ], [ 3417.9, 601.5 ] ] } },
{ "type": "Feature", "properties": { "name": "Shannon", "scalerank": 8, "featurecla": "River", "source": "ne_10m_rivers_lake_centerlines" }, "geometry": { "type": "LineString", "coordinates": [ [ 1356.8, 1015.4 ], [ 1358.0, 1013.2 ], [ 1359.3, 1011.5 ], [ 1361.7, 1009.0 ], [ 1363.8, 1008.2 ], [ 1364.0, 1007.6 ], [ 1364.1, 1006.8 ], [ 1364.3, 1006.3 ], [ 1364.8, 1005.9 ], [ 1365.5, 1005.6 ], [ 1366.2, 1005.6 ], [ 1366.9, 1006.0 ], [ 1366.9, 1004.4 ], [ 1366.9, 1003.8 ], [ 1370.4, 1003.0 ], [ 1371.1, 1002.5 ], [ 1371.7, 1000.9 ], [ 1371.8, 999.6 ], [ 1371.4, 998.9 ], [ 1370.7, 999.1 ], [ 1369.7, 997.5 ], [ 1369.6, 995.4 ], [ 1369.8, 993.2 ], [ 1369.1, 990.8 ] ] } },
{ "type": "Feature", "properties": { "name": "Shannon", "scalerank": 8, "featurecla": "River", "source": "ne_10m_rivers_lake_centerlines" }, "geometry": { "type": "LineString", "coordinates": [ [ 1366.9, 983.8 ], [ 1367.5, 980.6 ], [ 1367.2, 978.2 ], [ 1365.7, 973.6 ], [ 1364.9, 974.7 ], [ 1363.9, 975.7 ], [ 1362.8, 976.5 ], [ 1361.5, 977.1 ], [ 1361.0, 976.1 ], [ 1359.4, 975.9 ], [ 1358.8, 975.2 ], [ 1358.9, 974.2 ], [ 1359.7, 971.7 ], [ 1359.5, 971.1 ], [ 1358.8, 970.0 ], [ 1359.9, 968.4 ], [ 1361.5, 967.1 ], [ 1362.3, 966.8 ], [ 1362.8, 966.3 ], [ 1363.7, 965.3 ], [ 1364.3, 964.0 ], [ 1363.1, 962.8 ], [ 1363.1, 962.0 ], [ 1363.6, 957.4 ], [ 1364.2, 955.7 ], [ 1365.2, 954.7 ], [ 1366.5, 954.1 ] ] } },
{ "type": "Feature", "properties": { "name": "Shannon", "scalerank": 8, "featurecla": "River", "source": "ne_10m_rivers_lake_centerlines" }, "geometry": { "type": "LineString", "coordinates": [ [ 1316.7, 1099.5 ], [ 1318.8, 1097.1 ], [ 1322.9, 1091.8 ], [ 1325.0, 1089.8 ], [ 1327.1, 1089.2 ], [ 1329.3, 1089.3 ], [ 1335.2, 1086.9 ], [ 1339.5, 1086.4 ], [ 1341.5, 1085.2 ], [ 1342.9, 1082.8 ], [ 1342.6, 1080.8 ], [ 1338.7, 1075.8 ], [ 1338.0, 1073.8 ], [ 1338.0, 1072.3 ], [ 1339.0, 1070.9 ], [ 1341.7, 1068.2 ], [ 1342.8, 1066.9 ], [ 1343.8, 1066.1 ], [ 1348.4, 1063.8 ], [ 1351.9, 1060.9 ], [ 1352.8, 1057.5 ], [ 1352.7, 1048.4 ] ] } },
{ "type": "Feature", "properties": { "name": "Shannon", "scalerank": 8, "featurecla": "River", "source": "ne_10m_rivers_lake_centerlines" }, "geometry": { "type": "LineString", "coordinates": [ [ 1252.0, 1147.8 ], [ 1253.5, 1148.0 ], [ 1254.8, 1148.7 ], [ 1255.7, 1149.9 ], [ 1255.7, 1151.6 ], [ 1256.2, 1152.4 ], [ 1257.8, 1152.6 ], [ 1260.6, 1152.3 ], [ 1260.9, 1151.9 ], [ 1261.7, 1149.9 ], [ 1262.4, 1149.4 ], [ 1263.1, 1149.5 ], [ 1263.4, 1150.0 ], [ 1263.5, 1150.6 ], [ 1263.9, 1151.0 ], [ 1265.3, 1151.4 ], [ 1266.5, 1151.5 ], [ 1267.6, 1151.4 ], [ 1268.6, 1151.0 ], [ 1269.4, 1150.3 ], [ 1269.9, 1149.4 ], [ 1270.5, 1148.6 ], [ 1271.5, 1148.5 ], [ 1272.2, 1148.6 ], [ 1273.0, 1148.5 ], [ 1273.7, 1148.2 ], [ 1274.4, 1147.7 ], [ 1275.1, 1146.1 ], [ 1275.2, 1144.1 ], [ 1275.6, 1142.6 ], [ 1278.9, 1141.7 ], [ 1281.1, 1139.7 ], [ 1283.2, 1136.6 ], [ 1283.9, 1133.1 ] ] } },
{ "type": "Feature", "properties": { "name": "Shannon", "scalerank": 10, "featurecla": "River", "source": "ne_10m_rivers_europe" }, "geometry": { "type": "LineString", "coordinates": [ [ 1299.4, 963.6 ], [ 1302.9, 965.9 ], [ 1303.8, 968.0 ], [ 1306.7, 970.1 ], [ 1308.3, 972.1 ], [ 1309.7, 973.3 ], [ 1310.9, 972.7 ], [ 1312.4, 971.0 ], [ 1316.5, 968.3 ], [ 1319.2, 965.8 ], [ 1320.8, 965.0 ], [ 1328.2, 964.4 ], [ 1330.3, 962.0 ], [ 1333.3, 961.1 ], [ 1336.8, 960.9 ], [ 1341.2, 961.2 ], [ 1349.1, 958.9 ], [ 1351.6, 959.4 ], [ 1353.4, 961.5 ], [ 1355.0, 964.2 ], [ 1358.4, 968.2 ], [ 1358.8, 970.0 ] ] } },
{ "type": "Feature", "properties": { "name": "Annalee", "scalerank": 10, "featurecla": "Lake Centerline", "source": "ne_10m_rivers_europe" }, "geometry": { "type": "LineString", "coordinates": [ [ 1423.4, 953.9 ], [ 1422.2, 945.2 ], [ 1420.3, 940.7 ], [ 1419.6, 936.8 ], [ 1420.1, 933.6 ] ] } },
{ "type": "Feature", "properties": { "name": "Annalee", "scalerank": 10, "featurecla": "River", "source": "ne_10m_rivers_europe" }, "geometry": { "type": "LineString", "coordinates": [ [ 1476.6, 982.3 ], [ 1472.8, 982.5 ], [ 1467.2, 980.8 ], [ 1462.4, 980.9 ], [ 1459.5, 980.1 ], [ 1450.7, 975.2 ], [ 1444.7, 973.8 ], [ 1441.9, 972.0 ], [ 1439.1, 972.7 ], [ 1436.6, 972.6 ], [ 1429.9, 970.5 ], [ 1426.1, 971.1 ], [ 1424.4, 970.0 ], [ 1423.5, 968.2 ], [ 1423.6, 965.4 ], [ 1422.1, 962.6 ], [ 1422.6, 961.5 ], [ 1423.7, 960.0 ], [ 1424.6, 958.1 ], [ 1423.4, 953.9 ] ] } },
{ "type": "Feature", "properties": { "name": "Annalee", "scalerank": 10, "featurecla": "River", "source": "ne_10m_rivers_europe" }, "geometry": { "type": "LineString", "coordinates": [ [ 1420.1, 933.6 ], [ 1420.4, 931.3 ], [ 1419.4, 928.7 ], [ 1418.0, 927.5 ], [ 1416.2, 927.0 ], [ 1414.8, 926.2 ], [ 1414.5, 924.3 ], [ 1414.6, 920.8 ], [ 1414.7, 916.7 ] ] } },
{ "type": "Feature", "properties": { "name": "Annalee", "scalerank": 10, "featurecla": "River", "source": "ne_10m_rivers_europe" }, "geometry": { "type": "LineString", "coordinates": [ [ 1387.8, 892.7 ], [ 1385.6, 891.5 ], [ 1382.1, 890.0 ], [ 1378.6, 887.3 ], [ 1371.3, 885.0 ] ] } },
{ "type": "Feature", "properties": { "name": "Annalee", "scalerank": 10, "featurecla": "Lake Centerline", "source": "ne_10m_rivers_europe" }, "geometry": { "type": "LineString", "coordinates": [ [ 1414.7, 916.7 ], [ 1413.9, 909.0 ], [ 1412.2, 906.1 ], [ 1410.3, 902.5 ], [ 1407.8, 898.9 ], [ 1404.9, 896.1 ], [ 1401.9, 894.2 ], [ 1398.4, 893.4 ], [ 1387.8, 892.7 ] ] } },
{ "type": "Feature", "properties": { "name": "Blackwater", "scalerank": 10, "featurecla": "Lake Centerline", "source": "ne_10m_rivers_europe" }, "geometry": { "type": "LineString", "coordinates": [ [ 1514.5, 918.5 ], [ 1517.5, 916.6 ], [ 1519.2, 915.5 ], [ 1523.7, 914.3 ], [ 1528.2, 912.9 ], [ 1528.3, 912.9 ], [ 1528.9, 910.2 ], [ 1529.7, 907.8 ], [ 1531.3, 904.5 ], [ 1532.4, 902.5 ], [ 1532.7, 900.2 ], [ 1531.6, 897.9 ], [ 1529.3, 893.3 ], [ 1527.7, 890.9 ], [ 1528.2, 889.8 ], [ 1528.6, 888.4 ], [ 1529.8, 886.6 ], [ 1530.9, 885.4 ] ] } },
{ "type": "Feature", "properties": { "name": "Blackwater", "scalerank": 10, "featurecla": "River", "source": "ne_10m_rivers_europe" }, "geometry": { "type": "LineString", "coordinates": [ [ 1449.0, 919.1 ], [ 1454.5, 918.5 ], [ 1459.9, 918.7 ], [ 1461.5, 918.2 ], [ 1463.5, 918.2 ], [ 1466.6, 919.3 ], [ 1472.9, 922.9 ], [ 1475.3, 925.1 ], [ 1477.7, 927.9 ], [ 1479.3, 930.8 ], [ 1480.5, 934.9 ], [ 1482.2, 936.8 ], [ 1484.8, 937.3 ], [ 1486.0, 936.5 ], [ 1489.2, 933.8 ], [ 1489.6, 932.8 ], [ 1489.5, 930.6 ], [ 1491.2, 929.1 ], [ 1497.8, 932.1 ], [ 1498.4, 931.8 ], [ 1499.5, 929.4 ], [ 1500.7, 928.4 ], [ 1500.4, 927.3 ], [ 1500.8, 926.3 ], [ 1503.1, 925.8 ], [ 1505.1, 924.2 ], [ 1505.7, 922.3 ], [ 1509.6, 918.2 ], [ 1512.1, 917.4 ], [ 1513.2, 919.1 ], [ 1514.4, 918.6 ], [ 1514.4, 918.5 ], [ 1514.5, 918.5 ] ] } },
{ "type": "Feature", "properties": { "name": "Blackwater", "scalerank": 10, "featurecla": "River", "source": "ne_10m_rivers_europe" }, "geometry": { "type": "LineString", "coordinates": [ [ 1530.9, 885.4 ], [ 1530.9, 885.3 ], [ 1531.0, 885.4 ], [ 1532.4, 882.1 ], [ 1532.4, 882.1 ], [ 1532.3, 882.0 ], [ 1532.1, 881.2 ], [ 1531.9, 880.1 ], [ 1532.0, 879.7 ], [ 1532.0, 879.5 ], [ 1532.3, 878.0 ], [ 1532.5, 877.1 ], [ 1533.4, 875.6 ], [ 1533.4, 875.6 ], [ 1533.5, 875.6 ], [ 1534.5, 873.1 ], [ 1534.4, 869.1 ], [ 1535.1, 866.5 ], [ 1535.0, 863.1 ], [ 1533.9, 860.3 ], [ 1534.5, 859.0 ], [ 1535.1, 858.3 ], [ 1535.2, 856.9 ], [ 1534.8, 855.3 ], [ 1534.4, 854.3 ], [ 1532.4, 852.5 ], [ 1532.2, 851.5 ], [ 1532.9, 849.0 ], [ 1530.9, 845.5 ], [ 1530.9, 841.5 ], [ 1532.0, 840.3 ], [ 1532.5, 838.6 ], [ 1532.2, 835.3 ], [ 1531.1, 832.5 ], [ 1531.5, 830.1 ], [ 1530.8, 827.8 ], [ 1528.7, 823.8 ], [ 1528.3, 820.2 ], [ 1527.7, 818.8 ], [ 1526.4, 817.6 ], [ 1522.7, 814.4 ] ] } },
{ "type": "Feature", "properties": { "name": "Tweed", "scalerank": 10, "featurecla": "River", "source": "ne_10m_rivers_europe" }, "geometry": { "type": "LineString", "coordinates": [ [ 1812.9, 834.5 ], [ 1812.6, 832.2 ], [ 1812.7, 830.2 ], [ 1814.2, 828.3 ], [ 1819.9, 823.8 ], [ 1821.6, 821.4 ], [ 1822.5, 819.3 ], [ 1825.0, 816.0 ], [ 1826.2, 813.5 ], [ 1827.8, 811.2 ], [ 1832.7, 809.7 ], [ 1837.4, 806.3 ], [ 1839.8, 805.6 ], [ 1842.9, 806.1 ], [ 1846.9, 807.2 ], [ 1850.6, 809.1 ], [ 1855.3, 813.2 ], [ 1862.5, 814.1 ], [ 1866.7, 816.1 ], [ 1869.6, 818.6 ], [ 1871.2, 821.1 ], [ 1872.6, 822.2 ], [ 1874.8, 822.4 ], [ 1877.3, 821.3 ], [ 1880.3, 820.2 ], [ 1884.1, 820.8 ], [ 1887.3, 822.5 ], [ 1888.8, 824.3 ], [ 1890.9, 825.9 ], [ 1895.5, 826.9 ], [ 1900.7, 827.1 ], [ 1906.7, 825.8 ], [ 1909.3, 825.8 ], [ 1913.5, 823.0 ], [ 1917.0, 821.6 ], [ 1919.0, 821.2 ], [ 1920.2, 822.0 ], [ 1923.6, 822.6 ], [ 1924.9, 822.5 ], [ 1925.8, 822.2 ], [ 1926.6, 821.6 ], [ 1932.5, 815.2 ], [ 1933.1, 814.3 ], [ 1933.7, 813.2 ], [ 1934.2, 812.6 ], [ 1934.7, 812.2 ], [ 1935.6, 811.7 ], [ 1936.6, 810.9 ], [ 1937.2, 810.6 ], [ 1938.7, 810.2 ], [ 1939.1, 810.0 ], [ 1941.7, 808.0 ], [ 1942.2, 807.3 ], [ 1942.6, 806.6 ], [ 1943.2, 804.3 ], [ 1943.7, 803.1 ], [ 1944.2, 802.7 ], [ 1944.8, 802.5 ], [ 1948.9, 801.6 ] ] } },
{ "type": "Feature", "properties": { "name": "Tay", "scalerank": 10, "featurecla": "River", "source": "ne_10m_rivers_europe" }, "geometry": { "type": "LineString", "coordinates": [ [ 1740.1, 634.5 ], [ 1743.9, 633.2 ], [ 1746.3, 632.9 ], [ 1749.0, 632.0 ], [ 1756.5, 627.3 ], [ 1758.6, 626.7 ], [ 1764.9, 628.2 ], [ 1769.2, 628.6 ], [ 1771.2, 628.6 ] ] } },
{ "type": "Feature", "properties": { "name": "Tay", "scalerank": 10, "featurecla": "River", "source": "ne_10m_rivers_europe" }, "geometry": { "type": "LineString", "coordinates": [ [ 1791.3, 630.7 ], [ 1792.3, 630.8 ], [ 1804.2, 630.8 ], [ 1812.5, 632.2 ], [ 1819.0, 633.0 ], [ 1822.9, 633.0 ], [ 1825.1, 633.5 ], [ 1829.6, 635.7 ], [ 1832.0, 638.4 ], [ 1833.9, 641.2 ], [ 1835.2, 644.2 ], [ 1836.4, 647.6 ], [ 1837.1, 651.4 ], [ 1837.4, 655.6 ], [ 1838.3, 657.5 ], [ 1839.7, 659.6 ], [ 1842.7, 663.2 ], [ 1847.5, 666.2 ], [ 1850.2, 667.6 ], [ 1853.4, 667.7 ], [ 1853.9, 668.8 ], [ 1852.9, 670.9 ], [ 1847.5, 676.4 ], [ 1845.5, 679.6 ], [ 1844.9, 682.6 ], [ 1845.2, 684.8 ], [ 1846.0, 686.7 ], [ 1846.3, 689.1 ], [ 1846.9, 690.9 ], [ 1850.6, 692.3 ], [ 1853.9, 696.4 ] ] } },
{ "type": "Feature", "properties": { "name": "Tay", "scalerank": 10, "featurecla": "Lake Centerline", "source": "ne_10m_rivers_europe" }, "geometry": { "type": "LineString", "coordinates": [ [ 1771.2, 628.6 ], [ 1774.3, 628.5 ], [ 1778.3, 629.4 ], [ 1783.1, 629.4 ], [ 1791.3, 630.7 ] ] } },
{ "type": "Feature", "properties": { "name": null, "scalerank": 10, "featurecla": "River", "source": "ne_10m_rivers_europe" }, "geometry": { "type": "LineString", "coordinates": [ [ 3303.2, 733.1 ], [ 3305.7, 733.8 ], [ 3307.8, 731.5 ], [ 3311.4, 730.0 ], [ 3312.8, 730.6 ], [ 3313.9, 732.0 ], [ 3314.6, 733.7 ], [ 3314.7, 735.7 ], [ 3314.5, 738.0 ], [ 3313.8, 740.2 ], [ 3313.0, 741.7 ], [ 3312.6, 743.2 ], [ 3313.8, 747.8 ], [ 3314.0, 752.8 ], [ 3314.3, 754.6 ], [ 3314.2, 756.7 ], [ 3313.3, 760.2 ], [ 3311.1, 764.4 ], [ 3308.1, 768.5 ], [ 3304.6, 771.8 ], [ 3301.0, 774.0 ], [ 3298.0, 774.8 ], [ 3289.8, 774.1 ], [ 3286.4, 772.2 ], [ 3280.1, 772.1 ], [ 3268.1, 770.0 ], [ 3265.6, 770.1 ], [ 3264.5, 771.4 ], [ 3262.2, 773.2 ], [ 3259.5, 774.3 ], [ 3257.2, 774.1 ], [ 3254.6, 773.1 ], [ 3247.8, 771.3 ], [ 3246.0, 769.8 ], [ 3243.6, 769.3 ] ] } },
{ "type": "Feature", "properties": { "name": null, "scalerank": 10, "featurecla": "River", "source": "ne_10m_rivers_europe" }, "geometry": { "type": "LineString", "coordinates": [ [ 3298.1, 571.1 ], [ 3297.0, 571.9 ], [ 3295.9, 571.7 ], [ 3294.7, 570.3 ], [ 3293.9, 568.2 ], [ 3293.9, 564.6 ], [ 3293.4, 559.3 ], [ 3293.9, 557.0 ], [ 3295.1, 555.3 ], [ 3297.0, 554.2 ], [ 3299.4, 554.4 ], [ 3304.3, 557.9 ], [ 3306.2, 558.2 ], [ 3307.4, 557.2 ], [ 3308.4, 555.8 ], [ 3309.3, 555.5 ], [ 3310.5, 557.2 ], [ 3311.4, 561.5 ], [ 3311.7, 567.3 ], [ 3311.3, 572.7 ], [ 3310.6, 577.3 ], [ 3311.7, 581.3 ], [ 3311.8, 584.2 ], [ 3310.1, 589.6 ], [ 3302.6, 605.8 ], [ 3301.2, 610.4 ], [ 3301.2, 612.4 ], [ 3300.1, 615.2 ], [ 3299.7, 620.7 ], [ 3299.0, 623.7 ], [ 3297.6, 626.7 ], [ 3293.9, 633.5 ], [ 3292.1, 637.8 ], [ 3290.8, 643.5 ], [ 3290.1, 650.3 ], [ 3289.7, 656.5 ], [ 3289.1, 660.6 ], [ 3289.5, 663.2 ], [ 3291.5, 665.9 ], [ 3294.2, 668.0 ], [ 3297.9, 669.6 ], [ 3300.3, 671.6 ], [ 3302.5, 674.5 ], [ 3305.3, 679.8 ], [ 3306.9, 682.0 ], [ 3308.0, 684.4 ] ] } },
{ "type": "Feature", "properties": { "name": "Göta", "scalerank": 11, "featurecla": "River", "source": "ne_10m_rivers_europe" }, "geometry": { "type": "LineString", "coordinates": [ [ 3158.7, 564.4 ], [ 3158.8, 571.7 ], [ 3158.9, 575.5 ], [ 3158.8, 580.3 ], [ 3158.0, 585.0 ], [ 3156.4, 588.8 ], [ 3152.2, 593.5 ] ] } },
{ "type": "Feature", "properties": { "name": "Göta älv", "scalerank": 6, "featurecla": "River", "source": "ne_10m_rivers_lake_centerlines" }, "geometry": { "type": "LineString", "coordinates": [ [ 3142.5, 581.6 ], [ 3144.1, 579.8 ], [ 3145.9, 578.5 ], [ 3146.6, 577.8 ], [ 3147.3, 576.5 ], [ 3148.0, 574.0 ], [ 3148.5, 572.9 ], [ 3150.1, 571.4 ], [ 3154.3, 570.2 ], [ 3156.1, 569.0 ], [ 3157.3, 567.1 ], [ 3158.7, 564.4 ], [ 3159.8, 561.5 ], [ 3160.2, 558.9 ], [ 3160.9, 556.3 ], [ 3164.5, 552.7 ], [ 3165.6, 550.7 ], [ 3165.7, 548.9 ], [ 3165.1, 546.0 ], [ 3165.2, 544.9 ], [ 3165.7, 543.5 ], [ 3166.1, 541.9 ], [ 3166.3, 540.2 ], [ 3166.4, 538.5 ], [ 3166.2, 536.4 ], [ 3165.0, 531.6 ], [ 3164.9, 531.4 ], [ 3164.1, 530.3 ], [ 3163.9, 529.6 ], [ 3164.0, 529.0 ], [ 3164.7, 527.0 ], [ 3164.9, 526.3 ], [ 3164.9, 522.1 ], [ 3165.2, 519.3 ], [ 3165.8, 516.9 ], [ 3167.1, 514.0 ], [ 3168.4, 511.8 ], [ 3176.5, 501.7 ], [ 3179.4, 496.7 ], [ 3183.0, 493.0 ], [ 3184.1, 490.9 ], [ 3182.8, 488.7 ] ] } },
{ "type": "Feature", "properties": { "name": null, "scalerank": 10, "featurecla": "Lake Centerline", "source": "ne_10m_rivers_europe" }, "geometry": { "type": "LineString", "coordinates": [ [ 3188.5, 418.2 ], [ 3190.0, 422.3 ], [ 3192.0, 424.0 ], [ 3196.7, 422.0 ], [ 3200.2, 424.1 ], [ 3205.5, 429.7 ], [ 3208.7, 437.3 ], [ 3209.6, 445.7 ], [ 3206.8, 457.6 ] ] } },
{ "type": "Feature", "properties": { "name": "Verkselv", "scalerank": 10, "featurecla": "River", "source": "ne_10m_rivers_europe" }, "geometry": { "type": "LineString", "coordinates": [ [ 2873.0, 386.7 ], [ 2875.5, 390.6 ], [ 2876.4, 392.2 ], [ 2875.9, 394.1 ], [ 2873.3, 399.6 ], [ 2872.7, 401.7 ], [ 2873.6, 403.9 ], [ 2875.8, 407.2 ], [ 2877.7, 411.1 ], [ 2877.7, 414.6 ], [ 2876.1, 417.7 ], [ 2872.7, 422.6 ], [ 2871.6, 426.2 ], [ 2870.2, 428.6 ], [ 2869.7, 431.0 ], [ 2871.4, 432.9 ], [ 2874.5, 435.2 ], [ 2877.1, 438.4 ], [ 2879.9, 442.5 ], [ 2886.5, 451.0 ], [ 2888.0, 453.6 ], [ 2887.2, 457.3 ], [ 2881.3, 471.2 ], [ 2879.5, 476.9 ], [ 2879.3, 480.5 ], [ 2880.2, 483.0 ], [ 2882.3, 483.5 ], [ 2888.1, 480.7 ] ] } },
{ "type": "Feature", "properties": { "name": "Verkselv", "scalerank": 10, "featurecla": "River", "source": "ne_10m_rivers_europe" }, "geometry": { "type": "LineString", "coordinates": [ [ 2795.9, 328.3 ], [ 2800.6, 328.8 ], [ 2805.3, 328.8 ], [ 2813.2, 327.8 ], [ 2814.8, 328.6 ], [ 2815.3, 329.7 ], [ 2818.2, 330.8 ], [ 2823.7, 333.9 ], [ 2826.4, 334.7 ], [ 2829.5, 334.8 ], [ 2833.1, 334.3 ], [ 2836.8, 334.6 ], [ 2843.1, 338.2 ], [ 2845.6, 337.7 ], [ 2847.5, 336.6 ], [ 2849.0, 336.5 ], [ 2856.7, 338.4 ], [ 2863.9, 340.4 ], [ 2867.9, 340.8 ], [ 2871.4, 345.4 ] ] } },
{ "type": "Feature", "properties": { "name": null, "scalerank": 11, "featurecla": "Lake Centerline", "source": "ne_10m_rivers_europe" }, "geometry": { "type": "LineString", "coordinates": [ [ 3223.4, 379.1 ], [ 3220.5, 383.4 ], [ 3220.3, 393.4 ], [ 3220.5, 403.6 ], [ 3223.2, 408.4 ], [ 3226.3, 412.1 ], [ 3232.3, 427.0 ] ] } },
{ "type": "Feature", "properties": { "name": null, "scalerank": 11, "featurecla": "Lake Centerline", "source": "ne_10m_rivers_europe" }, "geometry": { "type": "LineString", "coordinates": [ [ 3318.4, 381.7 ], [ 3317.5, 381.2 ], [ 3313.3, 380.9 ], [ 3308.0, 383.7 ], [ 3300.8, 392.0 ], [ 3294.8, 390.3 ], [ 3285.1, 392.7 ], [ 3280.0, 394.7 ], [ 3270.9, 401.3 ], [ 3264.5, 410.1 ] ] } },
{ "type": "Feature", "properties": { "name": "Verkselv", "scalerank": 10, "featurecla": "Lake Centerline", "source": "ne_10m_rivers_europe" }, "geometry": { "type": "LineString", "coordinates": [ [ 2871.4, 345.4 ], [ 2873.7, 346.3 ], [ 2873.9, 348.3 ], [ 2871.6, 359.1 ], [ 2871.5, 366.4 ], [ 2872.4, 372.7 ], [ 2873.4, 377.0 ], [ 2874.0, 379.6 ], [ 2872.6, 383.0 ], [ 2872.1, 386.0 ], [ 2873.0, 386.7 ] ] } },
{ "type": "Feature", "properties": { "name": null, "scalerank": 10, "featurecla": "Lake Centerline", "source": "ne_10m_rivers_europe" }, "geometry": { "type": "LineString", "coordinates": [ [ 3127.5, 336.5 ], [ 3130.0, 340.5 ], [ 3131.6, 343.1 ], [ 3135.1, 346.1 ], [ 3137.3, 343.6 ], [ 3138.2, 340.0 ], [ 3139.4, 339.2 ], [ 3140.8, 340.4 ], [ 3141.1, 344.4 ], [ 3142.6, 347.1 ], [ 3143.7, 351.9 ], [ 3146.9, 356.0 ], [ 3152.5, 360.4 ], [ 3159.0, 366.7 ], [ 3162.4, 370.1 ], [ 3164.1, 371.3 ], [ 3165.5, 373.6 ], [ 3166.0, 376.3 ], [ 3167.2, 381.7 ], [ 3169.2, 384.6 ] ] } },
{ "type": "Feature", "properties": { "name": null, "scalerank": 10, "featurecla": "Lake Centerline", "source": "ne_10m_rivers_europe" }, "geometry": { "type": "LineString", "coordinates": [ [ 3243.7, 332.5 ], [ 3242.5, 337.4 ], [ 3243.8, 342.5 ], [ 3247.0, 345.8 ], [ 3253.0, 355.8 ], [ 3261.7, 373.9 ] ] } },
{ "type": "Feature", "properties": { "name": null, "scalerank": 10, "featurecla": "River", "source": "ne_10m_rivers_europe" }, "geometry": { "type": "LineString", "coordinates": [ [ 4096.0, 922.1 ], [ 4095.9, 922.0 ], [ 4094.3, 920.1 ], [ 4091.9, 919.1 ], [ 4084.3, 920.7 ], [ 4079.5, 918.8 ], [ 4076.9, 920.5 ], [ 4074.6, 922.5 ], [ 4073.1, 922.6 ], [ 4072.5, 920.8 ], [ 4072.3, 915.2 ], [ 4070.8, 912.6 ] ] } },
{ "type": "Feature", "properties": { "name": "Neman", "scalerank": 7, "featurecla": "River", "source": "ne_10m_rivers_lake_centerlines" }, "geometry": { "type": "LineString", "coordinates": [ [ 4096.0, 907.7 ], [ 4091.8, 909.7 ], [ 4075.3, 910.6 ], [ 4066.2, 914.7 ], [ 4065.3, 916.0 ], [ 4064.6, 917.6 ], [ 4063.2, 919.1 ], [ 4061.2, 919.6 ], [ 4058.7, 919.3 ], [ 4056.5, 917.9 ], [ 4055.2, 915.5 ], [ 4054.8, 913.0 ], [ 4054.2, 911.4 ], [ 4053.0, 910.8 ], [ 4050.8, 911.4 ], [ 4048.8, 913.5 ], [ 4048.1, 914.0 ], [ 4047.2, 913.8 ], [ 4044.8, 912.7 ], [ 4041.6, 912.5 ], [ 4039.7, 911.6 ], [ 4036.3, 909.5 ], [ 4030.1, 909.2 ], [ 4028.3, 908.2 ], [ 4026.5, 906.4 ], [ 4019.5, 902.6 ], [ 4015.7, 901.4 ], [ 4006.8, 902.6 ], [ 4003.2, 900.5 ], [ 3996.3, 892.0 ], [ 3993.2, 889.7 ], [ 3991.0, 890.4 ], [ 3984.9, 897.6 ] ] } },
{ "type": "Feature", "properties": { "name": "Usha", "scalerank": 11, "featurecla": "River", "source": "ne_10m_rivers_europe" }, "geometry": { "type": "LineString", "coordinates": [ [ 3994.8, 890.9 ], [ 3992.7, 883.4 ], [ 3991.5, 881.9 ], [ 3989.7, 881.0 ], [ 3987.8, 880.6 ], [ 3985.7, 881.0 ], [ 3981.5, 882.7 ] ] } },
{ "type": "Feature", "properties": { "name": "Venta", "scalerank": 10, "featurecla": "River", "source": "ne_10m_rivers_europe" }, "geometry": { "type": "LineString", "coordinates": [ [ 4078.0, 798.1 ], [ 4079.7, 798.4 ], [ 4081.2, 798.1 ], [ 4083.7, 795.2 ], [ 4085.7, 794.3 ], [ 4087.5, 791.5 ], [ 4089.3, 790.7 ], [ 4091.7, 790.8 ], [ 4094.3, 791.2 ], [ 4096.0, 791.0 ] ] } },
{ "type": "Feature", "properties": { "name": "Venta", "scalerank": 10, "featurecla": "River", "source": "ne_10m_rivers_europe" }, "geometry": { "type": "LineString", "coordinates": [ [ 4096.0, 739.1 ], [ 4094.4, 737.2 ], [ 4084.2, 734.0 ], [ 4080.0, 731.2 ], [ 4076.4, 729.6 ], [ 4075.3, 728.6 ], [ 4073.5, 727.8 ], [ 4065.3, 727.4 ], [ 4060.7, 726.1 ], [ 4056.5, 724.4 ], [ 4050.5, 722.5 ], [ 4048.2, 720.8 ], [ 4046.7, 720.7 ], [ 4044.3, 719.8 ], [ 4041.0, 717.1 ], [ 4038.4, 713.4 ], [ 4037.5, 710.2 ], [ 4037.3, 707.5 ], [ 4036.5, 705.2 ], [ 4034.3, 703.0 ], [ 4023.3, 695.2 ], [ 4021.0, 692.8 ], [ 4018.5, 689.1 ], [ 4015.6, 687.5 ], [ 4014.5, 685.5 ], [ 4013.3, 684.2 ], [ 4012.3, 682.7 ], [ 4012.7, 679.6 ], [ 4011.8, 676.1 ], [ 4013.8, 674.3 ], [ 4014.4, 672.9 ], [ 4014.0, 669.8 ], [ 4012.6, 664.7 ], [ 4010.7, 659.5 ], [ 4008.7, 656.2 ], [ 4007.8, 653.5 ], [ 4008.2, 649.8 ], [ 4009.2, 645.5 ], [ 4009.4, 638.7 ], [ 4011.0, 636.4 ], [ 4011.0, 634.5 ], [ 4008.9, 631.2 ], [ 4000.8, 622.1 ], [ 3999.4, 618.8 ], [ 3999.3, 617.0 ], [ 3996.2, 613.7 ], [ 3990.4, 606.2 ], [ 3988.3, 604.6 ], [ 3986.9, 605.1 ], [ 3985.8, 606.4 ], [ 3984.2, 606.5 ], [ 3981.8, 604.3 ], [ 3979.6, 600.9 ], [ 3978.3, 598.1 ], [ 3976.7, 596.4 ], [ 3973.7, 595.4 ], [ 3969.9, 593.3 ], [ 3966.4, 589.0 ], [ 3963.4, 584.4 ], [ 3959.5, 579.6 ], [ 3958.5, 576.8 ], [ 3958.0, 573.7 ], [ 3957.9, 571.0 ], [ 3958.2, 568.8 ], [ 3958.7, 566.9 ], [ 3958.9, 565.5 ], [ 3958.0, 564.1 ], [ 3954.5, 562.5 ] ] } },
{ "type": "Feature", "properties": { "name": null, "scalerank": 11, "featurecla": "River", "source": "ne_10m_rivers_europe" }, "geometry": { "type": "LineString", "coordinates": [ [ 3370.8, 606.0 ], [ 3373.1, 605.8 ], [ 3374.5, 605.0 ], [ 3374.6, 603.5 ], [ 3374.4, 600.3 ], [ 3375.8, 590.0 ], [ 3376.1, 583.8 ], [ 3376.8, 581.0 ], [ 3375.5, 578.3 ], [ 3375.3, 576.8 ], [ 3374.8, 574.9 ], [ 3371.6, 570.5 ], [ 3370.9, 569.2 ], [ 3369.4, 567.5 ], [ 3365.9, 564.4 ], [ 3361.9, 561.6 ], [ 3359.5, 560.6 ], [ 3358.4, 563.1 ], [ 3357.6, 568.6 ], [ 3356.2, 573.6 ], [ 3353.4, 574.9 ], [ 3350.2, 573.5 ], [ 3347.8, 572.1 ], [ 3346.4, 570.6 ], [ 3345.5, 567.1 ] ] } },
{ "type": "Feature", "properties": { "name": null, "scalerank": 12, "featurecla": "Lake Centerline", "source": "ne_10m_rivers_europe" }, "geometry": { "type": "LineString", "coordinates": [ [ 3403.6, 525.1 ], [ 3405.5, 526.7 ], [ 3409.4, 530.5 ], [ 3415.8, 532.0 ], [ 3421.1, 531.6 ], [ 3427.1, 531.1 ], [ 3430.9, 532.4 ], [ 3433.9, 532.5 ] ] } },
{ "type": "Feature", "properties": { "name": null, "scalerank": 11, "featurecla": "Lake Centerline", "source": "ne_10m_rivers_europe" }, "geometry": { "type": "LineString", "coordinates": [ [ 3345.5, 567.1 ], [ 3343.6, 563.4 ], [ 3343.1, 552.1 ], [ 3343.0, 544.0 ], [ 3344.9, 532.6 ], [ 3348.5, 524.7 ], [ 3349.5, 517.8 ], [ 3356.2, 498.4 ], [ 3357.9, 486.2 ], [ 3362.0, 477.1 ], [ 3366.9, 468.3 ], [ 3369.8, 463.6 ], [ 3372.9, 459.0 ], [ 3379.9, 455.7 ], [ 3383.2, 455.1 ], [ 3387.7, 456.0 ], [ 3392.3, 455.3 ], [ 3396.2, 454.5 ] ] } },
{ "type": "Feature", "properties": { "name": null, "scalerank": 12, "featurecla": "River", "source": "ne_10m_rivers_europe" }, "geometry": { "type": "LineString", "coordinates": [ [ 3378.4, 545.5 ], [ 3376.8, 548.0 ], [ 3374.9, 549.0 ], [ 3372.7, 547.9 ], [ 3371.0, 544.9 ], [ 3370.0, 541.4 ], [ 3371.2, 538.4 ], [ 3374.6, 536.2 ], [ 3378.5, 535.4 ], [ 3380.8, 535.5 ], [ 3381.7, 536.9 ], [ 3382.4, 541.9 ], [ 3382.9, 544.4 ], [ 3384.3, 546.4 ], [ 3386.7, 548.2 ], [ 3388.7, 548.5 ], [ 3389.5, 547.2 ], [ 3389.6, 543.9 ], [ 3390.3, 539.7 ], [ 3391.6, 536.1 ], [ 3393.2, 534.4 ], [ 3394.8, 534.6 ], [ 3397.3, 536.0 ], [ 3397.8, 535.5 ], [ 3398.5, 533.6 ], [ 3400.0, 531.0 ], [ 3401.7, 526.9 ], [ 3403.6, 525.1 ] ] } },
{ "type": "Feature", "properties": { "name": null, "scalerank": 12, "featurecla": "River", "source": "ne_10m_rivers_europe" }, "geometry": { "type": "LineString", "coordinates": [ [ 3433.9, 532.5 ], [ 3437.0, 530.6 ], [ 3439.8, 529.5 ], [ 3442.2, 529.5 ], [ 3445.2, 530.5 ], [ 3451.2, 533.5 ], [ 3453.7, 534.2 ], [ 3455.5, 533.8 ], [ 3456.6, 532.6 ], [ 3457.0, 529.9 ], [ 3457.2, 525.9 ], [ 3457.8, 522.3 ], [ 3459.1, 520.7 ], [ 3460.1, 518.9 ], [ 3460.2, 514.6 ], [ 3459.1, 509.7 ], [ 3457.3, 506.1 ], [ 3455.7, 503.9 ], [ 3454.9, 502.2 ], [ 3455.4, 499.6 ], [ 3458.5, 490.9 ], [ 3458.5, 488.1 ], [ 3458.2, 486.4 ], [ 3459.7, 483.0 ], [ 3459.9, 481.0 ], [ 3460.4, 479.4 ], [ 3461.9, 478.4 ], [ 3462.5, 477.4 ], [ 3461.0, 475.4 ], [ 3458.0, 472.2 ], [ 3452.7, 464.7 ], [ 3450.7, 462.3 ], [ 3449.6, 460.5 ], [ 3449.2, 458.2 ], [ 3449.4, 456.7 ] ] } },
{ "type": "Feature", "properties": { "name": null, "scalerank": 12, "featurecla": "Lake Centerline", "source": "ne_10m_rivers_europe" }, "geometry": { "type": "LineString", "coordinates": [ [ 3449.4, 456.7 ], [ 3449.8, 453.4 ] ] } },
{ "type": "Feature", "properties": { "name": "Motala ström", "scalerank": 8, "featurecla": "Lake Centerline", "source": "ne_10m_rivers_lake_centerlines" }, "geometry": { "type": "LineString", "coordinates": [ [ 3420.4, 447.3 ], [ 3416.9, 448.1 ], [ 3413.6, 448.3 ], [ 3408.0, 447.2 ], [ 3404.5, 448.0 ], [ 3402.3, 450.0 ] ] } },
{ "type": "Feature", "properties": { "name": "Motala ström", "scalerank": 8, "featurecla": "Lake Centerline", "source": "ne_10m_rivers_lake_centerlines" }, "geometry": { "type": "LineString", "coordinates": [ [ 3475.3, 449.9 ], [ 3467.1, 449.7 ], [ 3459.6, 449.7 ], [ 3453.9, 451.5 ], [ 3448.6, 453.9 ], [ 3444.3, 455.0 ], [ 3441.2, 454.9 ] ] } },
{ "type": "Feature", "properties": { "name": "Motala ström", "scalerank": 8, "featurecla": "River", "source": "ne_10m_rivers_lake_centerlines" }, "geometry": { "type": "LineString", "coordinates": [ [ 3512.9, 452.4 ], [ 3503.3, 450.2 ], [ 3493.4, 450.8 ], [ 3485.4, 450.4 ], [ 3480.3, 449.8 ], [ 3475.3, 449.9 ] ] } },
{ "type": "Feature", "properties": { "name": "Motala ström", "scalerank": 8, "featurecla": "River", "source": "ne_10m_rivers_lake_centerlines" }, "geometry": { "type": "LineString", "coordinates": [ [ 3441.1, 454.8 ], [ 3429.9, 449.6 ], [ 3424.4, 449.0 ], [ 3420.4, 447.3 ] ] } },
{ "type": "Feature", "properties": { "name": "Motala ström", "scalerank": 8, "featurecla": "River", "source": "ne_10m_rivers_lake_centerlines" }, "geometry": { "type": "LineString", "coordinates": [ [ 3402.3, 450.0 ], [ 3401.7, 451.7 ], [ 3399.8, 454.0 ], [ 3399.1, 454.5 ], [ 3397.9, 454.7 ], [ 3396.2, 454.5 ] ] } },
{ "type": "Feature", "properties": { "name": null, "scalerank": 11, "featurecla": "Lake Centerline", "source": "ne_10m_rivers_europe" }, "geometry": { "type": "LineString", "coordinates": [ [ 3536.5, 395.2 ], [ 3536.1, 392.6 ], [ 3534.7, 391.0 ], [ 3535.2, 388.5 ], [ 3541.2, 388.5 ], [ 3543.6, 390.4 ] ] } },
{ "type": "Feature", "properties": { "name": null, "scalerank": 11, "featurecla": "River", "source": "ne_10m_rivers_europe" }, "geometry": { "type": "LineString", "coordinates": [ [ 3524.6, 392.3 ], [ 3524.7, 392.4 ], [ 3529.1, 393.6 ], [ 3532.1, 395.1 ], [ 3534.5, 395.8 ], [ 3536.5, 395.2 ] ] } },
{ "type": "Feature", "properties": { "name": null, "scalerank": 11, "featurecla": "River", "source": "ne_10m_rivers_europe" }, "geometry": { "type": "LineString", "coordinates": [ [ 3543.6, 390.4 ], [ 3546.1, 391.7 ], [ 3547.8, 393.3 ], [ 3548.9, 393.9 ], [ 3549.8, 395.1 ], [ 3550.8, 397.8 ], [ 3552.1, 400.4 ], [ 3553.5, 401.1 ], [ 3554.9, 401.4 ], [ 3556.2, 403.1 ], [ 3558.3, 405.5 ] ] } },
{ "type": "Feature", "properties": { "name": null, "scalerank": 11, "featurecla": "River", "source": "ne_10m_rivers_europe" }, "geometry": { "type": "LineString", "coordinates": [ [ 3422.0, 386.2 ], [ 3423.2, 388.7 ], [ 3424.6, 390.7 ], [ 3426.4, 392.1 ], [ 3428.5, 392.7 ], [ 3438.4, 392.0 ], [ 3443.2, 393.1 ], [ 3446.6, 395.7 ], [ 3449.5, 398.6 ], [ 3453.1, 400.7 ], [ 3459.0, 402.4 ], [ 3465.5, 401.9 ], [ 3469.0, 400.9 ], [ 3470.8, 399.4 ], [ 3470.0, 396.9 ], [ 3464.1, 390.3 ], [ 3463.2, 387.6 ], [ 3463.6, 385.5 ] ] } },
{ "type": "Feature", "properties": { "name": null, "scalerank": 11, "featurecla": "River", "source": "ne_10m_rivers_europe" }, "geometry": { "type": "LineString", "coordinates": [ [ 3478.4, 385.4 ], [ 3479.2, 383.1 ], [ 3480.0, 380.3 ], [ 3481.2, 375.0 ], [ 3483.0, 374.0 ], [ 3485.3, 374.6 ], [ 3490.2, 377.2 ], [ 3502.5, 380.8 ], [ 3511.5, 385.0 ] ] } },
{ "type": "Feature", "properties": { "name": null, "scalerank": 11, "featurecla": "Lake Centerline", "source": "ne_10m_rivers_europe" }, "geometry": { "type": "LineString", "coordinates": [ [ 3511.5, 385.0 ], [ 3515.5, 386.9 ], [ 3524.6, 392.3 ] ] } },
{ "type": "Feature", "properties": { "name": "Mane", "scalerank": 10, "featurecla": "Lake Centerline", "source": "ne_10m_rivers_europe" }, "geometry": { "type": "LineString", "coordinates": [ [ 2933.7, 333.2 ], [ 2932.6, 336.3 ], [ 2932.8, 339.8 ], [ 2934.2, 343.6 ], [ 2936.6, 346.6 ], [ 2939.0, 348.3 ], [ 2941.3, 349.4 ], [ 2943.5, 351.1 ], [ 2945.1, 353.0 ], [ 2946.8, 356.4 ], [ 2948.5, 358.4 ], [ 2952.0, 362.5 ], [ 2954.8, 364.3 ] ] } },
{ "type": "Feature", "properties": { "name": null, "scalerank": 10, "featurecla": "River", "source": "ne_10m_rivers_europe" }, "geometry": { "type": "LineString", "coordinates": [ [ 3169.2, 384.6 ], [ 3169.5, 385.1 ], [ 3171.0, 387.2 ], [ 3172.7, 390.5 ], [ 3173.9, 393.8 ], [ 3174.2, 396.2 ], [ 3174.8, 398.6 ], [ 3176.5, 401.6 ], [ 3181.7, 407.9 ], [ 3183.9, 410.9 ], [ 3185.3, 414.2 ], [ 3188.5, 418.2 ] ] } },
{ "type": "Feature", "properties": { "name": null, "scalerank": 10, "featurecla": "River", "source": "ne_10m_rivers_europe" }, "geometry": { "type": "LineString", "coordinates": [ [ 3114.7, 231.4 ], [ 3113.9, 231.4 ], [ 3113.2, 232.3 ], [ 3112.9, 234.7 ], [ 3112.2, 237.6 ], [ 3110.5, 240.0 ], [ 3109.1, 242.5 ], [ 3109.0, 246.0 ], [ 3110.1, 248.9 ], [ 3111.6, 250.1 ], [ 3113.1, 250.7 ], [ 3114.5, 251.9 ], [ 3115.0, 254.1 ], [ 3114.7, 256.8 ], [ 3113.5, 259.4 ], [ 3111.6, 261.3 ], [ 3109.8, 264.2 ], [ 3108.8, 269.1 ], [ 3108.7, 274.7 ], [ 3109.1, 279.3 ], [ 3110.7, 284.0 ], [ 3116.5, 295.8 ], [ 3117.9, 299.9 ], [ 3118.9, 304.6 ], [ 3120.8, 311.7 ], [ 3122.7, 319.9 ], [ 3123.9, 332.4 ], [ 3125.1, 335.7 ], [ 3127.5, 336.5 ] ] } },
{ "type": "Feature", "properties": { "name": null, "scalerank": 11, "featurecla": "Lake Centerline", "source": "ne_10m_rivers_europe" }, "geometry": { "type": "LineString", "coordinates": [ [ 3187.4, 286.7 ], [ 3190.4, 292.1 ], [ 3194.2, 295.9 ], [ 3197.2, 299.8 ], [ 3200.2, 302.6 ], [ 3203.3, 306.1 ], [ 3205.1, 307.4 ], [ 3207.7, 314.8 ], [ 3211.0, 318.6 ], [ 3212.9, 323.3 ], [ 3215.5, 329.0 ], [ 3217.2, 330.7 ], [ 3217.1, 333.2 ] ] } },
{ "type": "Feature", "properties": { "name": null, "scalerank": 11, "featurecla": "River", "source": "ne_10m_rivers_europe" }, "geometry": { "type": "LineString", "coordinates": [ [ 3217.1, 333.2 ], [ 3213.5, 338.2 ], [ 3213.2, 341.7 ], [ 3213.9, 345.4 ], [ 3216.0, 351.1 ], [ 3216.4, 353.3 ], [ 3217.7, 356.2 ], [ 3224.1, 364.7 ], [ 3225.5, 368.2 ], [ 3225.4, 371.2 ], [ 3225.0, 374.5 ], [ 3224.2, 377.1 ], [ 3223.4, 379.1 ] ] } },
{ "type": "Feature", "properties": { "name": null, "scalerank": 11, "featurecla": "River", "source": "ne_10m_rivers_europe" }, "geometry": { "type": "LineString", "coordinates": [ [ 3186.6, 281.6 ], [ 3187.4, 286.7 ] ] } },
{ "type": "Feature", "properties": { "name": null, "scalerank": 11, "featurecla": "River", "source": "ne_10m_rivers_europe" }, "geometry": { "type": "LineString", "coordinates": [ [ 3134.4, 215.6 ], [ 3135.7, 223.8 ], [ 3136.0, 227.1 ], [ 3136.0, 230.2 ], [ 3135.7, 233.8 ], [ 3135.0, 237.4 ], [ 3132.7, 242.9 ], [ 3132.7, 244.7 ], [ 3133.6, 245.7 ], [ 3136.4, 247.0 ], [ 3138.0, 248.9 ], [ 3139.2, 251.5 ], [ 3139.9, 255.8 ], [ 3140.9, 256.6 ], [ 3142.5, 257.2 ], [ 3144.5, 258.5 ], [ 3146.1, 260.3 ], [ 3147.8, 263.6 ], [ 3150.0, 265.8 ], [ 3151.4, 267.6 ], [ 3152.9, 271.3 ], [ 3156.0, 281.9 ], [ 3157.0, 284.8 ], [ 3158.0, 285.6 ], [ 3159.2, 285.6 ], [ 3160.2, 284.6 ], [ 3161.4, 281.0 ], [ 3163.8, 276.9 ], [ 3165.5, 270.0 ], [ 3167.1, 267.7 ], [ 3169.2, 267.4 ], [ 3175.0, 271.7 ], [ 3178.4, 273.6 ] ] } },
{ "type": "Feature", "properties": { "name": "Mane", "scalerank": 10, "featurecla": "River", "source": "ne_10m_rivers_europe" }, "geometry": { "type": "LineString", "coordinates": [ [ 2954.8, 364.3 ], [ 2960.9, 363.9 ], [ 2963.5, 367.2 ], [ 2964.0, 370.5 ], [ 2963.7, 375.2 ] ] } },
{ "type": "Feature", "properties": { "name": "Mane", "scalerank": 10, "featurecla": "River", "source": "ne_10m_rivers_europe" }, "geometry": { "type": "LineString", "coordinates": [ [ 2916.5, 279.4 ], [ 2916.9, 283.4 ], [ 2920.8, 286.1 ], [ 2925.6, 287.8 ], [ 2928.9, 289.8 ], [ 2930.6, 292.0 ], [ 2932.6, 296.0 ], [ 2934.0, 297.3 ], [ 2935.0, 298.7 ], [ 2935.0, 300.8 ], [ 2934.6, 303.4 ], [ 2934.5, 305.9 ], [ 2934.9, 308.2 ], [ 2936.8, 312.8 ], [ 2937.6, 315.6 ], [ 2938.1, 319.3 ], [ 2938.1, 323.7 ], [ 2937.2, 327.9 ], [ 2935.6, 330.8 ], [ 2933.7, 333.2 ] ] } },
{ "type": "Feature", "properties": { "name": "Mane", "scalerank": 10, "featurecla": "River", "source": "ne_10m_rivers_europe" }, "geometry": { "type": "LineString", "coordinates": [ [ 2859.5, 264.8 ], [ 2865.4, 263.3 ], [ 2870.5, 260.5 ], [ 2876.4, 257.7 ], [ 2888.1, 255.4 ], [ 2891.6, 253.4 ], [ 2893.8, 251.3 ], [ 2898.6, 249.1 ], [ 2899.7, 249.0 ] ] } },
{ "type": "Feature", "properties": { "name": "Mane", "scalerank": 10, "featurecla": "River", "source": "ne_10m_rivers_europe" }, "geometry": { "type": "LineString", "coordinates": [ [ 2763.6, 215.6 ], [ 2769.2, 219.8 ], [ 2771.6, 222.1 ], [ 2774.4, 223.2 ], [ 2781.7, 222.2 ], [ 2785.8, 223.5 ], [ 2792.3, 223.8 ], [ 2795.0, 225.1 ], [ 2796.9, 226.5 ], [ 2799.4, 227.7 ], [ 2800.7, 229.2 ], [ 2803.6, 230.9 ], [ 2808.6, 232.2 ], [ 2813.6, 232.6 ], [ 2819.6, 232.3 ], [ 2824.0, 232.8 ], [ 2828.5, 234.1 ], [ 2831.7, 235.7 ], [ 2833.3, 237.5 ], [ 2835.4, 241.1 ], [ 2837.8, 243.5 ] ] } },
{ "type": "Feature", "properties": { "name": "Vorma", "scalerank": 6, "featurecla": "Lake Centerline", "source": "ne_10m_rivers_lake_centerlines" }, "geometry": { "type": "LineString", "coordinates": [ [ 3088.7, 319.2 ], [ 3088.3, 321.0 ], [ 3087.4, 324.3 ], [ 3085.4, 329.9 ], [ 3085.2, 331.7 ], [ 3085.2, 334.2 ] ] } },
{ "type": "Feature", "properties": { "name": "Vorma", "scalerank": 6, "featurecla": "Lake Centerline", "source": "ne_10m_rivers_lake_centerlines" }, "geometry": { "type": "LineString", "coordinates": [ [ 3080.9, 253.3 ], [ 3080.4, 255.1 ], [ 3081.3, 259.0 ], [ 3083.1, 261.3 ], [ 3084.8, 263.7 ], [ 3086.6, 268.3 ], [ 3087.2, 271.7 ], [ 3088.4, 286.4 ], [ 3088.8, 289.0 ], [ 3088.8, 292.9 ], [ 3088.1, 293.4 ] ] } },
{ "type": "Feature", "properties": { "name": null, "scalerank": 10, "featurecla": "Lake Centerline", "source": "ne_10m_rivers_europe" }, "geometry": { "type": "LineString", "coordinates": [ [ 3238.4, 261.5 ], [ 3239.3, 266.6 ], [ 3240.1, 271.1 ], [ 3241.2, 275.3 ], [ 3244.7, 280.9 ], [ 3248.3, 284.0 ], [ 3251.9, 289.6 ], [ 3254.2, 296.2 ], [ 3254.4, 299.8 ], [ 3253.1, 302.0 ] ] } },
{ "type": "Feature", "properties": { "name": "Lågen", "scalerank": 11, "featurecla": "River", "source": "ne_10m_rivers_europe" }, "geometry": { "type": "LineString", "coordinates": [ [ 2907.7, 188.4 ], [ 2908.9, 188.1 ], [ 2910.7, 189.6 ], [ 2912.1, 191.1 ], [ 2913.8, 196.8 ], [ 2914.7, 198.3 ], [ 2915.5, 201.3 ], [ 2916.0, 207.4 ], [ 2916.8, 214.7 ], [ 2918.3, 220.3 ], [ 2920.2, 223.6 ], [ 2923.4, 226.4 ], [ 2924.9, 228.6 ], [ 2926.9, 230.8 ], [ 2932.4, 233.6 ], [ 2935.3, 237.2 ], [ 2937.4, 241.1 ], [ 2938.9, 245.2 ], [ 2940.7, 247.1 ], [ 2940.7, 248.4 ], [ 2941.1, 250.8 ], [ 2942.7, 254.6 ], [ 2945.5, 258.5 ], [ 2948.9, 261.3 ], [ 2952.7, 263.3 ], [ 2956.2, 264.5 ], [ 2958.5, 266.7 ], [ 2959.4, 270.4 ], [ 2959.5, 274.7 ], [ 2960.0, 278.6 ], [ 2961.1, 282.2 ], [ 2964.5, 290.2 ], [ 2966.1, 297.0 ], [ 2967.8, 299.2 ], [ 2970.3, 300.4 ], [ 2973.2, 301.2 ], [ 2975.6, 302.5 ], [ 2976.8, 304.7 ], [ 2977.7, 307.9 ], [ 2979.2, 311.4 ], [ 2981.0, 314.1 ], [ 2982.8, 315.0 ], [ 2984.4, 315.3 ], [ 2987.7, 317.0 ], [ 2989.8, 317.7 ], [ 2991.7, 319.1 ], [ 2992.7, 321.4 ], [ 2992.6, 324.7 ], [ 2992.0, 328.2 ], [ 2990.5, 331.9 ], [ 2986.3, 338.6 ], [ 2984.9, 341.6 ], [ 2984.2, 344.1 ], [ 2984.0, 346.3 ], [ 2984.5, 347.8 ], [ 2986.6, 350.0 ], [ 2987.9, 354.5 ], [ 2991.3, 361.4 ], [ 2993.8, 368.0 ], [ 2996.2, 370.7 ], [ 2997.2, 373.1 ], [ 2997.8, 376.5 ], [ 2998.1, 380.2 ], [ 2999.5, 390.8 ] ] } },
{ "type": "Feature", "properties": { "name": "Lågen", "scalerank": 11, "featurecla": "River", "source": "ne_10m_rivers_europe" }, "geometry": { "type": "LineString", "coordinates": [ [ 2784.5, 193.4 ], [ 2785.2, 195.0 ], [ 2786.5, 196.5 ], [ 2788.8, 198.0 ], [ 2790.9, 200.1 ], [ 2792.8, 205.0 ], [ 2794.2, 206.2 ], [ 2795.9, 207.0 ], [ 2799.0, 209.7 ], [ 2802.9, 210.2 ], [ 2805.2, 211.2 ], [ 2807.6, 211.7 ], [ 2812.6, 210.3 ], [ 2815.7, 211.4 ], [ 2820.4, 210.8 ], [ 2826.6, 206.2 ], [ 2833.0, 199.1 ], [ 2842.5, 187.3 ], [ 2847.0, 182.9 ], [ 2851.2, 180.2 ], [ 2858.5, 178.2 ], [ 2863.8, 175.6 ], [ 2868.6, 175.7 ], [ 2880.2, 173.1 ], [ 2883.5, 171.7 ], [ 2887.8, 170.5 ], [ 2893.3, 170.4 ], [ 2897.9, 171.1 ] ] } },
{ "type": "Feature", "properties": { "name": null, "scalerank": 11, "featurecla": "Lake Centerline", "source": "ne_10m_rivers_europe" }, "geometry": { "type": "LineString", "coordinates": [ [ 3178.4, 273.6 ], [ 3185.8, 274.8 ], [ 3187.1, 278.1 ], [ 3186.6, 281.6 ] ] } },
{ "type": "Feature", "properties": { "name": "Mane", "scalerank": 10, "featurecla": "Lake Centerline", "source": "ne_10m_rivers_europe" }, "geometry": { "type": "LineString", "coordinates": [ [ 2899.7, 249.0 ], [ 2902.7, 247.6 ], [ 2904.6, 249.0 ], [ 2911.4, 261.3 ], [ 2915.0, 265.9 ], [ 2915.4, 268.5 ], [ 2915.4, 270.9 ], [ 2915.8, 272.7 ], [ 2916.0, 275.2 ], [ 2916.5, 279.4 ] ] } },
{ "type": "Feature", "properties": { "name": null, "scalerank": 11, "featurecla": "Lake Centerline", "source": "ne_10m_rivers_europe" }, "geometry": { "type": "LineString", "coordinates": [ [ 3463.6, 385.5 ], [ 3463.6, 385.5 ], [ 3465.7, 381.9 ], [ 3469.7, 382.5 ], [ 3472.6, 383.5 ], [ 3474.0, 384.0 ], [ 3476.3, 384.7 ], [ 3478.4, 385.4 ] ] } },
{ "type": "Feature", "properties": { "name": null, "scalerank": 11, "featurecla": "Lake Centerline", "source": "ne_10m_rivers_europe" }, "geometry": { "type": "LineString", "coordinates": [ [ 3339.3, 371.9 ], [ 3337.6, 377.0 ], [ 3336.4, 379.9 ], [ 3335.0, 384.3 ], [ 3332.8, 386.9 ], [ 3327.9, 387.8 ], [ 3324.1, 388.3 ], [ 3320.9, 389.8 ] ] } },
{ "type": "Feature", "properties": { "name": "Svartån", "scalerank": 10, "featurecla": "Lake Centerline", "source": "ne_10m_rivers_europe" }, "geometry": { "type": "LineString", "coordinates": [ [ 3360.3, 376.8 ], [ 3361.0, 373.8 ], [ 3363.0, 368.5 ] ] } },
{ "type": "Feature", "properties": { "name": "Svartån", "scalerank": 10, "featurecla": "River", "source": "ne_10m_rivers_europe" }, "geometry": { "type": "LineString", "coordinates": [ [ 3371.3, 406.4 ], [ 3371.4, 403.0 ], [ 3370.6, 400.3 ], [ 3368.5, 398.3 ], [ 3366.0, 396.5 ], [ 3364.1, 394.0 ], [ 3363.2, 391.3 ], [ 3363.1, 386.8 ], [ 3362.5, 384.4 ], [ 3360.3, 376.8 ] ] } },
{ "type": "Feature", "properties": { "name": "Svartån", "scalerank": 10, "featurecla": "River", "source": "ne_10m_rivers_europe" }, "geometry": { "type": "LineString", "coordinates": [ [ 3363.0, 368.5 ], [ 3364.5, 366.1 ], [ 3365.2, 362.2 ], [ 3366.3, 360.4 ], [ 3368.3, 359.3 ], [ 3370.8, 359.1 ], [ 3373.5, 358.5 ], [ 3375.8, 356.3 ], [ 3377.6, 352.9 ], [ 3379.1, 349.2 ], [ 3380.9, 346.7 ], [ 3383.4, 346.3 ], [ 3385.8, 346.8 ], [ 3387.4, 346.6 ], [ 3388.4, 346.9 ], [ 3389.5, 348.6 ], [ 3390.8, 349.8 ], [ 3394.3, 348.3 ], [ 3398.6, 350.9 ], [ 3401.4, 351.4 ], [ 3404.3, 350.7 ], [ 3408.9, 348.4 ], [ 3418.5, 350.4 ], [ 3420.2, 351.2 ], [ 3421.9, 351.5 ], [ 3427.2, 349.9 ], [ 3429.6, 349.9 ], [ 3431.4, 347.1 ], [ 3433.0, 345.7 ], [ 3434.8, 345.5 ], [ 3436.5, 346.7 ], [ 3437.0, 348.4 ] ] } },
{ "type": "Feature", "properties": { "name": "Svartån", "scalerank": 10, "featurecla": "River", "source": "ne_10m_rivers_europe" }, "geometry": { "type": "LineString", "coordinates": [ [ 3501.7, 322.5 ], [ 3504.2, 320.2 ], [ 3505.6, 318.8 ], [ 3506.6, 316.8 ], [ 3507.4, 314.7 ], [ 3507.1, 313.0 ], [ 3504.0, 310.2 ], [ 3503.3, 308.3 ], [ 3503.5, 306.4 ], [ 3505.5, 301.8 ], [ 3506.5, 298.7 ], [ 3506.8, 295.7 ] ] } },
{ "type": "Feature", "properties": { "name": "Svartån", "scalerank": 10, "featurecla": "Lake Centerline", "source": "ne_10m_rivers_europe" }, "geometry": { "type": "LineString", "coordinates": [ [ 3437.0, 348.4 ], [ 3438.9, 348.7 ], [ 3443.3, 346.8 ], [ 3447.2, 343.7 ], [ 3450.3, 338.8 ], [ 3452.6, 337.9 ], [ 3457.4, 337.1 ], [ 3458.9, 336.1 ], [ 3462.3, 335.1 ], [ 3477.3, 334.2 ], [ 3483.7, 333.2 ], [ 3488.5, 331.4 ], [ 3492.9, 329.3 ], [ 3500.3, 326.6 ], [ 3501.7, 322.5 ] ] } },
{ "type": "Feature", "properties": { "name": null, "scalerank": 11, "featurecla": "Lake Centerline", "source": "ne_10m_rivers_europe" }, "geometry": { "type": "LineString", "coordinates": [ [ 3352.5, 283.1 ], [ 3353.8, 286.1 ], [ 3354.3, 289.0 ], [ 3354.5, 292.5 ], [ 3356.4, 295.3 ], [ 3357.9, 298.1 ] ] } },
{ "type": "Feature", "properties": { "name": null, "scalerank": 11, "featurecla": "River", "source": "ne_10m_rivers_europe" }, "geometry": { "type": "LineString", "coordinates": [ [ 3320.9, 389.8 ], [ 3320.5, 385.4 ], [ 3320.1, 383.6 ], [ 3319.3, 382.1 ], [ 3318.4, 381.7 ] ] } },
{ "type": "Feature", "properties": { "name": null, "scalerank": 11, "featurecla": "River", "source": "ne_10m_rivers_europe" }, "geometry": { "type": "LineString", "coordinates": [ [ 3357.9, 298.1 ], [ 3362.8, 299.7 ], [ 3364.8, 301.0 ], [ 3365.6, 302.6 ], [ 3364.8, 305.7 ], [ 3365.2, 310.1 ], [ 3364.9, 312.4 ], [ 3364.1, 314.8 ], [ 3362.8, 317.1 ], [ 3361.3, 319.0 ], [ 3358.2, 321.7 ], [ 3356.9, 323.4 ], [ 3356.1, 325.6 ], [ 3355.7, 330.3 ], [ 3354.4, 332.8 ], [ 3347.8, 339.9 ], [ 3347.0, 341.8 ], [ 3346.5, 343.9 ], [ 3343.8, 350.0 ], [ 3342.5, 353.7 ], [ 3341.7, 357.4 ], [ 3341.1, 363.3 ], [ 3339.5, 367.2 ], [ 3339.3, 371.9 ] ] } },
{ "type": "Feature", "properties": { "name": null, "scalerank": 11, "featurecla": "River", "source": "ne_10m_rivers_europe" }, "geometry": { "type": "LineString", "coordinates": [ [ 3349.7, 282.3 ], [ 3352.5, 283.1 ] ] } },
{ "type": "Feature", "properties": { "name": null, "scalerank": 11, "featurecla": "River", "source": "ne_10m_rivers_europe" }, "geometry": { "type": "LineString", "coordinates": [ [ 3300.4, 182.2 ], [ 3303.4, 180.0 ], [ 3304.9, 179.7 ], [ 3306.1, 180.6 ], [ 3307.9, 184.7 ], [ 3309.0, 186.3 ], [ 3311.1, 189.8 ], [ 3314.1, 196.8 ], [ 3317.0, 204.8 ], [ 3318.5, 210.7 ], [ 3320.3, 216.0 ], [ 3327.8, 229.0 ], [ 3329.7, 233.7 ], [ 3330.5, 236.9 ], [ 3331.5, 239.8 ], [ 3333.1, 241.8 ], [ 3336.6, 243.9 ], [ 3338.1, 247.3 ], [ 3340.6, 250.2 ], [ 3343.3, 254.3 ], [ 3344.6, 259.4 ], [ 3344.7, 263.7 ], [ 3345.0, 268.2 ] ] } },
{ "type": "Feature", "properties": { "name": null, "scalerank": 11, "featurecla": "Lake Centerline", "source": "ne_10m_rivers_europe" }, "geometry": { "type": "LineString", "coordinates": [ [ 3345.0, 268.2 ], [ 3345.2, 270.1 ], [ 3346.2, 274.9 ], [ 3348.1, 278.5 ], [ 3349.7, 282.3 ] ] } },
{ "type": "Feature", "properties": { "name": null, "scalerank": 12, "featurecla": "Lake Centerline", "source": "ne_10m_rivers_europe" }, "geometry": { "type": "LineString", "coordinates": [ [ 3588.6, 241.5 ], [ 3587.9, 242.6 ], [ 3587.7, 244.9 ], [ 3588.5, 246.4 ], [ 3589.3, 248.7 ], [ 3590.0, 250.7 ], [ 3590.0, 253.1 ], [ 3590.2, 255.9 ], [ 3589.1, 257.5 ], [ 3588.0, 258.8 ], [ 3586.8, 259.5 ], [ 3586.9, 261.0 ], [ 3588.1, 262.2 ], [ 3589.8, 263.9 ], [ 3594.8, 266.0 ], [ 3599.4, 267.3 ], [ 3601.0, 267.9 ], [ 3603.3, 269.9 ], [ 3604.8, 272.6 ], [ 3605.8, 275.1 ], [ 3606.1, 277.1 ], [ 3606.0, 279.5 ], [ 3605.0, 282.5 ], [ 3604.2, 285.6 ], [ 3604.2, 288.1 ], [ 3604.3, 290.7 ], [ 3604.2, 292.9 ], [ 3604.0, 295.4 ], [ 3604.3, 298.6 ], [ 3605.0, 302.8 ], [ 3606.2, 307.4 ] ] } },
{ "type": "Feature", "properties": { "name": "Arbogaan", "scalerank": 12, "featurecla": "River", "source": "ne_10m_rivers_europe" }, "geometry": { "type": "LineString", "coordinates": [ [ 3353.8, 214.4 ], [ 3356.1, 214.0 ], [ 3358.0, 214.9 ], [ 3359.4, 217.4 ], [ 3360.4, 220.1 ], [ 3362.0, 223.1 ], [ 3363.1, 229.4 ], [ 3365.9, 235.8 ], [ 3367.3, 240.1 ], [ 3369.1, 244.1 ], [ 3371.6, 246.9 ], [ 3375.0, 248.6 ], [ 3383.4, 251.3 ], [ 3390.1, 254.4 ], [ 3393.1, 254.5 ], [ 3395.1, 255.9 ], [ 3396.5, 258.9 ], [ 3396.2, 263.1 ], [ 3395.2, 267.2 ], [ 3394.9, 270.2 ], [ 3395.5, 272.3 ], [ 3399.1, 277.0 ], [ 3401.1, 280.0 ], [ 3402.5, 283.0 ], [ 3403.4, 285.5 ], [ 3404.4, 286.9 ], [ 3406.3, 287.3 ], [ 3408.1, 288.7 ], [ 3409.3, 296.5 ], [ 3411.0, 298.7 ], [ 3412.8, 299.1 ], [ 3414.9, 298.6 ], [ 3418.6, 301.5 ], [ 3419.9, 302.1 ], [ 3420.8, 302.8 ], [ 3423.2, 307.5 ], [ 3425.4, 309.8 ], [ 3427.9, 311.0 ], [ 3432.1, 310.9 ], [ 3437.5, 312.7 ], [ 3438.8, 314.0 ], [ 3444.7, 311.5 ], [ 3446.2, 310.3 ], [ 3448.1, 311.8 ], [ 3449.8, 312.1 ], [ 3451.8, 313.1 ], [ 3455.9, 312.9 ], [ 3463.5, 310.7 ], [ 3471.5, 307.5 ], [ 3476.2, 305.1 ], [ 3479.6, 303.6 ], [ 3485.3, 302.1 ], [ 3487.2, 302.3 ], [ 3489.7, 302.7 ], [ 3495.2, 301.2 ], [ 3503.7, 297.7 ], [ 3506.8, 295.7 ], [ 3510.5, 294.0 ], [ 3513.5, 293.1 ], [ 3518.9, 292.2 ], [ 3524.2, 291.7 ], [ 3528.4, 289.0 ], [ 3533.9, 288.4 ], [ 3540.7, 291.1 ], [ 3544.9, 293.1 ], [ 3551.2, 296.9 ], [ 3557.6, 297.2 ], [ 3562.9, 296.7 ], [ 3567.5, 297.6 ], [ 3570.9, 298.6 ], [ 3574.6, 298.9 ], [ 3579.7, 301.4 ], [ 3585.2, 303.2 ], [ 3589.7, 304.4 ], [ 3597.6, 305.2 ], [ 3601.3, 305.9 ], [ 3606.2, 307.4 ], [ 3612.4, 309.7 ], [ 3616.0, 310.0 ], [ 3619.4, 309.3 ], [ 3622.0, 307.2 ], [ 3624.6, 305.9 ], [ 3626.9, 306.4 ], [ 3629.5, 306.7 ], [ 3631.3, 307.1 ], [ 3633.2, 307.3 ] ] } },
{ "type": "Feature", "properties": { "name": "Vorma", "scalerank": 6, "featurecla": "River", "source": "ne_10m_rivers_lake_centerlines" }, "geometry": { "type": "LineString", "coordinates": [ [ 3080.9, 253.3 ], [ 3082.9, 251.1 ], [ 3085.7, 245.3 ], [ 3087.7, 242.7 ], [ 3092.7, 237.8 ], [ 3094.2, 235.6 ], [ 3099.1, 226.5 ], [ 3104.2, 221.7 ], [ 3105.5, 219.5 ], [ 3105.7, 218.3 ], [ 3105.6, 217.0 ], [ 3105.6, 215.4 ], [ 3106.2, 213.7 ], [ 3107.2, 212.9 ], [ 3111.1, 212.5 ], [ 3113.1, 210.9 ], [ 3116.7, 206.8 ], [ 3119.1, 205.9 ], [ 3121.0, 204.8 ], [ 3122.2, 202.4 ], [ 3123.6, 200.4 ], [ 3126.1, 200.5 ], [ 3134.4, 203.2 ], [ 3138.5, 206.9 ], [ 3140.5, 207.2 ], [ 3144.8, 206.3 ], [ 3146.0, 206.8 ], [ 3146.7, 207.5 ], [ 3147.2, 207.4 ], [ 3148.2, 205.7 ], [ 3148.4, 204.4 ], [ 3148.8, 200.7 ], [ 3149.1, 199.9 ], [ 3149.2, 198.3 ], [ 3147.4, 188.2 ], [ 3147.7, 186.2 ], [ 3148.3, 185.3 ], [ 3148.9, 184.7 ], [ 3149.6, 183.5 ], [ 3149.7, 181.9 ], [ 3149.2, 180.3 ], [ 3148.5, 178.7 ], [ 3148.1, 177.2 ], [ 3148.2, 175.2 ], [ 3148.9, 172.4 ], [ 3149.0, 171.2 ], [ 3148.7, 169.7 ], [ 3148.2, 168.6 ], [ 3147.8, 167.4 ], [ 3147.8, 166.0 ], [ 3148.5, 165.1 ], [ 3149.8, 164.5 ], [ 3150.8, 163.7 ], [ 3150.5, 162.2 ], [ 3147.8, 157.1 ] ] } },
{ "type": "Feature", "properties": { "name": "Vorma", "scalerank": 6, "featurecla": "River", "source": "ne_10m_rivers_lake_centerlines" }, "geometry": { "type": "LineString", "coordinates": [ [ 3088.7, 319.2 ], [ 3088.0, 316.3 ], [ 3081.4, 309.8 ], [ 3079.3, 306.7 ], [ 3078.8, 303.5 ], [ 3079.3, 301.9 ], [ 3081.8, 299.3 ], [ 3084.1, 294.6 ], [ 3085.4, 293.2 ], [ 3088.1, 293.4 ] ] } },
{ "type": "Feature", "properties": { "name": "Vorma", "scalerank": 6, "featurecla": "River", "source": "ne_10m_rivers_lake_centerlines" }, "geometry": { "type": "LineString", "coordinates": [ [ 3067.1, 366.2 ], [ 3068.8, 363.7 ], [ 3070.9, 360.9 ], [ 3074.3, 355.0 ], [ 3076.7, 353.0 ], [ 3082.4, 352.5 ], [ 3084.3, 348.9 ], [ 3082.6, 347.1 ], [ 3083.1, 342.4 ], [ 3085.2, 334.2 ] ] } },
{ "type": "Feature", "properties": { "name": "Mane", "scalerank": 10, "featurecla": "Lake Centerline", "source": "ne_10m_rivers_europe" }, "geometry": { "type": "LineString", "coordinates": [ [ 2837.8, 243.5 ], [ 2840.9, 246.1 ], [ 2841.3, 247.4 ], [ 2840.2, 250.0 ], [ 2839.0, 252.3 ], [ 2838.4, 254.2 ], [ 2838.8, 255.8 ], [ 2840.7, 257.0 ], [ 2842.7, 258.6 ], [ 2848.0, 259.0 ], [ 2851.8, 261.6 ], [ 2856.7, 264.7 ], [ 2859.5, 264.8 ] ] } },
{ "type": "Feature", "properties": { "name": null, "scalerank": 10, "featurecla": "River", "source": "ne_10m_rivers_europe" }, "geometry": { "type": "LineString", "coordinates": [ [ 3253.1, 302.0 ], [ 3249.8, 304.9 ], [ 3249.2, 307.9 ], [ 3248.6, 311.7 ], [ 3247.5, 315.3 ], [ 3246.9, 318.5 ], [ 3248.1, 323.8 ], [ 3247.1, 325.8 ], [ 3245.6, 327.4 ], [ 3244.8, 329.1 ], [ 3243.7, 332.5 ] ] } },
{ "type": "Feature", "properties": { "name": null, "scalerank": 10, "featurecla": "River", "source": "ne_10m_rivers_europe" }, "geometry": { "type": "LineString", "coordinates": [ [ 3238.0, 257.0 ], [ 3238.4, 261.5 ] ] } },
{ "type": "Feature", "properties": { "name": null, "scalerank": 10, "featurecla": "River", "source": "ne_10m_rivers_europe" }, "geometry": { "type": "LineString", "coordinates": [ [ 3181.4, 146.4 ], [ 3185.0, 149.7 ], [ 3187.6, 152.6 ], [ 3188.6, 155.0 ], [ 3188.3, 157.0 ], [ 3186.3, 160.4 ], [ 3186.0, 162.4 ], [ 3186.4, 164.3 ], [ 3187.6, 167.2 ], [ 3187.5, 169.1 ], [ 3187.8, 171.3 ], [ 3189.3, 173.4 ], [ 3191.6, 174.8 ], [ 3195.8, 175.1 ], [ 3197.1, 175.9 ], [ 3198.1, 178.3 ], [ 3199.2, 182.5 ], [ 3201.4, 187.3 ], [ 3204.9, 191.1 ], [ 3208.7, 194.1 ], [ 3211.5, 196.8 ], [ 3213.1, 198.9 ], [ 3214.9, 202.6 ], [ 3218.6, 207.3 ], [ 3221.4, 212.0 ], [ 3223.0, 213.0 ], [ 3224.7, 213.5 ], [ 3226.3, 214.4 ], [ 3227.8, 217.0 ] ] } },
{ "type": "Feature", "properties": { "name": null, "scalerank": 10, "featurecla": "Lake Centerline", "source": "ne_10m_rivers_europe" }, "geometry": { "type": "LineString", "coordinates": [ [ 3227.8, 217.0 ], [ 3229.0, 220.1 ], [ 3232.0, 225.8 ], [ 3234.1, 229.4 ], [ 3234.7, 232.5 ], [ 3235.3, 236.6 ], [ 3236.4, 241.0 ], [ 3238.3, 247.9 ], [ 3238.0, 257.0 ] ] } },
{ "type": "Feature", "properties": { "name": "Begna", "scalerank": 10, "featurecla": "Lake Centerline", "source": "ne_10m_rivers_europe" }, "geometry": { "type": "LineString", "coordinates": [ [ 3005.6, 224.2 ], [ 3005.1, 224.7 ], [ 3002.1, 231.4 ], [ 2996.6, 237.2 ], [ 2993.9, 240.8 ], [ 2992.5, 243.8 ] ] } },
{ "type": "Feature", "properties": { "name": "Klarälven", "scalerank": 8, "featurecla": "Lake Centerline", "source": "ne_10m_rivers_lake_centerlines" }, "geometry": { "type": "LineString", "coordinates": [ [ 3188.2, 78.2 ], [ 3187.3, 78.6 ], [ 3185.9, 79.5 ], [ 3184.4, 80.9 ], [ 3183.5, 83.1 ], [ 3183.7, 85.6 ], [ 3184.0, 87.1 ], [ 3185.1, 91.0 ] ] } },
{ "type": "Feature", "properties": { "name": "Klarälven", "scalerank": 8, "featurecla": "Lake Centerline", "source": "ne_10m_rivers_lake_centerlines" }, "geometry": { "type": "LineString", "coordinates": [ [ 3267.8, 332.6 ], [ 3266.4, 334.5 ], [ 3263.0, 336.8 ], [ 3260.3, 341.1 ], [ 3260.0, 347.8 ], [ 3260.3, 358.5 ], [ 3261.7, 373.9 ], [ 3265.0, 386.7 ], [ 3266.3, 397.6 ], [ 3264.5, 410.1 ], [ 3258.3, 419.3 ], [ 3251.6, 423.1 ], [ 3244.7, 423.9 ], [ 3232.3, 427.0 ], [ 3221.3, 436.7 ], [ 3210.3, 452.8 ], [ 3206.8, 457.5 ], [ 3203.1, 463.3 ], [ 3198.7, 471.5 ], [ 3194.0, 477.0 ], [ 3184.3, 481.7 ], [ 3182.7, 485.1 ], [ 3182.8, 488.7 ] ] } },
{ "type": "Feature", "properties": { "name": "Hallingdalselva", "scalerank": 12, "featurecla": "Lake Centerline", "source": "ne_10m_rivers_europe" }, "geometry": { "type": "LineString", "coordinates": [ [ 2960.3, 179.7 ], [ 2962.4, 181.2 ], [ 2963.4, 183.0 ], [ 2963.9, 184.5 ], [ 2964.0, 185.7 ], [ 2966.0, 190.0 ], [ 2967.4, 193.6 ], [ 2967.5, 196.4 ], [ 2966.6, 198.2 ], [ 2965.0, 199.5 ], [ 2963.8, 201.0 ], [ 2963.1, 203.0 ], [ 2962.8, 205.4 ], [ 2963.1, 211.3 ], [ 2965.0, 213.5 ], [ 2968.9, 214.4 ], [ 2972.2, 215.3 ], [ 2974.8, 217.9 ] ] } },
{ "type": "Feature", "properties": { "name": "Hallingdalselva", "scalerank": 12, "featurecla": "River", "source": "ne_10m_rivers_europe" }, "geometry": { "type": "LineString", "coordinates": [ [ 2974.8, 217.9 ], [ 2976.2, 221.0 ], [ 2977.2, 224.3 ], [ 2979.4, 227.2 ], [ 2980.4, 229.3 ], [ 2980.8, 231.6 ], [ 2980.7, 233.2 ], [ 2981.3, 235.4 ], [ 2986.4, 243.1 ], [ 2987.8, 246.6 ], [ 2988.2, 249.8 ] ] } },
{ "type": "Feature", "properties": { "name": "Hallingdalselva", "scalerank": 12, "featurecla": "River", "source": "ne_10m_rivers_europe" }, "geometry": { "type": "LineString", "coordinates": [ [ 2790.0, 138.7 ], [ 2794.3, 141.4 ], [ 2798.1, 143.4 ], [ 2803.5, 144.9 ], [ 2808.0, 148.8 ], [ 2813.2, 150.5 ], [ 2816.1, 152.0 ], [ 2820.0, 152.4 ], [ 2822.0, 155.7 ], [ 2823.9, 157.0 ], [ 2828.6, 158.1 ], [ 2832.7, 160.0 ], [ 2835.6, 160.3 ], [ 2838.8, 161.7 ], [ 2841.0, 162.0 ], [ 2843.6, 161.2 ], [ 2849.1, 157.1 ], [ 2853.2, 156.0 ], [ 2856.5, 154.4 ], [ 2860.0, 152.1 ], [ 2864.3, 148.1 ], [ 2865.9, 147.2 ], [ 2867.7, 147.2 ], [ 2869.8, 147.6 ], [ 2873.1, 147.1 ], [ 2877.5, 144.7 ], [ 2884.5, 139.2 ], [ 2886.6, 138.0 ], [ 2891.5, 137.5 ], [ 2894.4, 136.0 ], [ 2899.6, 135.2 ], [ 2903.5, 133.3 ], [ 2908.0, 132.3 ], [ 2912.6, 130.6 ], [ 2915.1, 130.8 ], [ 2917.7, 133.8 ], [ 2920.3, 139.8 ], [ 2922.9, 146.5 ], [ 2927.2, 154.5 ], [ 2929.9, 161.7 ], [ 2931.3, 163.1 ], [ 2933.0, 164.1 ], [ 2937.2, 168.5 ], [ 2939.6, 169.8 ], [ 2941.4, 172.3 ], [ 2942.9, 172.8 ], [ 2944.9, 172.6 ], [ 2947.2, 171.7 ], [ 2949.6, 171.5 ], [ 2951.8, 172.8 ], [ 2953.3, 174.6 ], [ 2954.1, 176.1 ], [ 2955.0, 177.0 ], [ 2960.3, 179.7 ] ] } },
{ "type": "Feature", "properties": { "name": "Lågen", "scalerank": 11, "featurecla": "Lake Centerline", "source": "ne_10m_rivers_europe" }, "geometry": { "type": "LineString", "coordinates": [ [ 2897.9, 171.1 ], [ 2902.6, 172.0 ], [ 2906.0, 174.2 ], [ 2905.5, 177.8 ], [ 2905.9, 182.7 ], [ 2907.7, 188.4 ] ] } },
{ "type": "Feature", "properties": { "name": "Begna", "scalerank": 10, "featurecla": "Lake Centerline", "source": "ne_10m_rivers_europe" }, "geometry": { "type": "LineString", "coordinates": [ [ 2991.3, 153.2 ], [ 2992.9, 154.7 ], [ 2996.3, 156.3 ], [ 2997.3, 157.7 ], [ 2997.3, 160.1 ], [ 2996.8, 163.7 ], [ 2996.1, 167.1 ], [ 2996.8, 169.5 ], [ 2998.1, 172.2 ], [ 2997.3, 178.5 ], [ 2998.1, 181.8 ] ] } },
{ "type": "Feature", "properties": { "name": "Begna", "scalerank": 10, "featurecla": "River", "source": "ne_10m_rivers_europe" }, "geometry": { "type": "LineString", "coordinates": [ [ 2992.5, 243.8 ], [ 2992.1, 244.4 ], [ 2990.8, 248.8 ], [ 2988.5, 250.3 ], [ 2987.8, 251.8 ], [ 2987.0, 253.9 ], [ 2985.7, 256.3 ], [ 2984.7, 259.1 ], [ 2984.4, 262.4 ], [ 2984.5, 265.4 ], [ 2984.2, 267.9 ], [ 2984.1, 269.9 ], [ 2984.8, 272.1 ], [ 2986.6, 274.1 ], [ 2989.0, 275.7 ], [ 2992.3, 276.6 ], [ 2995.9, 275.6 ], [ 3000.8, 275.0 ], [ 3007.5, 278.5 ], [ 3011.2, 280.8 ] ] } },
{ "type": "Feature", "properties": { "name": "Begna", "scalerank": 10, "featurecla": "River", "source": "ne_10m_rivers_europe" }, "geometry": { "type": "LineString", "coordinates": [ [ 2998.1, 181.8 ], [ 2999.4, 185.7 ], [ 3000.7, 187.7 ], [ 3002.3, 189.1 ], [ 3004.2, 191.2 ], [ 3005.5, 194.0 ], [ 3005.5, 197.0 ], [ 3005.9, 200.2 ], [ 3010.7, 207.6 ], [ 3011.7, 211.7 ], [ 3011.3, 215.4 ], [ 3010.6, 218.6 ], [ 3009.3, 220.9 ], [ 3005.6, 224.2 ] ] } },
{ "type": "Feature", "properties": { "name": "Begna", "scalerank": 10, "featurecla": "River", "source": "ne_10m_rivers_europe" }, "geometry": { "type": "LineString", "coordinates": [ [ 2860.6, 64.7 ], [ 2859.5, 60.4 ], [ 2859.2, 56.6 ], [ 2859.7, 53.7 ], [ 2861.8, 52.0 ], [ 2865.0, 51.2 ], [ 2868.2, 51.9 ], [ 2872.3, 55.8 ], [ 2878.7, 58.7 ], [ 2881.9, 60.6 ], [ 2885.0, 61.5 ], [ 2888.5, 60.8 ], [ 2891.7, 59.8 ], [ 2894.1, 60.0 ], [ 2895.8, 60.5 ], [ 2898.9, 60.3 ], [ 2908.6, 64.2 ], [ 2912.2, 66.3 ], [ 2914.3, 68.7 ], [ 2915.6, 71.2 ], [ 2919.2, 75.6 ], [ 2921.9, 79.3 ], [ 2925.9, 85.7 ], [ 2927.0, 87.2 ], [ 2928.6, 88.0 ], [ 2935.9, 88.3 ], [ 2937.8, 88.7 ], [ 2938.9, 89.7 ], [ 2940.6, 92.6 ], [ 2944.4, 94.9 ], [ 2949.6, 100.5 ], [ 2952.5, 103.8 ], [ 2955.8, 110.0 ], [ 2958.4, 112.0 ], [ 2960.2, 115.2 ], [ 2964.0, 118.1 ], [ 2967.2, 121.4 ], [ 2968.5, 122.2 ], [ 2969.4, 123.3 ], [ 2970.7, 128.6 ], [ 2972.6, 132.4 ], [ 2973.0, 134.9 ], [ 2973.9, 136.9 ], [ 2976.1, 137.6 ], [ 2979.0, 138.0 ], [ 2981.9, 139.1 ], [ 2984.2, 140.7 ], [ 2987.2, 143.5 ], [ 2989.8, 145.2 ], [ 2990.8, 146.5 ], [ 2991.4, 148.4 ], [ 2991.8, 151.0 ], [ 2991.3, 153.2 ] ] } },
{ "type": "Feature", "properties": { "name": "Klarälven", "scalerank": 8, "featurecla": "River", "source": "ne_10m_rivers_lake_centerlines" }, "geometry": { "type": "LineString", "coordinates": [ [ 3188.2, 78.2 ], [ 3189.0, 75.7 ], [ 3188.4, 72.2 ], [ 3187.0, 69.1 ], [ 3185.4, 67.8 ], [ 3185.4, 67.2 ], [ 3184.8, 65.8 ], [ 3183.5, 63.6 ], [ 3182.5, 62.5 ], [ 3177.5, 59.4 ], [ 3176.7, 58.5 ], [ 3175.8, 57.0 ], [ 3175.3, 55.5 ], [ 3174.9, 53.9 ], [ 3174.4, 52.8 ], [ 3171.8, 51.5 ], [ 3170.3, 49.4 ], [ 3165.6, 40.0 ], [ 3164.1, 37.6 ], [ 3161.5, 35.5 ], [ 3160.3, 32.9 ], [ 3158.5, 27.4 ], [ 3158.4, 26.6 ], [ 3158.2, 25.5 ], [ 3158.0, 24.5 ], [ 3157.7, 24.1 ], [ 3157.3, 24.0 ], [ 3156.0, 23.1 ], [ 3154.9, 21.8 ], [ 3153.1, 20.5 ], [ 3152.4, 19.6 ], [ 3151.3, 17.0 ], [ 3150.5, 14.6 ], [ 3149.3, 8.6 ], [ 3148.1, 5.4 ], [ 3146.5, 3.5 ], [ 3144.5, 2.6 ], [ 3142.2, 2.4 ], [ 3140.6, 1.3 ], [ 3139.8, 0.0 ] ] } },
{ "type": "Feature", "properties": { "name": "Klarälven", "scalerank": 8, "featurecla": "River", "source": "ne_10m_rivers_lake_centerlines" }, "geometry": { "type": "LineString", "coordinates": [ [ 3267.8, 332.6 ], [ 3268.8, 328.7 ], [ 3268.9, 327.0 ], [ 3268.4, 325.3 ], [ 3267.2, 323.0 ], [ 3265.4, 320.5 ], [ 3264.5, 319.0 ], [ 3264.1, 317.3 ], [ 3263.5, 313.0 ], [ 3263.4, 310.9 ], [ 3264.0, 308.8 ], [ 3264.9, 307.6 ], [ 3267.3, 306.7 ], [ 3268.4, 305.9 ], [ 3267.8, 303.8 ], [ 3268.3, 302.2 ], [ 3269.2, 300.6 ], [ 3269.7, 298.4 ], [ 3269.4, 295.5 ], [ 3268.6, 294.3 ], [ 3266.1, 293.3 ], [ 3263.8, 290.3 ], [ 3262.7, 286.9 ], [ 3263.3, 284.0 ], [ 3266.2, 282.7 ], [ 3265.8, 281.0 ], [ 3265.2, 277.6 ], [ 3264.8, 276.4 ], [ 3263.7, 275.0 ], [ 3262.7, 274.4 ], [ 3261.9, 273.5 ], [ 3261.2, 271.2 ], [ 3262.7, 269.6 ], [ 3265.9, 267.3 ], [ 3267.4, 265.7 ], [ 3267.0, 263.6 ], [ 3267.0, 261.1 ], [ 3267.4, 259.0 ], [ 3269.2, 257.1 ], [ 3269.2, 254.8 ], [ 3268.9, 252.4 ], [ 3268.8, 250.7 ], [ 3268.5, 250.5 ], [ 3267.7, 249.6 ], [ 3268.3, 248.7 ], [ 3268.8, 247.4 ], [ 3269.5, 244.3 ], [ 3268.6, 242.7 ], [ 3267.5, 241.7 ], [ 3265.0, 240.4 ], [ 3266.0, 239.5 ], [ 3268.2, 238.3 ], [ 3269.1, 236.9 ], [ 3268.8, 236.4 ], [ 3268.7, 235.9 ], [ 3268.6, 235.4 ], [ 3268.4, 234.8 ], [ 3269.7, 232.8 ], [ 3267.8, 230.0 ], [ 3262.6, 225.6 ], [ 3263.8, 224.5 ], [ 3266.5, 224.1 ], [ 3267.8, 223.2 ], [ 3267.1, 222.2 ], [ 3266.4, 220.5 ], [ 3265.7, 218.4 ], [ 3265.4, 216.5 ], [ 3265.7, 213.9 ], [ 3265.4, 213.1 ], [ 3264.4, 212.8 ], [ 3263.7, 212.4 ], [ 3263.6, 211.6 ], [ 3263.7, 210.5 ], [ 3264.0, 209.6 ], [ 3262.7, 207.5 ], [ 3262.4, 205.1 ], [ 3262.3, 202.7 ], [ 3261.9, 200.2 ], [ 3261.5, 200.0 ], [ 3261.0, 200.2 ], [ 3260.5, 200.4 ], [ 3260.2, 199.7 ], [ 3260.2, 198.5 ], [ 3260.1, 198.0 ], [ 3259.9, 197.5 ], [ 3259.3, 197.0 ], [ 3258.6, 196.6 ], [ 3258.1, 196.0 ], [ 3257.4, 192.3 ], [ 3256.5, 190.5 ], [ 3255.2, 189.3 ], [ 3252.7, 188.3 ], [ 3251.8, 186.9 ], [ 3250.4, 183.8 ], [ 3248.3, 180.8 ], [ 3243.8, 175.9 ], [ 3241.7, 173.0 ], [ 3240.9, 171.0 ], [ 3240.4, 168.8 ], [ 3239.6, 167.0 ], [ 3238.2, 166.3 ], [ 3237.5, 165.4 ], [ 3235.0, 158.9 ], [ 3230.7, 151.8 ], [ 3229.6, 150.7 ], [ 3228.6, 150.2 ], [ 3227.8, 148.9 ], [ 3226.5, 145.7 ], [ 3220.5, 135.7 ], [ 3216.3, 133.3 ], [ 3215.1, 132.1 ], [ 3210.3, 124.0 ], [ 3208.2, 122.2 ], [ 3203.4, 119.8 ], [ 3201.4, 117.4 ], [ 3200.9, 116.1 ], [ 3200.1, 113.1 ], [ 3199.4, 111.7 ], [ 3198.3, 110.7 ], [ 3196.0, 109.6 ], [ 3195.1, 108.7 ], [ 3194.2, 106.0 ], [ 3193.5, 102.5 ], [ 3192.7, 99.5 ], [ 3191.3, 98.3 ], [ 3186.3, 96.3 ], [ 3185.8, 95.5 ], [ 3185.4, 94.2 ], [ 3185.1, 92.7 ], [ 3185.1, 91.0 ] ] } },
{ "type": "Feature", "properties": { "name": "Vorma", "scalerank": 9, "featurecla": "Lake Centerline", "source": "ne_10m_rivers_lake_centerlines" }, "geometry": { "type": "LineString", "coordinates": [ [ 3024.8, 66.9 ], [ 3025.3, 68.5 ], [ 3025.7, 72.7 ], [ 3025.3, 77.1 ], [ 3026.0, 80.0 ], [ 3029.7, 84.2 ], [ 3034.9, 88.0 ], [ 3040.1, 93.9 ], [ 3044.9, 101.7 ], [ 3046.2, 103.2 ], [ 3046.3, 106.3 ], [ 3045.6, 111.5 ], [ 3046.2, 115.5 ], [ 3048.7, 118.9 ], [ 3051.5, 121.6 ], [ 3057.7, 124.8 ], [ 3063.6, 128.6 ], [ 3066.3, 129.8 ], [ 3069.3, 131.6 ], [ 3076.0, 138.4 ], [ 3081.4, 147.3 ], [ 3083.9, 150.4 ], [ 3085.2, 154.7 ], [ 3084.9, 160.8 ], [ 3085.0, 166.4 ], [ 3085.8, 173.3 ], [ 3087.0, 175.5 ] ] } },
{ "type": "Feature", "properties": { "name": "Västerdal", "scalerank": 10, "featurecla": "River", "source": "ne_10m_rivers_europe" }, "geometry": { "type": "LineString", "coordinates": [ [ 3168.0, 0.0 ], [ 3168.5, 1.8 ], [ 3169.4, 5.8 ], [ 3170.6, 9.8 ], [ 3172.3, 13.2 ], [ 3174.4, 15.6 ], [ 3176.8, 17.1 ], [ 3179.9, 17.7 ], [ 3183.8, 17.9 ], [ 3188.3, 18.7 ], [ 3192.9, 20.8 ], [ 3196.3, 24.2 ], [ 3197.9, 28.0 ], [ 3199.1, 32.1 ], [ 3201.3, 36.4 ], [ 3203.9, 38.8 ], [ 3205.8, 38.4 ], [ 3208.4, 36.2 ], [ 3212.4, 34.0 ], [ 3216.2, 32.8 ], [ 3218.4, 32.7 ], [ 3219.9, 33.2 ], [ 3224.6, 33.5 ], [ 3227.0, 34.6 ], [ 3229.3, 36.6 ], [ 3231.3, 39.1 ], [ 3232.7, 42.1 ], [ 3234.6, 48.6 ], [ 3238.2, 56.4 ], [ 3240.3, 61.9 ], [ 3242.2, 65.8 ], [ 3243.0, 69.4 ], [ 3243.5, 73.7 ], [ 3243.7, 77.9 ], [ 3244.7, 83.3 ], [ 3249.9, 97.8 ], [ 3251.0, 102.6 ], [ 3251.1, 105.5 ], [ 3251.6, 108.0 ], [ 3253.0, 110.2 ], [ 3257.6, 114.4 ], [ 3260.4, 117.9 ], [ 3262.4, 119.7 ], [ 3265.4, 121.4 ], [ 3269.1, 123.0 ], [ 3272.7, 124.9 ], [ 3275.4, 127.4 ], [ 3276.9, 130.1 ], [ 3277.6, 132.4 ], [ 3278.4, 134.3 ], [ 3282.6, 138.3 ], [ 3284.4, 141.4 ], [ 3285.5, 145.1 ], [ 3287.2, 152.1 ], [ 3288.2, 154.0 ], [ 3289.2, 154.3 ], [ 3291.2, 153.6 ], [ 3294.2, 156.5 ], [ 3296.0, 157.6 ], [ 3298.0, 157.8 ], [ 3300.1, 157.1 ], [ 3302.8, 156.9 ], [ 3309.7, 159.5 ], [ 3313.3, 160.2 ], [ 3315.8, 159.1 ], [ 3316.8, 155.9 ], [ 3317.3, 152.6 ], [ 3319.0, 151.4 ], [ 3321.0, 151.4 ], [ 3322.4, 150.7 ], [ 3322.9, 149.4 ], [ 3322.9, 145.6 ], [ 3323.4, 144.5 ], [ 3325.2, 144.7 ], [ 3328.4, 146.2 ], [ 3331.8, 148.6 ], [ 3334.0, 151.1 ], [ 3335.2, 153.6 ], [ 3336.9, 158.0 ], [ 3338.2, 159.5 ], [ 3339.9, 159.9 ], [ 3345.9, 156.1 ], [ 3349.0, 155.5 ], [ 3353.0, 155.7 ], [ 3356.5, 155.2 ], [ 3358.4, 152.9 ], [ 3359.2, 150.2 ], [ 3360.0, 148.7 ], [ 3361.2, 148.7 ], [ 3364.9, 151.5 ], [ 3367.2, 151.6 ], [ 3369.2, 150.8 ], [ 3376.1, 145.2 ], [ 3384.6, 141.7 ] ] } },
{ "type": "Feature", "properties": { "name": "Vorma", "scalerank": 9, "featurecla": "River", "source": "ne_10m_rivers_lake_centerlines" }, "geometry": { "type": "LineString", "coordinates": [ [ 2997.2, 0.0 ], [ 2998.3, 0.4 ], [ 3000.8, 1.7 ], [ 3002.8, 3.4 ], [ 3004.3, 5.4 ], [ 3005.2, 7.7 ], [ 3006.2, 14.9 ], [ 3007.5, 19.2 ], [ 3009.3, 23.1 ], [ 3012.4, 27.9 ], [ 3013.2, 30.8 ], [ 3013.7, 33.6 ], [ 3014.5, 36.6 ], [ 3013.9, 39.4 ], [ 3014.1, 40.6 ], [ 3015.6, 41.5 ], [ 3021.2, 42.7 ], [ 3024.2, 43.3 ], [ 3025.5, 47.2 ], [ 3023.6, 50.8 ], [ 3022.5, 60.1 ], [ 3022.6, 64.4 ], [ 3024.8, 66.9 ] ] } },
{ "type": "Feature", "properties": { "name": "Vorma", "scalerank": 9, "featurecla": "River", "source": "ne_10m_rivers_lake_centerlines" }, "geometry": { "type": "LineString", "coordinates": [ [ 3105.1, 214.6 ], [ 3099.3, 211.8 ], [ 3097.8, 209.9 ], [ 3095.3, 204.3 ], [ 3091.6, 192.1 ], [ 3091.0, 191.1 ], [ 3090.3, 190.5 ], [ 3089.5, 189.5 ], [ 3088.9, 187.9 ], [ 3088.7, 185.9 ], [ 3088.9, 181.7 ], [ 3088.9, 179.6 ], [ 3088.4, 177.6 ], [ 3087.0, 175.6 ] ] } },
{ "type": "Feature", "properties": { "name": "Rena", "scalerank": 12, "featurecla": "Lake Centerline", "source": "ne_10m_rivers_europe" }, "geometry": { "type": "LineString", "coordinates": [ [ 3082.6, 0.0 ], [ 3082.6, 0.2 ], [ 3083.3, 3.4 ], [ 3084.6, 5.7 ], [ 3087.9, 10.3 ], [ 3089.9, 13.6 ], [ 3091.7, 17.2 ], [ 3093.7, 21.3 ] ] } },
{ "type": "Feature", "properties": { "name": "Glomma", "scalerank": 6, "featurecla": "River", "source": "ne_10m_rivers_lake_centerlines" }, "geometry": { "type": "LineString", "coordinates": [ [ 3068.6, 0.0 ], [ 3069.4, 2.2 ], [ 3069.3, 5.1 ], [ 3068.1, 11.0 ], [ 3068.2, 13.7 ], [ 3069.1, 16.1 ], [ 3070.5, 18.2 ], [ 3072.4, 20.0 ], [ 3083.1, 27.7 ], [ 3084.7, 30.0 ], [ 3086.0, 35.4 ], [ 3087.4, 37.7 ], [ 3089.0, 39.6 ], [ 3090.1, 41.4 ], [ 3090.9, 43.9 ], [ 3091.7, 46.9 ], [ 3092.2, 50.2 ], [ 3092.4, 53.6 ], [ 3092.7, 55.0 ], [ 3093.8, 57.2 ], [ 3094.1, 58.8 ], [ 3094.9, 62.1 ], [ 3095.2, 63.7 ], [ 3095.0, 66.1 ], [ 3094.6, 68.9 ], [ 3094.7, 71.9 ], [ 3095.6, 74.8 ], [ 3098.1, 79.8 ], [ 3099.4, 81.8 ], [ 3103.2, 85.2 ], [ 3104.2, 86.3 ], [ 3104.9, 87.9 ], [ 3105.6, 93.3 ], [ 3105.8, 94.2 ], [ 3107.2, 95.6 ], [ 3108.0, 98.9 ], [ 3108.4, 102.8 ], [ 3109.0, 105.6 ], [ 3109.8, 106.9 ], [ 3110.6, 107.5 ], [ 3111.4, 108.0 ], [ 3112.3, 108.7 ], [ 3112.9, 109.8 ], [ 3113.9, 112.2 ], [ 3114.4, 113.0 ], [ 3115.9, 113.5 ], [ 3118.1, 113.6 ], [ 3120.0, 114.1 ], [ 3121.3, 116.0 ], [ 3121.7, 114.8 ], [ 3122.1, 115.8 ], [ 3122.5, 116.7 ], [ 3123.0, 117.4 ], [ 3123.5, 118.0 ], [ 3123.6, 119.2 ], [ 3126.5, 123.7 ], [ 3127.3, 125.8 ], [ 3127.9, 128.7 ], [ 3129.3, 130.1 ], [ 3130.9, 131.4 ], [ 3132.2, 133.7 ], [ 3132.9, 138.8 ], [ 3137.2, 141.8 ], [ 3142.4, 143.8 ], [ 3145.6, 146.1 ], [ 3145.8, 147.1 ], [ 3146.3, 151.3 ], [ 3147.8, 157.1 ] ] } },
{ "type": "Feature", "properties": { "name": "Rena", "scalerank": 12, "featurecla": "River", "source": "ne_10m_rivers_europe" }, "geometry": { "type": "LineString", "coordinates": [ [ 3093.7, 21.3 ], [ 3094.2, 23.5 ], [ 3094.5, 25.5 ], [ 3095.3, 27.6 ], [ 3099.4, 34.4 ], [ 3103.7, 44.4 ], [ 3104.3, 46.6 ], [ 3104.5, 49.5 ], [ 3103.9, 52.6 ], [ 3103.0, 55.4 ], [ 3101.9, 57.3 ], [ 3099.8, 58.8 ], [ 3095.2, 63.7 ] ] } },
{ "type": "Feature", "properties": { "name": "Arbogaan", "scalerank": 12, "featurecla": "River", "source": "ne_10m_rivers_europe" }, "geometry": { "type": "LineString", "coordinates": [ [ 3460.9, 236.1 ], [ 3463.2, 238.2 ], [ 3465.0, 239.4 ], [ 3466.3, 239.9 ], [ 3468.2, 241.3 ], [ 3470.0, 243.4 ], [ 3472.9, 248.4 ], [ 3475.1, 251.6 ], [ 3476.8, 254.5 ], [ 3477.0, 256.4 ], [ 3476.7, 258.1 ], [ 3477.9, 262.6 ], [ 3477.4, 264.8 ], [ 3477.4, 268.2 ], [ 3479.1, 273.2 ], [ 3481.1, 278.2 ], [ 3482.2, 283.3 ], [ 3485.2, 288.1 ], [ 3486.1, 290.5 ], [ 3486.5, 295.4 ], [ 3486.8, 297.9 ], [ 3487.2, 302.3 ] ] } },
{ "type": "Feature", "properties": { "name": "Arbogaan", "scalerank": 12, "featurecla": "River", "source": "ne_10m_rivers_europe" }, "geometry": { "type": "LineString", "coordinates": [ [ 3393.1, 200.4 ], [ 3394.6, 198.2 ], [ 3396.2, 197.7 ], [ 3401.5, 201.7 ], [ 3403.6, 201.8 ], [ 3406.5, 201.3 ], [ 3411.5, 201.7 ], [ 3416.7, 203.2 ], [ 3420.1, 205.1 ], [ 3422.4, 208.1 ], [ 3426.9, 215.4 ], [ 3428.8, 217.5 ], [ 3431.3, 218.3 ], [ 3438.8, 218.9 ], [ 3441.7, 220.4 ], [ 3444.1, 222.3 ], [ 3448.8, 224.4 ], [ 3451.4, 226.3 ], [ 3451.6, 226.3 ] ] } },
{ "type": "Feature", "properties": { "name": "Arbogaan", "scalerank": 12, "featurecla": "River", "source": "ne_10m_rivers_europe" }, "geometry": { "type": "LineString", "coordinates": [ [ 3346.8, 185.6 ], [ 3346.6, 182.8 ], [ 3346.7, 181.1 ], [ 3348.6, 181.0 ], [ 3350.3, 180.2 ], [ 3352.4, 179.8 ], [ 3354.8, 181.2 ], [ 3357.0, 183.7 ], [ 3358.6, 186.2 ], [ 3359.6, 188.8 ], [ 3360.4, 191.7 ], [ 3361.4, 194.0 ], [ 3363.1, 195.4 ], [ 3365.0, 195.5 ], [ 3367.7, 193.7 ], [ 3371.4, 193.5 ], [ 3373.6, 192.4 ], [ 3377.3, 193.7 ] ] } },
{ "type": "Feature", "properties": { "name": "Arbogaan", "scalerank": 12, "featurecla": "Lake Centerline", "source": "ne_10m_rivers_europe" }, "geometry": { "type": "LineString", "coordinates": [ [ 3451.6, 226.3 ], [ 3455.1, 226.4 ], [ 3457.0, 228.5 ], [ 3458.1, 231.3 ], [ 3460.9, 236.1 ] ] } },
{ "type": "Feature", "properties": { "name": null, "scalerank": 12, "featurecla": "River", "source": "ne_10m_rivers_europe" }, "geometry": { "type": "LineString", "coordinates": [ [ 3579.0, 159.9 ], [ 3580.5, 159.6 ], [ 3581.7, 159.9 ], [ 3582.5, 161.2 ], [ 3583.3, 163.0 ], [ 3585.7, 166.5 ], [ 3586.1, 168.2 ], [ 3586.2, 169.7 ], [ 3587.4, 172.5 ], [ 3587.8, 174.4 ], [ 3586.6, 177.4 ], [ 3580.3, 185.1 ], [ 3579.6, 188.3 ], [ 3580.7, 190.4 ], [ 3583.5, 193.5 ], [ 3585.0, 195.8 ], [ 3586.3, 198.6 ], [ 3587.2, 201.3 ], [ 3588.0, 203.2 ], [ 3590.5, 204.9 ], [ 3591.4, 206.6 ], [ 3591.1, 209.2 ], [ 3589.4, 212.0 ], [ 3587.4, 214.6 ], [ 3585.3, 218.7 ], [ 3582.7, 220.9 ], [ 3581.9, 222.3 ], [ 3582.7, 224.4 ], [ 3590.0, 230.8 ], [ 3590.6, 232.7 ], [ 3590.9, 235.7 ], [ 3590.7, 238.9 ], [ 3588.7, 241.3 ], [ 3588.6, 241.5 ] ] } },
{ "type": "Feature", "properties": { "name": "Arbogaan", "scalerank": 12, "featurecla": "Lake Centerline", "source": "ne_10m_rivers_europe" }, "geometry": { "type": "LineString", "coordinates": [ [ 3377.3, 193.7 ], [ 3382.8, 194.8 ], [ 3387.9, 198.3 ], [ 3390.7, 199.6 ], [ 3393.1, 200.4 ] ] } },
{ "type": "Feature", "properties": { "name": "Dalälven", "scalerank": 6, "featurecla": "Lake Centerline", "source": "ne_10m_rivers_lake_centerlines" }, "geometry": { "type": "LineString", "coordinates": [ [ 3255.6, 0.0 ], [ 3256.9, 0.8 ], [ 3259.7, 2.4 ], [ 3261.4, 2.1 ], [ 3264.3, 3.7 ], [ 3266.8, 7.4 ], [ 3269.4, 14.6 ] ] } },
{ "type": "Feature", "properties": { "name": "Dalälven", "scalerank": 6, "featurecla": "Lake Centerline", "source": "ne_10m_rivers_lake_centerlines" }, "geometry": { "type": "LineString", "coordinates": [ [ 3335.9, 75.2 ], [ 3335.9, 75.2 ], [ 3335.9, 75.2 ], [ 3339.1, 80.6 ], [ 3341.2, 85.3 ], [ 3345.1, 90.2 ], [ 3354.9, 94.1 ], [ 3358.0, 95.9 ], [ 3361.3, 97.1 ], [ 3364.6, 97.1 ], [ 3366.8, 98.7 ], [ 3368.0, 103.2 ], [ 3368.6, 107.3 ], [ 3368.9, 110.7 ], [ 3369.2, 112.7 ], [ 3370.7, 114.6 ] ] } },
{ "type": "Feature", "properties": { "name": "Dalälven", "scalerank": 6, "featurecla": "Lake Centerline", "source": "ne_10m_rivers_lake_centerlines" }, "geometry": { "type": "LineString", "coordinates": [ [ 3490.0, 193.7 ], [ 3489.9, 193.7 ], [ 3487.6, 194.8 ], [ 3485.8, 195.1 ], [ 3484.2, 196.2 ], [ 3482.9, 198.3 ], [ 3481.9, 199.8 ] ] } },
{ "type": "Feature", "properties": { "name": "Dalälven", "scalerank": 6, "featurecla": "Lake Centerline", "source": "ne_10m_rivers_lake_centerlines" }, "geometry": { "type": "LineString", "coordinates": [ [ 3494.9, 192.1 ], [ 3496.8, 191.5 ], [ 3499.3, 190.0 ], [ 3501.1, 189.3 ], [ 3502.7, 189.4 ], [ 3503.6, 188.8 ], [ 3504.4, 187.4 ], [ 3506.6, 186.5 ], [ 3509.3, 186.3 ], [ 3514.5, 186.8 ], [ 3517.3, 185.7 ], [ 3517.9, 183.1 ], [ 3518.2, 181.2 ], [ 3518.8, 179.5 ], [ 3519.3, 177.1 ], [ 3519.3, 174.6 ], [ 3519.8, 172.9 ], [ 3520.9, 171.9 ], [ 3522.3, 171.2 ], [ 3523.8, 170.7 ], [ 3526.0, 169.5 ], [ 3528.4, 167.8 ], [ 3530.6, 165.4 ], [ 3532.6, 162.3 ], [ 3534.5, 158.9 ], [ 3536.6, 156.4 ], [ 3540.2, 155.7 ], [ 3543.6, 156.1 ], [ 3544.9, 155.0 ], [ 3548.7, 150.9 ], [ 3550.2, 147.4 ], [ 3551.5, 145.6 ], [ 3553.2, 145.2 ], [ 3555.8, 143.9 ], [ 3557.9, 142.2 ], [ 3559.2, 139.8 ], [ 3559.7, 137.5 ], [ 3559.2, 135.6 ], [ 3558.6, 133.4 ], [ 3559.0, 132.2 ], [ 3559.6, 131.9 ] ] } },
{ "type": "Feature", "properties": { "name": "Dalälven", "scalerank": 6, "featurecla": "River", "source": "ne_10m_rivers_lake_centerlines" }, "geometry": { "type": "LineString", "coordinates": [ [ 3494.9, 192.1 ], [ 3491.0, 193.1 ], [ 3489.9, 193.7 ] ] } },
{ "type": "Feature", "properties": { "name": "Dalälven", "scalerank": 6, "featurecla": "River", "source": "ne_10m_rivers_lake_centerlines" }, "geometry": { "type": "LineString", "coordinates": [ [ 3335.9, 75.2 ], [ 3302.1, 52.8 ], [ 3296.4, 45.1 ], [ 3295.7, 41.4 ], [ 3294.1, 38.5 ], [ 3292.1, 36.5 ], [ 3290.3, 35.3 ], [ 3285.4, 34.8 ], [ 3280.3, 35.8 ], [ 3275.5, 35.6 ], [ 3271.0, 31.1 ], [ 3271.6, 28.2 ], [ 3271.3, 23.4 ], [ 3270.5, 18.4 ], [ 3269.5, 14.7 ] ] } },
{ "type": "Feature", "properties": { "name": "Dalälven", "scalerank": 6, "featurecla": "River", "source": "ne_10m_rivers_lake_centerlines" }, "geometry": { "type": "LineString", "coordinates": [ [ 3481.9, 199.8 ], [ 3480.6, 199.9 ], [ 3476.5, 198.1 ], [ 3472.1, 198.8 ], [ 3470.6, 198.6 ], [ 3469.6, 197.9 ], [ 3466.6, 194.7 ], [ 3465.3, 194.2 ], [ 3462.5, 193.7 ], [ 3461.1, 193.1 ], [ 3460.3, 192.4 ], [ 3459.2, 191.2 ], [ 3458.2, 189.6 ], [ 3457.4, 188.0 ], [ 3456.8, 185.5 ], [ 3457.1, 184.6 ], [ 3457.8, 184.1 ], [ 3458.5, 182.6 ], [ 3458.9, 180.5 ], [ 3458.7, 177.3 ], [ 3458.9, 175.2 ], [ 3459.2, 174.5 ], [ 3460.2, 173.2 ], [ 3460.6, 172.9 ], [ 3460.9, 172.4 ], [ 3460.4, 171.5 ], [ 3459.5, 169.8 ], [ 3459.0, 165.5 ], [ 3458.3, 162.6 ], [ 3457.0, 161.0 ], [ 3454.7, 160.7 ], [ 3453.8, 160.2 ], [ 3452.3, 157.6 ], [ 3451.4, 156.7 ], [ 3450.1, 156.2 ], [ 3449.2, 156.4 ], [ 3444.2, 160.9 ], [ 3443.4, 161.1 ], [ 3442.3, 160.3 ], [ 3441.1, 159.9 ], [ 3438.8, 159.9 ], [ 3437.6, 159.6 ], [ 3434.9, 158.2 ], [ 3433.6, 158.1 ], [ 3432.6, 158.8 ], [ 3431.5, 160.7 ], [ 3430.7, 161.5 ], [ 3428.6, 161.8 ], [ 3424.4, 158.7 ], [ 3420.5, 157.8 ], [ 3419.8, 157.0 ], [ 3419.4, 155.7 ], [ 3418.5, 154.0 ], [ 3417.6, 153.0 ], [ 3416.8, 152.3 ], [ 3414.5, 151.2 ], [ 3410.7, 148.2 ], [ 3408.6, 145.9 ], [ 3406.3, 140.8 ], [ 3404.1, 140.7 ], [ 3402.8, 142.3 ], [ 3403.9, 144.6 ], [ 3402.0, 144.9 ], [ 3393.5, 141.8 ], [ 3386.4, 143.1 ], [ 3385.4, 142.8 ], [ 3384.6, 141.7 ], [ 3383.7, 138.7 ], [ 3382.9, 137.6 ], [ 3381.9, 136.9 ], [ 3376.3, 135.0 ], [ 3375.7, 134.2 ], [ 3375.2, 132.8 ], [ 3376.2, 131.0 ], [ 3376.2, 129.7 ], [ 3374.9, 128.6 ], [ 3375.8, 126.6 ], [ 3378.8, 121.5 ], [ 3379.5, 119.8 ], [ 3378.5, 117.7 ], [ 3376.0, 116.2 ], [ 3371.2, 115.0 ], [ 3370.7, 114.6 ] ] } },
{ "type": "Feature", "properties": { "name": "Dalälven", "scalerank": 6, "featurecla": "River", "source": "ne_10m_rivers_lake_centerlines" }, "geometry": { "type": "LineString", "coordinates": [ [ 3560.6, 111.3 ], [ 3560.1, 114.7 ], [ 3560.6, 116.9 ], [ 3561.3, 119.3 ], [ 3561.9, 122.2 ], [ 3562.1, 125.5 ], [ 3561.9, 128.1 ], [ 3561.2, 130.1 ], [ 3559.7, 131.9 ] ] } },
{ "type": "Feature", "properties": { "name": "Dalälven", "scalerank": 6, "featurecla": "River", "source": "ne_10m_rivers_lake_centerlines" }, "geometry": { "type": "LineString", "coordinates": [ [ 3493.8, 190.1 ], [ 3490.0, 193.7 ] ] } },
{ "type": "Feature", "properties": { "name": "Ljusnan", "scalerank": 10, "featurecla": "Lake Centerline", "source": "ne_10m_rivers_europe" }, "geometry": { "type": "LineString", "coordinates": [ [ 3490.0, 21.3 ], [ 3492.9, 23.2 ], [ 3496.5, 24.4 ], [ 3501.0, 22.0 ] ] } },
{ "type": "Feature", "properties": { "name": "Ljusnan", "scalerank": 10, "featurecla": "River", "source": "ne_10m_rivers_europe" }, "geometry": { "type": "LineString", "coordinates": [ [ 3501.0, 22.0 ], [ 3505.1, 19.7 ], [ 3508.1, 20.2 ], [ 3510.7, 21.3 ], [ 3517.2, 21.8 ], [ 3520.4, 23.3 ], [ 3522.9, 25.0 ], [ 3524.3, 25.7 ], [ 3525.1, 25.8 ], [ 3528.0, 27.2 ] ] } },
{ "type": "Feature", "properties": { "name": "Ljusnan", "scalerank": 10, "featurecla": "River", "source": "ne_10m_rivers_europe" }, "geometry": { "type": "LineString", "coordinates": [ [ 3470.0, 0.0 ], [ 3469.8, 1.2 ], [ 3469.1, 2.8 ], [ 3469.2, 5.4 ], [ 3470.4, 8.3 ], [ 3472.4, 11.0 ], [ 3474.9, 13.5 ], [ 3478.4, 16.2 ], [ 3481.7, 18.2 ], [ 3487.5, 19.7 ], [ 3490.0, 21.3 ] ] } },
{ "type": "Feature", "properties": { "name": "Caledonian Canal", "scalerank": 8, "featurecla": "River", "source": "ne_10m_rivers_lake_centerlines" }, "geometry": { "type": "LineString", "coordinates": [ [ 1718.1, 597.3 ], [ 1719.6, 595.2 ], [ 1728.1, 588.1 ], [ 1732.3, 585.5 ], [ 1734.2, 583.3 ] ] } },
{ "type": "Feature", "properties": { "name": "Oich", "scalerank": 8, "featurecla": "Lake Centerline", "source": "ne_10m_rivers_lake_centerlines" }, "geometry": { "type": "LineString", "coordinates": [ [ 1734.2, 583.3 ], [ 1735.3, 583.0 ], [ 1736.2, 582.2 ], [ 1738.0, 581.3 ], [ 1739.7, 579.7 ], [ 1741.9, 578.9 ], [ 1742.9, 578.1 ], [ 1744.9, 575.7 ], [ 1746.0, 574.8 ], [ 1747.0, 574.0 ], [ 1747.3, 573.6 ], [ 1747.9, 573.2 ] ] } },
{ "type": "Feature", "properties": { "name": "Oich", "scalerank": 8, "featurecla": "River", "source": "ne_10m_rivers_lake_centerlines" }, "geometry": { "type": "LineString", "coordinates": [ [ 1747.9, 573.2 ], [ 1755.0, 565.0 ], [ 1757.1, 564.2 ], [ 1760.9, 558.5 ], [ 1761.8, 557.5 ], [ 1762.8, 556.5 ], [ 1763.9, 555.7 ], [ 1765.7, 555.1 ] ] } },
{ "type": "Feature", "properties": { "name": "Ness", "scalerank": 8, "featurecla": "Lake Centerline", "source": "ne_10m_rivers_lake_centerlines" }, "geometry": { "type": "LineString", "coordinates": [ [ 1765.6, 555.1 ], [ 1765.7, 555.1 ], [ 1769.4, 552.3 ], [ 1771.3, 551.0 ], [ 1777.7, 545.5 ], [ 1781.0, 543.3 ], [ 1782.7, 542.1 ], [ 1787.4, 536.9 ], [ 1794.8, 529.6 ], [ 1799.0, 526.4 ], [ 1800.8, 523.3 ] ] } },
{ "type": "Feature", "properties": { "name": "Ness", "scalerank": 8, "featurecla": "River", "source": "ne_10m_rivers_lake_centerlines" }, "geometry": { "type": "LineString", "coordinates": [ [ 1813.6, 510.1 ], [ 1812.9, 511.8 ], [ 1812.8, 512.3 ], [ 1812.9, 512.6 ], [ 1812.8, 513.3 ], [ 1812.4, 514.5 ], [ 1812.1, 514.6 ], [ 1811.8, 514.3 ], [ 1811.3, 514.6 ], [ 1810.9, 514.8 ], [ 1809.8, 515.7 ], [ 1808.8, 516.8 ], [ 1808.7, 517.3 ], [ 1806.6, 517.9 ], [ 1804.7, 519.7 ], [ 1802.8, 521.9 ], [ 1800.8, 523.3 ] ] } }
]
}
